TCGplayer Id,Product Line,Set Name,Product Name,Number,Rarity,Condition,Market Price,Direct Low,Low Price,Pending Quantity,Quantity,Add to Quantity,My Price
3257940,Magic,Aether Revolt,Aethergeode Miner,4,R,Near Mint,0.11,0.09,0.1,0,47,0,0.12
3257941,Magic,Aether Revolt,Aethergeode Miner,4,R,Lightly Played,0.11,0.08,0.08,0,2,0,0.12
3258810,Magic,Aether Revolt,Aethersphere Harvester,142,R,Near Mint,2.72,2.24,2.25,0,10,0,2.81
3258560,Magic,Aether Revolt,Aethertide Whale,27,R,Near Mint,0.1,0.1,0.1,0,46,0,0.1
3258561,Magic,Aether Revolt,Aethertide Whale,27,R,Lightly Played,0.08,0.08,0.08,0,6,0,0.08
3257970,Magic,Aether Revolt,Aetherwind Basker,104,M,Near Mint,0.3,0.25,0.2,0,20,0,0.28
3257971,Magic,Aether Revolt,Aetherwind Basker,104,M,Lightly Played,0.18,0.2,0.19,0,1,0,0.19
3258340,Magic,Aether Revolt,Aid from the Cowl,105,R,Near Mint,0.13,0.13,0.09,0,45,0,0.13
3258341,Magic,Aether Revolt,Aid from the Cowl,105,R,Lightly Played,0.12,0.09,0.1,0,5,0,0.12
3254164,Magic,Aether Revolt,Ajani Unyielding,127,M,Near Mint,2.11,2.51,1.74,0,2,0,2.29
3260039,Magic,Aether Revolt,Ajani's Aid,188,R,Near Mint,0.17,0.13,0.1,0,8,0,0.15
3258350,Magic,Aether Revolt,"Baral, Chief of Compliance",28,R,Near Mint,3.81,4.45,3.09,0,15,0,3.75
3258351,Magic,Aether Revolt,"Baral, Chief of Compliance",28,R,Lightly Played,3.91,3.85,3.81,0,1,0,3.8
3259700,Magic,Aether Revolt,Baral's Expertise,29,R,Near Mint,0.22,0.14,0.17,0,38,0,0.26
3259701,Magic,Aether Revolt,Baral's Expertise,29,R,Lightly Played,0.23,0.14,0.17,0,16,0,0.22
3258910,Magic,Aether Revolt,Battle at the Bridge,53,R,Near Mint,0.28,0.34,0.17,0,35,0,0.27
3258911,Magic,Aether Revolt,Battle at the Bridge,53,R,Lightly Played,0.32,0.32,0.25,0,6,0,0.33
3258570,Magic,Aether Revolt,Call for Unity,9,R,Near Mint,0.1,0.09,0.1,0,35,0,0.1
3258571,Magic,Aether Revolt,Call for Unity,9,R,Lightly Played,0.12,0.1,0.1,0,7,0,0.12
3255804,Magic,Aether Revolt,Consulate Crackdown,11,R,Near Mint,0.09,0.09,0.08,0,38,0,0.1
3255805,Magic,Aether Revolt,Consulate Crackdown,11,R,Lightly Played,0.08,0.07,0.07,0,6,0,0.08
3259000,Magic,Aether Revolt,Dark Intimations,128,R,Near Mint,0.18,0.09,0.1,0,40,0,0.18
3259001,Magic,Aether Revolt,Dark Intimations,128,R,Lightly Played,0.08,0.07,0.08,0,4,0,0.1
3258360,Magic,Aether Revolt,Disallow,31,R,Near Mint,4.59,4.79,4.74,0,17,0,4.97
3258361,Magic,Aether Revolt,Disallow,31,R,Lightly Played,4.34,,4.72,0,3,0,4.87
3258550,Magic,Aether Revolt,Exquisite Archangel,18,M,Near Mint,0.83,0.9,0.45,0,14,0,0.89
3258551,Magic,Aether Revolt,Exquisite Archangel,18,M,Lightly Played,0.81,,0.39,0,3,0,0.65
3257960,Magic,Aether Revolt,Freejam Regent,81,R,Near Mint,0.09,0.1,0.09,0,33,0,0.1
3257961,Magic,Aether Revolt,Freejam Regent,81,R,Lightly Played,0.07,0.1,0.08,0,4,0,0.07
3257980,Magic,Aether Revolt,Glint-Sleeve Siphoner,62,R,Near Mint,2.3,2.74,1.99,0,4,0,2.34
3257850,Magic,Aether Revolt,Gonti's Aether Heart,152,M,Near Mint,0.32,0.31,0.23,0,10,0,0.37
3257990,Magic,Aether Revolt,Greenbelt Rampager,107,R,Near Mint,0.46,0.51,0.25,0,26,0,0.42
3257991,Magic,Aether Revolt,Greenbelt Rampager,107,R,Lightly Played,0.37,0.53,0.2,0,7,0,0.4
3257870,Magic,Aether Revolt,Greenwheel Liberator,108,R,Near Mint,0.12,0.08,0.05,0,37,0,0.13
3257871,Magic,Aether Revolt,Greenwheel Liberator,108,R,Lightly Played,0.13,,0.08,0,8,0,0.11
3254396,Magic,Aether Revolt,Heart of Kiran,153,M,Near Mint,4.16,4.25,3.98,0,14,0,4.24
3254397,Magic,Aether Revolt,Heart of Kiran,153,M,Lightly Played,4.04,4.23,3.95,0,2,0,4.24
3259171,Magic,Aether Revolt,Herald of Anguish,64,M,Lightly Played,1.66,1.49,1.5,0,2,0,1.83
3259180,Magic,Aether Revolt,Heroic Intervention,109,R,Near Mint,3.53,,3.25,0,21,0,3.64
3259181,Magic,Aether Revolt,Heroic Intervention,109,R,Lightly Played,3.06,,3.24,0,3,0,3.12
3258600,Magic,Aether Revolt,Hope of Ghirapur,154,R,Near Mint,0.31,0.2,0.22,0,49,0,0.32
3258601,Magic,Aether Revolt,Hope of Ghirapur,154,R,Lightly Played,0.3,0.24,0.23,0,1,0,0.35
3258610,Magic,Aether Revolt,Indomitable Creativity,85,M,Near Mint,0.36,0.34,0.2,0,17,0,0.3
3258611,Magic,Aether Revolt,Indomitable Creativity,85,M,Lightly Played,0.33,0.35,0.33,0,5,0,0.36
3258430,Magic,Aether Revolt,Inspiring Statuary,160,R,Near Mint,0.41,0.39,0.29,0,24,0,0.41
3258431,Magic,Aether Revolt,Inspiring Statuary,160,R,Lightly Played,0.38,0.34,0.23,0,5,0,0.4
3259260,Magic,Aether Revolt,"Kari Zev, Skyship Raider",87,R,Near Mint,0.84,0.84,0.67,0,39,0,0.84
3259261,Magic,Aether Revolt,"Kari Zev, Skyship Raider",87,R,Lightly Played,0.91,0.85,0.71,0,5,0,0.94
3259270,Magic,Aether Revolt,Kari Zev's Expertise,88,R,Near Mint,0.39,0.38,0.2,0,39,0,0.36
3259271,Magic,Aether Revolt,Kari Zev's Expertise,88,R,Lightly Played,0.37,,0.21,0,1,0,0.37
3259320,Magic,Aether Revolt,Lifecrafter's Bestiary,162,R,Near Mint,1.53,1.65,0.99,0,35,0,1.39
3259321,Magic,Aether Revolt,Lifecrafter's Bestiary,162,R,Lightly Played,1.33,,1.06,0,5,0,1.44
3258620,Magic,Aether Revolt,Lightning Runner,90,M,Near Mint,0.23,0.23,0.22,0,25,0,0.23
3258621,Magic,Aether Revolt,Lightning Runner,90,M,Lightly Played,0.24,0.21,0.24,0,3,0,0.24
3258010,Magic,Aether Revolt,Mechanized Production,38,M,Near Mint,2.83,2.99,1.98,0,5,0,2.52
3258440,Magic,Aether Revolt,Merchant's Dockhand,163,R,Near Mint,0.08,0.09,0.05,0,42,0,0.09
3258441,Magic,Aether Revolt,Merchant's Dockhand,163,R,Lightly Played,0.06,0.09,0.05,0,8,0,0.06
3259360,Magic,Aether Revolt,Midnight Entourage,66,R,Near Mint,0.08,0.08,0.06,0,54,0,0.08
3255894,Magic,Aether Revolt,Oath of Ajani,131,R,Near Mint,0.2,0.14,0.1,0,28,0,0.2
3255895,Magic,Aether Revolt,Oath of Ajani,131,R,Lightly Played,0.22,0.1,0.1,0,1,0,0.21
3258650,Magic,Aether Revolt,Paradox Engine,169,M,Near Mint,8.03,9.62,7.38,0,3,0,7.64
3258040,Magic,Aether Revolt,Peacewalker Colossus,170,R,Near Mint,0.14,0.08,0.1,0,42,0,0.15
3258041,Magic,Aether Revolt,Peacewalker Colossus,170,R,Lightly Played,0.11,0.1,0.11,0,8,0,0.13
3257781,Magic,Aether Revolt,Pia's Revolution,91,R,Lightly Played,0.12,0.09,0.09,0,3,0,0.11
3258060,Magic,Aether Revolt,Planar Bridge,171,M,Near Mint,1.91,2.34,1.73,0,12,0,2.02
3258061,Magic,Aether Revolt,Planar Bridge,171,M,Lightly Played,1.72,,1.44,0,1,0,1.62
3254431,Magic,Aether Revolt,Quicksmith Rebel,93,R,Near Mint,0.11,,0.05,0,47,0,0.12
3254432,Magic,Aether Revolt,Quicksmith Rebel,93,R,Lightly Played,0.08,,0.08,0,5,0,0.08
3257152,Magic,Aether Revolt,Quicksmith Spy,41,R,Near Mint,0.08,,0.08,0,40,0,0.1
3257153,Magic,Aether Revolt,Quicksmith Spy,41,R,Lightly Played,0.08,0.08,0.08,0,3,0,0.1
3258470,Magic,Aether Revolt,Release the Gremlins,96,R,Near Mint,0.16,0.08,0.1,0,39,0,0.15
3258471,Magic,Aether Revolt,Release the Gremlins,96,R,Lightly Played,0.17,0.1,0.11,0,3,0,0.17
3258110,Magic,Aether Revolt,"Rishkar, Peema Renegade",122,R,Near Mint,1.1,1.05,0.95,0,14,0,1.29
3258111,Magic,Aether Revolt,"Rishkar, Peema Renegade",122,R,Lightly Played,1.05,1.02,1.18,0,1,0,1.18
3258490,Magic,Aether Revolt,Rishkar's Expertise,123,R,Near Mint,0.55,0.52,0.33,0,51,0,0.49
3258491,Magic,Aether Revolt,Rishkar's Expertise,123,R,Lightly Played,0.44,,0.4,0,8,0,0.47
3254421,Magic,Aether Revolt,Scrap Trawler,175,R,Near Mint,0.23,0.14,0.19,0,36,0,0.22
3254422,Magic,Aether Revolt,Scrap Trawler,175,R,Lightly Played,0.21,0.18,0.2,0,3,0,0.19
3258510,Magic,Aether Revolt,Secret Salvage,71,R,Near Mint,0.11,0.04,0.05,0,42,0,0.11
3258511,Magic,Aether Revolt,Secret Salvage,71,R,Lightly Played,0.07,0.05,0.05,0,1,0,0.06
3258690,Magic,Aether Revolt,Solemn Recruit,22,R,Near Mint,0.12,0.07,0.08,0,47,0,0.14
3258691,Magic,Aether Revolt,Solemn Recruit,22,R,Lightly Played,0.13,0.09,0.11,0,4,0,0.13
3258520,Magic,Aether Revolt,Spire of Industry,184,R,Near Mint,2.6,2.75,2.69,0,6,0,2.43
3258521,Magic,Aether Revolt,Spire of Industry,184,R,Lightly Played,2.32,,2.29,0,2,0,2.2
3257810,Magic,Aether Revolt,"Sram, Senior Edificer",23,R,Near Mint,0.52,0.51,0.27,0,37,0,0.5
3257811,Magic,Aether Revolt,"Sram, Senior Edificer",23,R,Lightly Played,0.51,0.53,0.29,0,1,0,0.43
3260049,Magic,Aether Revolt,Tezzeret's Betrayal,191,R,Near Mint,0.17,0.14,0.15,0,5,0,0.17
3260050,Magic,Aether Revolt,Tezzeret's Betrayal,191,R,Lightly Played,0.12,0.1,0.08,0,1,0,0.13
3257840,Magic,Aether Revolt,Whir of Invention,49,R,Near Mint,0.78,0.74,0.33,0,36,0,0.61
3257841,Magic,Aether Revolt,Whir of Invention,49,R,Lightly Played,0.64,0.54,0.6,0,1,0,0.65
3258185,Magic,Aether Revolt,"Yahenni, Undying Partisan",74,R,Near Mint,1.88,,0.7,0,30,0,1.65
3254401,Magic,Aether Revolt,Yahenni's Expertise,75,R,Near Mint,0.44,0.36,0.28,0,46,0,0.44
3254402,Magic,Aether Revolt,Yahenni's Expertise,75,R,Lightly Played,0.34,0.41,0.25,0,3,0,0.34
3326486,Magic,Amonkhet,Angel of Sanctions,1,M,Near Mint,2.86,2.15,2.49,0,6,0,2.7
3328060,Magic,Amonkhet,Anointed Procession,2,R,Near Mint,7.03,6.98,6.18,0,7,0,6.47
3328061,Magic,Amonkhet,Anointed Procession,2,R,Lightly Played,6.33,6.36,6.45,0,3,0,6.61
3327090,Magic,Amonkhet,Approach of the Second Sun,4,R,Near Mint,0.74,0.69,0.51,0,8,0,0.81
3324432,Magic,Amonkhet,Archfiend of Ifnir,78,R,Near Mint,0.27,0.17,0.15,0,24,0,0.27
3324433,Magic,Amonkhet,Archfiend of Ifnir,78,R,Lightly Played,0.3,0.21,0.1,0,2,0,0.33
3325517,Magic,Amonkhet,Aven Mindcensor,5,R,Near Mint,0.52,0.42,0.41,0,10,0,0.52
3325518,Magic,Amonkhet,Aven Mindcensor,5,R,Lightly Played,0.51,0.48,0.48,0,5,0,0.5
3327645,Magic,Amonkhet,Bontu the Glorified,82,M,Near Mint,1.55,1.49,1.5,0,2,0,1.59
3327646,Magic,Amonkhet,Bontu the Glorified,82,M,Lightly Played,1.61,1.56,1.59,0,2,0,1.63
3326576,Magic,Amonkhet,Bounty of the Luxa,196,R,Near Mint,0.18,0.09,0.1,0,16,0,0.19
3326577,Magic,Amonkhet,Bounty of the Luxa,196,R,Lightly Played,0.14,0.13,0.14,0,8,0,0.18
3328146,Magic,Amonkhet,Cascading Cataracts,240,R,Near Mint,0.45,0.48,0.24,0,12,0,0.45
3327100,Magic,Amonkhet,Champion of Rhonas,159,R,Near Mint,0.31,0.34,0.19,0,16,0,0.31
3327101,Magic,Amonkhet,Champion of Rhonas,159,R,Lightly Played,0.27,0.26,0.2,0,2,0,0.24
3325672,Magic,Amonkhet,Channeler Initiate,160,R,Near Mint,0.35,0.28,0.3,0,16,0,0.37
3325673,Magic,Amonkhet,Channeler Initiate,160,R,Lightly Played,0.32,0.18,0.18,0,2,0,0.27
3326231,Magic,Amonkhet,Combat Celebrant,125,M,Near Mint,0.94,0.79,0.82,0,5,0,0.9
3326232,Magic,Amonkhet,Combat Celebrant,125,M,Lightly Played,0.89,0.92,0.89,0,2,0,0.87
3328156,Magic,Amonkhet,Commit // Memory,211,R,Near Mint,0.32,0.36,0.2,0,18,0,0.38
3328157,Magic,Amonkhet,Commit // Memory,211,R,Lightly Played,0.36,0.35,0.3,0,5,0,0.35
3326586,Magic,Amonkhet,Cruel Reality,84,M,Near Mint,0.53,0.52,0.38,0,12,0,0.49
3326246,Magic,Amonkhet,Curator of Mysteries,49,R,Near Mint,0.45,0.45,0.15,0,15,0,0.39
3326247,Magic,Amonkhet,Curator of Mysteries,49,R,Lightly Played,0.41,0.45,0.3,0,3,0,0.39
3326171,Magic,Amonkhet,Cut // Ribbons,223,R,Near Mint,0.5,0.49,0.25,0,24,0,0.57
3326172,Magic,Amonkhet,Cut // Ribbons,223,R,Lightly Played,0.42,0.36,0.27,0,1,0,0.43
3328546,Magic,Amonkhet,Dispossess,86,R,Near Mint,0.16,0.09,0.09,0,20,0,0.16
3325887,Magic,Amonkhet,Drake Haven,51,R,Near Mint,0.29,0.17,0.19,0,32,0,0.35
3325888,Magic,Amonkhet,Drake Haven,51,R,Lightly Played,0.37,0.35,0.25,0,3,0,0.36
3327450,Magic,Amonkhet,Dread Wanderer,88,R,Near Mint,1.13,1.19,0.5,0,3,0,1.12
3327451,Magic,Amonkhet,Dread Wanderer,88,R,Lightly Played,1.12,1.28,1.13,0,1,0,1.1
3326261,Magic,Amonkhet,Dusk // Dawn,210,R,Near Mint,1.03,1.05,0.85,0,10,0,1.04
3326271,Magic,Amonkhet,Failure // Comply,221,R,Near Mint,0.13,0.09,0.06,0,24,0,0.12
3326272,Magic,Amonkhet,Failure // Comply,221,R,Lightly Played,0.11,0.1,0.11,0,1,0,0.12
3325281,Magic,Amonkhet,Fetid Pools,243,R,Near Mint,4.12,4.24,3.67,0,4,0,3.98
3325282,Magic,Amonkhet,Fetid Pools,243,R,Lightly Played,4.03,,4.03,0,4,0,4.82
3328176,Magic,Amonkhet,Gideon's Intervention,15,R,Near Mint,0.27,0.3,0.1,0,23,0,0.27
3328177,Magic,Amonkhet,Gideon's Intervention,15,R,Lightly Played,0.24,0.21,0.22,0,1,0,0.27
3326291,Magic,Amonkhet,Gideon's Resolve,272,R,Near Mint,0.16,0.12,0.1,0,5,0,0.12
3326292,Magic,Amonkhet,Gideon's Resolve,272,R,Lightly Played,0.13,0.14,0.13,0,1,0,0.13
3328726,Magic,Amonkhet,Glorious End,133,M,Near Mint,0.25,0.15,0.15,0,10,0,0.31
3328727,Magic,Amonkhet,Glorious End,133,M,Lightly Played,0.29,0.3,0.17,0,1,0,0.3
3326296,Magic,Amonkhet,Glory-Bound Initiate,16,R,Near Mint,0.32,0.29,0.2,0,13,0,0.32
3324442,Magic,Amonkhet,Glorybringer,134,R,Near Mint,3.92,3.93,3.61,0,7,0,3.96
3328736,Magic,Amonkhet,Glyph Keeper,55,R,Near Mint,0.12,0.09,0.1,0,15,0,0.12
3328737,Magic,Amonkhet,Glyph Keeper,55,R,Lightly Played,0.15,0.09,0.09,0,6,0,0.15
3326606,Magic,Amonkhet,"Hapatra, Vizier of Poisons",199,R,Near Mint,0.39,0.34,0.35,0,14,0,0.4
3327630,Magic,Amonkhet,Harsh Mentor,135,R,Near Mint,1.04,0.98,0.95,0,43,0,1.07
3327631,Magic,Amonkhet,Harsh Mentor,135,R,Lightly Played,1.08,1.05,1,0,5,0,1.08
3329506,Magic,Amonkhet,Harvest Season,170,R,Near Mint,0.3,0.34,0.2,0,20,0,0.33
3329507,Magic,Amonkhet,Harvest Season,170,R,Lightly Played,0.33,0.22,0.29,0,1,0,0.34
3326616,Magic,Amonkhet,Hazoret's Favor,137,R,Near Mint,0.09,0.08,0.09,0,26,0,0.1
3326617,Magic,Amonkhet,Hazoret's Favor,137,R,Lightly Played,0.08,0.08,0.08,0,5,0,0.09
3329516,Magic,Amonkhet,Heart-Piercer Manticore,138,R,Near Mint,0.11,0.1,0.09,0,28,0,0.11
3329517,Magic,Amonkhet,Heart-Piercer Manticore,138,R,Lightly Played,0.1,0.09,0.08,0,4,0,0.1
3328070,Magic,Amonkhet,Heaven // Earth,224,R,Near Mint,0.1,0.09,0.07,0,23,0,0.1
3327110,Magic,Amonkhet,Honored Hydra,172,R,Near Mint,0.15,0.09,0.13,0,23,0,0.16
3327111,Magic,Amonkhet,Honored Hydra,172,R,Lightly Played,0.12,0.1,0.08,0,6,0,0.13
3326181,Magic,Amonkhet,Insult // Injury,213,R,Near Mint,0.36,0.34,0.25,0,29,0,0.32
3326182,Magic,Amonkhet,Insult // Injury,213,R,Lightly Played,0.34,0.38,0.24,0,1,0,0.29
3325291,Magic,Amonkhet,Irrigated Farmland,245,R,Near Mint,3.51,3.95,3.29,0,3,0,3.52
3325961,Magic,Amonkhet,Kefnet the Mindful,59,M,Near Mint,1.21,1.22,1.06,0,9,0,1.3
3325962,Magic,Amonkhet,Kefnet the Mindful,59,M,Lightly Played,1.3,1.26,1.1,0,7,0,1.32
3326321,Magic,Amonkhet,Liliana's Influence,277,R,Near Mint,0.37,,0.11,0,4,0,0.39
3326322,Magic,Amonkhet,Liliana's Influence,277,R,Lightly Played,0.38,0.22,0.37,0,1,0,0.38
3327470,Magic,Amonkhet,Liliana's Mastery,98,R,Near Mint,0.54,0.51,0.28,0,10,0,0.57
3327471,Magic,Amonkhet,Liliana's Mastery,98,R,Lightly Played,0.5,0.46,0.33,0,1,0,0.45
3326626,Magic,Amonkhet,Mouth // Feed,214,R,Near Mint,0.12,0.09,0.08,0,28,0,0.12
3326627,Magic,Amonkhet,Mouth // Feed,214,R,Lightly Played,0.13,0.1,0.1,0,1,0,0.13
3327490,Magic,Amonkhet,"Neheb, the Worthy",203,R,Near Mint,0.18,0.13,0.15,0,14,0,0.18
3327491,Magic,Amonkhet,"Neheb, the Worthy",203,R,Lightly Played,0.18,0.09,0.13,0,2,0,0.18
3327130,Magic,Amonkhet,Never // Return,212,R,Near Mint,0.9,0.84,0.85,0,12,0,0.91
3327140,Magic,Amonkhet,New Perspectives,63,R,Near Mint,0.11,0.09,0.09,0,23,0,0.11
3327141,Magic,Amonkhet,New Perspectives,63,R,Lightly Played,0.1,0.09,0.08,0,10,0,0.12
3324462,Magic,Amonkhet,Oracle's Vault,234,R,Near Mint,0.15,0.09,0.08,0,20,0,0.13
3324463,Magic,Amonkhet,Oracle's Vault,234,R,Lightly Played,0.09,,0.09,0,5,0,0.11
3327525,Magic,Amonkhet,Plague Belcher,104,R,Near Mint,0.45,0.48,0.26,0,19,0,0.5
3327526,Magic,Amonkhet,Plague Belcher,104,R,Lightly Played,0.5,0.49,0.31,0,6,0,0.42
3325991,Magic,Amonkhet,Prepare // Fight,220,R,Near Mint,0.14,0.09,0.1,0,29,0,0.14
3325992,Magic,Amonkhet,Prepare // Fight,220,R,Lightly Played,0.11,0.09,0.08,0,7,0,0.11
3325612,Magic,Amonkhet,Prowling Serpopard,180,R,Near Mint,1.34,1.34,1.27,0,18,0,1.36
3325613,Magic,Amonkhet,Prowling Serpopard,180,R,Lightly Played,1.46,1.35,1.38,0,3,0,1.36
3327150,Magic,Amonkhet,Pull from Tomorrow,65,R,Near Mint,0.61,0.62,0.52,0,15,0,0.62
3327151,Magic,Amonkhet,Pull from Tomorrow,65,R,Lightly Played,0.67,0.64,0.64,0,11,0,0.63
3327535,Magic,Amonkhet,Pyramid of the Pantheon,235,R,Near Mint,0.21,0.14,0.14,0,17,0,0.21
3327536,Magic,Amonkhet,Pyramid of the Pantheon,235,R,Lightly Played,0.16,0.09,0.2,0,5,0,0.25
3326191,Magic,Amonkhet,Rags // Riches,222,R,Near Mint,0.12,0.09,0.09,0,26,0,0.13
3326192,Magic,Amonkhet,Rags // Riches,222,R,Lightly Played,0.09,,0.09,0,6,0,0.1
3326646,Magic,Amonkhet,Regal Caracal,24,R,Near Mint,2.15,2.3,1.48,0,13,0,1.97
3326647,Magic,Amonkhet,Regal Caracal,24,R,Lightly Played,1.86,2.49,1.41,0,3,0,2.04
3328100,Magic,Amonkhet,"Samut, Voice of Dissent",205,M,Near Mint,0.68,0.59,0.5,0,7,0,0.75
3328101,Magic,Amonkhet,"Samut, Voice of Dissent",205,M,Lightly Played,0.81,0.71,0.67,0,2,0,0.72
3329166,Magic,Amonkhet,Sandwurm Convergence,183,R,Near Mint,0.35,0.3,0.18,0,25,0,0.29
3329167,Magic,Amonkhet,Sandwurm Convergence,183,R,Lightly Played,0.28,0.3,0.2,0,5,0,0.28
3325301,Magic,Amonkhet,Scattered Groves,247,R,Near Mint,1.26,1.34,0.98,0,2,0,1.2
3325302,Magic,Amonkhet,Scattered Groves,247,R,Lightly Played,1.38,1.45,1.35,0,2,0,1.32
3328221,Magic,Amonkhet,Shadow of the Grave,107,R,Near Mint,0.17,0.09,0.15,0,18,0,0.17
3328222,Magic,Amonkhet,Shadow of the Grave,107,R,Lightly Played,0.2,0.09,0.08,0,3,0,0.19
3325311,Magic,Amonkhet,Sheltered Thicket,248,R,Near Mint,2.32,2.48,1.68,0,4,0,2.19
3326666,Magic,Amonkhet,Soul-Scar Mage,148,R,Near Mint,2.47,2.65,1.99,0,13,0,2.43
3328241,Magic,Amonkhet,Sweltering Suns,149,R,Near Mint,0.88,0.98,0.59,0,3,0,1.08
3325822,Magic,Amonkhet,"Temmet, Vizier of Naktamun",207,R,Near Mint,0.12,0.09,0.05,0,27,0,0.13
3326361,Magic,Amonkhet,Throne of the God-Pharaoh,237,R,Near Mint,0.36,0.43,0.25,0,25,0,0.47
3326362,Magic,Amonkhet,Throne of the God-Pharaoh,237,R,Lightly Played,0.37,0.39,0.34,0,3,0,0.4
3328130,Magic,Amonkhet,Vizier of Many Faces,74,R,Near Mint,0.64,0.63,0.49,0,20,0,0.62
3328131,Magic,Amonkhet,Vizier of Many Faces,74,R,Lightly Played,0.49,0.69,0.53,0,1,0,0.5
855095,Magic,Avacyn Restored,Alchemist's Refuge,225,R,Near Mint,1.57,,1.1,0,2,0,1.35
855135,Magic,Avacyn Restored,Alchemist's Refuge,225,R,Lightly Played,1.49,,1.26,0,2,0,1.47
853495,Magic,Avacyn Restored,Angel of Glory's Rise,1,R,Near Mint,0.22,,0.1,0,17,0,0.22
853525,Magic,Avacyn Restored,Angel of Glory's Rise,1,R,Lightly Played,0.17,0.09,0.2,0,17,0,0.15
852213,Magic,Avacyn Restored,Angel of Jubilation,2,R,Near Mint,2.44,,2.25,0,1,0,2.31
852273,Magic,Avacyn Restored,Angel of Jubilation,2,R,Lightly Played,2.29,2.17,2.5,0,1,0,2.09
853055,Magic,Avacyn Restored,Arcane Melee,44,R,Near Mint,0.17,0.13,0.15,0,28,0,0.18
853181,Magic,Avacyn Restored,Arcane Melee,44,R,Lightly Played,0.15,0.09,0.15,0,11,0,0.15
855098,Magic,Avacyn Restored,Archwing Dragon,126,R,Near Mint,0.26,0.3,0.23,0,25,0,0.24
855138,Magic,Avacyn Restored,Archwing Dragon,126,R,Lightly Played,0.26,0.22,0.17,0,10,0,0.27
853345,Magic,Avacyn Restored,Bonfire of the Damned,129,M,Near Mint,2.8,3.2,2.99,0,2,0,2.79
853280,Magic,Avacyn Restored,"Bruna, Light of Alabaster",208,M,Near Mint,1.93,,1.6,0,3,0,1.97
853310,Magic,Avacyn Restored,"Bruna, Light of Alabaster",208,M,Lightly Played,1.98,1.57,1.9,0,4,0,1.92
871136,Magic,Avacyn Restored,Burn at the Stake,130,R,Near Mint,0.46,,0.25,0,24,0,0.46
871911,Magic,Avacyn Restored,Burn at the Stake,130,R,Lightly Played,0.46,,0.21,0,12,0,0.44
871105,Magic,Avacyn Restored,Captain of the Mists,45,R,Near Mint,0.15,0.12,0.14,0,27,0,0.15
871880,Magic,Avacyn Restored,Captain of the Mists,45,R,Lightly Played,0.11,0.09,0.1,0,11,0,0.11
871570,Magic,Avacyn Restored,Captain of the Mists,45,R,Moderately Played,0.13,0.09,0.09,0,1,0,0.13
853341,Magic,Avacyn Restored,Cathars' Crusade,10,R,Near Mint,2.87,,2.34,0,5,0,2.92
853401,Magic,Avacyn Restored,Champion of Lambholt,171,R,Near Mint,1.29,,1.1,0,25,0,1.47
853446,Magic,Avacyn Restored,Champion of Lambholt,171,R,Lightly Played,1.3,,1,0,8,0,1.31
871025,Magic,Avacyn Restored,Conjurer's Closet,214,R,Near Mint,1.83,2.13,1.57,0,4,0,1.74
871800,Magic,Avacyn Restored,Conjurer's Closet,214,R,Lightly Played,1.72,1.48,1.39,0,2,0,1.8
871076,Magic,Avacyn Restored,Dark Impostor,92,R,Near Mint,0.87,0.43,0.44,0,13,0,0.88
871851,Magic,Avacyn Restored,Dark Impostor,92,R,Lightly Played,0.33,0.14,0.14,0,19,0,0.39
871050,Magic,Avacyn Restored,Deadeye Navigator,47,R,Near Mint,1.13,,0.82,0,16,0,1.13
871825,Magic,Avacyn Restored,Deadeye Navigator,47,R,Lightly Played,1.12,,0.91,0,8,0,1.2
853493,Magic,Avacyn Restored,Demonic Rising,94,R,Near Mint,0.14,0.11,0.13,0,23,0,0.14
853523,Magic,Avacyn Restored,Demonic Rising,94,R,Lightly Played,0.11,0.1,0.1,0,15,0,0.11
852065,Magic,Avacyn Restored,Demonlord of Ashmouth,96,R,Near Mint,0.25,0.2,0.16,0,27,0,0.27
852143,Magic,Avacyn Restored,Demonlord of Ashmouth,96,R,Lightly Played,0.17,0.09,0.14,0,16,0,0.2
853285,Magic,Avacyn Restored,Descendants' Path,173,R,Near Mint,2.79,,2.68,0,1,0,2.8
853315,Magic,Avacyn Restored,Descendants' Path,173,R,Lightly Played,2.66,,2.66,0,3,0,2.92
853407,Magic,Avacyn Restored,Descent into Madness,97,M,Near Mint,0.52,0.49,0.31,0,17,0,0.52
853452,Magic,Avacyn Restored,Descent into Madness,97,M,Lightly Played,0.35,0.35,0.28,0,10,0,0.36
853344,Magic,Avacyn Restored,Desolate Lighthouse,227,R,Near Mint,0.72,0.95,0.7,0,26,0,0.7
853374,Magic,Avacyn Restored,Desolate Lighthouse,227,R,Lightly Played,0.79,0.69,0.6,0,8,0,0.72
871107,Magic,Avacyn Restored,Devastation Tide,48,R,Near Mint,0.42,0.47,0.37,0,17,0,0.41
871882,Magic,Avacyn Restored,Devastation Tide,48,R,Lightly Played,0.39,0.25,0.25,0,6,0,0.4
871152,Magic,Avacyn Restored,Divine Deflection,18,R,Near Mint,0.17,0.1,0.15,0,26,0,0.19
871927,Magic,Avacyn Restored,Divine Deflection,18,R,Lightly Played,0.11,0.08,0.08,0,9,0,0.12
871042,Magic,Avacyn Restored,Dread Slaver,98,R,Near Mint,0.22,0.15,0.21,0,19,0,0.22
871817,Magic,Avacyn Restored,Dread Slaver,98,R,Lightly Played,0.17,0.1,0.13,0,8,0,0.17
852211,Magic,Avacyn Restored,Druids' Repository,176,R,Near Mint,0.22,0.18,0.19,0,27,0,0.22
852271,Magic,Avacyn Restored,Druids' Repository,176,R,Lightly Played,0.15,0.1,0.17,0,5,0,0.14
871144,Magic,Avacyn Restored,Dual Casting,133,R,Near Mint,0.26,0.27,0.2,0,30,0,0.25
871919,Magic,Avacyn Restored,Dual Casting,133,R,Lightly Played,0.25,0.18,0.18,0,15,0,0.24
853494,Magic,Avacyn Restored,Entreat the Angels,20,M,Near Mint,2.23,2.08,1.6,0,1,0,2.18
853524,Magic,Avacyn Restored,Entreat the Angels,20,M,Lightly Played,2.08,1.57,1.79,0,2,0,2.07
871081,Magic,Avacyn Restored,Gallows at Willow Hill,215,R,Near Mint,0.13,0.11,0.1,0,24,0,0.13
871856,Magic,Avacyn Restored,Gallows at Willow Hill,215,R,Lightly Played,0.11,0.09,0.09,0,27,0,0.11
853195,Magic,Avacyn Restored,"Gisela, Blade of Goldnight",209,M,Lightly Played,6.49,,6.99,0,2,0,6.6
870999,Magic,Avacyn Restored,Gloom Surgeon,104,R,Near Mint,0.12,0.08,0.1,0,32,0,0.12
871774,Magic,Avacyn Restored,Gloom Surgeon,104,R,Lightly Played,0.1,0.09,0.09,0,8,0,0.1
852071,Magic,Avacyn Restored,Griselbrand,106,M,Near Mint,5.87,5.4,5.34,0,1,0,5.95
853282,Magic,Avacyn Restored,Harvester of Souls,107,R,Near Mint,0.32,0.25,0.23,0,6,0,0.32
853312,Magic,Avacyn Restored,Harvester of Souls,107,R,Lightly Played,0.23,0.2,0.23,0,1,0,0.27
853403,Magic,Avacyn Restored,Herald of War,24,R,Near Mint,1.59,1.95,1.47,0,3,0,1.49
853448,Magic,Avacyn Restored,Herald of War,24,R,Lightly Played,1.58,,1,0,1,0,1.5
871126,Magic,Avacyn Restored,Hound of Griselbrand,141,R,Near Mint,0.24,0.24,0.18,0,28,0,0.23
871901,Magic,Avacyn Restored,Hound of Griselbrand,141,R,Lightly Played,0.2,0.19,0.16,0,9,0,0.2
855093,Magic,Avacyn Restored,Infinite Reflection,61,R,Near Mint,0.21,,0.19,0,20,0,0.21
855133,Magic,Avacyn Restored,Infinite Reflection,61,R,Lightly Played,0.15,0.1,0.11,0,2,0,0.15
852214,Magic,Avacyn Restored,Killing Wave,111,R,Near Mint,1.01,,0.59,0,6,0,0.95
852274,Magic,Avacyn Restored,Killing Wave,111,R,Lightly Played,0.84,,0.4,0,2,0,0.86
871024,Magic,Avacyn Restored,Lone Revenant,64,R,Near Mint,0.13,0.09,0.1,0,19,0,0.13
871799,Magic,Avacyn Restored,Lone Revenant,64,R,Lightly Played,0.09,0.08,0.09,0,22,0,0.09
871084,Magic,Avacyn Restored,Lunar Mystic,65,R,Near Mint,0.18,0.13,0.14,0,30,0,0.19
871859,Magic,Avacyn Restored,Lunar Mystic,65,R,Lightly Played,0.11,0.1,0.08,0,15,0,0.1
855136,Magic,Avacyn Restored,Malignus,148,M,Lightly Played,2.24,,1.9,0,1,0,2.26
855094,Magic,Avacyn Restored,Misthollow Griffin,68,M,Near Mint,0.71,0.74,0.34,0,8,0,0.74
855134,Magic,Avacyn Restored,Misthollow Griffin,68,M,Lightly Played,0.51,0.52,0.4,0,12,0,0.52
852209,Magic,Avacyn Restored,Moonsilver Spear,,R,Near Mint,0.4,0.35,0.29,0,4,0,0.4
871077,Magic,Avacyn Restored,Otherworld Atlas,219,R,Near Mint,0.31,0.35,0.2,0,17,0,0.34
871852,Magic,Avacyn Restored,Otherworld Atlas,219,R,Lightly Played,0.34,,0.33,0,9,0,0.34
870952,Magic,Avacyn Restored,Primal Surge,189,M,Near Mint,1.7,1.92,1.93,0,8,0,1.69
870977,Magic,Avacyn Restored,Primal Surge,189,M,Lightly Played,1.63,1.57,1.65,0,17,0,1.62
853406,Magic,Avacyn Restored,Reforge the Soul,151,R,Near Mint,3.83,4.27,2.65,0,16,0,3.08
853451,Magic,Avacyn Restored,Reforge the Soul,151,R,Lightly Played,2.58,,1.98,0,9,0,2.73
852069,Magic,Avacyn Restored,Restoration Angel,32,R,Near Mint,2.11,2,1.84,0,10,0,2.11
852147,Magic,Avacyn Restored,Restoration Angel,32,R,Lightly Played,1.69,2.03,1.64,0,1,0,1.74
853340,Magic,Avacyn Restored,Revenge of the Hunted,191,R,Near Mint,0.23,0.21,0.15,0,20,0,0.23
853370,Magic,Avacyn Restored,Revenge of the Hunted,191,R,Lightly Played,0.19,0.1,0.15,0,6,0,0.2
871056,Magic,Avacyn Restored,Riders of Gavony,33,R,Near Mint,0.3,0.22,0.24,0,22,0,0.29
871831,Magic,Avacyn Restored,Riders of Gavony,33,R,Lightly Played,0.23,0.2,0.18,0,19,0,0.23
855013,Magic,Avacyn Restored,Rite of Ruin,153,R,Near Mint,0.12,0.09,0.11,0,27,0,0.12
855053,Magic,Avacyn Restored,Rite of Ruin,153,R,Lightly Played,0.09,0.09,0.09,0,14,0,0.09
852074,Magic,Avacyn Restored,Silverblade Paladin,36,R,Near Mint,0.39,0.37,0.2,0,12,0,0.35
852152,Magic,Avacyn Restored,Silverblade Paladin,36,R,Lightly Played,0.27,0.24,0.16,0,13,0,0.24
853491,Magic,Avacyn Restored,Slayers' Stronghold,229,R,Near Mint,0.46,0.45,0.4,0,7,0,0.44
853521,Magic,Avacyn Restored,Slayers' Stronghold,229,R,Lightly Played,0.44,0.44,0.29,0,16,0,0.45
855016,Magic,Avacyn Restored,Somberwald Sage,194,R,Near Mint,1.67,,1.43,0,20,0,1.86
855056,Magic,Avacyn Restored,Somberwald Sage,194,R,Lightly Played,2.02,1.42,1.25,0,14,0,2.19
855092,Magic,Avacyn Restored,Soul of the Harvest,195,R,Near Mint,0.51,0.49,0.42,0,16,0,0.53
855132,Magic,Avacyn Restored,Soul of the Harvest,195,R,Lightly Played,0.42,0.39,0.39,0,10,0,0.42
871106,Magic,Avacyn Restored,Spirit Away,76,R,Near Mint,0.12,0.1,0.11,0,22,0,0.12
871881,Magic,Avacyn Restored,Spirit Away,76,R,Lightly Played,0.11,0.09,0.09,0,19,0,0.1
871071,Magic,Avacyn Restored,Stolen Goods,78,R,Near Mint,0.15,,0.15,0,31,0,0.15
871846,Magic,Avacyn Restored,Stolen Goods,78,R,Lightly Played,0.11,0.1,0.1,0,12,0,0.11
852067,Magic,Avacyn Restored,Temporal Mastery,81,M,Near Mint,3.86,,3.49,0,2,0,3.75
855099,Magic,Avacyn Restored,Terminus,38,R,Near Mint,0.92,0.79,0.59,0,1,0,0.91
855139,Magic,Avacyn Restored,Terminus,38,R,Lightly Played,0.62,0.58,0.25,0,12,0,0.58
855123,Magic,Avacyn Restored,Terminus,38,R,Moderately Played,0.62,,0.2,0,2,0,0.59
855012,Magic,Avacyn Restored,Treacherous Pit-Dweller,121,R,Near Mint,0.19,0.14,0.17,0,22,0,0.19
855052,Magic,Avacyn Restored,Treacherous Pit-Dweller,121,R,Lightly Played,0.13,0.09,0.09,0,10,0,0.13
871040,Magic,Avacyn Restored,Tyrant of Discord,162,R,Near Mint,0.19,0.21,0.1,0,25,0,0.18
871815,Magic,Avacyn Restored,Tyrant of Discord,162,R,Lightly Played,0.19,,0.12,0,16,0,0.17
870950,Magic,Avacyn Restored,Ulvenwald Tracker,200,R,Near Mint,0.36,0.36,0.28,0,21,0,0.36
870975,Magic,Avacyn Restored,Ulvenwald Tracker,200,R,Lightly Played,0.32,0.25,0.15,0,19,0,0.34
871067,Magic,Avacyn Restored,Wild Defiance,203,R,Near Mint,0.65,0.6,0.27,0,16,0,0.66
871842,Magic,Avacyn Restored,Wild Defiance,203,R,Lightly Played,0.35,,0.2,0,7,0,0.29
871532,Magic,Avacyn Restored,Wild Defiance,203,R,Moderately Played,0.66,0.57,0.35,0,2,0,0.69
853402,Magic,Avacyn Restored,Wolfir Silverheart,206,R,Near Mint,0.54,0.5,0.2,0,12,0,0.53
853447,Magic,Avacyn Restored,Wolfir Silverheart,206,R,Lightly Played,0.35,0.3,0.25,0,11,0,0.38
853400,Magic,Avacyn Restored,Zealous Conscripts,166,R,Near Mint,0.47,0.42,0.42,0,9,0,0.44
853445,Magic,Avacyn Restored,Zealous Conscripts,166,R,Lightly Played,0.38,,0.26,0,20,0,0.38
853427,Magic,Avacyn Restored,Zealous Conscripts,166,R,Moderately Played,0.36,0.23,0.36,0,4,0,0.37
2954829,Magic,Battle for Zendikar,Akoum Firebird,138,M,Near Mint,0.23,0.23,0.1,0,56,0,0.2
2953447,Magic,Battle for Zendikar,Akoum Hellkite,139,R,Near Mint,0.12,0.09,0.08,0,52,0,0.12
2953448,Magic,Battle for Zendikar,Akoum Hellkite,139,R,Lightly Played,0.09,0.07,0.08,0,3,0,0.12
2954839,Magic,Battle for Zendikar,Aligned Hedron Network,222,R,Near Mint,0.1,,0.09,0,85,0,0.1
2954840,Magic,Battle for Zendikar,Aligned Hedron Network,222,R,Lightly Played,0.09,,0.08,0,6,0,0.08
2955071,Magic,Battle for Zendikar,Ally Encampment,228,R,Near Mint,0.18,0.18,0.14,0,96,0,0.16
2955072,Magic,Battle for Zendikar,Ally Encampment,228,R,Lightly Played,0.17,0.1,0.12,0,5,0,0.16
2955486,Magic,Battle for Zendikar,Angelic Captain,208,R,Near Mint,0.1,0.08,0.1,0,64,0,0.1
2955487,Magic,Battle for Zendikar,Angelic Captain,208,R,Lightly Played,0.09,0.09,0.09,0,5,0,0.09
2949958,Magic,Battle for Zendikar,Barrage Tyrant,127,R,Near Mint,0.11,0.09,0.09,0,50,0,0.11
2949959,Magic,Battle for Zendikar,Barrage Tyrant,127,R,Lightly Played,0.07,0.06,0.06,0,8,0,0.08
2956136,Magic,Battle for Zendikar,Beastcaller Savant,170,R,Near Mint,0.17,0.09,0.1,0,49,0,0.2
2956137,Magic,Battle for Zendikar,Beastcaller Savant,170,R,Lightly Played,0.15,0.11,0.17,0,12,0,0.17
2949808,Magic,Battle for Zendikar,Blight Herder,2,R,Near Mint,0.11,0.09,0.1,0,81,0,0.11
2949809,Magic,Battle for Zendikar,Blight Herder,2,R,Lightly Played,0.12,0.08,0.07,0,5,0,0.11
2952007,Magic,Battle for Zendikar,Bring to Light,209,R,Near Mint,0.21,0.09,0.18,0,90,0,0.24
2952008,Magic,Battle for Zendikar,Bring to Light,209,R,Lightly Played,0.25,0.17,0.16,0,10,0,0.24
2952017,Magic,Battle for Zendikar,Brood Butcher,199,R,Near Mint,0.13,0.08,0.09,0,75,0,0.13
2952018,Magic,Battle for Zendikar,Brood Butcher,199,R,Lightly Played,0.07,0.08,0.07,0,8,0,0.09
2954849,Magic,Battle for Zendikar,Brutal Expulsion,200,R,Near Mint,0.11,0.09,0.08,0,76,0,0.11
2954850,Magic,Battle for Zendikar,Brutal Expulsion,200,R,Lightly Played,0.09,0.09,0.09,0,6,0,0.1
2950028,Magic,Battle for Zendikar,Canopy Vista,234,R,Near Mint,1.21,1.39,1.25,0,55,0,1.18
2950029,Magic,Battle for Zendikar,Canopy Vista,234,R,Lightly Played,1.36,1.25,1.25,0,18,0,1.31
2950038,Magic,Battle for Zendikar,Cinder Glade,235,R,Near Mint,1.68,1.87,1.66,0,26,0,1.62
2950039,Magic,Battle for Zendikar,Cinder Glade,235,R,Lightly Played,1.76,1.63,1.5,0,11,0,1.69
2953467,Magic,Battle for Zendikar,Conduit of Ruin,4,R,Near Mint,0.51,0.48,0.3,0,43,0,0.52
2949928,Magic,Battle for Zendikar,Defiant Bloodlord,107,R,Near Mint,0.17,0.12,0.1,0,66,0,0.16
2949929,Magic,Battle for Zendikar,Defiant Bloodlord,107,R,Lightly Played,0.13,,0.12,0,1,0,0.11
2952027,Magic,Battle for Zendikar,Desolation Twin,6,R,Near Mint,0.36,0.39,0.19,0,62,0,0.38
2952028,Magic,Battle for Zendikar,Desolation Twin,6,R,Lightly Played,0.36,0.25,0.2,0,4,0,0.29
2955081,Magic,Battle for Zendikar,Dragonmaster Outcast,144,M,Near Mint,2.31,2.67,2.66,0,15,0,2.35
2955082,Magic,Battle for Zendikar,Dragonmaster Outcast,144,M,Lightly Played,2.07,2.4,2.25,0,10,0,2.06
2955526,Magic,Battle for Zendikar,"Drana, Liberator of Malakir",109,M,Near Mint,4.95,,4.49,0,5,0,4.38
2955527,Magic,Battle for Zendikar,"Drana, Liberator of Malakir",109,M,Lightly Played,4.53,,4.55,0,2,0,4.43
2952037,Magic,Battle for Zendikar,Drowner of Hope,57,R,Near Mint,0.18,0.09,0.14,0,51,0,0.18
2952038,Magic,Battle for Zendikar,Drowner of Hope,57,R,Lightly Played,0.13,0.09,0.09,0,7,0,0.13
2955091,Magic,Battle for Zendikar,Dust Stalker,202,R,Near Mint,0.1,0.1,0.08,0,81,0,0.13
2955092,Magic,Battle for Zendikar,Dust Stalker,202,R,Lightly Played,0.08,0.08,0.07,0,3,0,0.08
2956926,Magic,Battle for Zendikar,Emeria Shepherd,22,R,Near Mint,0.22,0.14,0.15,0,53,0,0.22
2956927,Magic,Battle for Zendikar,Emeria Shepherd,22,R,Lightly Played,0.24,0.22,0.15,0,5,0,0.25
2954869,Magic,Battle for Zendikar,Endless One,8,R,Near Mint,0.57,0.57,0.31,0,52,0,0.56
2954870,Magic,Battle for Zendikar,Endless One,8,R,Lightly Played,0.53,0.33,0.34,0,4,0,0.54
2954879,Magic,Battle for Zendikar,Exert Influence,77,R,Near Mint,0.08,0.07,0.09,0,91,0,0.08
2954880,Magic,Battle for Zendikar,Exert Influence,77,R,Lightly Played,0.08,0.06,0.07,0,15,0,0.08
2952452,Magic,Battle for Zendikar,Fathom Feeder,203,R,Near Mint,0.14,0.09,0.08,0,91,0,0.14
2952453,Magic,Battle for Zendikar,Fathom Feeder,203,R,Lightly Played,0.1,0.08,0.06,0,8,0,0.11
2954889,Magic,Battle for Zendikar,Felidar Sovereign,26,R,Near Mint,0.48,0.46,0.24,0,58,0,0.48
2954890,Magic,Battle for Zendikar,Felidar Sovereign,26,R,Lightly Played,0.48,0.45,0.24,0,2,0,0.52
2954899,Magic,Battle for Zendikar,From Beyond,167,R,Near Mint,0.4,0.3,0.25,0,49,0,0.36
2954900,Magic,Battle for Zendikar,From Beyond,167,R,Lightly Played,0.33,0.24,0.25,0,8,0,0.37
2949729,Magic,Battle for Zendikar,"Gideon, Ally of Zendikar",29,M,Lightly Played,7.39,6.99,7,0,1,0,6.94
2953497,Magic,Battle for Zendikar,Greenwarden of Murasa,174,M,Near Mint,0.84,0.84,0.48,0,51,0,0.69
2956146,Magic,Battle for Zendikar,Gruesome Slaughter,9,R,Near Mint,0.1,0.09,0.1,0,44,0,0.11
2956147,Magic,Battle for Zendikar,Gruesome Slaughter,9,R,Lightly Played,0.09,0.07,0.08,0,4,0,0.09
2949758,Magic,Battle for Zendikar,Guardian of Tazeem,78,R,Near Mint,0.12,0.07,0.08,0,54,0,0.14
2949759,Magic,Battle for Zendikar,Guardian of Tazeem,78,R,Lightly Played,0.11,0.07,0.08,0,3,0,0.09
2956156,Magic,Battle for Zendikar,Guul Draz Overseer,112,R,Near Mint,0.09,0.08,0.09,0,70,0,0.09
2956157,Magic,Battle for Zendikar,Guul Draz Overseer,112,R,Lightly Played,0.09,0.09,0.09,0,5,0,0.09
2949788,Magic,Battle for Zendikar,Hero of Goma Fada,31,R,Near Mint,0.11,0.08,0.09,0,49,0,0.1
2949789,Magic,Battle for Zendikar,Hero of Goma Fada,31,R,Lightly Played,0.09,0.08,0.09,0,7,0,0.09
2952792,Magic,Battle for Zendikar,"Kiora, Master of the Depths",213,M,Near Mint,2.03,1.86,1.86,0,40,0,1.88
2952793,Magic,Battle for Zendikar,"Kiora, Master of the Depths",213,M,Lightly Played,1.88,1.77,1.67,0,10,0,1.71
2952057,Magic,Battle for Zendikar,Lantern Scout,37,R,Near Mint,0.17,0.14,0.1,0,69,0,0.16
2952058,Magic,Battle for Zendikar,Lantern Scout,37,R,Lightly Played,0.14,0.1,0.1,0,17,0,0.14
2952067,Magic,Battle for Zendikar,Lumbering Falls,239,R,Near Mint,0.51,0.44,0.3,0,88,0,0.57
2952068,Magic,Battle for Zendikar,Lumbering Falls,239,R,Lightly Played,0.45,0.39,0.35,0,13,0,0.36
2954909,Magic,Battle for Zendikar,March from the Tomb,214,R,Near Mint,0.13,0.1,0.1,0,74,0,0.14
2954910,Magic,Battle for Zendikar,March from the Tomb,214,R,Lightly Played,0.12,0.1,0.09,0,8,0,0.11
2954919,Magic,Battle for Zendikar,"Munda, Ambush Leader",215,R,Near Mint,0.12,,0.1,0,85,0,0.11
2954920,Magic,Battle for Zendikar,"Munda, Ambush Leader",215,R,Lightly Played,0.08,,0.08,0,5,0,0.09
2949738,Magic,Battle for Zendikar,Nissa's Renewal,180,R,Near Mint,0.22,0.14,0.15,0,84,0,0.23
2949739,Magic,Battle for Zendikar,Nissa's Renewal,180,R,Lightly Played,0.21,0.09,0.08,0,12,0,0.18
2954929,Magic,Battle for Zendikar,"Noyan Dar, Roil Shaper",216,R,Near Mint,0.14,0.08,0.09,0,72,0,0.14
2954930,Magic,Battle for Zendikar,"Noyan Dar, Roil Shaper",216,R,Lightly Played,0.1,0.09,0.09,0,9,0,0.1
2952802,Magic,Battle for Zendikar,Ob Nixilis Reignited,119,M,Near Mint,1.68,1.74,1.5,0,11,0,1.63
2952803,Magic,Battle for Zendikar,Ob Nixilis Reignited,119,M,Lightly Played,1.62,1.48,1.5,0,5,0,1.65
2949848,Magic,Battle for Zendikar,Oblivion Sower,11,M,Near Mint,0.82,0.95,0.55,0,45,0,0.82
2949849,Magic,Battle for Zendikar,Oblivion Sower,11,M,Lightly Played,0.87,0.58,0.48,0,5,0,0.83
2949998,Magic,Battle for Zendikar,"Omnath, Locus of Rage",217,M,Near Mint,1.19,1.12,0.98,0,31,0,1.11
2949999,Magic,Battle for Zendikar,"Omnath, Locus of Rage",217,M,Lightly Played,1.1,1.02,0.85,0,4,0,1.06
2949768,Magic,Battle for Zendikar,Oran-Rief Hydra,181,R,Near Mint,0.15,0.09,0.1,0,59,0,0.16
2949769,Magic,Battle for Zendikar,Oran-Rief Hydra,181,R,Lightly Played,0.13,0.1,0.1,0,6,0,0.14
2955111,Magic,Battle for Zendikar,Painful Truths,120,R,Near Mint,0.18,0.11,0.1,0,62,0,0.16
2955112,Magic,Battle for Zendikar,Painful Truths,120,R,Lightly Played,0.15,0.09,0.12,0,17,0,0.13
2956166,Magic,Battle for Zendikar,Part the Waterveil,80,M,Near Mint,1.13,0.99,0.99,0,9,0,1.11
2956167,Magic,Battle for Zendikar,Part the Waterveil,80,M,Lightly Played,1.01,0.93,0.92,0,8,0,1.07
2952462,Magic,Battle for Zendikar,Planar Outburst,42,R,Near Mint,0.13,0.12,0.1,0,76,0,0.13
2952463,Magic,Battle for Zendikar,Planar Outburst,42,R,Lightly Played,0.1,0.09,0.05,0,6,0,0.11
2950048,Magic,Battle for Zendikar,Prairie Stream,241,R,Near Mint,1.3,1.32,1.05,0,22,0,1.24
2950049,Magic,Battle for Zendikar,Prairie Stream,241,R,Lightly Played,1.25,1.05,1.05,0,19,0,1.18
2954939,Magic,Battle for Zendikar,Prism Array,81,R,Near Mint,0.09,0.09,0.09,0,54,0,0.09
2954940,Magic,Battle for Zendikar,Prism Array,81,R,Lightly Played,0.07,0.04,0.03,0,3,0,0.07
2955059,Magic,Battle for Zendikar,Quarantine Field,43,M,Near Mint,0.33,0.25,0.25,0,37,0,0.34
2955060,Magic,Battle for Zendikar,Quarantine Field,43,M,Lightly Played,0.29,0.27,0.24,0,6,0,0.28
2949798,Magic,Battle for Zendikar,Radiant Flames,151,R,Near Mint,0.11,0.08,0.1,0,105,0,0.11
2949799,Magic,Battle for Zendikar,Radiant Flames,151,R,Lightly Played,0.1,0.08,0.06,0,14,0,0.11
2949778,Magic,Battle for Zendikar,Ruinous Path,123,R,Near Mint,0.18,,0.1,0,65,0,0.19
2949779,Magic,Battle for Zendikar,Ruinous Path,123,R,Lightly Played,0.19,0.16,0.09,0,12,0,0.18
2955171,Magic,Battle for Zendikar,Sanctum of Ugin,242,R,Near Mint,0.52,0.49,0.3,0,16,0,0.45
2955172,Magic,Battle for Zendikar,Sanctum of Ugin,242,R,Lightly Played,0.4,0.25,0.25,0,7,0,0.4
2956176,Magic,Battle for Zendikar,Scatter to the Winds,85,R,Near Mint,0.1,0.07,0.08,0,89,0,0.1
2956177,Magic,Battle for Zendikar,Scatter to the Winds,85,R,Lightly Played,0.12,,0.07,0,6,0,0.11
2957406,Magic,Battle for Zendikar,Serpentine Spike,133,R,Near Mint,0.11,0.09,0.08,0,54,0,0.11
2957407,Magic,Battle for Zendikar,Serpentine Spike,133,R,Lightly Played,0.06,0.06,0.04,0,5,0,0.06
2953527,Magic,Battle for Zendikar,Shambling Vent,244,R,Near Mint,1.73,1.78,1.5,0,35,0,1.76
2953528,Magic,Battle for Zendikar,Shambling Vent,244,R,Lightly Played,1.7,1.69,1.48,0,10,0,1.6
2953537,Magic,Battle for Zendikar,Shrine of the Forsaken Gods,245,R,Near Mint,0.26,0.24,0.1,0,43,0,0.24
2953538,Magic,Battle for Zendikar,Shrine of the Forsaken Gods,245,R,Lightly Played,0.23,0.19,0.07,0,15,0,0.23
2956186,Magic,Battle for Zendikar,Sire of Stagnation,206,M,Near Mint,0.63,0.52,0.57,0,77,0,0.63
2956187,Magic,Battle for Zendikar,Sire of Stagnation,206,M,Lightly Played,0.55,0.53,0.55,0,3,0,0.57
2950058,Magic,Battle for Zendikar,Smoldering Marsh,247,R,Near Mint,1.27,1.41,1.1,0,28,0,1.27
2950059,Magic,Battle for Zendikar,Smoldering Marsh,247,R,Lightly Played,1.37,1.11,1.24,0,2,0,1.21
2952472,Magic,Battle for Zendikar,Smothering Abomination,99,R,Near Mint,0.15,0.09,0.1,0,94,0,0.16
2952473,Magic,Battle for Zendikar,Smothering Abomination,99,R,Lightly Played,0.13,0.09,0.08,0,10,0,0.17
2950068,Magic,Battle for Zendikar,Sunken Hollow,249,R,Near Mint,1.68,1.74,0.93,0,27,0,1.48
2950069,Magic,Battle for Zendikar,Sunken Hollow,249,R,Lightly Played,1.62,1.66,1.67,0,12,0,1.69
2955151,Magic,Battle for Zendikar,Ugin's Insight,87,R,Near Mint,0.09,0.06,0.09,0,59,0,0.09
2955152,Magic,Battle for Zendikar,Ugin's Insight,87,R,Lightly Played,0.08,0.08,0.06,0,10,0,0.08
2952482,Magic,Battle for Zendikar,Undergrowth Champion,197,M,Near Mint,0.76,0.75,0.69,0,61,0,0.75
2952483,Magic,Battle for Zendikar,Undergrowth Champion,197,M,Lightly Played,0.72,0.6,0.6,0,2,0,0.68
2950008,Magic,Battle for Zendikar,Veteran Warleader,221,R,Near Mint,0.12,0.09,0.09,0,76,0,0.12
2950009,Magic,Battle for Zendikar,Veteran Warleader,221,R,Lightly Played,0.08,0.07,0.08,0,9,0,0.08
2953567,Magic,Battle for Zendikar,Void Winnower,17,M,Near Mint,2.52,,2.44,0,31,0,2.48
2953568,Magic,Battle for Zendikar,Void Winnower,17,M,Lightly Played,2.62,,2.38,0,2,0,2.3
2955586,Magic,Battle for Zendikar,Wasteland Strangler,102,R,Near Mint,0.27,0.33,0.1,0,76,0,0.27
2955587,Magic,Battle for Zendikar,Wasteland Strangler,102,R,Lightly Played,0.22,0.21,0.2,0,4,0,0.21
2955161,Magic,Battle for Zendikar,Woodland Wanderer,198,R,Near Mint,0.11,0.07,0.09,0,83,0,0.11
2955162,Magic,Battle for Zendikar,Woodland Wanderer,198,R,Lightly Played,0.11,0.06,0.07,0,8,0,0.1
2952492,Magic,Battle for Zendikar,"Zada, Hedron Grinder",162,R,Near Mint,0.14,0.09,0.1,0,56,0,0.15
2952493,Magic,Battle for Zendikar,"Zada, Hedron Grinder",162,R,Lightly Played,0.18,0.08,0.12,0,5,0,0.18
1164010,Magic,Born of the Gods,Arbiter of the Ideal,31,R,Near Mint,0.15,0.09,0.09,0,18,0,0.15
1164011,Magic,Born of the Gods,Arbiter of the Ideal,31,R,Lightly Played,0.12,0.1,0.12,0,6,0,0.12
1165826,Magic,Born of the Gods,Astral Cornucopia,157,R,Near Mint,0.32,0.3,0.29,0,31,0,0.32
1165827,Magic,Born of the Gods,Astral Cornucopia,157,R,Lightly Played,0.3,0.27,0.25,0,2,0,0.29
1164161,Magic,Born of the Gods,Champion of Stray Souls,63,M,Near Mint,0.42,,0.24,0,16,0,0.41
1164162,Magic,Born of the Gods,Champion of Stray Souls,63,M,Lightly Played,0.33,0.28,0.27,0,5,0,0.33
1164511,Magic,Born of the Gods,Chromanticore,144,M,Near Mint,0.84,0.77,0.73,0,11,0,0.81
1164512,Magic,Born of the Gods,Chromanticore,144,M,Lightly Played,0.71,0.71,0.67,0,6,0,0.7
1165906,Magic,Born of the Gods,Courser of Kruphix,119,R,Near Mint,3.28,,3.6,0,18,0,3.49
1165907,Magic,Born of the Gods,Courser of Kruphix,119,R,Lightly Played,3.13,3.33,3.33,0,8,0,3.41
1164020,Magic,Born of the Gods,Eater of Hope,66,R,Near Mint,0.12,0.09,0.1,0,14,0,0.12
1164021,Magic,Born of the Gods,Eater of Hope,66,R,Lightly Played,0.11,,0.08,0,3,0,0.11
1165946,Magic,Born of the Gods,Eidolon of Countless Battles,7,R,Near Mint,0.41,0.45,0.3,0,19,0,0.42
1165947,Magic,Born of the Gods,Eidolon of Countless Battles,7,R,Lightly Played,0.45,0.43,0.25,0,5,0,0.4
1165948,Magic,Born of the Gods,Eidolon of Countless Battles,7,R,Moderately Played,0.43,0.46,0.33,0,1,0,0.42
1163802,Magic,Born of the Gods,"Ephara, God of the Polis",145,M,Near Mint,1.74,,1.6,0,23,0,1.83
1164451,Magic,Born of the Gods,Fate Unraveler,68,R,Near Mint,0.24,0.21,0.13,0,20,0,0.26
1164452,Magic,Born of the Gods,Fate Unraveler,68,R,Lightly Played,0.22,0.1,0.24,0,7,0,0.22
1164441,Magic,Born of the Gods,Fated Conflagration,94,R,Near Mint,0.13,0.11,0.09,0,13,0,0.13
1164442,Magic,Born of the Gods,Fated Conflagration,94,R,Lightly Played,0.1,0.1,0.07,0,3,0,0.1
1164481,Magic,Born of the Gods,Fated Infatuation,39,R,Near Mint,0.18,0.16,0.19,0,16,0,0.18
1164482,Magic,Born of the Gods,Fated Infatuation,39,R,Lightly Played,0.17,0.09,0.1,0,7,0,0.18
1164121,Magic,Born of the Gods,Fated Intervention,121,R,Near Mint,0.11,0.1,0.1,0,18,0,0.11
1164122,Magic,Born of the Gods,Fated Intervention,121,R,Lightly Played,0.1,,0.08,0,9,0,0.11
1166236,Magic,Born of the Gods,Fated Retribution,11,R,Near Mint,0.18,0.11,0.15,0,32,0,0.17
1166237,Magic,Born of the Gods,Fated Retribution,11,R,Lightly Played,0.13,,0.11,0,5,0,0.13
1165976,Magic,Born of the Gods,Fated Return,69,R,Near Mint,0.16,0.09,0.1,0,20,0,0.14
1165977,Magic,Born of the Gods,Fated Return,69,R,Lightly Played,0.12,0.1,0.1,0,4,0,0.12
1164461,Magic,Born of the Gods,Felhide Spiritbinder,96,R,Near Mint,0.2,0.16,0.16,0,18,0,0.16
1164462,Magic,Born of the Gods,Felhide Spiritbinder,96,R,Lightly Played,0.18,0.09,0.16,0,4,0,0.19
1164070,Magic,Born of the Gods,Flame-Wreathed Phoenix,97,M,Near Mint,0.38,,0.24,0,8,0,0.37
1164071,Magic,Born of the Gods,Flame-Wreathed Phoenix,97,M,Lightly Played,0.23,0.21,0.21,0,3,0,0.23
1164030,Magic,Born of the Gods,Forgestoker Dragon,98,R,Near Mint,0.17,0.11,0.09,0,14,0,0.17
1164031,Magic,Born of the Gods,Forgestoker Dragon,98,R,Lightly Played,0.1,0.09,0.08,0,2,0,0.11
1166016,Magic,Born of the Gods,Gild,73,R,Near Mint,0.12,0.11,0.07,0,18,0,0.12
1166017,Magic,Born of the Gods,Gild,73,R,Lightly Played,0.11,0.09,0.1,0,4,0,0.11
1164551,Magic,Born of the Gods,Herald of Torment,75,R,Near Mint,0.17,,0.1,0,35,0,0.17
1164552,Magic,Born of the Gods,Herald of Torment,75,R,Lightly Played,0.11,0.09,0.1,0,14,0,0.11
1164060,Magic,Born of the Gods,Hero of Iroas,17,R,Near Mint,0.39,0.37,0.27,0,22,0,0.35
1164061,Magic,Born of the Gods,Hero of Iroas,17,R,Lightly Played,0.33,0.32,0.25,0,9,0,0.32
1164062,Magic,Born of the Gods,Hero of Iroas,17,R,Moderately Played,0.32,0.32,0.43,0,1,0,0.32
1165166,Magic,Born of the Gods,Hero of Leina Tower,123,R,Near Mint,0.16,0.12,0.1,0,18,0,0.16
1165167,Magic,Born of the Gods,Hero of Leina Tower,123,R,Lightly Played,0.13,0.1,0.1,0,3,0,0.13
1164571,Magic,Born of the Gods,Heroes' Podium,159,R,Near Mint,0.16,0.12,0.1,0,15,0,0.15
1164572,Magic,Born of the Gods,Heroes' Podium,159,R,Lightly Played,0.12,0.09,0.1,0,5,0,0.11
1165856,Magic,Born of the Gods,Hunter's Prowess,124,R,Near Mint,0.16,0.11,0.12,0,24,0,0.16
1165857,Magic,Born of the Gods,Hunter's Prowess,124,R,Lightly Played,0.1,0.08,0.09,0,9,0,0.1
1164380,Magic,Born of the Gods,"Karametra, God of Harvests",148,M,Near Mint,3.64,4.49,3.48,0,18,0,3.76
1164381,Magic,Born of the Gods,"Karametra, God of Harvests",148,M,Lightly Played,3.57,3.47,3.47,0,4,0,3.44
1160713,Magic,Born of the Gods,"Kiora, the Crashing Wave",149,M,Near Mint,2.14,,1.99,0,8,0,2.32
1160714,Magic,Born of the Gods,"Kiora, the Crashing Wave",149,M,Lightly Played,1.69,,1.3,0,3,0,1.8
1164235,Magic,Born of the Gods,Mindreaver,44,R,Near Mint,0.11,0.09,0.1,0,15,0,0.11
1164236,Magic,Born of the Gods,Mindreaver,44,R,Lightly Played,0.1,0.1,0.08,0,6,0,0.1
1164080,Magic,Born of the Gods,"Mogis, God of Slaughter",151,M,Near Mint,4.64,5.61,4.8,0,10,0,4.67
1164081,Magic,Born of the Gods,"Mogis, God of Slaughter",151,M,Lightly Played,4.47,4.47,4.47,0,6,0,4.3
1164082,Magic,Born of the Gods,"Mogis, God of Slaughter",151,M,Moderately Played,4.74,,3.83,0,1,0,4.66
1164040,Magic,Born of the Gods,Nessian Wilds Ravager,129,R,Near Mint,0.14,0.12,0.1,0,3,0,0.14
1164041,Magic,Born of the Gods,Nessian Wilds Ravager,129,R,Lightly Played,0.11,0.1,0.08,0,4,0,0.12
1165766,Magic,Born of the Gods,Oracle of Bones,103,R,Near Mint,0.15,0.11,0.1,0,20,0,0.15
1165767,Magic,Born of the Gods,Oracle of Bones,103,R,Lightly Played,0.13,0.09,0.08,0,5,0,0.14
1163762,Magic,Born of the Gods,Pain Seer,80,R,Near Mint,0.21,0.11,0.14,0,26,0,0.19
1163763,Magic,Born of the Gods,Pain Seer,80,R,Lightly Played,0.15,0.1,0.09,0,12,0,0.17
1166086,Magic,Born of the Gods,Perplexing Chimera,48,R,Near Mint,0.19,0.13,0.19,0,15,0,0.2
1166087,Magic,Born of the Gods,Perplexing Chimera,48,R,Lightly Played,0.18,0.1,0.18,0,4,0,0.18
1165146,Magic,Born of the Gods,"Phenax, God of Deception",152,M,Near Mint,5.91,,5.45,0,21,0,5.87
1165147,Magic,Born of the Gods,"Phenax, God of Deception",152,M,Lightly Played,5.72,,5.24,0,8,0,5.56
1165846,Magic,Born of the Gods,Plea for Guidance,24,R,Near Mint,0.27,0.25,0.15,0,9,0,0.26
1165847,Magic,Born of the Gods,Plea for Guidance,24,R,Lightly Played,0.18,0.1,0.18,0,2,0,0.19
1165836,Magic,Born of the Gods,Satyr Firedancer,108,R,Near Mint,0.27,,0.29,0,9,0,0.29
1165837,Magic,Born of the Gods,Satyr Firedancer,108,R,Lightly Played,0.31,0.27,0.25,0,3,0,0.3
1166116,Magic,Born of the Gods,Scourge of Skola Vale,137,R,Near Mint,0.18,,0.12,0,16,0,0.18
1166117,Magic,Born of the Gods,Scourge of Skola Vale,137,R,Lightly Played,0.16,0.09,0.16,0,3,0,0.18
1164000,Magic,Born of the Gods,Silent Sentinel,26,R,Near Mint,0.12,0.09,0.1,0,16,0,0.12
1164001,Magic,Born of the Gods,Silent Sentinel,26,R,Lightly Played,0.11,0.09,0.11,0,9,0,0.11
1164521,Magic,Born of the Gods,Spirit of the Labyrinth,27,R,Near Mint,0.38,0.26,0.25,0,14,0,0.35
1164522,Magic,Born of the Gods,Spirit of the Labyrinth,27,R,Lightly Played,0.31,0.3,0.25,0,2,0,0.31
1163823,Magic,Born of the Gods,Temple of Enlightenment,163,R,Near Mint,2.47,2.75,2.24,0,13,0,2.61
1163824,Magic,Born of the Gods,Temple of Enlightenment,163,R,Lightly Played,2.1,2.39,1.48,0,12,0,1.99
1163825,Magic,Born of the Gods,Temple of Enlightenment,163,R,Moderately Played,2.17,2.51,2.57,0,1,0,2.25
1163833,Magic,Born of the Gods,Temple of Malice,164,R,Near Mint,2.56,,1.69,0,9,0,2.32
1163834,Magic,Born of the Gods,Temple of Malice,164,R,Lightly Played,2.27,2.3,1.59,0,7,0,2.19
1163843,Magic,Born of the Gods,Temple of Plenty,165,R,Near Mint,1.74,2.13,1.4,0,5,0,2.08
1163844,Magic,Born of the Gods,Temple of Plenty,165,R,Lightly Played,1.54,1.6,1.43,0,2,0,1.58
1164101,Magic,Born of the Gods,Tromokratis,55,R,Near Mint,0.17,0.12,0.1,0,8,0,0.16
1164102,Magic,Born of the Gods,Tromokratis,55,R,Lightly Played,0.15,0.1,0.09,0,6,0,0.15
1165156,Magic,Born of the Gods,Whelming Wave,57,R,Near Mint,0.26,0.23,0.2,0,13,0,0.26
1165157,Magic,Born of the Gods,Whelming Wave,57,R,Lightly Played,0.19,0.1,0.18,0,5,0,0.19
1166176,Magic,Born of the Gods,Whims of the Fates,115,R,Near Mint,0.13,0.1,0.1,0,18,0,0.12
1166177,Magic,Born of the Gods,Whims of the Fates,115,R,Lightly Played,0.12,0.08,0.09,0,6,0,0.12
1164411,Magic,Born of the Gods,"Xenagos, God of Revels",156,M,Lightly Played,7.39,,7.65,0,8,0,7.6
764539,Magic,Dark Ascension,Alpha Brawl,82,R,Near Mint,0.19,0.15,0.17,0,22,0,0.19
765115,Magic,Dark Ascension,Alpha Brawl,82,R,Lightly Played,0.16,0.11,0.15,0,9,0,0.16
764553,Magic,Dark Ascension,Archangel's Light,1,M,Near Mint,0.52,0.39,0.4,0,12,0,0.51
765129,Magic,Dark Ascension,Archangel's Light,1,M,Lightly Played,0.48,0.36,0.32,0,9,0,0.48
760281,Magic,Dark Ascension,Beguiler of Wills,28,M,Near Mint,1.69,1.98,1.34,0,17,0,1.7
760287,Magic,Dark Ascension,Beguiler of Wills,28,M,Lightly Played,1.15,,0.99,0,8,0,1.06
764492,Magic,Dark Ascension,Call to the Kindred,30,R,Near Mint,0.39,0.4,0.32,0,28,0,0.39
765068,Magic,Dark Ascension,Call to the Kindred,30,R,Lightly Played,0.31,,0.25,0,8,0,0.31
764552,Magic,Dark Ascension,Counterlash,33,R,Near Mint,0.17,0.12,0.1,0,34,0,0.17
765128,Magic,Dark Ascension,Counterlash,33,R,Lightly Played,0.13,,0.08,0,8,0,0.13
760692,Magic,Dark Ascension,Curse of Bloodletting,85,R,Near Mint,0.75,0.78,0.42,0,9,0,0.79
760710,Magic,Dark Ascension,Curse of Bloodletting,85,R,Lightly Played,0.67,0.28,0.28,0,13,0,0.82
764493,Magic,Dark Ascension,Curse of Echoes,34,R,Near Mint,0.2,0.18,0.1,0,19,0,0.2
765069,Magic,Dark Ascension,Curse of Echoes,34,R,Lightly Played,0.21,0.18,0.2,0,11,0,0.21
764516,Magic,Dark Ascension,Curse of Misfortunes,56,R,Near Mint,0.24,0.17,0.23,0,28,0,0.24
765092,Magic,Dark Ascension,Curse of Misfortunes,56,R,Lightly Played,0.21,0.16,0.2,0,10,0,0.21
764507,Magic,Dark Ascension,Deranged Outcast,112,R,Near Mint,0.14,0.11,0.12,0,35,0,0.14
765083,Magic,Dark Ascension,Deranged Outcast,112,R,Lightly Played,0.1,,0.07,0,30,0,0.11
760190,Magic,Dark Ascension,Drogskol Reaver,137,M,Near Mint,1.89,1.99,1.79,0,3,0,1.87
760196,Magic,Dark Ascension,Drogskol Reaver,137,M,Lightly Played,1.76,1.74,1.49,0,1,0,1.76
764569,Magic,Dark Ascension,Dungeon Geists,36,R,Near Mint,0.19,0.12,0.14,0,24,0,0.19
765145,Magic,Dark Ascension,Dungeon Geists,36,R,Lightly Played,0.13,0.1,0.12,0,16,0,0.13
764499,Magic,Dark Ascension,"Elbrus, the Binding Blade",147,M,Near Mint,3.89,3.33,2.78,0,1,0,3.9
765075,Magic,Dark Ascension,"Elbrus, the Binding Blade",147,M,Lightly Played,3.15,2.68,2.68,0,12,0,3.2
760216,Magic,Dark Ascension,Falkenrath Aristocrat,138,M,Near Mint,0.89,0.79,0.51,0,14,0,0.9
760252,Magic,Dark Ascension,Falkenrath Aristocrat,138,M,Lightly Played,0.51,0.47,0.47,0,5,0,0.51
760240,Magic,Dark Ascension,Falkenrath Aristocrat,138,M,Moderately Played,0.61,0.38,0.38,0,1,0,0.63
760571,Magic,Dark Ascension,Feed the Pack,114,R,Near Mint,0.24,0.25,0.24,0,30,0,0.25
760607,Magic,Dark Ascension,Feed the Pack,114,R,Lightly Played,0.26,0.18,0.22,0,7,0,0.22
760295,Magic,Dark Ascension,Fiend of the Shadows,62,R,Near Mint,0.16,0.12,0.1,0,32,0,0.16
760331,Magic,Dark Ascension,Fiend of the Shadows,62,R,Lightly Played,0.14,0.09,0.1,0,15,0,0.14
760338,Magic,Dark Ascension,Flayer of the Hatebound,89,R,Near Mint,0.33,,0.25,0,23,0,0.33
760530,Magic,Dark Ascension,Flayer of the Hatebound,89,R,Lightly Played,0.25,,0.22,0,19,0,0.25
760659,Magic,Dark Ascension,Geralf's Messenger,63,R,Near Mint,5.75,,5.5,0,1,0,5.37
760689,Magic,Dark Ascension,Geralf's Messenger,63,R,Lightly Played,4.76,4.24,4.65,0,4,0,4.76
764509,Magic,Dark Ascension,Geralf's Mindcrusher,37,R,Near Mint,0.23,0.23,0.2,0,27,0,0.24
765085,Magic,Dark Ascension,Geralf's Mindcrusher,37,R,Lightly Played,0.18,0.17,0.15,0,16,0,0.19
760204,Magic,Dark Ascension,Ghoultree,115,R,Near Mint,0.62,0.65,0.38,0,8,0,0.62
760210,Magic,Dark Ascension,Ghoultree,115,R,Lightly Played,0.48,0.46,0.32,0,4,0,0.48
760602,Magic,Dark Ascension,Grafdigger's Cage,149,R,Lightly Played,3.69,3.39,3.66,0,3,0,3.68
764557,Magic,Dark Ascension,Grim Backwoods,156,R,Near Mint,0.18,,0.14,0,24,0,0.18
765133,Magic,Dark Ascension,Grim Backwoods,156,R,Lightly Played,0.14,,0.09,0,13,0,0.14
760253,Magic,Dark Ascension,Havengul Lich,139,M,Near Mint,4.02,2.5,1.98,0,3,0,4.09
760277,Magic,Dark Ascension,Havengul Lich,139,M,Lightly Played,2.05,0.8,1.79,0,6,0,2.25
764559,Magic,Dark Ascension,Havengul Runebinder,39,R,Near Mint,0.17,0.11,0.15,0,27,0,0.17
765135,Magic,Dark Ascension,Havengul Runebinder,39,R,Lightly Played,0.14,0.1,0.1,0,14,0,0.13
760568,Magic,Dark Ascension,Hellrider,93,R,Near Mint,0.28,0.26,0.2,0,9,0,0.27
760604,Magic,Dark Ascension,Hellrider,93,R,Lightly Played,0.22,0.1,0.14,0,5,0,0.23
760609,Magic,Dark Ascension,Helvault,151,M,Near Mint,0.41,0.26,0.29,0,21,0,0.41
760651,Magic,Dark Ascension,Helvault,151,M,Lightly Played,0.22,0.22,0.15,0,4,0,0.22
760330,Magic,Dark Ascension,Huntmaster of the Fells,142,M,Lightly Played,7.57,8.43,7.74,0,1,0,7.71
764554,Magic,Dark Ascension,Increasing Ambition,69,R,Near Mint,1.35,1.89,1.18,0,28,0,1.57
765130,Magic,Dark Ascension,Increasing Ambition,69,R,Lightly Played,1.51,,1.49,0,6,0,1.3
759940,Magic,Dark Ascension,Increasing Confusion,41,R,Near Mint,1.16,1.35,0.93,0,2,0,1.1
760175,Magic,Dark Ascension,Increasing Confusion,41,R,Lightly Played,1.05,,0.88,0,3,0,0.97
760177,Magic,Dark Ascension,Increasing Devotion,11,R,Near Mint,0.3,0.22,0.24,0,2,0,0.3
760657,Magic,Dark Ascension,Increasing Savagery,120,R,Near Mint,0.3,0.29,0.24,0,12,0,0.31
760687,Magic,Dark Ascension,Increasing Savagery,120,R,Lightly Played,0.2,,0.2,0,2,0,0.22
764522,Magic,Dark Ascension,Increasing Vengeance,95,R,Near Mint,1.36,1.23,1,0,32,0,1.39
765098,Magic,Dark Ascension,Increasing Vengeance,95,R,Lightly Played,1.3,1.02,1,0,37,0,1.24
764906,Magic,Dark Ascension,Increasing Vengeance,95,R,Moderately Played,1.41,,1.27,0,1,0,1.49
760197,Magic,Dark Ascension,Jar of Eyeballs,152,R,Near Mint,0.13,0.09,0.1,0,33,0,0.13
760203,Magic,Dark Ascension,Jar of Eyeballs,152,R,Lightly Played,0.11,0.09,0.11,0,34,0,0.11
760660,Magic,Dark Ascension,Lost in the Woods,123,R,Near Mint,0.15,0.1,0.12,0,26,0,0.15
760690,Magic,Dark Ascension,Lost in the Woods,123,R,Lightly Played,0.12,0.1,0.08,0,7,0,0.12
760610,Magic,Dark Ascension,Markov Blademaster,96,R,Near Mint,0.72,0.7,0.39,0,10,0,0.69
760652,Magic,Dark Ascension,Markov Blademaster,96,R,Lightly Played,0.48,0.58,0.24,0,15,0,0.63
759926,Magic,Dark Ascension,Mondronen Shaman,98,R,Near Mint,0.28,,0.29,0,28,0,0.29
760161,Magic,Dark Ascension,Mondronen Shaman,98,R,Lightly Played,0.29,0.25,0.24,0,13,0,0.27
760212,Magic,Dark Ascension,Moonveil Dragon,99,M,Near Mint,1.5,1.6,1.38,0,5,0,1.47
760248,Magic,Dark Ascension,Moonveil Dragon,99,M,Lightly Played,1.29,,1.13,0,2,0,1.44
760570,Magic,Dark Ascension,Predator Ooze,124,R,Near Mint,1.75,,1.29,0,7,0,1.71
760606,Magic,Dark Ascension,Predator Ooze,124,R,Lightly Played,1.37,1.29,1.17,0,3,0,1.28
759937,Magic,Dark Ascension,Ravenous Demon,71,R,Near Mint,0.12,0.08,0.08,0,29,0,0.12
760172,Magic,Dark Ascension,Ravenous Demon,71,R,Lightly Played,0.12,0.08,0.12,0,7,0,0.12
764566,Magic,Dark Ascension,Requiem Angel,18,R,Near Mint,0.2,0.2,0.2,0,26,0,0.2
765142,Magic,Dark Ascension,Requiem Angel,18,R,Lightly Played,0.18,0.1,0.17,0,8,0,0.17
760254,Magic,Dark Ascension,Seance,20,R,Near Mint,0.26,0.15,0.18,0,24,0,0.26
760278,Magic,Dark Ascension,Seance,20,R,Lightly Played,0.13,0.1,0.11,0,10,0,0.14
760247,Magic,Dark Ascension,"Sorin, Lord of Innistrad",142,M,Lightly Played,7.98,,7.97,0,1,0,7.71
760658,Magic,Dark Ascension,Sudden Disappearance,23,R,Near Mint,0.18,0.13,0.15,0,17,0,0.18
760688,Magic,Dark Ascension,Sudden Disappearance,23,R,Lightly Played,0.14,0.1,0.1,0,13,0,0.14
760280,Magic,Dark Ascension,"Thalia, Guardian of Thraben",24,R,Lightly Played,16.2,15.04,16.03,0,1,0,15.89
759925,Magic,Dark Ascension,Thraben Doomsayer,25,R,Near Mint,0.97,0.95,0.72,0,1,0,0.97
760160,Magic,Dark Ascension,Thraben Doomsayer,25,R,Lightly Played,0.83,0.86,0.42,0,1,0,0.8
760559,Magic,Dark Ascension,Vault of the Archangel,158,R,Near Mint,2.81,2.99,2.22,0,13,0,2.67
760565,Magic,Dark Ascension,Vault of the Archangel,158,R,Lightly Played,2.07,1.48,1.5,0,8,0,2.07
760343,Magic,Dark Ascension,Vorapede,131,M,Near Mint,0.93,0.8,0.89,0,14,0,0.93
760535,Magic,Dark Ascension,Vorapede,131,M,Lightly Played,0.78,0.63,0.67,0,11,0,0.76
760296,Magic,Dark Ascension,Wolfbitten Captive,135,R,Near Mint,0.64,0.69,0.45,0,2,0,0.63
760332,Magic,Dark Ascension,Wolfbitten Captive,135,R,Lightly Played,0.45,0.45,0.29,0,4,0,0.48
759909,Magic,Dark Ascension,Zombie Apocalypse,80,R,Near Mint,1.29,1.49,0.75,0,5,0,1.28
760144,Magic,Dark Ascension,Zombie Apocalypse,80,R,Lightly Played,1.27,0.68,0.68,0,1,0,1.27
1076374,Magic,Dragon's Maze,Advent of the Wurm,51,R,Near Mint,0.23,0.22,0.15,0,19,0,0.23
1076429,Magic,Dragon's Maze,Advent of the Wurm,51,R,Lightly Played,0.2,0.18,0.2,0,12,0,0.22
1077142,Magic,Dragon's Maze,Aetherling,11,R,Near Mint,0.28,0.24,0.19,0,24,0,0.28
1077167,Magic,Dragon's Maze,Aetherling,11,R,Lightly Played,0.2,0.2,0.17,0,19,0,0.21
1076376,Magic,Dragon's Maze,Beck // Call,123,R,Near Mint,0.28,0.11,0.16,0,41,0,0.28
1076431,Magic,Dragon's Maze,Beck // Call,123,R,Lightly Played,0.08,0.06,0.07,0,21,0,0.11
1076954,Magic,Dragon's Maze,Blood Baron of Vizkopa,57,M,Near Mint,1.05,0.44,0.4,0,8,0,1.05
1076979,Magic,Dragon's Maze,Blood Baron of Vizkopa,57,M,Lightly Played,0.46,0.28,0.39,0,10,0,0.47
1076585,Magic,Dragon's Maze,Blood Scrivener,22,R,Near Mint,0.14,0.11,0.13,0,30,0,0.13
1076630,Magic,Dragon's Maze,Blood Scrivener,22,R,Lightly Played,0.15,0.1,0.08,0,2,0,0.15
1077244,Magic,Dragon's Maze,Boros Battleshaper,58,R,Near Mint,0.13,0.1,0.11,0,30,0,0.13
1077599,Magic,Dragon's Maze,Boros Battleshaper,58,R,Lightly Played,0.09,0.09,0.06,0,2,0,0.1
1076589,Magic,Dragon's Maze,Breaking // Entering,124,R,Near Mint,0.46,0.45,0.4,0,18,0,0.46
1076634,Magic,Dragon's Maze,Breaking // Entering,124,R,Lightly Played,0.37,0.35,0.32,0,18,0,0.36
1077005,Magic,Dragon's Maze,Catch // Release,125,R,Near Mint,0.16,0.09,0.13,0,31,0,0.17
1077055,Magic,Dragon's Maze,Catch // Release,125,R,Lightly Played,0.09,0.08,0.08,0,3,0,0.09
1076675,Magic,Dragon's Maze,Council of the Absolute,62,M,Near Mint,0.22,0.22,0.19,0,19,0,0.22
1076725,Magic,Dragon's Maze,Council of the Absolute,62,M,Lightly Played,0.31,0.22,0.19,0,2,0,0.28
1076955,Magic,Dragon's Maze,Deadbridge Chant,63,M,Near Mint,2.14,,1.55,0,14,0,2.01
1076980,Magic,Dragon's Maze,Deadbridge Chant,63,M,Lightly Played,1.65,,1.5,0,7,0,1.54
1077146,Magic,Dragon's Maze,Dragonshift,66,R,Near Mint,0.13,0.09,0.1,0,31,0,0.13
1077171,Magic,Dragon's Maze,Dragonshift,66,R,Lightly Played,0.1,0.1,0.1,0,3,0,0.1
1077103,Magic,Dragon's Maze,Emmara Tandris,68,R,Near Mint,0.27,,0.19,0,29,0,0.27
1077123,Magic,Dragon's Maze,Emmara Tandris,68,R,Lightly Played,0.25,0.09,0.17,0,4,0,0.26
1076508,Magic,Dragon's Maze,"Exava, Rakdos Blood Witch",69,R,Near Mint,0.15,0.14,0.11,0,28,0,0.15
1076548,Magic,Dragon's Maze,"Exava, Rakdos Blood Witch",69,R,Lightly Played,0.18,0.1,0.16,0,6,0,0.19
1076780,Magic,Dragon's Maze,Flesh // Blood,128,R,Near Mint,0.15,0.14,0.1,0,22,0,0.15
1076865,Magic,Dragon's Maze,Flesh // Blood,128,R,Lightly Played,0.13,0.09,0.09,0,18,0,0.13
1077214,Magic,Dragon's Maze,Gaze of Granite,72,R,Near Mint,0.22,0.21,0.14,0,22,0,0.21
1077569,Magic,Dragon's Maze,Gaze of Granite,72,R,Lightly Played,0.18,,0.13,0,15,0,0.19
1076588,Magic,Dragon's Maze,Lavinia of the Tenth,80,R,Near Mint,0.24,,0.19,0,32,0,0.24
1076633,Magic,Dragon's Maze,Lavinia of the Tenth,80,R,Lightly Played,0.22,0.13,0.08,0,10,0,0.22
1076942,Magic,Dragon's Maze,Legion's Initiative,81,M,Near Mint,1.28,1.38,1.19,0,3,0,1.27
1076947,Magic,Dragon's Maze,Legion's Initiative,81,M,Lightly Played,1.24,,0.95,0,9,0,1.29
1076378,Magic,Dragon's Maze,Master of Cruelties,82,M,Near Mint,7.39,,6.3,0,1,0,7.3
1075461,Magic,Dragon's Maze,Maze's End,152,M,Near Mint,0.45,0.4,0.23,0,6,0,0.46
1075521,Magic,Dragon's Maze,Maze's End,152,M,Lightly Played,0.35,0.22,0.23,0,8,0,0.35
1076483,Magic,Dragon's Maze,"Melek, Izzet Paragon",84,R,Near Mint,0.28,0.25,0.17,0,19,0,0.28
1076493,Magic,Dragon's Maze,"Melek, Izzet Paragon",84,R,Lightly Played,0.24,0.22,0.15,0,25,0,0.26
1076679,Magic,Dragon's Maze,"Mirko Vosk, Mind Drinker",85,R,Near Mint,0.86,,0.65,0,16,0,0.8
1076729,Magic,Dragon's Maze,"Mirko Vosk, Mind Drinker",85,R,Lightly Played,0.7,0.62,0.53,0,10,0,0.68
1077004,Magic,Dragon's Maze,Notion Thief,88,R,Near Mint,0.76,0.72,0.58,0,19,0,0.76
1077054,Magic,Dragon's Maze,Notion Thief,88,R,Lightly Played,0.65,0.63,0.54,0,24,0,0.57
1076672,Magic,Dragon's Maze,Obzedat's Aid,89,R,Near Mint,0.23,,0.2,0,25,0,0.23
1076722,Magic,Dragon's Maze,Obzedat's Aid,89,R,Lightly Played,0.2,,0.18,0,12,0,0.21
1077220,Magic,Dragon's Maze,Plasm Capture,91,R,Near Mint,0.24,0.23,0.14,0,19,0,0.24
1077575,Magic,Dragon's Maze,Plasm Capture,91,R,Lightly Played,0.21,0.19,0.15,0,15,0,0.21
1077222,Magic,Dragon's Maze,Pontiff of Blight,27,R,Near Mint,0.24,0.23,0.21,0,25,0,0.26
1077577,Magic,Dragon's Maze,Pontiff of Blight,27,R,Lightly Played,0.24,0.14,0.2,0,7,0,0.24
1076775,Magic,Dragon's Maze,Possibility Storm,34,R,Near Mint,0.34,0.32,0.23,0,33,0,0.32
1076860,Magic,Dragon's Maze,Possibility Storm,34,R,Lightly Played,0.31,0.32,0.22,0,2,0,0.32
1076871,Magic,Dragon's Maze,Progenitor Mimic,92,M,Lightly Played,2.01,,1.9,0,3,0,1.7
1077102,Magic,Dragon's Maze,Pyrewild Shaman,36,R,Near Mint,0.09,,0.05,0,23,0,0.09
1077122,Magic,Dragon's Maze,Pyrewild Shaman,36,R,Lightly Played,0.08,,0.06,0,26,0,0.09
1077198,Magic,Dragon's Maze,Ready // Willing,132,R,Near Mint,0.18,0.16,0.1,0,26,0,0.19
1077553,Magic,Dragon's Maze,Ready // Willing,132,R,Lightly Played,0.13,0.1,0.1,0,18,0,0.15
1077238,Magic,Dragon's Maze,Reap Intellect,95,M,Near Mint,0.31,0.23,0.18,0,17,0,0.32
1077593,Magic,Dragon's Maze,Reap Intellect,95,M,Lightly Played,0.22,,0.2,0,12,0,0.21
1076382,Magic,Dragon's Maze,Render Silent,96,R,Near Mint,0.87,,0.57,0,15,0,0.96
1076437,Magic,Dragon's Maze,Render Silent,96,R,Lightly Played,0.63,,0.45,0,8,0,0.74
1076678,Magic,Dragon's Maze,Renegade Krasis,47,R,Near Mint,0.27,0.21,0.15,0,22,0,0.23
1076728,Magic,Dragon's Maze,Renegade Krasis,47,R,Lightly Played,0.23,0.25,0.2,0,7,0,0.21
1076507,Magic,Dragon's Maze,Renounce the Guilds,5,R,Near Mint,0.14,0.08,0.09,0,19,0,0.14
1076547,Magic,Dragon's Maze,Renounce the Guilds,5,R,Lightly Played,0.09,0.09,0.09,0,15,0,0.09
1075453,Magic,Dragon's Maze,"Ruric Thar, the Unbowed",99,R,Near Mint,0.32,0.28,0.19,0,20,0,0.31
1075513,Magic,Dragon's Maze,"Ruric Thar, the Unbowed",99,R,Lightly Played,0.24,,0.2,0,17,0,0.25
1076953,Magic,Dragon's Maze,Savageborn Hydra,100,M,Near Mint,1.31,0.75,0.47,0,2,0,1.34
1076978,Magic,Dragon's Maze,Savageborn Hydra,100,M,Lightly Played,0.94,0.5,0.5,0,5,0,0.97
1077207,Magic,Dragon's Maze,Scion of Vitu-Ghazi,7,R,Near Mint,0.16,0.14,0.15,0,31,0,0.16
1077562,Magic,Dragon's Maze,Scion of Vitu-Ghazi,7,R,Lightly Played,0.11,0.09,0.1,0,2,0,0.11
1076582,Magic,Dragon's Maze,Sire of Insanity,104,R,Near Mint,0.33,0.24,0.32,0,22,0,0.32
1076627,Magic,Dragon's Maze,Sire of Insanity,104,R,Lightly Played,0.3,0.28,0.25,0,11,0,0.32
1077212,Magic,Dragon's Maze,Skylasher,49,R,Near Mint,0.19,,0.1,0,11,0,0.19
1077567,Magic,Dragon's Maze,Skylasher,49,R,Lightly Played,0.12,0.1,0.08,0,18,0,0.13
1076774,Magic,Dragon's Maze,"Tajic, Blade of the Legion",107,R,Near Mint,0.51,0.52,0.41,0,10,0,0.51
1076859,Magic,Dragon's Maze,"Tajic, Blade of the Legion",107,R,Lightly Played,0.51,0.47,0.39,0,12,0,0.55
1076504,Magic,Dragon's Maze,"Teysa, Envoy of Ghosts",108,R,Near Mint,0.33,0.32,0.33,0,26,0,0.33
1076544,Magic,Dragon's Maze,"Teysa, Envoy of Ghosts",108,R,Lightly Played,0.26,0.27,0.19,0,11,0,0.29
1077210,Magic,Dragon's Maze,Trait Doctoring,18,R,Near Mint,0.13,,0.1,0,33,0,0.14
1077565,Magic,Dragon's Maze,Trait Doctoring,18,R,Lightly Played,0.11,,0.08,0,4,0,0.11
1076590,Magic,Dragon's Maze,"Varolz, the Scar-Striped",112,R,Near Mint,0.35,0.32,0.33,0,28,0,0.35
1076635,Magic,Dragon's Maze,"Varolz, the Scar-Striped",112,R,Lightly Played,0.27,0.26,0.24,0,24,0,0.27
1076379,Magic,Dragon's Maze,Vorel of the Hull Clade,115,R,Near Mint,0.46,0.45,0.25,0,35,0,0.47
1076434,Magic,Dragon's Maze,Vorel of the Hull Clade,115,R,Lightly Played,0.38,0.4,0.13,0,1,0,0.41
1076584,Magic,Dragon's Maze,Zhur-Taa Ancient,119,R,Near Mint,0.16,0.12,0.1,0,32,0,0.16
1076629,Magic,Dragon's Maze,Zhur-Taa Ancient,119,R,Lightly Played,0.14,0.1,0.1,0,1,0,0.13
2737207,Magic,Dragons of Tarkir,"Anafenza, Kin-Tree Spirit",2,R,Near Mint,0.7,0.7,0.4,0,16,0,0.74
2737208,Magic,Dragons of Tarkir,"Anafenza, Kin-Tree Spirit",2,R,Lightly Played,0.66,,0.38,0,30,0,0.63
2736952,Magic,Dragons of Tarkir,Arashin Foremost,3,R,Near Mint,0.23,0.19,0.2,0,31,0,0.24
2736953,Magic,Dragons of Tarkir,Arashin Foremost,3,R,Lightly Played,0.17,0.15,0.15,0,13,0,0.16
2736318,Magic,Dragons of Tarkir,Arashin Sovereign,212,R,Near Mint,0.12,0.09,0.1,0,20,0,0.12
2736319,Magic,Dragons of Tarkir,Arashin Sovereign,212,R,Lightly Played,0.09,0.08,0.11,0,18,0,0.09
2741834,Magic,Dragons of Tarkir,Assault Formation,173,R,Near Mint,0.79,0.74,0.34,0,18,0,0.81
2741835,Magic,Dragons of Tarkir,Assault Formation,173,R,Lightly Played,0.61,0.56,0.29,0,18,0,0.75
2736706,Magic,Dragons of Tarkir,Atarka's Command,213,R,Near Mint,3.3,3.25,2.98,0,8,0,3.28
2736707,Magic,Dragons of Tarkir,Atarka's Command,213,R,Lightly Played,2.81,2.82,2.38,0,1,0,2.42
2741844,Magic,Dragons of Tarkir,Avatar of the Resolute,175,R,Near Mint,1.76,,1.05,0,35,0,1.77
2741845,Magic,Dragons of Tarkir,Avatar of the Resolute,175,R,Lightly Played,1.46,,1.19,0,48,0,1.4
2743679,Magic,Dragons of Tarkir,Berserkers' Onslaught,130,R,Near Mint,0.3,0.29,0.14,0,24,0,0.29
2743680,Magic,Dragons of Tarkir,Berserkers' Onslaught,130,R,Lightly Played,0.25,0.28,0.2,0,12,0,0.24
2743089,Magic,Dragons of Tarkir,Blessed Reincarnation,47,R,Near Mint,0.13,0.09,0.13,0,31,0,0.13
2743090,Magic,Dragons of Tarkir,Blessed Reincarnation,47,R,Lightly Played,0.14,0.09,0.09,0,10,0,0.14
2737142,Magic,Dragons of Tarkir,Blood-Chin Fanatic,88,R,Near Mint,0.11,,0.1,0,23,0,0.12
2737143,Magic,Dragons of Tarkir,Blood-Chin Fanatic,88,R,Lightly Played,0.11,0.08,0.09,0,17,0,0.11
2736338,Magic,Dragons of Tarkir,Boltwing Marauder,214,R,Near Mint,0.2,0.1,0.14,0,17,0,0.2
2736339,Magic,Dragons of Tarkir,Boltwing Marauder,214,R,Lightly Played,0.16,0.09,0.1,0,9,0,0.15
2742449,Magic,Dragons of Tarkir,Clone Legion,48,M,Near Mint,0.9,0.72,0.54,0,9,0,0.94
2742450,Magic,Dragons of Tarkir,Clone Legion,48,M,Lightly Played,0.57,0.46,0.46,0,8,0,0.65
2737072,Magic,Dragons of Tarkir,Collected Company,177,R,Near Mint,12.91,,12.5,0,9,0,12.77
2742499,Magic,Dragons of Tarkir,Commune with Lava,131,R,Near Mint,0.16,0.1,0.1,0,13,0,0.18
2742500,Magic,Dragons of Tarkir,Commune with Lava,131,R,Lightly Played,0.15,0.07,0.08,0,22,0,0.16
2743409,Magic,Dragons of Tarkir,Corpseweft,92,R,Near Mint,0.12,0.09,0.1,0,27,0,0.12
2743410,Magic,Dragons of Tarkir,Corpseweft,92,R,Lightly Played,0.12,0.08,0.08,0,17,0,0.11
2737227,Magic,Dragons of Tarkir,Crater Elemental,132,R,Near Mint,0.15,0.09,0.1,0,22,0,0.15
2737228,Magic,Dragons of Tarkir,Crater Elemental,132,R,Lightly Played,0.11,0.07,0.08,0,16,0,0.11
2742519,Magic,Dragons of Tarkir,Damnable Pact,93,R,Near Mint,0.2,0.16,0.11,0,20,0,0.19
2742520,Magic,Dragons of Tarkir,Damnable Pact,93,R,Lightly Played,0.12,0.1,0.09,0,10,0,0.14
2736636,Magic,Dragons of Tarkir,Deathbringer Regent,96,R,Near Mint,0.15,0.08,0.14,0,22,0,0.15
2736637,Magic,Dragons of Tarkir,Deathbringer Regent,96,R,Lightly Played,0.14,0.09,0.09,0,9,0,0.15
2737162,Magic,Dragons of Tarkir,Deathmist Raptor,180,M,Near Mint,1.32,1.52,0.89,0,5,0,1.37
2737163,Magic,Dragons of Tarkir,Deathmist Raptor,180,M,Lightly Played,1.04,,0.85,0,10,0,1.16
2736962,Magic,Dragons of Tarkir,Den Protector,181,R,Near Mint,0.46,0.41,0.2,0,12,0,0.45
2736963,Magic,Dragons of Tarkir,Den Protector,181,R,Lightly Played,0.3,0.27,0.13,0,15,0,0.31
2737152,Magic,Dragons of Tarkir,Descent of the Dragons,133,M,Near Mint,1.77,,1.33,0,3,0,1.8
2737153,Magic,Dragons of Tarkir,Descent of the Dragons,133,M,Lightly Played,1.7,,1.21,0,4,0,1.62
2736018,Magic,Dragons of Tarkir,Dragon Tempest,136,R,Near Mint,1.53,0.66,0.82,0,15,0,1.58
2736019,Magic,Dragons of Tarkir,Dragon Tempest,136,R,Lightly Played,0.53,0.21,0.21,0,11,0,0.53
2737277,Magic,Dragons of Tarkir,Dragon Whisperer,137,M,Near Mint,0.7,0.59,0.57,0,17,0,0.71
2737278,Magic,Dragons of Tarkir,Dragon Whisperer,137,M,Lightly Played,0.48,,0.44,0,17,0,0.49
2737132,Magic,Dragons of Tarkir,Dragonlord Atarka,216,M,Near Mint,5.5,,5.5,0,5,0,5.66
2737133,Magic,Dragons of Tarkir,Dragonlord Atarka,216,M,Lightly Played,5.43,,5.33,0,13,0,4.85
2736676,Magic,Dragons of Tarkir,Dragonlord Dromoka,217,M,Near Mint,12.64,12.99,11.57,0,1,0,12.95
2736677,Magic,Dragons of Tarkir,Dragonlord Dromoka,217,M,Lightly Played,12.13,,12.79,0,5,0,11.81
2736922,Magic,Dragons of Tarkir,Dragonlord Kolaghan,218,M,Near Mint,3.56,3.99,3.43,0,6,0,3.55
2736923,Magic,Dragons of Tarkir,Dragonlord Kolaghan,218,M,Lightly Played,3.4,3.52,3.24,0,8,0,3.52
2737093,Magic,Dragons of Tarkir,Dragonlord Ojutai,219,M,Lightly Played,4.49,4.27,4.47,0,12,0,4.18
2700405,Magic,Dragons of Tarkir,Dragonlord Silumgar,220,M,Near Mint,5.07,6.66,5.25,0,6,0,5.03
2700406,Magic,Dragons of Tarkir,Dragonlord Silumgar,220,M,Lightly Played,5.33,5.35,5.09,0,5,0,5.2
2737217,Magic,Dragons of Tarkir,Dragonlord's Prerogative,52,R,Near Mint,0.14,0.1,0.1,0,13,0,0.14
2737218,Magic,Dragons of Tarkir,Dragonlord's Prerogative,52,R,Lightly Played,0.13,0.08,0.08,0,15,0,0.12
2742459,Magic,Dragons of Tarkir,Dromoka's Command,221,R,Near Mint,0.88,,0.68,0,25,0,0.87
2742460,Magic,Dragons of Tarkir,Dromoka's Command,221,R,Lightly Played,0.88,,0.82,0,17,0,0.88
2736626,Magic,Dragons of Tarkir,Foe-Razer Regent,187,R,Near Mint,0.2,,0.12,0,16,0,0.21
2736627,Magic,Dragons of Tarkir,Foe-Razer Regent,187,R,Lightly Played,0.16,0.09,0.1,0,11,0,0.16
2743469,Magic,Dragons of Tarkir,Foul Renewal,101,R,Near Mint,0.14,0.09,0.1,0,36,0,0.14
2743470,Magic,Dragons of Tarkir,Foul Renewal,101,R,Lightly Played,0.12,0.09,0.09,0,13,0,0.13
2742939,Magic,Dragons of Tarkir,Gleam of Authority,19,R,Near Mint,0.22,0.23,0.13,0,19,0,0.22
2742940,Magic,Dragons of Tarkir,Gleam of Authority,19,R,Lightly Played,0.19,0.2,0.14,0,9,0,0.19
2736348,Magic,Dragons of Tarkir,Harbinger of the Hunt,223,R,Near Mint,0.18,0.16,0.16,0,20,0,0.18
2736349,Magic,Dragons of Tarkir,Harbinger of the Hunt,223,R,Lightly Played,0.14,0.1,0.14,0,16,0,0.14
2741784,Magic,Dragons of Tarkir,Haven of the Spirit Dragon,249,R,Near Mint,0.68,0.54,0.5,0,11,0,0.74
2741785,Magic,Dragons of Tarkir,Haven of the Spirit Dragon,249,R,Lightly Played,0.35,0.17,0.22,0,7,0,0.37
2742114,Magic,Dragons of Tarkir,Hedonist's Trove,106,R,Near Mint,0.19,0.12,0.16,0,24,0,0.19
2742115,Magic,Dragons of Tarkir,Hedonist's Trove,106,R,Lightly Played,0.13,0.1,0.09,0,11,0,0.13
2737012,Magic,Dragons of Tarkir,Hidden Dragonslayer,23,R,Near Mint,0.24,0.18,0.18,0,43,0,0.25
2737013,Magic,Dragons of Tarkir,Hidden Dragonslayer,23,R,Lightly Played,0.2,0.16,0.1,0,11,0,0.2
2742539,Magic,Dragons of Tarkir,Icefall Regent,58,R,Near Mint,0.2,0.14,0.15,0,32,0,0.2
2742540,Magic,Dragons of Tarkir,Icefall Regent,58,R,Lightly Played,0.19,0.1,0.11,0,8,0,0.2
2743159,Magic,Dragons of Tarkir,Illusory Gains,59,R,Near Mint,0.11,,0.1,0,18,0,0.11
2743160,Magic,Dragons of Tarkir,Illusory Gains,59,R,Lightly Played,0.11,0.08,0.08,0,14,0,0.1
2741824,Magic,Dragons of Tarkir,Ire Shaman,141,R,Near Mint,0.17,0.14,0.13,0,29,0,0.17
2741825,Magic,Dragons of Tarkir,Ire Shaman,141,R,Lightly Played,0.11,0.09,0.09,0,15,0,0.11
2743179,Magic,Dragons of Tarkir,Living Lore,61,R,Near Mint,0.11,0.1,0.1,0,29,0,0.11
2743180,Magic,Dragons of Tarkir,Living Lore,61,R,Lightly Played,0.1,0.1,0.08,0,18,0,0.1
2737197,Magic,Dragons of Tarkir,Mirror Mockery,62,R,Near Mint,0.24,0.23,0.17,0,14,0,0.24
2737198,Magic,Dragons of Tarkir,Mirror Mockery,62,R,Lightly Played,0.2,0.1,0.15,0,8,0,0.22
2742469,Magic,Dragons of Tarkir,Myth Realized,26,R,Near Mint,0.38,,0.1,0,41,0,0.32
2742470,Magic,Dragons of Tarkir,Myth Realized,26,R,Lightly Played,0.27,,0.18,0,15,0,0.25
2736516,Magic,Dragons of Tarkir,Narset Transcendent,225,M,Near Mint,7.18,8.49,6.77,0,8,0,7.41
2736517,Magic,Dragons of Tarkir,Narset Transcendent,225,M,Lightly Played,6.17,,5.99,0,1,0,6.58
2736328,Magic,Dragons of Tarkir,Necromaster Dragon,226,R,Near Mint,0.19,0.13,0.13,0,17,0,0.2
2736329,Magic,Dragons of Tarkir,Necromaster Dragon,226,R,Lightly Played,0.18,0.12,0.13,0,14,0,0.18
2744119,Magic,Dragons of Tarkir,Obscuring Aether,194,R,Near Mint,0.18,0.12,0.1,0,25,0,0.18
2744120,Magic,Dragons of Tarkir,Obscuring Aether,194,R,Lightly Played,0.13,0.09,0.11,0,15,0,0.14
2736686,Magic,Dragons of Tarkir,Ojutai Exemplars,27,M,Near Mint,0.47,,0.37,0,21,0,0.51
2736687,Magic,Dragons of Tarkir,Ojutai Exemplars,27,M,Lightly Played,0.37,0.25,0.32,0,12,0,0.37
2736308,Magic,Dragons of Tarkir,Ojutai's Command,227,R,Near Mint,0.37,0.4,0.28,0,25,0,0.4
2736309,Magic,Dragons of Tarkir,Ojutai's Command,227,R,Lightly Played,0.28,0.26,0.1,0,15,0,0.27
2742104,Magic,Dragons of Tarkir,Pitiless Horde,112,R,Near Mint,0.12,0.07,0.08,0,20,0,0.12
2742105,Magic,Dragons of Tarkir,Pitiless Horde,112,R,Lightly Played,0.09,0.07,0.08,0,13,0,0.09
2736358,Magic,Dragons of Tarkir,Pristine Skywise,228,R,Near Mint,0.12,0.09,0.1,0,25,0,0.12
2736359,Magic,Dragons of Tarkir,Pristine Skywise,228,R,Lightly Played,0.11,0.08,0.09,0,15,0,0.11
2743249,Magic,Dragons of Tarkir,Profaner of the Dead,70,R,Near Mint,0.23,0.22,0.19,0,12,0,0.22
2743250,Magic,Dragons of Tarkir,Profaner of the Dead,70,R,Lightly Played,0.16,0.14,0.09,0,15,0,0.16
2736028,Magic,Dragons of Tarkir,Profound Journey,30,R,Near Mint,0.16,0.12,0.1,0,27,0,0.17
2736029,Magic,Dragons of Tarkir,Profound Journey,30,R,Lightly Played,0.11,,0.08,0,6,0,0.11
2736288,Magic,Dragons of Tarkir,Radiant Purge,31,R,Near Mint,0.16,0.13,0.1,0,28,0,0.16
2736289,Magic,Dragons of Tarkir,Radiant Purge,31,R,Lightly Played,0.12,0.09,0.1,0,7,0,0.12
2736932,Magic,Dragons of Tarkir,Risen Executioner,116,M,Near Mint,1.49,1.5,1.31,0,7,0,1.48
2736933,Magic,Dragons of Tarkir,Risen Executioner,116,M,Lightly Played,1.4,1.4,1.24,0,1,0,1.4
2737082,Magic,Dragons of Tarkir,Sarkhan Unbroken,230,M,Near Mint,8.66,8.24,8.25,0,6,0,9.56
2737083,Magic,Dragons of Tarkir,Sarkhan Unbroken,230,M,Lightly Played,8.47,9.46,7.55,0,7,0,8.62
2743039,Magic,Dragons of Tarkir,Secure the Wastes,36,R,Near Mint,2,,1.29,0,18,0,1.91
2743040,Magic,Dragons of Tarkir,Secure the Wastes,36,R,Lightly Played,1.66,1.83,1.21,0,5,0,1.64
2736298,Magic,Dragons of Tarkir,Shaman of Forgotten Ways,204,M,Near Mint,3.3,3.3,3.3,0,11,0,3.13
2736299,Magic,Dragons of Tarkir,Shaman of Forgotten Ways,204,M,Lightly Played,2.88,3.01,2.84,0,8,0,2.71
2736982,Magic,Dragons of Tarkir,Shorecrasher Elemental,73,M,Near Mint,0.4,0.28,0.32,0,9,0,0.4
2736983,Magic,Dragons of Tarkir,Shorecrasher Elemental,73,M,Lightly Played,0.27,0.21,0.24,0,8,0,0.28
2736048,Magic,Dragons of Tarkir,"Sidisi, Undead Vizier",120,R,Near Mint,4.67,,4.54,0,12,0,4.05
2736049,Magic,Dragons of Tarkir,"Sidisi, Undead Vizier",120,R,Lightly Played,4.57,,4.35,0,7,0,4.43
2736596,Magic,Dragons of Tarkir,Silumgar Assassin,121,R,Near Mint,0.17,0.12,0.14,0,32,0,0.17
2736597,Magic,Dragons of Tarkir,Silumgar Assassin,121,R,Lightly Played,0.11,0.11,0.09,0,9,0,0.11
2736972,Magic,Dragons of Tarkir,Silumgar's Command,232,R,Near Mint,0.15,0.13,0.13,0,19,0,0.14
2736973,Magic,Dragons of Tarkir,Silumgar's Command,232,R,Lightly Played,0.19,0.09,0.1,0,24,0,0.21
2736038,Magic,Dragons of Tarkir,Stratus Dancer,80,R,Near Mint,0.27,0.24,0.2,0,14,0,0.27
2736039,Magic,Dragons of Tarkir,Stratus Dancer,80,R,Lightly Played,0.22,0.18,0.19,0,9,0,0.23
2737102,Magic,Dragons of Tarkir,Sunbringer's Touch,209,R,Near Mint,0.12,0.12,0.09,0,23,0,0.12
2737103,Magic,Dragons of Tarkir,Sunbringer's Touch,209,R,Lightly Played,0.09,,0.1,0,9,0,0.09
2736576,Magic,Dragons of Tarkir,Sunscorch Regent,41,R,Near Mint,0.69,0.47,0.39,0,24,0,0.69
2736577,Magic,Dragons of Tarkir,Sunscorch Regent,41,R,Lightly Played,0.4,0.29,0.33,0,14,0,0.42
2742559,Magic,Dragons of Tarkir,"Surrak, the Hunt Caller",210,R,Near Mint,0.28,,0.17,0,16,0,0.25
2742560,Magic,Dragons of Tarkir,"Surrak, the Hunt Caller",210,R,Lightly Played,0.17,0.16,0.09,0,25,0,0.16
2736586,Magic,Dragons of Tarkir,Thunderbreak Regent,162,R,Near Mint,1.86,1.87,1.53,0,20,0,1.89
2736587,Magic,Dragons of Tarkir,Thunderbreak Regent,162,R,Lightly Played,1.61,1.76,1.23,0,11,0,1.42
2743949,Magic,Dragons of Tarkir,Volcanic Vision,167,R,Near Mint,0.17,0.11,0.13,0,24,0,0.19
2743950,Magic,Dragons of Tarkir,Volcanic Vision,167,R,Lightly Played,0.13,0.1,0.09,0,8,0,0.13
2736696,Magic,Dragons of Tarkir,Zurgo Bellstriker,169,R,Near Mint,0.24,0.24,0.19,0,13,0,0.24
2736697,Magic,Dragons of Tarkir,Zurgo Bellstriker,169,R,Lightly Played,0.22,0.09,0.21,0,7,0,0.22
3156539,Magic,Eldritch Moon,Assembled Alphas,117,R,Near Mint,0.11,0.07,0.08,0,59,0,0.11
3156540,Magic,Eldritch Moon,Assembled Alphas,117,R,Lightly Played,0.09,0.08,0.07,0,1,0,0.1
3158304,Magic,Eldritch Moon,Bedlam Reveler,118,R,Near Mint,0.62,0.7,0.39,0,37,0,0.64
3158305,Magic,Eldritch Moon,Bedlam Reveler,118,R,Lightly Played,0.56,0.46,0.33,0,1,0,0.6
3156549,Magic,Eldritch Moon,Bloodhall Priest,181,R,Near Mint,0.18,0.11,0.1,0,37,0,0.2
3156550,Magic,Eldritch Moon,Bloodhall Priest,181,R,Lightly Played,0.19,0.09,0.1,0,6,0,0.16
3154636,Magic,Eldritch Moon,"Bruna, the Fading Light",15,R,Lightly Played,0.86,0.76,0.44,0,1,0,0.61
3152041,Magic,Eldritch Moon,Coax from the Blind Eternities,51,R,Near Mint,0.1,0.08,0.1,0,40,0,0.1
3152042,Magic,Eldritch Moon,Coax from the Blind Eternities,51,R,Lightly Played,0.09,0.08,0.08,0,3,0,0.1
3157689,Magic,Eldritch Moon,Collective Defiance,123,R,Near Mint,0.34,0.19,0.2,0,44,0,0.47
3157690,Magic,Eldritch Moon,Collective Defiance,123,R,Lightly Played,0.28,0.19,0.14,0,3,0,0.3
3158611,Magic,Eldritch Moon,Collective Effort,17,R,Near Mint,0.29,0.23,0.2,0,44,0,0.3
3158612,Magic,Eldritch Moon,Collective Effort,17,R,Lightly Played,0.25,,0.18,0,2,0,0.26
3157699,Magic,Eldritch Moon,Cryptbreaker,86,R,Near Mint,1.17,1.19,0.75,0,15,0,1.12
3157700,Magic,Eldritch Moon,Cryptbreaker,86,R,Lightly Played,1.06,1.21,0.67,0,1,0,0.88
3157984,Magic,Eldritch Moon,Dark Salvation,87,R,Near Mint,0.51,0.39,0.37,0,19,0,0.49
3157985,Magic,Eldritch Moon,Dark Salvation,87,R,Lightly Played,0.45,0.28,0.32,0,4,0,0.52
3157384,Magic,Eldritch Moon,Decimator of the Provinces,2,M,Near Mint,0.63,0.47,0.44,0,20,0,0.62
3157385,Magic,Eldritch Moon,Decimator of the Provinces,2,M,Lightly Played,0.48,0.43,0.44,0,3,0,0.43
3157709,Magic,Eldritch Moon,Deploy the Gatewatch,20,M,Near Mint,0.6,0.51,0.34,0,30,0,0.56
3157710,Magic,Eldritch Moon,Deploy the Gatewatch,20,M,Lightly Played,0.46,0.28,0.29,0,1,0,0.49
3157394,Magic,Eldritch Moon,Distended Mindbender,3,R,Near Mint,0.15,0.1,0.1,0,51,0,0.17
3157395,Magic,Eldritch Moon,Distended Mindbender,3,R,Lightly Played,0.15,0.09,0.09,0,8,0,0.15
3154986,Magic,Eldritch Moon,Docent of Perfection,56,R,Near Mint,0.62,0.49,0.45,0,22,0,0.97
3154987,Magic,Eldritch Moon,Docent of Perfection,56,R,Lightly Played,0.47,0.45,0.45,0,1,0,0.72
3157052,Magic,Eldritch Moon,Elder Deep-Fiend,5,R,Near Mint,0.33,0.27,0.2,0,51,0,0.34
3157053,Magic,Eldritch Moon,Elder Deep-Fiend,5,R,Lightly Played,0.26,0.1,0.25,0,6,0,0.26
3157062,Magic,Eldritch Moon,Eldritch Evolution,155,R,Near Mint,1.44,,1.39,0,24,0,1.4
3157063,Magic,Eldritch Moon,Eldritch Evolution,155,R,Lightly Played,1.37,1.42,1.25,0,3,0,1.34
3149726,Magic,Eldritch Moon,"Emrakul, the Promised End",6,M,Near Mint,7.62,8.65,7.62,0,4,0,8.01
3149727,Magic,Eldritch Moon,"Emrakul, the Promised End",6,M,Lightly Played,7.28,6.86,7.75,0,2,0,7.09
3157719,Magic,Eldritch Moon,Emrakul's Evangel,156,R,Near Mint,0.12,0.09,0.09,0,50,0,0.12
3157720,Magic,Eldritch Moon,Emrakul's Evangel,156,R,Lightly Played,0.1,0.07,0.08,0,2,0,0.1
3157404,Magic,Eldritch Moon,Eternal Scourge,7,R,Near Mint,0.22,0.2,0.2,0,33,0,0.22
3157405,Magic,Eldritch Moon,Eternal Scourge,7,R,Lightly Played,0.25,0.23,0.2,0,3,0,0.25
3157072,Magic,Eldritch Moon,Geier Reach Sanitarium,203,R,Near Mint,0.67,0.6,0.3,0,30,0,0.6
3157073,Magic,Eldritch Moon,Geier Reach Sanitarium,203,R,Lightly Played,0.64,,0.48,0,4,0,0.69
3156579,Magic,Eldritch Moon,Gisa and Geralf,183,M,Near Mint,1.41,1.4,1.18,0,9,0,1.33
3156580,Magic,Eldritch Moon,Gisa and Geralf,183,M,Lightly Played,1.25,1.32,1.2,0,1,0,1.3
3154645,Magic,Eldritch Moon,"Gisela, the Broken Blade",28,M,Near Mint,4.96,4.96,4.84,0,2,0,4.88
3154646,Magic,Eldritch Moon,"Gisela, the Broken Blade",28,M,Lightly Played,4.78,4.93,4.49,0,1,0,4.9
3154585,Magic,Eldritch Moon,Hanweir Battlements,204,R,Near Mint,0.52,0.49,0.41,0,29,0,0.48
3154595,Magic,Eldritch Moon,Hanweir Garrison,130,R,Near Mint,0.71,0.73,0.36,0,39,0,0.77
3154596,Magic,Eldritch Moon,Hanweir Garrison,130,R,Lightly Played,0.69,0.49,0.3,0,1,0,0.7
3157082,Magic,Eldritch Moon,Harmless Offering,131,R,Near Mint,0.18,0.16,0.09,0,49,0,0.19
3157083,Magic,Eldritch Moon,Harmless Offering,131,R,Lightly Played,0.17,0.09,0.08,0,5,0,0.16
3158334,Magic,Eldritch Moon,Heron's Grace Champion,185,R,Near Mint,0.13,0.12,0.1,0,42,0,0.14
3155016,Magic,Eldritch Moon,Identity Thief,64,R,Near Mint,0.14,0.09,0.1,0,44,0,0.14
3155017,Magic,Eldritch Moon,Identity Thief,64,R,Lightly Played,0.1,0.09,0.09,0,1,0,0.1
3158941,Magic,Eldritch Moon,Impetuous Devils,132,R,Near Mint,0.11,0.08,0.09,0,51,0,0.11
3158942,Magic,Eldritch Moon,Impetuous Devils,132,R,Lightly Played,0.1,0.1,0.09,0,4,0,0.1
3158344,Magic,Eldritch Moon,Imprisoned in the Moon,65,R,Near Mint,0.45,0.45,0.4,0,36,0,0.47
3158345,Magic,Eldritch Moon,Imprisoned in the Moon,65,R,Lightly Played,0.46,0.47,0.42,0,2,0,0.47
3157749,Magic,Eldritch Moon,"Ishkanah, Grafwidow",162,M,Near Mint,1.19,0.88,0.98,0,2,0,1.18
3157750,Magic,Eldritch Moon,"Ishkanah, Grafwidow",162,M,Lightly Played,0.8,0.73,0.74,0,4,0,0.79
3156967,Magic,Eldritch Moon,Lupine Prototype,197,R,Near Mint,0.12,0.09,0.1,0,47,0,0.13
3156968,Magic,Eldritch Moon,Lupine Prototype,197,R,Lightly Played,0.12,0.08,0.09,0,3,0,0.12
3159051,Magic,Eldritch Moon,Mausoleum Wanderer,69,R,Near Mint,0.81,0.87,0.44,0,28,0,0.78
3159052,Magic,Eldritch Moon,Mausoleum Wanderer,69,R,Lightly Played,0.74,0.9,0.4,0,1,0,0.78
3157789,Magic,Eldritch Moon,Mind's Dilation,70,M,Near Mint,1.67,,1.49,0,15,0,1.65
3157790,Magic,Eldritch Moon,Mind's Dilation,70,M,Lightly Played,1.55,1.61,1.4,0,2,0,1.74
3157909,Magic,Eldritch Moon,Mirrorwing Dragon,136,M,Near Mint,0.59,0.57,0.27,0,35,0,0.56
3157910,Magic,Eldritch Moon,Mirrorwing Dragon,136,M,Lightly Played,0.5,0.52,0.25,0,2,0,0.49
3157944,Magic,Eldritch Moon,Nahiri's Wrath,137,M,Near Mint,0.28,0.3,0.2,0,67,0,0.31
3157945,Magic,Eldritch Moon,Nahiri's Wrath,137,M,Lightly Played,0.33,0.25,0.19,0,8,0,0.3
3156589,Magic,Eldritch Moon,Niblis of Frost,72,R,Near Mint,0.17,0.11,0.1,0,54,0,0.16
3156590,Magic,Eldritch Moon,Niblis of Frost,72,R,Lightly Played,0.15,0.14,0.1,0,8,0,0.17
3156599,Magic,Eldritch Moon,Noosegraf Mob,98,R,Near Mint,0.19,0.14,0.15,0,47,0,0.18
3157819,Magic,Eldritch Moon,Oath of Liliana,99,R,Near Mint,0.16,0.12,0.05,0,47,0,0.16
3157820,Magic,Eldritch Moon,Oath of Liliana,99,R,Lightly Played,0.16,0.1,0.13,0,5,0,0.15
3157954,Magic,Eldritch Moon,Permeating Mass,165,R,Near Mint,0.12,0.1,0.1,0,27,0,0.13
3157955,Magic,Eldritch Moon,Permeating Mass,165,R,Lightly Played,0.12,0.09,0.08,0,2,0,0.12
3157849,Magic,Eldritch Moon,Providence,37,R,Near Mint,0.1,0.06,0.06,0,57,0,0.1
3157850,Magic,Eldritch Moon,Providence,37,R,Lightly Played,0.08,0.1,0.06,0,3,0,0.08
3156609,Magic,Eldritch Moon,Sanctifier of Souls,39,R,Near Mint,0.09,,0.07,0,51,0,0.09
3157964,Magic,Eldritch Moon,Selfless Spirit,40,R,Near Mint,2.8,2.73,2.7,0,19,0,2.69
3157965,Magic,Eldritch Moon,Selfless Spirit,40,R,Lightly Played,2.65,2.49,2.49,0,3,0,2.77
3159201,Magic,Eldritch Moon,Sigarda's Aid,41,R,Near Mint,0.8,,0.78,0,30,0,0.88
3159202,Magic,Eldritch Moon,Sigarda's Aid,41,R,Lightly Played,0.9,,0.75,0,2,0,0.81
3157633,Magic,Eldritch Moon,Soul Separator,199,R,Near Mint,0.08,0.08,0.08,0,51,0,0.09
3157634,Magic,Eldritch Moon,Soul Separator,199,R,Lightly Played,0.11,0.1,0.1,0,1,0,0.11
3157974,Magic,Eldritch Moon,Spell Queller,189,R,Near Mint,6.65,7.79,6.5,0,1,0,7.02
3157975,Magic,Eldritch Moon,Spell Queller,189,R,Lightly Played,6.45,6.11,6.6,0,1,0,6.6
3157869,Magic,Eldritch Moon,Spirit of the Hunt,170,R,Near Mint,0.17,0.09,0.1,0,40,0,0.17
3157870,Magic,Eldritch Moon,Spirit of the Hunt,170,R,Lightly Played,0.18,0.16,0.08,0,6,0,0.17
3159261,Magic,Eldritch Moon,Splendid Reclamation,171,R,Near Mint,0.56,0.48,0.3,0,23,0,0.53
3159262,Magic,Eldritch Moon,Splendid Reclamation,171,R,Lightly Played,0.44,0.44,0.44,0,5,0,0.46
3157132,Magic,Eldritch Moon,Stitcher's Graft,200,R,Near Mint,0.11,0.09,0.08,0,50,0,0.1
3157133,Magic,Eldritch Moon,Stitcher's Graft,200,R,Lightly Played,0.09,0.08,0.09,0,1,0,0.07
3157142,Magic,Eldritch Moon,Stromkirk Condemned,106,R,Near Mint,0.24,0.17,0.17,0,36,0,0.24
3157143,Magic,Eldritch Moon,Stromkirk Condemned,106,R,Lightly Played,0.24,0.18,0.18,0,4,0,0.24
3157879,Magic,Eldritch Moon,Stromkirk Occultist,146,R,Near Mint,0.2,0.1,0.1,0,33,0,0.18
3157880,Magic,Eldritch Moon,Stromkirk Occultist,146,R,Lightly Played,0.17,0.1,0.08,0,1,0,0.16
3157656,Magic,Eldritch Moon,Summary Dismissal,75,R,Near Mint,0.23,0.21,0.19,0,36,0,0.23
3157657,Magic,Eldritch Moon,Summary Dismissal,75,R,Lightly Played,0.25,0.21,0.2,0,6,0,0.22
3157464,Magic,Eldritch Moon,"Tamiyo, Field Researcher",190,M,Near Mint,4.29,4.38,3.82,0,4,0,3.86
3157465,Magic,Eldritch Moon,"Tamiyo, Field Researcher",190,M,Lightly Played,3.56,,3.62,0,1,0,3.69
3154665,Magic,Eldritch Moon,"Thalia, Heretic Cathar",46,R,Near Mint,1.38,1.58,1.08,0,3,0,1.51
3154666,Magic,Eldritch Moon,"Thalia, Heretic Cathar",46,R,Lightly Played,1.51,1.55,0.97,0,5,0,1.45
3154675,Magic,Eldritch Moon,Thalia's Lancers,47,R,Near Mint,0.42,0.36,0.29,0,40,0,0.43
3154676,Magic,Eldritch Moon,Thalia's Lancers,47,R,Lightly Played,0.37,0.33,0.3,0,1,0,0.35
3156619,Magic,Eldritch Moon,Tree of Perdition,109,M,Near Mint,4.58,,3.99,0,19,0,4.44
3153261,Magic,Eldritch Moon,Ulrich of the Krallenhorde,191,M,Near Mint,0.58,0.58,0.55,0,30,0,0.64
3153262,Magic,Eldritch Moon,Ulrich of the Krallenhorde,191,M,Lightly Played,0.54,0.49,0.38,0,2,0,0.5
3156629,Magic,Eldritch Moon,Ulvenwald Observer,176,R,Near Mint,0.1,0.08,0.1,0,43,0,0.1
3156630,Magic,Eldritch Moon,Ulvenwald Observer,176,R,Lightly Played,0.08,0.07,0.1,0,2,0,0.07
3157162,Magic,Eldritch Moon,Voldaren Pariah,111,R,Near Mint,0.43,0.42,0.28,0,38,0,0.43
3157163,Magic,Eldritch Moon,Voldaren Pariah,111,R,Lightly Played,0.36,0.09,0.28,0,2,0,0.3
3157444,Magic,Eldritch Moon,Wharf Infiltrator,80,R,Near Mint,0.17,0.09,0.09,0,43,0,0.17
3157445,Magic,Eldritch Moon,Wharf Infiltrator,80,R,Lightly Played,0.13,0.1,0.1,0,8,0,0.13
1278079,Magic,Fate Reforged,"Alesha, Who Smiles at Death",90,R,Near Mint,0.24,0.1,0.14,0,29,0,0.24
1278080,Magic,Fate Reforged,"Alesha, Who Smiles at Death",90,R,Lightly Played,0.23,0.1,0.19,0,20,0,0.21
1277809,Magic,Fate Reforged,Arcbond,91,R,Near Mint,0.17,0.16,0.15,0,23,0,0.17
1277810,Magic,Fate Reforged,Arcbond,91,R,Lightly Played,0.15,0.09,0.09,0,21,0,0.15
1277517,Magic,Fate Reforged,Archfiend of Depravity,62,R,Near Mint,0.64,,0.58,0,11,0,0.63
1277518,Magic,Fate Reforged,Archfiend of Depravity,62,R,Lightly Played,0.58,,0.5,0,16,0,0.58
1277819,Magic,Fate Reforged,"Atarka, World Render",149,R,Near Mint,0.28,0.14,0.17,0,23,0,0.28
1277820,Magic,Fate Reforged,"Atarka, World Render",149,R,Lightly Played,0.14,0.09,0.1,0,16,0,0.16
1277728,Magic,Fate Reforged,Brutal Hordechief,64,M,Near Mint,0.38,0.39,0.45,0,25,0,0.38
1277729,Magic,Fate Reforged,Brutal Hordechief,64,M,Lightly Played,0.31,0.28,0.26,0,14,0,0.28
1277738,Magic,Fate Reforged,Citadel Siege,8,R,Near Mint,0.21,0.19,0.1,0,36,0,0.21
1277739,Magic,Fate Reforged,Citadel Siege,8,R,Lightly Played,0.21,,0.15,0,25,0,0.21
1277698,Magic,Fate Reforged,Crucible of the Spirit Dragon,167,R,Near Mint,0.2,0.16,0.18,0,26,0,0.21
1277699,Magic,Fate Reforged,Crucible of the Spirit Dragon,167,R,Lightly Played,0.14,0.1,0.08,0,18,0,0.16
1275280,Magic,Fate Reforged,Crux of Fate,65,R,Near Mint,0.32,0.22,0.24,0,34,0,0.35
1275281,Magic,Fate Reforged,Crux of Fate,65,R,Lightly Played,0.22,0.19,0.19,0,25,0,0.22
1277647,Magic,Fate Reforged,Daghatar the Adamant,9,R,Near Mint,0.14,0.11,0.1,0,15,0,0.14
1277648,Magic,Fate Reforged,Daghatar the Adamant,9,R,Lightly Played,0.12,0.1,0.1,0,25,0,0.11
1277527,Magic,Fate Reforged,Dragonscale General,11,R,Near Mint,0.16,,0.1,0,14,0,0.16
1277528,Magic,Fate Reforged,Dragonscale General,11,R,Lightly Played,0.13,0.1,0.09,0,16,0,0.12
1277688,Magic,Fate Reforged,"Dromoka, the Eternal",151,R,Near Mint,0.14,0.1,0.1,0,22,0,0.14
1277689,Magic,Fate Reforged,"Dromoka, the Eternal",151,R,Lightly Played,0.15,0.09,0.08,0,23,0,0.15
1277507,Magic,Fate Reforged,Flamerush Rider,99,R,Near Mint,0.13,0.11,0.1,0,16,0,0.13
1277508,Magic,Fate Reforged,Flamerush Rider,99,R,Lightly Played,0.12,0.1,0.1,0,29,0,0.12
1277718,Magic,Fate Reforged,Flamewake Phoenix,100,R,Near Mint,0.34,0.26,0.1,0,25,0,0.29
1277719,Magic,Fate Reforged,Flamewake Phoenix,100,R,Lightly Played,0.25,0.25,0.1,0,35,0,0.24
1277577,Magic,Fate Reforged,Frontier Siege,131,R,Near Mint,0.21,0.2,0.1,0,12,0,0.21
1277578,Magic,Fate Reforged,Frontier Siege,131,R,Lightly Played,0.15,0.1,0.08,0,27,0,0.18
1278362,Magic,Fate Reforged,Ghastly Conscription,70,M,Near Mint,0.24,0.23,0.15,0,11,0,0.24
1278363,Magic,Fate Reforged,Ghastly Conscription,70,M,Lightly Played,0.25,0.21,0.2,0,13,0,0.24
1277537,Magic,Fate Reforged,Jeskai Infiltrator,36,R,Near Mint,0.11,0.1,0.1,0,16,0,0.11
1277538,Magic,Fate Reforged,Jeskai Infiltrator,36,R,Lightly Played,0.09,0.09,0.08,0,26,0,0.08
1277367,Magic,Fate Reforged,"Kolaghan, the Storm's Fury",155,R,Near Mint,0.24,0.16,0.17,0,29,0,0.25
1277368,Magic,Fate Reforged,"Kolaghan, the Storm's Fury",155,R,Lightly Played,0.15,0.09,0.09,0,30,0,0.16
1277929,Magic,Fate Reforged,Mardu Strike Leader,75,R,Near Mint,0.21,0.2,0.1,0,31,0,0.2
1277930,Magic,Fate Reforged,Mardu Strike Leader,75,R,Lightly Played,0.17,0.14,0.09,0,19,0,0.17
1278099,Magic,Fate Reforged,Mastery of the Unseen,19,R,Near Mint,0.14,0.07,0.06,0,26,0,0.15
1278100,Magic,Fate Reforged,Mastery of the Unseen,19,R,Lightly Played,0.08,,0.05,0,22,0,0.08
1279045,Magic,Fate Reforged,Mob Rule,109,R,Near Mint,0.19,0.13,0.09,0,17,0,0.19
1279046,Magic,Fate Reforged,Mob Rule,109,R,Lightly Played,0.14,0.09,0.1,0,15,0,0.15
1277678,Magic,Fate Reforged,Monastery Mentor,20,M,Near Mint,7.54,,6.99,0,2,0,6.9
1277667,Magic,Fate Reforged,Monastery Siege,43,R,Near Mint,0.27,0.27,0.15,0,20,0,0.26
1277668,Magic,Fate Reforged,Monastery Siege,43,R,Lightly Played,0.15,0.1,0.17,0,19,0,0.17
1278119,Magic,Fate Reforged,"Ojutai, Soul of Winter",156,R,Near Mint,0.15,0.12,0.1,0,23,0,0.15
1278120,Magic,Fate Reforged,"Ojutai, Soul of Winter",156,R,Lightly Played,0.15,0.1,0.09,0,35,0,0.15
1277447,Magic,Fate Reforged,Outpost Siege,110,R,Near Mint,0.16,0.15,0.15,0,26,0,0.15
1277448,Magic,Fate Reforged,Outpost Siege,110,R,Lightly Played,0.18,0.09,0.17,0,37,0,0.18
1277637,Magic,Fate Reforged,Palace Siege,79,R,Near Mint,0.38,0.35,0.24,0,17,0,0.39
1277638,Magic,Fate Reforged,Palace Siege,79,R,Lightly Played,0.26,0.25,0.2,0,23,0,0.27
1278594,Magic,Fate Reforged,Rally the Ancestors,22,R,Near Mint,0.41,0.41,0.19,0,12,0,0.41
1278595,Magic,Fate Reforged,Rally the Ancestors,22,R,Lightly Played,0.3,0.1,0.18,0,28,0,0.25
1277487,Magic,Fate Reforged,Sage-Eye Avengers,50,R,Near Mint,0.1,0.09,0.09,0,20,0,0.11
1277488,Magic,Fate Reforged,Sage-Eye Avengers,50,R,Lightly Played,0.1,0.08,0.09,0,14,0,0.09
1277237,Magic,Fate Reforged,Sandsteppe Mastodon,137,R,Near Mint,0.1,0.08,0.09,0,23,0,0.11
1277238,Magic,Fate Reforged,Sandsteppe Mastodon,137,R,Lightly Played,0.08,,0.08,0,16,0,0.08
1277969,Magic,Fate Reforged,Scroll of the Masters,163,R,Near Mint,0.13,0.11,0.1,0,19,0,0.13
1277970,Magic,Fate Reforged,Scroll of the Masters,163,R,Lightly Played,0.12,0.1,0.08,0,19,0,0.12
1277758,Magic,Fate Reforged,Shaman of the Great Hunt,113,M,Near Mint,0.54,0.49,0.39,0,33,0,0.52
1277759,Magic,Fate Reforged,Shaman of the Great Hunt,113,M,Lightly Played,0.46,0.41,0.37,0,18,0,0.45
1277497,Magic,Fate Reforged,Shamanic Revelation,138,R,Near Mint,0.31,0.3,0.21,0,25,0,0.27
1277498,Magic,Fate Reforged,Shamanic Revelation,138,R,Lightly Played,0.29,0.27,0.19,0,7,0,0.29
1277657,Magic,Fate Reforged,"Shu Yun, the Silent Tempest",52,R,Near Mint,0.16,,0.15,0,24,0,0.16
1277658,Magic,Fate Reforged,"Shu Yun, the Silent Tempest",52,R,Lightly Played,0.15,0.15,0.11,0,21,0,0.15
1277768,Magic,Fate Reforged,"Silumgar, the Drifting Death",157,R,Near Mint,0.22,0.21,0.17,0,29,0,0.23
1277769,Magic,Fate Reforged,"Silumgar, the Drifting Death",157,R,Lightly Played,0.17,0.09,0.12,0,33,0,0.18
1277547,Magic,Fate Reforged,Soulfire Grand Master,27,M,Near Mint,1.92,,1.55,0,17,0,1.95
1277548,Magic,Fate Reforged,Soulfire Grand Master,27,M,Lightly Played,1.7,,1.45,0,19,0,1.66
1277357,Magic,Fate Reforged,Soulflayer,84,R,Near Mint,0.18,0.12,0.12,0,23,0,0.19
1277358,Magic,Fate Reforged,Soulflayer,84,R,Lightly Played,0.15,0.09,0.09,0,26,0,0.15
1277748,Magic,Fate Reforged,Supplant Form,54,R,Near Mint,0.13,,0.1,0,16,0,0.13
1277749,Magic,Fate Reforged,Supplant Form,54,R,Lightly Played,0.11,0.1,0.1,0,25,0,0.11
1277999,Magic,Fate Reforged,"Tasigur, the Golden Fang",87,R,Near Mint,1.7,1.71,1.49,0,29,0,1.64
1278000,Magic,Fate Reforged,"Tasigur, the Golden Fang",87,R,Lightly Played,1.61,,1.63,0,21,0,1.58
1277477,Magic,Fate Reforged,Temporal Trespass,55,M,Near Mint,1.96,1.98,1.73,0,16,0,1.99
1277478,Magic,Fate Reforged,Temporal Trespass,55,M,Lightly Played,1.73,1.76,1.45,0,21,0,1.68
1277557,Magic,Fate Reforged,Temur War Shaman,142,R,Near Mint,0.11,,0.09,0,12,0,0.11
1277558,Magic,Fate Reforged,Temur War Shaman,142,R,Lightly Played,0.1,0.06,0.08,0,25,0,0.11
1278009,Magic,Fate Reforged,Torrent Elemental,56,M,Near Mint,0.55,0.48,0.22,0,4,0,0.55
1278010,Magic,Fate Reforged,Torrent Elemental,56,M,Lightly Played,0.42,0.31,0.24,0,15,0,0.41
1278039,Magic,Fate Reforged,Warden of the First Tree,143,M,Near Mint,0.43,,0.3,0,18,0,0.43
1278040,Magic,Fate Reforged,Warden of the First Tree,143,M,Lightly Played,0.29,0.25,0.2,0,43,0,0.27
1277377,Magic,Fate Reforged,Whisperwood Elemental,145,M,Near Mint,0.46,,0.4,0,15,0,0.44
1277378,Magic,Fate Reforged,Whisperwood Elemental,145,M,Lightly Played,0.36,0.29,0.3,0,56,0,0.36
1278129,Magic,Fate Reforged,Wildcall,146,R,Near Mint,0.1,0.09,0.09,0,10,0,0.1
1278130,Magic,Fate Reforged,Wildcall,146,R,Lightly Played,0.09,0.09,0.09,0,23,0,0.09
1275270,Magic,Fate Reforged,Yasova Dragonclaw,148,R,Near Mint,0.15,0.12,0.1,0,17,0,0.14
1275271,Magic,Fate Reforged,Yasova Dragonclaw,148,R,Lightly Played,0.11,0.09,0.08,0,37,0,0.11
1067085,Magic,Gatecrash,Alms Beast,141,R,Near Mint,0.13,0.1,0.08,0,28,0,0.13
1067115,Magic,Gatecrash,Alms Beast,141,R,Lightly Played,0.1,,0.07,0,6,0,0.1
1067087,Magic,Gatecrash,Angelic Skirmisher,3,R,Near Mint,0.51,,0.45,0,8,0,0.5
1067117,Magic,Gatecrash,Angelic Skirmisher,3,R,Lightly Played,0.42,0.47,0.18,0,4,0,0.42
1067605,Magic,Gatecrash,Assemble the Legion,142,R,Near Mint,1.64,1.67,1.29,0,15,0,1.63
1067630,Magic,Gatecrash,Assemble the Legion,142,R,Lightly Played,1.38,,1.35,0,4,0,1.58
1066415,Magic,Gatecrash,"Aurelia, the Warleader",143,M,Near Mint,4.97,5.79,4.39,0,5,0,5.19
1067514,Magic,Gatecrash,Aurelia's Fury,144,M,Near Mint,0.78,0.74,0.49,0,13,0,0.77
1067559,Magic,Gatecrash,Aurelia's Fury,144,M,Lightly Played,0.67,0.63,0.43,0,6,0,0.67
1067403,Magic,Gatecrash,Biomass Mutation,213,R,Near Mint,0.14,,0.12,0,31,0,0.16
1067428,Magic,Gatecrash,Biomass Mutation,213,R,Lightly Played,0.13,,0.1,0,2,0,0.13
1067088,Magic,Gatecrash,Biovisionary,146,R,Near Mint,0.22,0.19,0.15,0,21,0,0.23
1067118,Magic,Gatecrash,Biovisionary,146,R,Lightly Played,0.2,0.1,0.19,0,9,0,0.19
1067603,Magic,Gatecrash,Blind Obedience,6,R,Near Mint,0.71,0.75,0.48,0,18,0,0.77
1067628,Magic,Gatecrash,Blind Obedience,6,R,Lightly Played,0.54,0.54,0.45,0,12,0,0.6
1066420,Magic,Gatecrash,Borborygmos Enraged,147,M,Near Mint,0.61,0.49,0.59,0,21,0,0.6
1066495,Magic,Gatecrash,Borborygmos Enraged,147,M,Lightly Played,0.48,0.45,0.42,0,12,0,0.46
1067964,Magic,Gatecrash,Boros Reckoner,215,R,Near Mint,0.51,0.54,0.39,0,6,0,0.53
1068614,Magic,Gatecrash,Boros Reckoner,215,R,Lightly Played,0.59,0.49,0.38,0,6,0,0.59
1066909,Magic,Gatecrash,Clan Defiance,151,R,Near Mint,0.16,0.09,0.15,0,30,0,0.16
1066999,Magic,Gatecrash,Clan Defiance,151,R,Lightly Played,0.15,0.1,0.1,0,7,0,0.17
1067005,Magic,Gatecrash,Consuming Aberration,152,R,Lightly Played,1.45,,0.79,0,3,0,1.44
1067147,Magic,Gatecrash,Crypt Ghast,61,R,Near Mint,2.49,,2.25,0,7,0,2.45
1067177,Magic,Gatecrash,Crypt Ghast,61,R,Lightly Played,2.28,1.94,2.24,0,6,0,2.49
1066730,Magic,Gatecrash,Deathpact Angel,153,M,Near Mint,0.5,0.42,0.17,0,27,0,0.51
1066805,Magic,Gatecrash,Deathpact Angel,153,M,Lightly Played,0.33,,0.25,0,12,0,0.32
1067515,Magic,Gatecrash,Diluvian Primordial,33,R,Near Mint,0.39,0.44,0.24,0,31,0,0.38
1067560,Magic,Gatecrash,Diluvian Primordial,33,R,Lightly Played,0.42,,0.34,0,2,0,0.37
1067774,Magic,Gatecrash,Duskmantle Seer,159,M,Near Mint,0.21,0.2,0.2,0,25,0,0.21
1067814,Magic,Gatecrash,Duskmantle Seer,159,M,Lightly Played,0.18,,0.18,0,8,0,0.18
1066416,Magic,Gatecrash,Enter the Infinite,34,M,Near Mint,1.6,1.5,0.99,0,16,0,1.44
1066491,Magic,Gatecrash,Enter the Infinite,34,M,Lightly Played,1.39,1.25,0.94,0,14,0,1.43
1066566,Magic,Gatecrash,Fathom Mage,162,R,Near Mint,0.28,0.27,0.2,0,24,0,0.28
1066586,Magic,Gatecrash,Fathom Mage,162,R,Lightly Played,0.31,0.25,0.17,0,7,0,0.32
1066565,Magic,Gatecrash,Firemane Avenger,163,R,Near Mint,0.28,0.25,0.2,0,26,0,0.28
1066585,Magic,Gatecrash,Firemane Avenger,163,R,Lightly Played,0.23,0.24,0.2,0,6,0,0.25
1067601,Magic,Gatecrash,Five-Alarm Fire,91,R,Near Mint,0.18,0.1,0.12,0,31,0,0.18
1067626,Magic,Gatecrash,Five-Alarm Fire,91,R,Lightly Played,0.12,0.09,0.1,0,1,0,0.12
1066921,Magic,Gatecrash,Foundry Champion,165,R,Near Mint,0.13,0.09,0.1,0,30,0,0.13
1067011,Magic,Gatecrash,Foundry Champion,165,R,Lightly Played,0.09,0.08,0.09,0,2,0,0.09
1067451,Magic,Gatecrash,Frontline Medic,12,R,Near Mint,0.3,0.35,0.12,0,14,0,0.3
1067481,Magic,Gatecrash,Frontline Medic,12,R,Lightly Played,0.25,0.29,0.3,0,4,0,0.22
1067456,Magic,Gatecrash,Giant Adephage,121,M,Near Mint,1.5,1.63,1.05,0,6,0,1.44
1067486,Magic,Gatecrash,Giant Adephage,121,M,Lightly Played,1.17,,0.97,0,3,0,1.2
1066908,Magic,Gatecrash,"Gideon, Champion of Justice",13,M,Near Mint,2.92,,2.94,0,5,0,2.88
1066998,Magic,Gatecrash,"Gideon, Champion of Justice",13,M,Lightly Played,3.01,,2.89,0,2,0,3.1
1067721,Magic,Gatecrash,Glaring Spotlight,229,R,Near Mint,0.4,,0.34,0,33,0,0.41
1067746,Magic,Gatecrash,Glaring Spotlight,229,R,Lightly Played,0.43,0.33,0.22,0,1,0,0.45
1067773,Magic,Gatecrash,Gruul Ragebeast,170,R,Near Mint,0.15,0.11,0.1,0,31,0,0.15
1067813,Magic,Gatecrash,Gruul Ragebeast,170,R,Lightly Played,0.13,0.07,0.08,0,5,0,0.11
1067452,Magic,Gatecrash,Gyre Sage,123,R,Near Mint,1.53,1.81,1.09,0,12,0,1.63
1067482,Magic,Gatecrash,Gyre Sage,123,R,Lightly Played,1.32,,1.08,0,9,0,1.43
1066421,Magic,Gatecrash,Hellkite Tyrant,94,M,Near Mint,2.68,,3.06,0,2,0,2.73
1066496,Magic,Gatecrash,Hellkite Tyrant,94,M,Lightly Played,2.45,,2.83,0,1,0,2.55
1067148,Magic,Gatecrash,High Priest of Penance,171,R,Near Mint,0.28,0.23,0.16,0,26,0,0.29
1067178,Magic,Gatecrash,High Priest of Penance,171,R,Lightly Played,0.25,,0.2,0,8,0,0.27
1066811,Magic,Gatecrash,Illusionist's Bracers,231,R,Lightly Played,2.29,,1.75,0,4,0,1.99
1067966,Magic,Gatecrash,Immortal Servitude,220,R,Near Mint,0.35,0.35,0.29,0,21,0,0.35
1068616,Magic,Gatecrash,Immortal Servitude,220,R,Lightly Played,0.31,,0.27,0,7,0,0.3
1066876,Magic,Gatecrash,"Lazav, Dimir Mastermind",174,M,Near Mint,2.04,,1.72,0,7,0,2.02
1066891,Magic,Gatecrash,"Lazav, Dimir Mastermind",174,M,Lightly Played,1.97,1.69,1.94,0,4,0,2.05
1067657,Magic,Gatecrash,Legion Loyalist,97,R,Near Mint,5.58,4.1,4.88,0,4,0,5.25
1067692,Magic,Gatecrash,Legion Loyalist,97,R,Lightly Played,4.8,,4.77,0,2,0,4.56
1067604,Magic,Gatecrash,Lord of the Void,71,M,Near Mint,3.02,,3.52,0,1,0,3.37
1067629,Magic,Gatecrash,Lord of the Void,71,M,Lightly Played,3.56,3.32,3.48,0,1,0,3.66
1067512,Magic,Gatecrash,Luminate Primordial,20,R,Near Mint,0.19,0.13,0.15,0,23,0,0.19
1067557,Magic,Gatecrash,Luminate Primordial,20,R,Lightly Played,0.15,0.1,0.13,0,5,0,0.14
1067853,Magic,Gatecrash,Master Biomancer,176,M,Near Mint,1.98,,1.7,0,1,0,1.97
1067725,Magic,Gatecrash,Merciless Eviction,177,R,Near Mint,0.74,0.99,0.63,0,33,0,0.78
1067750,Magic,Gatecrash,Merciless Eviction,177,R,Lightly Played,0.84,,0.6,0,4,0,0.82
1067213,Magic,Gatecrash,Mind Grind,178,R,Near Mint,1.79,,1.49,0,10,0,1.74
1067288,Magic,Gatecrash,Mind Grind,178,R,Lightly Played,1.66,1.47,1.45,0,5,0,1.84
1067771,Magic,Gatecrash,Molten Primordial,101,R,Near Mint,0.24,0.23,0.19,0,19,0,0.24
1067811,Magic,Gatecrash,Molten Primordial,101,R,Lightly Played,0.2,0.1,0.13,0,12,0,0.22
1067150,Magic,Gatecrash,Mystic Genesis,180,R,Near Mint,0.14,0.12,0.1,0,30,0,0.14
1067180,Magic,Gatecrash,Mystic Genesis,180,R,Lightly Played,0.09,0.06,0.07,0,1,0,0.08
1066916,Magic,Gatecrash,Nightveil Specter,222,R,Near Mint,0.41,0.3,0.2,0,16,0,0.38
1067006,Magic,Gatecrash,Nightveil Specter,222,R,Lightly Played,0.35,0.27,0.32,0,8,0,0.36
1066970,Magic,Gatecrash,Nightveil Specter,222,R,Moderately Played,0.32,0.32,0.33,0,1,0,0.34
1066875,Magic,Gatecrash,"Obzedat, Ghost Council",182,M,Near Mint,0.84,0.8,0.51,0,5,0,0.75
1066890,Magic,Gatecrash,"Obzedat, Ghost Council",182,M,Lightly Played,0.5,0.52,0.47,0,3,0,0.51
1067723,Magic,Gatecrash,Ogre Slumlord,74,R,Near Mint,0.41,0.42,0.3,0,23,0,0.32
1067748,Magic,Gatecrash,Ogre Slumlord,74,R,Lightly Played,0.31,0.41,0.16,0,10,0,0.34
1067602,Magic,Gatecrash,Ooze Flux,128,R,Near Mint,0.15,0.11,0.1,0,30,0,0.15
1067627,Magic,Gatecrash,Ooze Flux,128,R,Lightly Played,0.11,0.09,0.1,0,2,0,0.11
1067401,Magic,Gatecrash,Prime Speaker Zegana,188,M,Near Mint,1.01,,0.89,0,9,0,0.93
1067426,Magic,Gatecrash,Prime Speaker Zegana,188,M,Lightly Played,0.92,1,0.85,0,3,0,0.92
1068016,Magic,Gatecrash,Realmwright,45,R,Near Mint,0.18,0.16,0.14,0,24,0,0.19
1068666,Magic,Gatecrash,Realmwright,45,R,Lightly Played,0.15,,0.13,0,10,0,0.16
1067361,Magic,Gatecrash,Rubblebelt Raiders,224,R,Near Mint,0.19,0.14,0.15,0,17,0,0.19
1067381,Magic,Gatecrash,Rubblebelt Raiders,224,R,Lightly Played,0.15,0.09,0.09,0,3,0,0.16
1066563,Magic,Gatecrash,Rubblehulk,191,R,Near Mint,0.19,0.12,0.17,0,16,0,0.19
1066583,Magic,Gatecrash,Rubblehulk,191,R,Lightly Played,0.15,0.09,0.14,0,17,0,0.15
1067651,Magic,Gatecrash,Sepulchral Primordial,75,R,Near Mint,1.25,,0.65,0,21,0,1.13
1067686,Magic,Gatecrash,Sepulchral Primordial,75,R,Lightly Played,0.96,0.56,0.89,0,1,0,0.74
1067364,Magic,Gatecrash,Signal the Clans,194,R,Near Mint,0.19,0.19,0.18,0,28,0,0.19
1067384,Magic,Gatecrash,Signal the Clans,194,R,Lightly Played,0.17,,0.14,0,4,0,0.17
1067854,Magic,Gatecrash,Simic Manipulator,50,R,Near Mint,0.3,0.3,0.19,0,29,0,0.31
1067874,Magic,Gatecrash,Simic Manipulator,50,R,Lightly Played,0.27,0.26,0.16,0,2,0,0.28
1066920,Magic,Gatecrash,Skarrg Goliath,133,R,Near Mint,0.12,0.09,0.09,0,30,0,0.13
1067010,Magic,Gatecrash,Skarrg Goliath,133,R,Lightly Played,0.08,0.07,0.07,0,3,0,0.08
1067656,Magic,Gatecrash,Soul Ransom,198,R,Near Mint,0.13,0.08,0.1,0,30,0,0.13
1067691,Magic,Gatecrash,Soul Ransom,198,R,Lightly Played,0.08,0.06,0.07,0,1,0,0.08
1067778,Magic,Gatecrash,Spark Trooper,199,R,Near Mint,0.18,0.11,0.11,0,31,0,0.19
1067818,Magic,Gatecrash,Spark Trooper,199,R,Lightly Played,0.15,0.1,0.15,0,2,0,0.17
1067211,Magic,Gatecrash,Stolen Identity,53,R,Near Mint,0.46,0.44,0.34,0,20,0,0.41
1067286,Magic,Gatecrash,Stolen Identity,53,R,Lightly Played,0.37,,0.2,0,8,0,0.34
1067957,Magic,Gatecrash,Sylvan Primordial,136,R,Near Mint,0.29,0.22,0.24,0,19,0,0.27
1068607,Magic,Gatecrash,Sylvan Primordial,136,R,Lightly Played,0.2,0.18,0.19,0,12,0,0.2
1067722,Magic,Gatecrash,Thespian's Stage,248,R,Near Mint,2.46,2.48,2.38,0,1,0,2.5
1067747,Magic,Gatecrash,Thespian's Stage,248,R,Lightly Played,2.39,2.29,2.35,0,3,0,2.19
1066604,Magic,Gatecrash,Treasury Thrull,201,R,Near Mint,0.16,0.12,0.1,0,36,0,0.16
1066614,Magic,Gatecrash,Treasury Thrull,201,R,Lightly Played,0.12,0.08,0.09,0,4,0,0.12
1067363,Magic,Gatecrash,Undercity Plague,83,R,Near Mint,0.13,0.09,0.12,0,23,0,0.13
1067383,Magic,Gatecrash,Undercity Plague,83,R,Lightly Played,0.12,0.1,0.09,0,13,0,0.13
1067776,Magic,Gatecrash,Unexpected Results,203,R,Near Mint,0.23,,0.17,0,28,0,0.24
1066603,Magic,Gatecrash,Whispering Madness,207,R,Near Mint,0.26,0.26,0.18,0,31,0,0.29
1066613,Magic,Gatecrash,Whispering Madness,207,R,Lightly Played,0.22,0.2,0.22,0,2,0,0.22
1067993,Magic,Gatecrash,Wrecking Ogre,112,R,Near Mint,0.17,0.09,0.11,0,33,0,0.16
1068643,Magic,Gatecrash,Wrecking Ogre,112,R,Lightly Played,0.12,0.1,0.1,0,1,0,0.12
3413837,Magic,Hour of Devastation,Abandoned Sarcophagus,158,R,Near Mint,0.18,0.24,0.1,0,19,0,0.18
3413838,Magic,Hour of Devastation,Abandoned Sarcophagus,158,R,Lightly Played,0.21,0.2,0.18,0,3,0,0.21
3409967,Magic,Hour of Devastation,Adorned Pouncer,2,R,Near Mint,0.86,0.89,0.69,0,22,0,0.86
3409968,Magic,Hour of Devastation,Adorned Pouncer,2,R,Lightly Played,0.95,0.94,0.82,0,5,0,0.95
3411494,Magic,Hour of Devastation,Ammit Eternal,57,R,Near Mint,0.77,0.65,0.64,0,24,0,0.77
3411495,Magic,Hour of Devastation,Ammit Eternal,57,R,Lightly Played,0.74,0.78,0.74,0,4,0,0.74
3410887,Magic,Hour of Devastation,Angel of Condemnation,3,R,Near Mint,0.22,0.14,0.14,0,31,0,0.22
3410888,Magic,Hour of Devastation,Angel of Condemnation,3,R,Lightly Played,0.26,0.1,0.21,0,8,0,0.26
3414212,Magic,Hour of Devastation,Apocalypse Demon,58,R,Near Mint,0.1,0.08,0.05,0,30,0,0.1
3414213,Magic,Hour of Devastation,Apocalypse Demon,58,R,Lightly Played,0.1,,0.08,0,5,0,10
3372829,Magic,Hour of Devastation,Bontu's Last Reckoning,60,R,Near Mint,2.32,2.12,2.69,0,2,0,2.32
3372830,Magic,Hour of Devastation,Bontu's Last Reckoning,60,R,Lightly Played,2.3,,2.38,0,4,0,2.3
3411444,Magic,Hour of Devastation,Champion of Wits,31,R,Near Mint,1.85,2.19,1.29,0,18,0,1.85
3411445,Magic,Hour of Devastation,Champion of Wits,31,R,Lightly Played,2.11,2.16,2.14,0,1,0,2.11
3413325,Magic,Hour of Devastation,Chaos Maw,87,R,Near Mint,0.08,0.08,0.07,0,31,0,0.08
3413326,Magic,Hour of Devastation,Chaos Maw,87,R,Lightly Played,0.09,0.08,0.08,0,1,0,0.09
3413857,Magic,Hour of Devastation,Crested Sunmare,6,M,Near Mint,3.27,,3.22,0,5,0,3.27
3413858,Magic,Hour of Devastation,Crested Sunmare,6,M,Lightly Played,2.94,,3.32,0,1,0,2.94
3411344,Magic,Hour of Devastation,"Djeru, With Eyes Open",10,R,Near Mint,0.14,0.09,0.09,0,17,0,10
3411345,Magic,Hour of Devastation,"Djeru, With Eyes Open",10,R,Lightly Played,0.13,0.09,0.09,0,2,0,0.13
3410077,Magic,Hour of Devastation,Dreamstealer,63,R,Near Mint,0.37,0.35,0.15,0,27,0,0.37
3410078,Magic,Hour of Devastation,Dreamstealer,63,R,Lightly Played,0.35,0.36,0.2,0,11,0,0.35
3410907,Magic,Hour of Devastation,Driven // Despair,157,R,Near Mint,0.27,0.19,0.19,0,30,0,0.27
3410908,Magic,Hour of Devastation,Driven // Despair,157,R,Lightly Played,0.28,0.22,0.24,0,1,0,0.25
3411214,Magic,Hour of Devastation,Earthshaker Khenra,90,R,Near Mint,1.13,1.05,0.98,0,1,0,1.06
3411215,Magic,Hour of Devastation,Earthshaker Khenra,90,R,Lightly Played,1.05,1.07,0.9,0,3,0,1.05
3413335,Magic,Hour of Devastation,Endless Sands,176,R,Near Mint,0.13,,0.09,0,27,0,10
3413336,Magic,Hour of Devastation,Endless Sands,176,R,Lightly Played,0.16,,0.1,0,4,0,10
3410917,Magic,Hour of Devastation,Fraying Sanity,35,R,Near Mint,1.72,1.79,1.42,0,22,0,1.72
3410918,Magic,Hour of Devastation,Fraying Sanity,35,R,Lightly Played,1.6,,1.57,0,5,0,1.6
3411504,Magic,Hour of Devastation,God-Pharaoh's Gift,161,R,Near Mint,1.09,1.06,0.9,0,14,0,1.09
3411505,Magic,Hour of Devastation,God-Pharaoh's Gift,161,R,Lightly Played,1.05,1.08,0.78,0,1,0,1.05
3410097,Magic,Hour of Devastation,Grind // Dust,155,R,Near Mint,0.11,0.07,0.08,0,25,0,10
3413907,Magic,Hour of Devastation,Hazoret's Undying Fury,96,R,Near Mint,0.11,0.08,0.06,0,27,0,0.11
3413908,Magic,Hour of Devastation,Hazoret's Undying Fury,96,R,Lightly Played,0.1,0.09,0.09,0,2,0,0.1
3413345,Magic,Hour of Devastation,Hollow One,163,R,Near Mint,0.5,0.24,0.42,0,20,0,0.5
3413346,Magic,Hour of Devastation,Hollow One,163,R,Lightly Played,0.5,0.49,0.5,0,5,0,0.5
3411234,Magic,Hour of Devastation,Hostile Desert,178,R,Near Mint,0.2,0.09,0.08,0,32,0,0.2
3411235,Magic,Hour of Devastation,Hostile Desert,178,R,Lightly Played,0.22,0.22,0.2,0,5,0,0.22
3413917,Magic,Hour of Devastation,Hour of Devastation,97,R,Near Mint,0.64,0.59,0.5,0,9,0,0.64
3413918,Magic,Hour of Devastation,Hour of Devastation,97,R,Lightly Played,0.63,0.35,0.63,0,7,0,0.63
3413355,Magic,Hour of Devastation,Hour of Eternity,36,R,Near Mint,0.11,0.08,0.07,0,25,0,10
3413356,Magic,Hour of Devastation,Hour of Eternity,36,R,Lightly Played,0.1,,0.08,0,6,0,10
3410927,Magic,Hour of Devastation,Hour of Glory,65,R,Near Mint,0.18,0.11,0.12,0,16,0,0.18
3410928,Magic,Hour of Devastation,Hour of Glory,65,R,Lightly Played,0.15,0.13,0.15,0,5,0,0.15
3411524,Magic,Hour of Devastation,Hour of Promise,120,R,Near Mint,0.61,0.62,0.35,0,19,0,0.61
3411525,Magic,Hour of Devastation,Hour of Promise,120,R,Lightly Played,0.66,0.64,0.65,0,6,0,0.66
3410107,Magic,Hour of Devastation,Hour of Revelation,15,R,Near Mint,0.46,0.34,0.4,0,25,0,0.46
3410108,Magic,Hour of Devastation,Hour of Revelation,15,R,Lightly Played,0.47,0.44,0.4,0,5,0,0.47
3411544,Magic,Hour of Devastation,Imminent Doom,98,R,Near Mint,0.11,0.09,0.12,0,24,0,0.11
3413927,Magic,Hour of Devastation,Kefnet's Last Word,39,R,Near Mint,0.15,0.12,0.12,0,31,0,0.15
3413928,Magic,Hour of Devastation,Kefnet's Last Word,39,R,Lightly Played,0.13,0.11,0.09,0,3,0,0.13
3413937,Magic,Hour of Devastation,Leave // Chance,153,R,Near Mint,0.11,0.08,0.08,0,25,0,0.11
3413938,Magic,Hour of Devastation,Leave // Chance,153,R,Lightly Played,0.1,0.07,0.07,0,2,0,0.1
3413947,Magic,Hour of Devastation,Majestic Myriarch,122,M,Near Mint,0.85,0.71,0.72,0,13,0,10
3410477,Magic,Hour of Devastation,Mirage Mirror,165,R,Near Mint,1.58,1.58,1.29,0,16,0,1.58
3410478,Magic,Hour of Devastation,Mirage Mirror,165,R,Lightly Played,1.51,,1.43,0,1,0,1.51
3410937,Magic,Hour of Devastation,"Neheb, the Eternal",104,M,Near Mint,2.11,1.93,1.94,0,7,0,2.11
3410938,Magic,Hour of Devastation,"Neheb, the Eternal",104,M,Lightly Played,2,2.04,2.1,0,5,0,2
3372839,Magic,Hour of Devastation,"Nicol Bolas, God-Pharaoh",140,M,Near Mint,6.07,6.98,5.98,0,3,0,6.07
3372840,Magic,Hour of Devastation,"Nicol Bolas, God-Pharaoh",140,M,Lightly Played,6,,5.7,0,1,0,6
3411374,Magic,Hour of Devastation,Nimble Obstructionist,40,R,Near Mint,0.74,0.78,0.5,0,30,0,0.74
3411375,Magic,Hour of Devastation,Nimble Obstructionist,40,R,Lightly Played,0.69,0.83,0.54,0,7,0,0.69
3411002,Magic,Hour of Devastation,Nissa's Encouragement,203,R,Near Mint,0.11,0.1,0.11,0,4,0,0.11
3410217,Magic,Hour of Devastation,Oketra's Last Mercy,18,R,Near Mint,0.15,0.11,0.1,0,33,0,10
3411454,Magic,Hour of Devastation,Overwhelming Splendor,19,M,Near Mint,1.3,1.24,1.03,0,19,0,1.3
3411455,Magic,Hour of Devastation,Overwhelming Splendor,19,M,Lightly Played,1.37,1.39,1.3,0,1,0,1.37
3410487,Magic,Hour of Devastation,Pride Sovereign,126,R,Near Mint,0.74,0.73,0.65,0,21,0,0.74
3410237,Magic,Hour of Devastation,Ramunap Excavator,129,R,Near Mint,1.59,1.56,1.28,0,16,0,1.59
3410947,Magic,Hour of Devastation,Ramunap Hydra,130,R,Near Mint,0.13,0.1,0.06,0,32,0,0.13
3410948,Magic,Hour of Devastation,Ramunap Hydra,130,R,Lightly Played,0.13,0.1,0.1,0,3,0,0.13
3411244,Magic,Hour of Devastation,"Razaketh, the Foulblooded",73,M,Near Mint,3.66,3.2,3.23,0,5,0,3.66
3411245,Magic,Hour of Devastation,"Razaketh, the Foulblooded",73,M,Lightly Played,3.01,,3.05,0,1,0,3.01
3411204,Magic,Hour of Devastation,Reason // Believe,154,R,Near Mint,0.12,0.09,0.08,0,40,0,10
3411205,Magic,Hour of Devastation,Reason // Believe,154,R,Lightly Played,0.13,0.1,0.09,0,1,0,0.13
3411574,Magic,Hour of Devastation,Refuse // Cooperate,156,R,Near Mint,0.11,0.1,0.1,0,31,0,0.11
3411575,Magic,Hour of Devastation,Refuse // Cooperate,156,R,Lightly Played,0.11,0.1,0.1,0,1,0,0.11
3411474,Magic,Hour of Devastation,Resilient Khenra,131,R,Near Mint,0.24,0.18,0.1,0,27,0,0.24
3411475,Magic,Hour of Devastation,Resilient Khenra,131,R,Lightly Played,0.2,0.2,0.11,0,4,0,0.2
3411264,Magic,Hour of Devastation,Rhonas's Last Stand,132,R,Near Mint,0.14,,0.14,0,27,0,0.14
3411265,Magic,Hour of Devastation,Rhonas's Last Stand,132,R,Lightly Played,0.17,,0.15,0,1,0,0.15
3372849,Magic,Hour of Devastation,"Samut, the Tested",144,M,Near Mint,2.72,2.65,2.99,0,2,0,2.72
3410957,Magic,Hour of Devastation,Scavenger Grounds,182,R,Near Mint,1.65,1.62,0.99,0,7,0,10
3410958,Magic,Hour of Devastation,Scavenger Grounds,182,R,Lightly Played,1.46,1.44,1.38,0,1,0,1.46
3410967,Magic,Hour of Devastation,Solemnity,22,R,Near Mint,1.36,1.24,1.2,0,8,0,1.36
3410977,Magic,Hour of Devastation,Swarm Intelligence,50,R,Near Mint,0.18,0.14,0.1,0,27,0,10
3410502,Magic,Hour of Devastation,The Locust God,139,M,Near Mint,5.04,,5.19,0,6,0,5.04
3410503,Magic,Hour of Devastation,The Locust God,139,M,Lightly Played,5.02,,5.03,0,2,0,5.02
3411594,Magic,Hour of Devastation,The Scarab God,145,M,Near Mint,25.43,26.02,23.87,0,3,0,25.43
3410297,Magic,Hour of Devastation,The Scorpion God,146,M,Near Mint,1.9,1.88,1.5,0,5,0,1.9
3410298,Magic,Hour of Devastation,The Scorpion God,146,M,Lightly Played,1.89,,1.7,0,5,0,1.89
3411394,Magic,Hour of Devastation,Torment of Hailfire,77,R,Near Mint,3.18,3.33,2.9,0,23,0,3.18
3411424,Magic,Hour of Devastation,Uncage the Menagerie,137,M,Near Mint,0.43,0.41,0.24,0,14,0,0.43
3411425,Magic,Hour of Devastation,Uncage the Menagerie,137,M,Lightly Played,0.44,0.44,0.31,0,2,0,0.44
3411294,Magic,Hour of Devastation,"Unesh, Criosphinx Sovereign",52,M,Near Mint,0.4,0.34,0.35,0,15,0,0.4
3411295,Magic,Hour of Devastation,"Unesh, Criosphinx Sovereign",52,M,Lightly Played,0.36,0.33,0.34,0,1,0,0.36
3411007,Magic,Hour of Devastation,Visage of Bolas,208,R,Near Mint,0.23,0.22,0.15,0,5,0,10
3410307,Magic,Hour of Devastation,Wildfire Eternal,109,R,Near Mint,0.25,0.24,0.17,0,33,0,0.25
3410308,Magic,Hour of Devastation,Wildfire Eternal,109,R,Lightly Played,0.24,0.22,0.19,0,1,0,0.24
501182,Magic,Innistrad,Angel of Flight Alabaster,2,R,Near Mint,0.21,0.12,0.2,0,18,0,0.21
501218,Magic,Innistrad,Angel of Flight Alabaster,2,R,Lightly Played,0.17,0.09,0.13,0,29,0,0.17
501206,Magic,Innistrad,Angel of Flight Alabaster,2,R,Moderately Played,0.16,0.15,0.16,0,1,0,0.16
505069,Magic,Innistrad,Angelic Overseer,,M,Near Mint,1.87,,1.7,0,1,0,1.84
501225,Magic,Innistrad,Army of the Damned,87,M,Near Mint,2.1,,1.89,0,4,0,2.08
501261,Magic,Innistrad,Army of the Damned,87,M,Lightly Played,2.04,,1.69,0,4,0,2.02
505964,Magic,Innistrad,Back from the Brink,44,R,Near Mint,0.15,0.1,0.1,0,25,0,0.16
506840,Magic,Innistrad,Back from the Brink,44,R,Lightly Played,0.14,,0.14,0,18,0,0.14
505032,Magic,Innistrad,Blasphemous Act,130,R,Near Mint,2.9,,2.74,0,15,0,2.97
505062,Magic,Innistrad,Blasphemous Act,130,R,Lightly Played,2.74,,2.76,0,7,0,2.96
500366,Magic,Innistrad,Bloodgift Demon,89,R,Near Mint,0.74,,0.79,0,9,0,0.77
501092,Magic,Innistrad,Bloodgift Demon,89,R,Lightly Played,0.75,,0.73,0,3,0,0.7
505070,Magic,Innistrad,Cackling Counterpart,46,R,Near Mint,0.2,0.19,0.19,0,12,0,0.2
505106,Magic,Innistrad,Cackling Counterpart,46,R,Lightly Played,0.16,0.07,0.1,0,22,0,0.19
505210,Magic,Innistrad,Charmbreaker Devils,134,R,Near Mint,0.23,0.18,0.18,0,26,0,0.21
505246,Magic,Innistrad,Charmbreaker Devils,134,R,Lightly Played,0.15,0.13,0.08,0,14,0,0.18
500369,Magic,Innistrad,Clifftop Retreat,238,R,Near Mint,5.86,,5.2,0,2,0,5.73
505347,Magic,Innistrad,Creeping Renaissance,174,R,Near Mint,0.4,0.48,0.24,0,25,0,0.43
505377,Magic,Innistrad,Creeping Renaissance,174,R,Lightly Played,0.48,,0.4,0,14,0,0.45
500398,Magic,Innistrad,Creepy Doll,220,R,Near Mint,0.23,0.17,0.18,0,15,0,0.25
501124,Magic,Innistrad,Creepy Doll,220,R,Lightly Played,0.23,0.16,0.15,0,5,0,0.23
500882,Magic,Innistrad,Creepy Doll,220,R,Moderately Played,0.23,0.24,0.15,0,1,0,0.23
501187,Magic,Innistrad,Curse of Death's Hold,94,R,Near Mint,0.32,0.29,0.19,0,27,0,0.32
501223,Magic,Innistrad,Curse of Death's Hold,94,R,Lightly Played,0.27,0.26,0.19,0,20,0,0.25
501211,Magic,Innistrad,Curse of Death's Hold,94,R,Moderately Played,0.25,0.2,0.18,0,2,0,0.25
501305,Magic,Innistrad,Curse of Stalked Prey,136,R,Near Mint,0.29,0.23,0.14,0,26,0,0.3
501347,Magic,Innistrad,Curse of Stalked Prey,136,R,Lightly Played,0.24,0.09,0.09,0,7,0,0.25
500303,Magic,Innistrad,Daybreak Ranger,176,R,Near Mint,0.48,0.46,0.3,0,18,0,0.46
501029,Magic,Innistrad,Daybreak Ranger,176,R,Lightly Played,0.37,0.37,0.28,0,22,0,0.37
500361,Magic,Innistrad,Dearly Departed,9,R,Near Mint,0.12,0.09,0.11,0,22,0,0.12
501087,Magic,Innistrad,Dearly Departed,9,R,Lightly Played,0.1,0.08,0.09,0,16,0,0.1
500304,Magic,Innistrad,Devil's Play,140,R,Near Mint,0.26,0.24,0.21,0,17,0,0.25
501030,Magic,Innistrad,Devil's Play,140,R,Lightly Played,0.22,0.1,0.21,0,12,0,0.23
501184,Magic,Innistrad,Divine Reckoning,10,R,Near Mint,0.22,0.16,0.19,0,24,0,0.23
501220,Magic,Innistrad,Divine Reckoning,10,R,Lightly Played,0.18,0.15,0.18,0,15,0,0.18
505881,Magic,Innistrad,Elder of Laurels,177,R,Near Mint,0.15,0.09,0.1,0,34,0,0.15
506757,Magic,Innistrad,Elder of Laurels,177,R,Lightly Played,0.12,0.1,0.09,0,9,0,0.12
500403,Magic,Innistrad,Elite Inquisitor,13,R,Near Mint,0.29,,0.23,0,20,0,0.29
501129,Magic,Innistrad,Elite Inquisitor,13,R,Lightly Played,0.21,0.25,0.11,0,18,0,0.23
501185,Magic,Innistrad,Endless Ranks of the Dead,99,R,Near Mint,3.93,,4.28,0,2,0,3.89
501221,Magic,Innistrad,Endless Ranks of the Dead,99,R,Lightly Played,3.85,,3.95,0,1,0,3.66
501270,Magic,Innistrad,Essence of the Wild,178,M,Near Mint,0.48,0.39,0.4,0,23,0,0.48
501300,Magic,Innistrad,Essence of the Wild,178,M,Lightly Played,0.31,0.25,0.23,0,15,0,0.31
505154,Magic,Innistrad,Evil Twin,212,R,Near Mint,0.25,0.23,0.2,0,23,0,0.24
505202,Magic,Innistrad,Evil Twin,212,R,Lightly Played,0.22,,0.18,0,12,0,0.23
505066,Magic,Innistrad,Falkenrath Marauders,141,R,Near Mint,0.23,0.26,0.19,0,34,0,0.23
505102,Magic,Innistrad,Falkenrath Marauders,141,R,Lightly Played,0.24,0.23,0.18,0,7,0,0.25
505065,Magic,Innistrad,Gavony Township,239,R,Near Mint,5.89,5.92,5.65,0,1,0,5.7
505101,Magic,Innistrad,Gavony Township,239,R,Lightly Played,5.37,5.16,5.34,0,2,0,5.37
505348,Magic,Innistrad,Geist-Honored Monk,17,R,Near Mint,0.24,0.25,0.18,0,31,0,0.24
505378,Magic,Innistrad,Geist-Honored Monk,17,R,Lightly Played,0.23,0.09,0.16,0,8,0,0.21
501266,Magic,Innistrad,"Grimgrin, Corpse-Born",214,M,Near Mint,3.89,,3.97,0,15,0,4.27
501296,Magic,Innistrad,"Grimgrin, Corpse-Born",214,M,Lightly Played,4.1,,3.84,0,13,0,4.11
505870,Magic,Innistrad,Grimoire of the Dead,226,M,Near Mint,2.79,,2.74,0,1,0,2.64
505921,Magic,Innistrad,Gutter Grime,186,R,Near Mint,0.14,0.1,0.12,0,30,0,0.14
506797,Magic,Innistrad,Gutter Grime,186,R,Lightly Played,0.15,0.1,0.11,0,10,0,0.15
505292,Magic,Innistrad,Heartless Summoning,104,R,Near Mint,0.68,0.58,0.58,0,30,0,0.68
505340,Magic,Innistrad,Heartless Summoning,104,R,Lightly Played,0.57,0.45,0.45,0,11,0,0.53
505324,Magic,Innistrad,Heartless Summoning,104,R,Moderately Played,0.52,0.53,0.62,0,1,0,0.52
505844,Magic,Innistrad,Heretic's Punishment,147,R,Near Mint,0.12,0.08,0.11,0,36,0,0.12
506720,Magic,Innistrad,Heretic's Punishment,147,R,Lightly Played,0.11,0.1,0.1,0,11,0,0.11
500296,Magic,Innistrad,Hinterland Harbor,241,R,Near Mint,4.89,,5.07,0,3,0,5.03
501227,Magic,Innistrad,Instigator Gang,149,R,Near Mint,0.52,,0.39,0,29,0,0.52
501263,Magic,Innistrad,Instigator Gang,149,R,Lightly Played,0.45,0.39,0.24,0,3,0,0.47
500337,Magic,Innistrad,Isolated Chapel,242,R,Near Mint,4.63,,4.48,0,5,0,4.53
501063,Magic,Innistrad,Isolated Chapel,242,R,Lightly Played,4.4,,4.19,0,3,0,4.32
505156,Magic,Innistrad,Kessig Cagebreakers,189,R,Near Mint,0.22,,0.17,0,33,0,0.22
505204,Magic,Innistrad,Kessig Cagebreakers,189,R,Lightly Played,0.16,,0.11,0,8,0,0.16
501344,Magic,Innistrad,Kessig Wolf Run,243,R,Lightly Played,2.03,,1.75,0,5,0,1.95
501134,Magic,Innistrad,Kruin Outlaw,152,R,Near Mint,0.95,0.94,0.8,0,7,0,0.95
501152,Magic,Innistrad,Kruin Outlaw,152,R,Lightly Played,0.92,0.8,0.77,0,2,0,0.89
505030,Magic,Innistrad,Laboratory Maniac,61,R,Near Mint,6.27,,5.98,0,13,0,5.92
505060,Magic,Innistrad,Laboratory Maniac,61,R,Lightly Played,5.65,,5.65,0,7,0,5.99
500312,Magic,Innistrad,Ludevic's Test Subject,64,R,Near Mint,0.19,0.19,0.14,0,8,0,0.2
501038,Magic,Innistrad,Ludevic's Test Subject,64,R,Lightly Played,0.21,0.09,0.16,0,4,0,0.2
505836,Magic,Innistrad,Manor Gargoyle,228,R,Near Mint,0.15,0.09,0.15,0,26,0,0.14
506712,Magic,Innistrad,Manor Gargoyle,228,R,Lightly Played,0.11,0.09,0.1,0,12,0,0.12
501043,Magic,Innistrad,Mayor of Avabruck,193,R,Lightly Played,3.74,3.94,3.94,0,2,0,3.49
500355,Magic,Innistrad,Mentor of the Meek,21,R,Near Mint,0.73,0.82,0.51,0,17,0,0.79
501081,Magic,Innistrad,Mentor of the Meek,21,R,Lightly Played,0.6,,0.48,0,5,0,0.6
500328,Magic,Innistrad,"Mikaeus, the Lunarch",23,M,Near Mint,4.19,,4.39,0,3,0,4.05
501054,Magic,Innistrad,"Mikaeus, the Lunarch",23,M,Lightly Played,3.9,,3.94,0,1,0,3.89
501186,Magic,Innistrad,Mindshrieker,67,R,Near Mint,0.3,0.32,0.18,0,16,0,0.31
501222,Magic,Innistrad,Mindshrieker,67,R,Lightly Played,0.27,0.27,0.15,0,11,0,0.24
501304,Magic,Innistrad,Mirror-Mad Phantasm,68,M,Near Mint,0.39,0.31,0.33,0,25,0,0.38
501346,Magic,Innistrad,Mirror-Mad Phantasm,68,M,Lightly Played,0.3,0.29,0.28,0,13,0,0.3
505889,Magic,Innistrad,Moldgraf Monstrosity,194,R,Near Mint,0.26,0.29,0.19,0,30,0,0.25
506765,Magic,Innistrad,Moldgraf Monstrosity,194,R,Lightly Played,0.22,,0.17,0,12,0,0.23
505109,Magic,Innistrad,Moorland Haunt,244,R,Near Mint,0.26,0.22,0.23,0,25,0,0.27
505145,Magic,Innistrad,Moorland Haunt,244,R,Lightly Played,0.24,0.1,0.22,0,10,0,0.24
505150,Magic,Innistrad,Nephalia Drownyard,245,R,Near Mint,0.37,0.35,0.21,0,15,0,0.35
505198,Magic,Innistrad,Nephalia Drownyard,245,R,Lightly Played,0.29,,0.19,0,7,0,0.29
505291,Magic,Innistrad,Nevermore,25,R,Near Mint,0.78,0.95,0.49,0,33,0,0.76
505339,Magic,Innistrad,Nevermore,25,R,Lightly Played,0.69,0.7,0.45,0,7,0,0.68
505323,Magic,Innistrad,Nevermore,25,R,Moderately Played,0.83,0.82,0.57,0,1,0,0.85
500336,Magic,Innistrad,Olivia Voldaren,215,M,Near Mint,6.42,6.35,6.36,0,3,0,6.48
501062,Magic,Innistrad,Olivia Voldaren,215,M,Lightly Played,5.39,,5.39,0,1,0,5.26
505951,Magic,Innistrad,Parallel Lives,199,R,Near Mint,9.61,11.76,8.69,0,2,0,9.47
506827,Magic,Innistrad,Parallel Lives,199,R,Lightly Played,8.57,,8.68,0,1,0,8.44
505350,Magic,Innistrad,Past in Flames,155,M,Near Mint,3.01,,2.9,0,8,0,2.85
500362,Magic,Innistrad,Reaper from the Abyss,112,M,Near Mint,1.02,1,0.93,0,3,0,1.06
501088,Magic,Innistrad,Reaper from the Abyss,112,M,Lightly Played,0.89,0.85,0.67,0,1,0,0.92
501157,Magic,Innistrad,Rooftop Storm,71,R,Near Mint,1.49,1.5,1.2,0,16,0,1.39
501181,Magic,Innistrad,Rooftop Storm,71,R,Lightly Played,1.18,1.18,1.16,0,2,0,1.18
505838,Magic,Innistrad,Runechanter's Pike,231,R,Near Mint,0.35,0.37,0.26,0,30,0,0.35
506714,Magic,Innistrad,Runechanter's Pike,231,R,Lightly Played,0.32,0.36,0.24,0,10,0,0.32
505898,Magic,Innistrad,Sever the Bloodline,115,R,Near Mint,0.14,0.12,0.09,0,21,0,0.14
506774,Magic,Innistrad,Sever the Bloodline,115,R,Lightly Played,0.1,0.09,0.1,0,10,0,0.1
501267,Magic,Innistrad,Skaab Ruinator,77,M,Near Mint,0.67,0.6,0.59,0,7,0,0.67
501297,Magic,Innistrad,Skaab Ruinator,77,M,Lightly Played,0.52,0.53,0.41,0,3,0,0.53
501154,Magic,Innistrad,Skirsdag High Priest,117,R,Near Mint,0.37,0.28,0.29,0,15,0,0.37
501178,Magic,Innistrad,Skirsdag High Priest,117,R,Lightly Played,0.29,0.26,0.25,0,6,0,0.28
505209,Magic,Innistrad,Splinterfright,205,R,Near Mint,0.33,,0.25,0,10,0,0.32
505245,Magic,Innistrad,Splinterfright,205,R,Lightly Played,0.27,,0.22,0,19,0,0.27
505295,Magic,Innistrad,Stensia Bloodhall,247,R,Near Mint,0.17,0.12,0.14,0,24,0,0.17
505343,Magic,Innistrad,Stensia Bloodhall,247,R,Lightly Played,0.1,0.09,0.09,0,15,0,0.1
505882,Magic,Innistrad,Stony Silence,36,R,Near Mint,4.44,,4.35,0,14,0,4.68
501156,Magic,Innistrad,Stromkirk Noble,164,R,Near Mint,0.58,0.57,0.38,0,18,0,0.59
501180,Magic,Innistrad,Stromkirk Noble,164,R,Lightly Played,0.49,0.49,0.31,0,12,0,0.52
505949,Magic,Innistrad,Sturmgeist,82,R,Near Mint,0.16,0.15,0.15,0,41,0,0.17
506825,Magic,Innistrad,Sturmgeist,82,R,Lightly Played,0.15,0.1,0.1,0,6,0,0.15
500385,Magic,Innistrad,Sulfur Falls,248,R,Near Mint,7.98,,7.98,0,2,0,7.69
501111,Magic,Innistrad,Sulfur Falls,248,R,Lightly Played,6.81,,8.06,0,1,0,7.34
505973,Magic,Innistrad,Tree of Redemption,207,M,Near Mint,2.04,,1.45,0,4,0,2.02
506849,Magic,Innistrad,Tree of Redemption,207,M,Lightly Played,1.74,1.4,0.98,0,8,0,1.78
505296,Magic,Innistrad,Unbreathing Horde,121,R,Near Mint,0.75,0.5,0.5,0,10,0,0.78
505344,Magic,Innistrad,Unbreathing Horde,121,R,Lightly Played,0.6,0.54,0.47,0,4,0,0.57
501306,Magic,Innistrad,Undead Alchemist,84,R,Near Mint,1.45,,0.98,0,14,0,1.55
501348,Magic,Innistrad,Undead Alchemist,84,R,Lightly Played,1.05,,0.99,0,1,0,0.95
505938,Magic,Innistrad,Witchbane Orb,236,R,Near Mint,0.73,0.59,0.58,0,2,0,0.61
506814,Magic,Innistrad,Witchbane Orb,236,R,Lightly Played,0.58,0.54,0.52,0,4,0,0.58
500341,Magic,Innistrad,Woodland Cemetery,249,R,Near Mint,5.71,,5.4,0,3,0,5.45
501067,Magic,Innistrad,Woodland Cemetery,249,R,Lightly Played,5.06,,4.92,0,1,0,5.17
3457631,Magic,Ixalan,Admiral Beckett Brass,217,M,Near Mint,0.85,0.74,0.95,0,8,0,1.45
3457491,Magic,Ixalan,Angrath's Marauders,132,R,Near Mint,0.16,0.12,0.1,0,18,0,0.16
3457351,Magic,Ixalan,Arcane Adaptation,46,R,Near Mint,0.27,0.25,0.21,0,15,0,0.26
3466137,Magic,Ixalan,Arguel's Blood Fast,90,R,Near Mint,0.54,0.5,0.49,0,7,0,0.5
3457261,Magic,Ixalan,Ashes of the Abhorrent,2,R,Near Mint,0.25,0.2,0.15,0,14,0,0.25
3469740,Magic,Ixalan,Axis of Mortality,3,M,Near Mint,0.46,0.38,0.35,0,8,0,0.43
3457271,Magic,Ixalan,Bishop of Rebirth,5,R,Near Mint,0.33,0.29,0.2,0,20,0,0.3
3457421,Magic,Ixalan,Bloodcrazed Paladin,93,R,Near Mint,0.26,0.18,0.19,0,1,0,0.25
3457431,Magic,Ixalan,Boneyard Parley,94,M,Near Mint,0.35,0.27,0.28,0,11,0,0.37
3457501,Magic,Ixalan,Burning Sun's Avatar,135,R,Near Mint,0.21,0.14,0.15,0,13,0,0.18
3457511,Magic,Ixalan,Captain Lannery Storm,136,R,Near Mint,0.5,0.49,0.39,0,8,0,0.57
3469048,Magic,Ixalan,Captivating Crew,137,R,Near Mint,0.27,0.25,0.25,0,9,0,0.27
3463779,Magic,Ixalan,Conqueror's Galleon,234,R,Near Mint,0.29,0.28,0.24,0,26,0,0.28
3457361,Magic,Ixalan,Daring Saboteur,49,R,Near Mint,0.24,0.19,0.1,0,12,0,0.2
3457441,Magic,Ixalan,Deadeye Tracker,99,R,Near Mint,0.64,0.62,0.57,0,6,0,0.66
3470270,Magic,Ixalan,Deathgorge Scavenger,184,R,Near Mint,2.97,2.97,2.94,0,1,0,3.29
3457571,Magic,Ixalan,Deeproot Champion,185,R,Near Mint,0.53,0.52,0.4,0,17,0,0.54
3469158,Magic,Ixalan,Dire Fleet Ravager,104,M,Near Mint,0.59,0.49,0.5,0,5,0,0.99
3467122,Magic,Ixalan,Dowsing Dagger,235,R,Near Mint,0.99,0.98,0.82,0,17,0,0.86
3457691,Magic,Ixalan,Dragonskull Summit,252,R,Near Mint,2.2,2.33,1.99,0,1,0,2.25
3457371,Magic,Ixalan,Dreamcaller Siren,54,R,Near Mint,0.19,0.08,0.1,0,11,0,0.21
3457581,Magic,Ixalan,Emperor's Vanguard,189,R,Near Mint,0.11,0.09,0.08,0,22,0,0.11
3457381,Magic,Ixalan,Entrancing Melody,55,R,Near Mint,0.17,0.09,0.15,0,17,0,0.17
3457451,Magic,Ixalan,Fathom Fleet Captain,106,R,Near Mint,0.4,0.36,0.4,0,14,0,0.44
3466177,Magic,Ixalan,Fell Flagship,238,R,Near Mint,0.2,0.09,0.19,0,15,0,0.24
3469451,Magic,Ixalan,Fleet Swallower,57,R,Near Mint,0.32,0.32,0.2,0,19,0,0.28
3457711,Magic,Ixalan,Glacial Fortress,255,R,Near Mint,2.89,2.84,2.68,0,1,0,2.83
3457281,Magic,Ixalan,Goring Ceratops,13,R,Near Mint,0.18,0.09,0.08,0,22,0,0.14
3466197,Magic,Ixalan,Growing Rites of Itlimoc,191,R,Near Mint,4.37,4.25,4.32,0,5,0,4.28
3457391,Magic,Ixalan,Herald of Secret Streams,59,R,Near Mint,0.73,0.75,0.31,0,12,0,0.57
3457291,Magic,Ixalan,Kinjalli's Sunwing,19,R,Near Mint,1.45,1.5,1.18,0,10,0,1.28
3457401,Magic,Ixalan,"Kopala, Warden of Waves",61,R,Near Mint,1.26,,1.32,0,5,0,1.45
3466897,Magic,Ixalan,Legion's Landing,22,R,Near Mint,3.25,3.2,3.74,0,4,0,3.5
3457301,Magic,Ixalan,"Mavren Fein, Dusk Apostle",24,R,Near Mint,1.54,1.49,0.97,0,4,0,1.04
3461910,Magic,Ixalan,Old-Growth Dryads,199,R,Near Mint,0.18,0.09,0.12,0,9,0,0.17
3464438,Magic,Ixalan,Overflowing Insight,66,M,Near Mint,0.41,0.38,0.38,0,8,0,0.4
3457311,Magic,Ixalan,Priest of the Wakening Sun,27,R,Near Mint,0.27,0.24,0.2,0,12,0,0.29
3464019,Magic,Ixalan,Primal Amulet,243,R,Near Mint,1.91,1.8,1.69,0,13,0,1.7
3466217,Magic,Ixalan,Rampaging Ferocidon,154,R,Near Mint,4.02,4.14,3.89,0,3,0,3.99
3464476,Magic,Ixalan,Regisaur Alpha,227,R,Near Mint,1.77,,1.89,0,3,0,1.81
3469471,Magic,Ixalan,Repeating Barrage,156,R,Near Mint,0.12,0.08,0.09,0,12,0,0.12
3457461,Magic,Ixalan,Revel in Riches,117,R,Near Mint,1.02,0.94,0.69,0,11,0,0.95
3457591,Magic,Ixalan,Ripjaw Raptor,203,R,Near Mint,3.01,,3.22,0,6,0,2.86
3457411,Magic,Ixalan,River's Rebuke,71,R,Near Mint,0.46,0.48,0.35,0,18,0,0.47
3457721,Magic,Ixalan,Rootbound Crag,256,R,Near Mint,3.41,3.48,2.79,0,5,0,3.19
3457521,Magic,Ixalan,Rowdy Crew,159,M,Near Mint,0.4,,0.32,0,11,0,0.99
3457471,Magic,Ixalan,Ruin Raider,118,R,Near Mint,0.6,0.62,0.35,0,17,0,0.55
3457321,Magic,Ixalan,Sanguine Sacrament,33,R,Near Mint,0.18,0.12,0.1,0,17,0,0.15
3469256,Magic,Ixalan,Shadowed Caravel,246,R,Near Mint,0.16,0.09,0.09,0,18,0,0.14
3457601,Magic,Ixalan,Shapers' Sanctuary,206,R,Near Mint,1.04,0.99,0.91,0,6,0,0.93
3457671,Magic,Ixalan,Sorcerous Spyglass,248,R,Near Mint,0.83,0.59,0.55,0,9,0,0.63
3470550,Magic,Ixalan,Spell Swindle,82,R,Near Mint,0.77,0.77,0.74,0,10,0,0.81
3457531,Magic,Ixalan,Star of Extinction,161,M,Near Mint,0.88,0.89,0.82,0,6,0,0.85
3457541,Magic,Ixalan,Sunbird's Invocation,165,R,Near Mint,0.85,0.65,0.62,0,8,0,0.73
3457731,Magic,Ixalan,Sunpetal Grove,257,R,Near Mint,1.99,1.96,1.88,0,2,0,1.8
3470910,Magic,Ixalan,Sword-Point Diplomacy,126,R,Near Mint,0.23,0.19,0.2,0,19,0,0.24
3464570,Magic,Ixalan,Thaumatic Compass,249,R,Near Mint,0.53,0.48,0.5,0,12,0,0.65
3457551,Magic,Ixalan,Tilonalli's Skinshifter,170,R,Near Mint,0.18,0.13,0.15,0,20,0,0.17
3457661,Magic,Ixalan,"Tishana, Voice of Thunder",230,M,Near Mint,1.35,1.45,1.27,0,10,0,1.23
3457341,Magic,Ixalan,Tocatli Honor Guard,42,R,Near Mint,0.29,0.2,0.2,0,7,0,0.26
3461890,Magic,Ixalan,Treasure Map,250,R,Near Mint,2.24,2.31,1.99,0,4,0,2.3
3470100,Magic,Ixalan,Vance's Blasting Cannons,173,R,Near Mint,0.36,0.32,0.26,0,9,0,0.33
3457681,Magic,Ixalan,Vanquisher's Banner,251,R,Near Mint,2.33,2.19,1.85,0,5,0,1.98
3457611,Magic,Ixalan,Verdant Sun's Avatar,213,R,Near Mint,0.32,0.33,0.12,0,14,0,0.31
3466267,Magic,Ixalan,"Vona, Butcher of Magan",231,M,Near Mint,2.23,2.12,2.13,0,1,0,3.25
3464145,Magic,Ixalan,Wakening Sun's Avatar,44,M,Near Mint,1.23,1.25,0.96,0,5,0,1.11
3457621,Magic,Ixalan,Waker of the Wilds,215,R,Near Mint,0.14,0.09,0.1,0,17,0,0.14
1182976,Magic,Journey Into Nyx,Aegis of the Gods,1,R,Near Mint,1.61,1.95,1.19,0,12,0,1.65
1182977,Magic,Journey Into Nyx,Aegis of the Gods,1,R,Lightly Played,1.51,,0.99,0,5,0,1.6
1182978,Magic,Journey Into Nyx,Aegis of the Gods,1,R,Moderately Played,1.38,,1.49,0,1,0,1.35
1182854,Magic,Journey Into Nyx,"Athreos, God of Passage",146,M,Near Mint,10.41,,9.9,0,2,0,9.58
1182966,Magic,Journey Into Nyx,Battlefield Thaumaturge,31,R,Near Mint,0.15,0.12,0.1,0,20,0,0.15
1182967,Magic,Journey Into Nyx,Battlefield Thaumaturge,31,R,Lightly Played,0.16,0.1,0.11,0,7,0,0.16
1182986,Magic,Journey Into Nyx,Bearer of the Heavens,89,R,Near Mint,0.23,0.2,0.18,0,10,0,0.23
1182936,Magic,Journey Into Nyx,Daring Thief,36,R,Near Mint,0.17,0.16,0.1,0,10,0,0.18
1182937,Magic,Journey Into Nyx,Daring Thief,36,R,Lightly Played,0.12,0.1,0.11,0,5,0,0.11
1182356,Magic,Journey Into Nyx,Dawnbringer Charioteers,6,R,Near Mint,0.17,0.12,0.1,0,10,0,0.16
1182357,Magic,Journey Into Nyx,Dawnbringer Charioteers,6,R,Lightly Played,0.11,,0.08,0,7,0,0.11
1183218,Magic,Journey Into Nyx,Deicide,7,R,Near Mint,0.11,0.09,0.1,0,26,0,0.13
1183219,Magic,Journey Into Nyx,Deicide,7,R,Lightly Played,0.1,0.07,0.08,0,8,0,0.1
1183248,Magic,Journey Into Nyx,Dictate of Erebos,65,R,Near Mint,4.97,4.99,4.97,0,5,0,4.96
1182996,Magic,Journey Into Nyx,Dictate of Heliod,8,R,Near Mint,0.25,0.14,0.19,0,12,0,0.23
1182997,Magic,Journey Into Nyx,Dictate of Heliod,8,R,Lightly Played,0.2,0.09,0.24,0,8,0,0.21
1182792,Magic,Journey Into Nyx,Dictate of Karametra,121,R,Near Mint,0.21,0.19,0.21,0,12,0,0.21
1182793,Magic,Journey Into Nyx,Dictate of Karametra,121,R,Lightly Played,0.2,0.16,0.19,0,2,0,0.2
1182460,Magic,Journey Into Nyx,Dictate of Kruphix,37,R,Near Mint,1.36,1.37,1.14,0,10,0,1.36
1182461,Magic,Journey Into Nyx,Dictate of Kruphix,37,R,Lightly Played,0.96,,0.7,0,1,0,1.1
1182409,Magic,Journey Into Nyx,Dictate of the Twin Gods,93,R,Near Mint,0.22,,0.15,0,17,0,0.22
1182410,Magic,Journey Into Nyx,Dictate of the Twin Gods,93,R,Lightly Played,0.21,0.1,0.18,0,2,0,0.2
1182389,Magic,Journey Into Nyx,Doomwake Giant,66,R,Near Mint,0.13,,0.1,0,31,0,0.13
1182390,Magic,Journey Into Nyx,Doomwake Giant,66,R,Lightly Played,0.13,0.09,0.13,0,18,0,0.13
1181975,Magic,Journey Into Nyx,Eidolon of Blossoms,122,R,Near Mint,0.26,0.22,0.2,0,15,0,0.25
1181976,Magic,Journey Into Nyx,Eidolon of Blossoms,122,R,Lightly Played,0.22,0.22,0.16,0,7,0,0.23
1182616,Magic,Journey Into Nyx,Eidolon of the Great Revel,94,R,Near Mint,8.49,,8.49,0,4,0,8.35
1181965,Magic,Journey Into Nyx,Extinguish All Hope,68,R,Near Mint,0.21,0.2,0.21,0,7,0,0.21
1181966,Magic,Journey Into Nyx,Extinguish All Hope,68,R,Lightly Played,0.2,0.1,0.2,0,1,0,0.19
1182450,Magic,Journey Into Nyx,Godsend,12,M,Near Mint,6.01,,5.25,0,4,0,6.28
1182451,Magic,Journey Into Nyx,Godsend,12,M,Lightly Played,5.19,4.7,4.97,0,2,0,5.18
1181955,Magic,Journey Into Nyx,Hall of Triumph,162,R,Near Mint,0.19,0.19,0.19,0,18,0,0.19
1181956,Magic,Journey Into Nyx,Hall of Triumph,162,R,Lightly Played,0.21,0.09,0.13,0,8,0,0.22
1183026,Magic,Journey Into Nyx,Harness by Force,100,R,Near Mint,0.13,0.12,0.08,0,16,0,0.13
1183027,Magic,Journey Into Nyx,Harness by Force,100,R,Lightly Played,0.1,,0.06,0,6,0,0.11
1183028,Magic,Journey Into Nyx,Harness by Force,100,R,Moderately Played,0.13,0.1,0.05,0,1,0,0.13
1182429,Magic,Journey Into Nyx,Heroes' Bane,126,R,Near Mint,0.36,0.33,0.19,0,3,0,0.36
1182430,Magic,Journey Into Nyx,Heroes' Bane,126,R,Lightly Played,0.3,0.1,0.11,0,1,0,0.32
1182843,Magic,Journey Into Nyx,Hydra Broodmaster,128,R,Near Mint,0.54,,0.4,0,8,0,0.56
1182844,Magic,Journey Into Nyx,Hydra Broodmaster,128,R,Lightly Played,0.52,0.62,0.36,0,9,0,0.54
1182712,Magic,Journey Into Nyx,Hypnotic Siren,42,R,Near Mint,0.16,0.17,0.15,0,26,0,0.16
1182713,Magic,Journey Into Nyx,Hypnotic Siren,42,R,Lightly Played,0.14,0.13,0.1,0,7,0,0.14
1181985,Magic,Journey Into Nyx,"Iroas, God of Victory",150,M,Near Mint,4.14,,4.1,0,4,0,4.19
1181986,Magic,Journey Into Nyx,"Iroas, God of Victory",150,M,Lightly Played,3.96,,4.04,0,2,0,3.8
1182440,Magic,Journey Into Nyx,"Keranos, God of Storms",151,M,Near Mint,5.32,,5.49,0,11,0,5.25
1182441,Magic,Journey Into Nyx,"Keranos, God of Storms",151,M,Lightly Played,5.23,,5.3,0,2,0,4.99
1182442,Magic,Journey Into Nyx,"Keranos, God of Storms",151,M,Moderately Played,5.12,,5.7,0,1,0,5
1182822,Magic,Journey Into Nyx,"King Macar, the Gold-Cursed",74,R,Near Mint,0.21,0.25,0.14,0,14,0,0.23
1182823,Magic,Journey Into Nyx,"King Macar, the Gold-Cursed",74,R,Lightly Played,0.21,0.23,0.12,0,5,0,0.23
1182627,Magic,Journey Into Nyx,"Kruphix, God of Horizons",152,M,Near Mint,6.67,7.95,6.43,0,10,0,6.96
1182628,Magic,Journey Into Nyx,"Kruphix, God of Horizons",152,M,Lightly Played,6,,5.96,0,5,0,6.04
1182782,Magic,Journey Into Nyx,Launch the Fleet,15,R,Near Mint,0.26,0.25,0.15,0,14,0,0.25
1182783,Magic,Journey Into Nyx,Launch the Fleet,15,R,Lightly Played,0.26,0.25,0.2,0,7,0,0.24
1182762,Magic,Journey Into Nyx,Mana Confluence,163,R,Near Mint,7.23,,6.99,0,1,0,7.02
1182763,Magic,Journey Into Nyx,Mana Confluence,163,R,Lightly Played,6.58,,6.5,0,1,0,6.54
1182876,Magic,Journey Into Nyx,Master of the Feast,75,R,Near Mint,0.54,0.52,0.43,0,24,0,0.55
1182877,Magic,Journey Into Nyx,Master of the Feast,75,R,Lightly Played,0.58,0.47,0.47,0,6,0,0.53
1182916,Magic,Journey Into Nyx,"Pharika, God of Affliction",154,M,Near Mint,2.13,1.5,1.2,0,16,0,2.1
1182917,Magic,Journey Into Nyx,"Pharika, God of Affliction",154,M,Lightly Played,1.4,1.27,1.19,0,7,0,1.5
1182886,Magic,Journey Into Nyx,Pheres-Band Warchief,135,R,Near Mint,0.15,0.11,0.15,0,14,0,0.15
1182887,Magic,Journey Into Nyx,Pheres-Band Warchief,135,R,Lightly Played,0.12,0.1,0.08,0,6,0,0.12
1182812,Magic,Journey Into Nyx,Polymorphous Rush,46,R,Near Mint,0.14,0.11,0.12,0,14,0,0.14
1182813,Magic,Journey Into Nyx,Polymorphous Rush,46,R,Lightly Played,0.1,0.1,0.08,0,4,0,0.11
1182865,Magic,Journey Into Nyx,Prophetic Flamespeaker,106,M,Near Mint,0.58,0.49,0.48,0,24,0,0.55
1182866,Magic,Journey Into Nyx,Prophetic Flamespeaker,106,M,Lightly Played,0.45,0.45,0.39,0,12,0,0.46
1183462,Magic,Journey Into Nyx,Revel of the Fallen God,155,R,Near Mint,0.13,0.12,0.08,0,8,0,0.14
1183463,Magic,Journey Into Nyx,Revel of the Fallen God,155,R,Lightly Played,0.09,0.08,0.08,0,8,0,0.09
1182606,Magic,Journey Into Nyx,Sage of Hours,50,M,Near Mint,2.21,,1.94,0,4,0,2.35
1182607,Magic,Journey Into Nyx,Sage of Hours,50,M,Lightly Played,2.07,1.87,1.66,0,6,0,2.11
1182369,Magic,Journey Into Nyx,Scourge of Fleets,51,R,Near Mint,0.17,,0.1,0,7,0,0.18
1182370,Magic,Journey Into Nyx,Scourge of Fleets,51,R,Lightly Played,0.12,,0.1,0,2,0,0.13
1182552,Magic,Journey Into Nyx,Setessan Tactics,140,R,Near Mint,0.19,0.18,0.1,0,11,0,0.19
1182553,Magic,Journey Into Nyx,Setessan Tactics,140,R,Lightly Played,0.15,0.09,0.1,0,4,0,0.15
1182732,Magic,Journey Into Nyx,Silence the Believers,82,R,Near Mint,0.16,,0.1,0,23,0,0.17
1182733,Magic,Journey Into Nyx,Silence the Believers,82,R,Lightly Played,0.11,0.09,0.1,0,4,0,0.1
1182734,Magic,Journey Into Nyx,Silence the Believers,82,R,Moderately Played,0.15,0.1,0.15,0,1,0,0.18
1183533,Magic,Journey Into Nyx,Skybind,25,R,Near Mint,0.17,0.11,0.13,0,15,0,0.17
1183534,Magic,Journey Into Nyx,Skybind,25,R,Lightly Played,0.12,0.09,0.1,0,3,0,0.11
1182419,Magic,Journey Into Nyx,Spawn of Thraxes,112,R,Near Mint,0.16,0.11,0.1,0,16,0,0.16
1182420,Magic,Journey Into Nyx,Spawn of Thraxes,112,R,Lightly Played,0.16,,0.09,0,3,0,0.16
1182481,Magic,Journey Into Nyx,Temple of Epiphany,164,R,Near Mint,3.79,,3.79,0,7,0,3.28
1182482,Magic,Journey Into Nyx,Temple of Epiphany,164,R,Lightly Played,3.35,,3.45,0,4,0,3.55
1182492,Magic,Journey Into Nyx,Temple of Malady,165,R,Near Mint,1.99,,1.54,0,11,0,1.86
1182493,Magic,Journey Into Nyx,Temple of Malady,165,R,Lightly Played,1.8,,1.89,0,9,0,1.89
1182906,Magic,Journey Into Nyx,Twinflame,115,R,Near Mint,0.23,0.21,0.15,0,22,0,0.24
1182907,Magic,Journey Into Nyx,Twinflame,115,R,Lightly Played,0.21,0.24,0.16,0,2,0,0.21
1182908,Magic,Journey Into Nyx,Twinflame,115,R,Moderately Played,0.2,0.25,0.2,0,1,0,0.2
1182802,Magic,Journey Into Nyx,Worst Fears,87,M,Near Mint,0.54,0.58,0.32,0,7,0,0.55
1182803,Magic,Journey Into Nyx,Worst Fears,87,M,Lightly Played,0.43,0.39,0.39,0,3,0,0.43
3200831,Magic,Kaladesh,Aetherflux Reservoir,192,R,Near Mint,0.68,0.68,0.45,0,37,0,0.65
3200832,Magic,Kaladesh,Aetherflux Reservoir,192,R,Lightly Played,0.56,0.7,0.59,0,10,0,0.54
3202482,Magic,Kaladesh,Aethersquall Ancient,39,R,Near Mint,0.11,0.08,0.09,0,70,0,0.1
3202483,Magic,Kaladesh,Aethersquall Ancient,39,R,Lightly Played,0.08,0.07,0.08,0,4,0,0.08
3200209,Magic,Kaladesh,Aetherstorm Roc,3,R,Near Mint,0.1,0.08,0.07,0,55,0,0.1
3200210,Magic,Kaladesh,Aetherstorm Roc,3,R,Lightly Played,0.11,0.09,0.1,0,3,0,0.1
3199994,Magic,Kaladesh,Aetherworks Marvel,193,M,Near Mint,0.65,0.57,0.46,0,3,0,0.62
3199995,Magic,Kaladesh,Aetherworks Marvel,193,M,Lightly Played,0.56,0.55,0.45,0,7,0,0.54
3200617,Magic,Kaladesh,Animation Module,194,R,Lightly Played,0.25,0.18,0.19,0,1,0,0.25
3200229,Magic,Kaladesh,Architect of the Untamed,143,R,Near Mint,0.11,0.07,0.08,0,61,0,0.11
3200230,Magic,Kaladesh,Architect of the Untamed,143,R,Lightly Played,0.07,0.01,0.06,0,6,0,0.06
3202502,Magic,Kaladesh,Authority of the Consuls,5,R,Near Mint,1.56,1.93,1.49,0,29,0,2.23
3202503,Magic,Kaladesh,Authority of the Consuls,5,R,Lightly Played,1.8,1.99,1.35,0,5,0,1.98
3200239,Magic,Kaladesh,Blooming Marsh,243,R,Near Mint,4.92,5.44,4.15,0,7,0,4.55
3200240,Magic,Kaladesh,Blooming Marsh,243,R,Lightly Played,4.02,5.22,4.5,0,1,0,4.25
3202212,Magic,Kaladesh,Bomat Courier,199,R,Near Mint,1.03,0.99,0.67,0,45,0,0.86
3202213,Magic,Kaladesh,Bomat Courier,199,R,Lightly Played,0.84,0.94,0.89,0,3,0,0.88
3200821,Magic,Kaladesh,Bristling Hydra,147,R,Near Mint,0.77,0.88,0.5,0,45,0,0.92
3200822,Magic,Kaladesh,Bristling Hydra,147,R,Lightly Played,0.98,0.98,0.65,0,7,0,1.05
3203342,Magic,Kaladesh,Captured by the Consulate,8,R,Near Mint,0.1,0.08,0.08,0,57,0,0.1
3201590,Magic,Kaladesh,Cataclysmic Gearhulk,9,M,Near Mint,0.48,0.51,0.32,0,43,0,0.5
3201600,Magic,Kaladesh,Combustible Gearhulk,112,M,Near Mint,1.58,,1.24,0,21,0,1.65
3200279,Magic,Kaladesh,Concealed Courtyard,245,R,Near Mint,4.61,5.49,4.41,0,2,0,4.8
3203682,Magic,Kaladesh,Confiscation Coup,41,R,Near Mint,0.2,0.1,0.11,0,56,0,0.27
3203683,Magic,Kaladesh,Confiscation Coup,41,R,Lightly Played,0.24,0.21,0.25,0,1,0,0.23
3200289,Magic,Kaladesh,Cultivator of Blades,151,R,Near Mint,0.12,0.09,0.1,0,64,0,0.11
3200290,Magic,Kaladesh,Cultivator of Blades,151,R,Lightly Played,0.09,0.09,0.09,0,1,0,0.09
3201319,Magic,Kaladesh,Cultivator's Caravan,203,R,Near Mint,0.26,0.24,0.2,0,45,0,0.27
3201320,Magic,Kaladesh,Cultivator's Caravan,203,R,Lightly Played,0.23,0.2,0.21,0,4,0,0.23
3203732,Magic,Kaladesh,Deadlock Trap,204,R,Near Mint,0.1,0.05,0.05,0,69,0,0.11
3203733,Magic,Kaladesh,Deadlock Trap,204,R,Lightly Played,0.06,0.04,0.05,0,4,0,0.07
3200309,Magic,Kaladesh,Demon of Dark Schemes,73,M,Near Mint,0.48,0.43,0.43,0,30,0,0.51
3200310,Magic,Kaladesh,Demon of Dark Schemes,73,M,Lightly Played,0.5,0.39,0.4,0,1,0,0.48
3200319,Magic,Kaladesh,"Depala, Pilot Exemplar",178,R,Near Mint,0.13,0.08,0.11,0,70,0,0.13
3200320,Magic,Kaladesh,"Depala, Pilot Exemplar",178,R,Lightly Played,0.12,0.09,0.08,0,5,0,0.13
3202232,Magic,Kaladesh,Dovin Baan,179,M,Near Mint,1.54,1.38,1.39,0,23,0,1.47
3201620,Magic,Kaladesh,Dubious Challenge,152,R,Near Mint,0.19,0.09,0.09,0,52,0,0.19
3201621,Magic,Kaladesh,Dubious Challenge,152,R,Lightly Played,0.16,0.08,0.08,0,1,0,0.12
3201630,Magic,Kaladesh,Dynavolt Tower,208,R,Near Mint,0.13,0.09,0.1,0,43,0,0.14
3201631,Magic,Kaladesh,Dynavolt Tower,208,R,Lightly Played,0.11,0.11,0.1,0,9,0,0.1
3201640,Magic,Kaladesh,Electrostatic Pummeler,210,R,Near Mint,0.28,0.24,0.1,0,52,0,0.37
3201641,Magic,Kaladesh,Electrostatic Pummeler,210,R,Lightly Played,0.4,0.21,0.25,0,6,0,0.34
3202242,Magic,Kaladesh,Eliminate the Competition,78,R,Near Mint,0.1,0.07,0.08,0,65,0,0.11
3202243,Magic,Kaladesh,Eliminate the Competition,78,R,Lightly Played,0.06,0.09,0.06,0,3,0,0.06
3203892,Magic,Kaladesh,Fateful Showdown,114,R,Near Mint,0.11,0.09,0.09,0,66,0,0.12
3203893,Magic,Kaladesh,Fateful Showdown,114,R,Lightly Played,0.08,0.07,0.08,0,2,0,0.09
3200359,Magic,Kaladesh,Fleetwheel Cruiser,214,R,Near Mint,0.1,0.08,0.09,0,54,0,0.1
3200360,Magic,Kaladesh,Fleetwheel Cruiser,214,R,Lightly Played,0.1,0.08,0.1,0,2,0,0.11
3203402,Magic,Kaladesh,Fumigate,15,R,Near Mint,2.03,2.2,1.82,0,16,0,2.68
3200369,Magic,Kaladesh,Ghirapur Orrery,216,R,Near Mint,0.22,0.17,0.2,0,49,0,0.23
3200370,Magic,Kaladesh,Ghirapur Orrery,216,R,Lightly Played,0.19,0.15,0.16,0,3,0,0.22
3200389,Magic,Kaladesh,"Gonti, Lord of Luxury",84,R,Near Mint,0.53,0.48,0.43,0,53,0,0.49
3200390,Magic,Kaladesh,"Gonti, Lord of Luxury",84,R,Lightly Played,0.53,0.42,0.4,0,4,0,0.53
3204032,Magic,Kaladesh,Insidious Will,52,R,Near Mint,0.14,0.09,0.1,0,61,0,0.2
3200399,Magic,Kaladesh,Inspiring Vantage,246,R,Near Mint,2.89,,2.74,0,5,0,3.08
3200004,Magic,Kaladesh,Inventors' Fair,247,R,Near Mint,0.7,0.85,0.5,0,9,0,0.84
3200005,Magic,Kaladesh,Inventors' Fair,247,R,Lightly Played,0.73,0.71,0.58,0,3,0,0.74
3201209,Magic,Kaladesh,"Kambal, Consul of Allocation",183,R,Near Mint,0.32,0.32,0.25,0,54,0,0.36
3201210,Magic,Kaladesh,"Kambal, Consul of Allocation",183,R,Lightly Played,0.26,0.22,0.19,0,3,0,0.28
3201219,Magic,Kaladesh,Key to the City,220,R,Near Mint,0.26,0.16,0.16,0,50,0,0.3
3200691,Magic,Kaladesh,Lathnu Hellion,121,R,Near Mint,0.1,0.09,0.09,0,57,0,0.1
3200692,Magic,Kaladesh,Lathnu Hellion,121,R,Lightly Played,0.1,0.07,0.07,0,6,0,0.09
3202282,Magic,Kaladesh,Liberating Combustion,267,R,Near Mint,0.14,0.1,0.1,0,11,0,0.14
3202283,Magic,Kaladesh,Liberating Combustion,267,R,Lightly Played,0.12,0.1,0.09,0,1,0,0.12
3201229,Magic,Kaladesh,Lost Legacy,88,R,Near Mint,0.54,0.37,0.37,0,44,0,0.57
3201230,Magic,Kaladesh,Lost Legacy,88,R,Lightly Played,0.45,0.37,0.38,0,3,0,0.5
3200711,Magic,Kaladesh,Madcap Experiment,122,R,Near Mint,0.17,0.08,0.1,0,63,0,0.16
3200712,Magic,Kaladesh,Madcap Experiment,122,R,Lightly Played,0.12,0.04,0.05,0,2,0,0.11
3204092,Magic,Kaladesh,Marionette Master,90,R,Near Mint,0.44,0.51,0.4,0,57,0,0.5
3204093,Magic,Kaladesh,Marionette Master,90,R,Lightly Played,0.47,0.26,0.27,0,3,0,0.51
3200871,Magic,Kaladesh,Master Trinketeer,21,R,Near Mint,0.16,0.12,0.1,0,57,0,0.17
3200872,Magic,Kaladesh,Master Trinketeer,21,R,Lightly Played,0.15,0.09,0.14,0,5,0,0.13
3200721,Magic,Kaladesh,Metallurgic Summonings,56,M,Near Mint,0.96,1.06,0.69,0,24,0,1.07
3202602,Magic,Kaladesh,Metalwork Colossus,222,R,Near Mint,0.33,0.24,0.2,0,43,0,0.33
3202603,Magic,Kaladesh,Metalwork Colossus,222,R,Lightly Played,0.36,0.24,0.3,0,2,0,0.34
3201710,Magic,Kaladesh,Midnight Oil,92,R,Near Mint,0.1,0.08,0.08,0,60,0,0.1
3201711,Magic,Kaladesh,Midnight Oil,92,R,Lightly Played,0.1,0.07,0.08,0,4,0,0.1
3200439,Magic,Kaladesh,Multiform Wonder,223,R,Near Mint,0.08,0.05,0.05,0,51,0,0.08
3200440,Magic,Kaladesh,Multiform Wonder,223,R,Lightly Played,0.06,0.05,0.07,0,8,0,0.08
3200746,Magic,Kaladesh,"Nissa, Vital Force",163,M,Near Mint,2.07,1.98,1.99,0,18,0,2.13
3200747,Magic,Kaladesh,"Nissa, Vital Force",163,M,Lightly Played,2.22,1.99,1.99,0,1,0,2.24
3201239,Magic,Kaladesh,Noxious Gearhulk,96,M,Near Mint,2.42,2.23,2.23,0,13,0,2.4
3201240,Magic,Kaladesh,Noxious Gearhulk,96,M,Lightly Played,2.35,2.3,2.3,0,3,0,2.33
3202612,Magic,Kaladesh,"Oviya Pashiri, Sage Lifecrafter",165,R,Near Mint,0.14,0.09,0.1,0,53,0,0.17
3202613,Magic,Kaladesh,"Oviya Pashiri, Sage Lifecrafter",165,R,Lightly Played,0.11,0.09,0.09,0,3,0,0.1
3202622,Magic,Kaladesh,"Padeem, Consul of Innovation",59,R,Near Mint,0.18,0.1,0.1,0,42,0,0.2
3202623,Magic,Kaladesh,"Padeem, Consul of Innovation",59,R,Lightly Played,0.22,0.21,0.15,0,3,0,0.2
3200459,Magic,Kaladesh,Panharmonicon,226,R,Near Mint,2.5,2.63,2.49,0,36,0,2.62
3200460,Magic,Kaladesh,Panharmonicon,226,R,Lightly Played,2.5,2.58,2.49,0,6,0,2.46
3200891,Magic,Kaladesh,Paradoxical Outcome,60,R,Near Mint,0.2,0.09,0.1,0,51,0,0.2
3200892,Magic,Kaladesh,Paradoxical Outcome,60,R,Lightly Played,0.2,0.07,0.08,0,18,0,0.15
3200469,Magic,Kaladesh,Pia Nalaar,124,R,Near Mint,0.2,0.21,0.12,0,33,0,0.34
3200470,Magic,Kaladesh,Pia Nalaar,124,R,Lightly Played,0.24,0.22,0.18,0,14,0,0.26
3200479,Magic,Kaladesh,"Rashmi, Eternities Crafter",184,M,Near Mint,0.62,,0.5,0,33,0,0.71
3200480,Magic,Kaladesh,"Rashmi, Eternities Crafter",184,M,Lightly Played,0.75,0.78,0.5,0,2,0,0.69
3200489,Magic,Kaladesh,Saheeli's Artistry,62,R,Near Mint,0.11,0.09,0.1,0,60,0,0.1
3200490,Magic,Kaladesh,Saheeli's Artistry,62,R,Lightly Played,0.11,0.09,0.09,0,4,0,0.1
3202302,Magic,Kaladesh,Scrapheap Scrounger,231,R,Near Mint,0.55,0.44,0.45,0,33,0,0.64
3202303,Magic,Kaladesh,Scrapheap Scrounger,231,R,Lightly Played,0.54,0.42,0.42,0,10,0,0.61
3200499,Magic,Kaladesh,Skyship Stalker,130,R,Near Mint,0.12,0.06,0.07,0,58,0,0.15
3200500,Magic,Kaladesh,Skyship Stalker,130,R,Lightly Played,0.09,0.07,0.07,0,2,0,0.08
3200519,Magic,Kaladesh,"Skysovereign, Consul Flagship",234,M,Near Mint,1.15,0.94,0.95,0,31,0,1.54
3200520,Magic,Kaladesh,"Skysovereign, Consul Flagship",234,M,Lightly Played,1.39,0.96,0.94,0,3,0,1.29
3201349,Magic,Kaladesh,Smuggler's Copter,235,R,Near Mint,1.84,1.89,1.78,0,57,0,1.79
3201350,Magic,Kaladesh,Smuggler's Copter,235,R,Lightly Played,1.68,1.84,1.68,0,1,0,1.6
3200539,Magic,Kaladesh,Spirebluff Canal,249,R,Near Mint,6.66,6.08,6.17,0,2,0,6.37
3203472,Magic,Kaladesh,Syndicate Trafficker,101,R,Near Mint,0.2,0.19,0.1,0,45,0,0.24
3203473,Magic,Kaladesh,Syndicate Trafficker,101,R,Lightly Played,0.19,0.08,0.08,0,4,0,0.18
3200766,Magic,Kaladesh,Territorial Gorger,136,R,Near Mint,0.1,0.08,0.09,0,54,0,0.1
3200767,Magic,Kaladesh,Territorial Gorger,136,R,Lightly Played,0.07,0.06,0.08,0,4,0,0.08
3202322,Magic,Kaladesh,Toolcraft Exemplar,32,R,Near Mint,0.17,0.11,0.1,0,45,0,0.23
3202323,Magic,Kaladesh,Toolcraft Exemplar,32,R,Lightly Played,0.19,0.1,0.11,0,10,0,0.18
3200776,Magic,Kaladesh,Torrential Gearhulk,67,M,Near Mint,8.56,9.84,7.89,0,1,0,8.83
3202332,Magic,Kaladesh,Verdant Crescendo,273,R,Near Mint,0.12,0.09,0.1,0,19,0,0.12
3202333,Magic,Kaladesh,Verdant Crescendo,273,R,Lightly Played,0.12,0.1,0.11,0,1,0,0.12
3200579,Magic,Kaladesh,Verdurous Gearhulk,172,M,Near Mint,3.35,3.46,3.28,0,7,0,3.35
3201379,Magic,Kaladesh,Wildest Dreams,174,R,Near Mint,0.12,,0.1,0,59,0,0.13
3201380,Magic,Kaladesh,Wildest Dreams,174,R,Lightly Played,0.12,0.09,0.11,0,3,0,0.1
1254163,Magic,Khans of Tarkir,Abzan Ascendancy,160,R,Near Mint,0.22,0.17,0.09,0,44,0,0.2
1254164,Magic,Khans of Tarkir,Abzan Ascendancy,160,R,Lightly Played,0.17,0.1,0.08,0,31,0,0.17
1257917,Magic,Khans of Tarkir,Altar of the Brood,216,R,Near Mint,0.98,0.99,0.7,0,7,0,1.03
1257918,Magic,Khans of Tarkir,Altar of the Brood,216,R,Lightly Played,0.95,0.95,0.69,0,12,0,1
1257919,Magic,Khans of Tarkir,Altar of the Brood,216,R,Moderately Played,0.97,0.97,0.97,0,1,0,0.9
1254254,Magic,Khans of Tarkir,"Anafenza, the Foremost",163,M,Near Mint,1.42,,1.15,0,39,0,1.36
1254255,Magic,Khans of Tarkir,"Anafenza, the Foremost",163,M,Lightly Played,1.31,1.29,0.98,0,25,0,1.12
1254856,Magic,Khans of Tarkir,Ankle Shanker,164,R,Near Mint,0.12,0.11,0.1,0,24,0,0.11
1254857,Magic,Khans of Tarkir,Ankle Shanker,164,R,Lightly Played,0.1,0.08,0.08,0,19,0,0.09
1255184,Magic,Khans of Tarkir,Ashcloud Phoenix,99,M,Near Mint,0.27,,0.17,0,9,0,0.28
1255185,Magic,Khans of Tarkir,Ashcloud Phoenix,99,M,Lightly Played,0.24,0.24,0.19,0,14,0,0.25
1254871,Magic,Khans of Tarkir,Avalanche Tusker,166,R,Near Mint,0.1,0.09,0.09,0,24,0,0.1
1254872,Magic,Khans of Tarkir,Avalanche Tusker,166,R,Lightly Played,0.08,0.08,0.08,0,12,0,0.08
1257382,Magic,Khans of Tarkir,Bloodsoaked Champion,66,R,Near Mint,0.38,0.29,0.15,0,29,0,0.35
1257383,Magic,Khans of Tarkir,Bloodsoaked Champion,66,R,Lightly Played,0.36,0.28,0.25,0,32,0,0.36
1255630,Magic,Khans of Tarkir,Butcher of the Horde,168,R,Near Mint,0.18,,0.1,0,48,0,0.18
1255631,Magic,Khans of Tarkir,Butcher of the Horde,168,R,Lightly Played,0.16,0.08,0.09,0,44,0,0.15
1254806,Magic,Khans of Tarkir,Clever Impersonator,34,M,Near Mint,3.44,3.95,3.49,0,17,0,3.44
1254807,Magic,Khans of Tarkir,Clever Impersonator,34,M,Lightly Played,3.5,,3.49,0,17,0,3.43
1253872,Magic,Khans of Tarkir,Crackling Doom,171,R,Near Mint,0.25,0.16,0.16,0,45,0,0.25
1253873,Magic,Khans of Tarkir,Crackling Doom,171,R,Lightly Played,0.16,0.09,0.1,0,38,0,0.16
1254846,Magic,Khans of Tarkir,Crater's Claws,106,R,Near Mint,0.13,0.09,0.1,0,41,0,0.13
1254847,Magic,Khans of Tarkir,Crater's Claws,106,R,Lightly Played,0.1,0.07,0.08,0,21,0,0.11
1255269,Magic,Khans of Tarkir,Deflecting Palm,173,R,Near Mint,1.38,1.38,0.92,0,26,0,1.54
1255270,Magic,Khans of Tarkir,Deflecting Palm,173,R,Lightly Played,1.19,1.34,0.89,0,21,0,1.29
1258257,Magic,Khans of Tarkir,Dig Through Time,36,R,Near Mint,0.88,0.95,0.81,0,31,0,0.93
1258258,Magic,Khans of Tarkir,Dig Through Time,36,R,Lightly Played,0.83,0.84,0.58,0,22,0,0.88
1253812,Magic,Khans of Tarkir,Dragon-Style Twins,108,R,Near Mint,0.11,0.1,0.1,0,22,0,0.11
1253813,Magic,Khans of Tarkir,Dragon-Style Twins,108,R,Lightly Played,0.08,0.08,0.08,0,19,0,0.1
1254012,Magic,Khans of Tarkir,Dragon Throne of Tarkir,219,R,Near Mint,0.15,0.11,0.14,0,18,0,0.15
1254013,Magic,Khans of Tarkir,Dragon Throne of Tarkir,219,R,Lightly Played,0.16,0.09,0.09,0,12,0,0.14
1253802,Magic,Khans of Tarkir,Duneblast,174,R,Near Mint,0.12,0.09,0.09,0,39,0,0.12
1253803,Magic,Khans of Tarkir,Duneblast,174,R,Lightly Played,0.13,0.1,0.06,0,34,0,0.14
1255044,Magic,Khans of Tarkir,Empty the Pits,72,M,Near Mint,0.37,0.27,0.28,0,26,0,0.37
1255045,Magic,Khans of Tarkir,Empty the Pits,72,M,Lightly Played,0.26,0.26,0.25,0,15,0,0.26
1254042,Magic,Khans of Tarkir,End Hostilities,8,R,Near Mint,0.19,0.11,0.1,0,62,0,0.18
1254043,Magic,Khans of Tarkir,End Hostilities,8,R,Lightly Played,0.2,0.1,0.2,0,43,0,0.2
1254816,Magic,Khans of Tarkir,Flying Crane Technique,176,R,Near Mint,0.12,0.1,0.09,0,36,0,0.12
1254817,Magic,Khans of Tarkir,Flying Crane Technique,176,R,Lightly Played,0.09,0.07,0.08,0,10,0,0.09
1254436,Magic,Khans of Tarkir,Ghostfire Blade,220,R,Near Mint,0.16,0.13,0.1,0,38,0,0.16
1254437,Magic,Khans of Tarkir,Ghostfire Blade,220,R,Lightly Played,0.19,0.1,0.09,0,13,0,0.15
1257432,Magic,Khans of Tarkir,Grim Haruspex,73,R,Near Mint,0.33,0.32,0.2,0,47,0,0.3
1257433,Magic,Khans of Tarkir,Grim Haruspex,73,R,Lightly Played,0.29,,0.2,0,31,0,0.3
1255114,Magic,Khans of Tarkir,Hardened Scales,133,R,Near Mint,1.61,1.99,1.5,0,25,0,1.76
1255115,Magic,Khans of Tarkir,Hardened Scales,133,R,Lightly Played,1.74,,1.45,0,18,0,1.75
1253852,Magic,Khans of Tarkir,Herald of Anafenza,12,R,Near Mint,0.13,0.11,0.09,0,27,0,0.12
1253853,Magic,Khans of Tarkir,Herald of Anafenza,12,R,Lightly Played,0.14,0.08,0.1,0,7,0,0.14
1258527,Magic,Khans of Tarkir,High Sentinels of Arashin,13,R,Near Mint,0.13,0.12,0.09,0,26,0,0.13
1258528,Magic,Khans of Tarkir,High Sentinels of Arashin,13,R,Lightly Played,0.12,0.07,0.11,0,19,0,0.13
1258529,Magic,Khans of Tarkir,High Sentinels of Arashin,13,R,Moderately Played,0.14,0.1,0.12,0,1,0,0.14
1255670,Magic,Khans of Tarkir,Hooded Hydra,136,M,Near Mint,1,,0.48,0,15,0,1.09
1255671,Magic,Khans of Tarkir,Hooded Hydra,136,M,Lightly Played,1.22,,0.99,0,11,0,1.11
1254203,Magic,Khans of Tarkir,Howl of the Horde,112,R,Near Mint,0.16,0.12,0.12,0,20,0,0.15
1254204,Magic,Khans of Tarkir,Howl of the Horde,112,R,Lightly Played,0.16,0.1,0.11,0,33,0,0.15
1254205,Magic,Khans of Tarkir,Howl of the Horde,112,R,Moderately Played,0.16,0.16,0.18,0,1,0,0.16
1255134,Magic,Khans of Tarkir,Icy Blast,42,R,Near Mint,0.13,,0.1,0,38,0,0.13
1255135,Magic,Khans of Tarkir,Icy Blast,42,R,Lightly Played,0.1,0.08,0.1,0,30,0,0.1
1255136,Magic,Khans of Tarkir,Icy Blast,42,R,Moderately Played,0.12,,0.12,0,1,0,0.12
1253892,Magic,Khans of Tarkir,Ivorytusk Fortress,179,R,Near Mint,0.14,0.09,0.08,0,18,0,0.12
1253893,Magic,Khans of Tarkir,Ivorytusk Fortress,179,R,Lightly Played,0.13,0.07,0.09,0,8,0,0.13
1254891,Magic,Khans of Tarkir,Jeering Instigator,113,R,Near Mint,0.1,0.07,0.1,0,21,0,0.1
1254892,Magic,Khans of Tarkir,Jeering Instigator,113,R,Lightly Played,0.09,0.09,0.08,0,18,0,0.1
1257412,Magic,Khans of Tarkir,Jeskai Ascendancy,180,R,Near Mint,0.21,0.21,0.11,0,42,0,0.19
1257413,Magic,Khans of Tarkir,Jeskai Ascendancy,180,R,Lightly Played,0.15,0.06,0.07,0,65,0,0.13
1257414,Magic,Khans of Tarkir,Jeskai Ascendancy,180,R,Moderately Played,0.2,,0.25,0,2,0,0.21
1255660,Magic,Khans of Tarkir,Kheru Lich Lord,182,R,Near Mint,0.12,0.1,0.1,0,22,0,0.12
1255661,Magic,Khans of Tarkir,Kheru Lich Lord,182,R,Lightly Played,0.1,0.1,0.09,0,29,0,0.1
1254831,Magic,Khans of Tarkir,Kheru Spellsnatcher,45,R,Near Mint,0.14,0.1,0.1,0,13,0,0.14
1254832,Magic,Khans of Tarkir,Kheru Spellsnatcher,45,R,Lightly Played,0.1,0.1,0.09,0,38,0,0.11
1255064,Magic,Khans of Tarkir,Mantis Rider,184,R,Near Mint,0.65,0.29,0.38,0,50,0,0.6
1255065,Magic,Khans of Tarkir,Mantis Rider,184,R,Lightly Played,0.55,0.52,0.37,0,21,0,0.49
1254213,Magic,Khans of Tarkir,Mardu Ascendancy,185,R,Near Mint,0.15,0.09,0.14,0,29,0,0.16
1254214,Magic,Khans of Tarkir,Mardu Ascendancy,185,R,Lightly Played,0.15,0.08,0.09,0,17,0,0.14
1254215,Magic,Khans of Tarkir,Mardu Ascendancy,185,R,Moderately Played,0.15,0.11,0.1,0,2,0,0.15
1255610,Magic,Khans of Tarkir,Master of Pearls,18,R,Near Mint,0.09,0.1,0.09,0,40,0,0.09
1255611,Magic,Khans of Tarkir,Master of Pearls,18,R,Lightly Played,0.09,0.09,0.09,0,10,0,0.08
1255124,Magic,Khans of Tarkir,Meandering Towershell,141,R,Near Mint,0.1,0.06,0.07,0,41,0,0.1
1255125,Magic,Khans of Tarkir,Meandering Towershell,141,R,Lightly Played,0.08,0.08,0.08,0,11,0,0.08
1254901,Magic,Khans of Tarkir,Mindswipe,189,R,Near Mint,0.19,0.1,0.1,0,46,0,0.16
1254902,Magic,Khans of Tarkir,Mindswipe,189,R,Lightly Played,0.15,0.1,0.09,0,24,0,0.15
1253722,Magic,Khans of Tarkir,"Narset, Enlightened Master",190,M,Near Mint,0.57,0.49,0.52,0,32,0,0.61
1253723,Magic,Khans of Tarkir,"Narset, Enlightened Master",190,M,Lightly Played,0.53,0.47,0.49,0,9,0,0.51
1253832,Magic,Khans of Tarkir,Necropolis Fiend,82,R,Near Mint,0.09,0.08,0.05,0,36,0,0.09
1253833,Magic,Khans of Tarkir,Necropolis Fiend,82,R,Lightly Played,0.12,0.09,0.1,0,26,0,0.12
1255034,Magic,Khans of Tarkir,Pearl Lake Ancient,49,M,Near Mint,0.31,0.29,0.2,0,35,0,0.32
1255035,Magic,Khans of Tarkir,Pearl Lake Ancient,49,M,Lightly Played,0.23,0.25,0.2,0,22,0,0.25
1255074,Magic,Khans of Tarkir,Rakshasa Deathdealer,192,R,Near Mint,0.15,,0.08,0,47,0,0.16
1255075,Magic,Khans of Tarkir,Rakshasa Deathdealer,192,R,Lightly Played,0.11,0.1,0.1,0,37,0,0.1
1254591,Magic,Khans of Tarkir,Rakshasa Vizier,193,R,Near Mint,0.09,0.09,0.09,0,18,0,0.09
1254592,Magic,Khans of Tarkir,Rakshasa Vizier,193,R,Lightly Played,0.09,,0.08,0,18,0,0.1
1253882,Magic,Khans of Tarkir,Rattleclaw Mystic,144,R,Near Mint,0.3,,0.24,0,30,0,0.3
1253883,Magic,Khans of Tarkir,Rattleclaw Mystic,144,R,Lightly Played,0.21,,0.17,0,20,0,0.19
1258937,Magic,Khans of Tarkir,Retribution of the Ancients,85,R,Near Mint,0.15,0.09,0.09,0,33,0,0.15
1258938,Magic,Khans of Tarkir,Retribution of the Ancients,85,R,Lightly Played,0.14,0.1,0.08,0,11,0,0.13
1254881,Magic,Khans of Tarkir,Sage of the Inward Eye,195,R,Near Mint,0.14,0.09,0.1,0,25,0,0.12
1254882,Magic,Khans of Tarkir,Sage of the Inward Eye,195,R,Lightly Played,0.1,0.08,0.07,0,15,0,0.1
1254223,Magic,Khans of Tarkir,Sagu Mauler,196,R,Near Mint,0.19,,0.1,0,27,0,0.19
1254224,Magic,Khans of Tarkir,Sagu Mauler,196,R,Lightly Played,0.13,0.11,0.1,0,27,0,0.13
1253732,Magic,Khans of Tarkir,"Sarkhan, the Dragonspeaker",119,M,Near Mint,1.91,,1.58,0,22,0,2.01
1253733,Magic,Khans of Tarkir,"Sarkhan, the Dragonspeaker",119,M,Lightly Played,1.52,1.3,1.18,0,10,0,1.58
1255084,Magic,Khans of Tarkir,Savage Knuckleblade,197,R,Near Mint,0.14,0.11,0.1,0,56,0,0.13
1255085,Magic,Khans of Tarkir,Savage Knuckleblade,197,R,Lightly Played,0.14,0.08,0.09,0,28,0,0.14
1254234,Magic,Khans of Tarkir,See the Unwritten,149,M,Near Mint,0.57,0.48,0.44,0,19,0,0.57
1254235,Magic,Khans of Tarkir,See the Unwritten,149,M,Lightly Played,0.42,0.4,0.4,0,6,0,0.46
1254244,Magic,Khans of Tarkir,"Sidisi, Brood Tyrant",199,M,Near Mint,0.5,0.44,0.34,0,29,0,0.49
1254245,Magic,Khans of Tarkir,"Sidisi, Brood Tyrant",199,M,Lightly Played,0.33,0.33,0.25,0,17,0,0.34
1255054,Magic,Khans of Tarkir,Siege Rhino,200,R,Near Mint,0.75,0.55,0.43,0,49,0,0.73
1255055,Magic,Khans of Tarkir,Siege Rhino,200,R,Lightly Played,0.59,0.51,0.36,0,16,0,0.55
1254053,Magic,Khans of Tarkir,"Sorin, Solemn Visitor",202,M,Near Mint,4.94,,4.1,0,14,0,5.06
1254054,Magic,Khans of Tarkir,"Sorin, Solemn Visitor",202,M,Lightly Played,5.07,5.18,4.7,0,4,0,4.67
1254993,Magic,Khans of Tarkir,Sultai Ascendancy,203,R,Near Mint,0.15,0.11,0.1,0,36,0,0.14
1254994,Magic,Khans of Tarkir,Sultai Ascendancy,203,R,Lightly Played,0.11,0.09,0.09,0,19,0,0.11
1257452,Magic,Khans of Tarkir,Surrak Dragonclaw,206,M,Near Mint,0.59,0.5,0.48,0,36,0,0.55
1257453,Magic,Khans of Tarkir,Surrak Dragonclaw,206,M,Lightly Played,0.48,0.45,0.45,0,12,0,0.52
1253842,Magic,Khans of Tarkir,Temur Ascendancy,207,R,Near Mint,0.39,0.39,0.24,0,60,0,0.33
1253843,Magic,Khans of Tarkir,Temur Ascendancy,207,R,Lightly Played,0.38,0.36,0.25,0,16,0,0.34
1253862,Magic,Khans of Tarkir,Thousand Winds,58,R,Near Mint,0.13,0.09,0.08,0,39,0,0.13
1253863,Magic,Khans of Tarkir,Thousand Winds,58,R,Lightly Played,0.1,0.07,0.07,0,16,0,0.09
1255194,Magic,Khans of Tarkir,Trail of Mystery,154,R,Near Mint,0.15,0.09,0.1,0,24,0,0.15
1255195,Magic,Khans of Tarkir,Trail of Mystery,154,R,Lightly Played,0.08,0.07,0.08,0,19,0,0.08
1258917,Magic,Khans of Tarkir,Trap Essence,209,R,Near Mint,0.13,0.1,0.08,0,22,0,0.13
1258918,Magic,Khans of Tarkir,Trap Essence,209,R,Lightly Played,0.09,0.08,0.09,0,17,0,0.09
1254264,Magic,Khans of Tarkir,Ugin's Nexus,227,M,Near Mint,0.37,0.36,0.33,0,72,0,0.35
1254265,Magic,Khans of Tarkir,Ugin's Nexus,227,M,Lightly Played,0.27,0.23,0.23,0,25,0,0.24
1254032,Magic,Khans of Tarkir,Utter End,210,R,Near Mint,0.65,,0.44,0,46,0,0.73
1254033,Magic,Khans of Tarkir,Utter End,210,R,Lightly Played,0.62,0.63,0.58,0,28,0,0.63
1258397,Magic,Khans of Tarkir,Villainous Wealth,211,R,Near Mint,0.21,0.15,0.15,0,24,0,0.2
1258398,Magic,Khans of Tarkir,Villainous Wealth,211,R,Lightly Played,0.19,0.13,0.14,0,21,0,0.16
1254571,Magic,Khans of Tarkir,Wingmate Roc,31,M,Near Mint,0.45,,0.4,0,20,0,0.47
1254572,Magic,Khans of Tarkir,Wingmate Roc,31,M,Lightly Played,0.26,,0.24,0,16,0,0.25
1240186,Magic,Khans of Tarkir,Zurgo Helmsmasher,214,M,Near Mint,0.42,0.39,0.34,0,24,0,0.43
1240187,Magic,Khans of Tarkir,Zurgo Helmsmasher,214,M,Lightly Played,0.41,0.35,0.31,0,17,0,0.41
474657,Magic,Magic 2012 (M12),Aegis Angel,,R,Lightly Played,0.16,0.1,0.15,0,1,0,0.16
474911,Magic,Magic 2012 (M12),Arachnus Spinner,,R,Near Mint,0.15,0.09,0.1,0,4,0,0.15
475415,Magic,Magic 2012 (M12),Arachnus Spinner,,R,Lightly Played,0.1,0.08,0.1,0,6,0,0.11
468895,Magic,Magic 2012 (M12),Archon of Justice,,R,Near Mint,0.21,,0.19,0,4,0,0.21
468944,Magic,Magic 2012 (M12),Archon of Justice,,R,Lightly Played,0.22,0.11,0.18,0,11,0,0.23
475404,Magic,Magic 2012 (M12),Birds of Paradise,,R,Lightly Played,5.51,5.46,5.46,0,1,0,4.99
470840,Magic,Magic 2012 (M12),Bloodlord of Vaasgoth,,M,Near Mint,1.43,1.15,1.1,0,1,0,1.43
471610,Magic,Magic 2012 (M12),Bloodlord of Vaasgoth,,M,Lightly Played,0.97,0.49,0.49,0,2,0,1.03
474499,Magic,Magic 2012 (M12),Call to the Grave,,R,Near Mint,1.01,0.99,0.89,0,2,0,1.02
474646,Magic,Magic 2012 (M12),Call to the Grave,,R,Lightly Played,0.89,0.81,0.72,0,3,0,0.88
474604,Magic,Magic 2012 (M12),Call to the Grave,,R,Moderately Played,0.77,,0.69,0,1,0,0.78
474884,Magic,Magic 2012 (M12),Cemetery Reaper,,R,Near Mint,3.22,,2.74,0,5,0,3.36
475388,Magic,Magic 2012 (M12),Cemetery Reaper,,R,Lightly Played,2.62,2.72,2.61,0,2,0,2.62
474780,Magic,Magic 2012 (M12),"Chandra, the Firebrand",,M,Lightly Played,2.16,,1.91,0,1,0,2.13
470841,Magic,Magic 2012 (M12),Chandra's Phoenix,,R,Near Mint,0.18,0.08,0.1,0,1,0,0.19
471611,Magic,Magic 2012 (M12),Chandra's Phoenix,,R,Lightly Played,0.22,0.09,0.16,0,2,0,0.24
470844,Magic,Magic 2012 (M12),Day of Judgment,,R,Near Mint,2.78,,1.98,0,5,0,2.9
471614,Magic,Magic 2012 (M12),Day of Judgment,,R,Lightly Played,2.48,1.24,2.19,0,2,0,2.49
474902,Magic,Magic 2012 (M12),Djinn of Wishes,,R,Near Mint,0.17,0.11,0.14,0,5,0,0.17
475406,Magic,Magic 2012 (M12),Djinn of Wishes,,R,Lightly Played,0.1,0.06,0.1,0,9,0,0.1
474878,Magic,Magic 2012 (M12),Doubling Chant,,R,Near Mint,0.24,0.18,0.19,0,1,0,0.25
475382,Magic,Magic 2012 (M12),Doubling Chant,,R,Lightly Played,0.17,0.08,0.08,0,1,0,0.16
474667,Magic,Magic 2012 (M12),Dragonskull Summit,,R,Near Mint,2.35,2.59,2.49,0,3,0,2.32
474512,Magic,Magic 2012 (M12),Druidic Satchel,,R,Near Mint,0.22,0.11,0.19,0,10,0,0.22
474659,Magic,Magic 2012 (M12),Druidic Satchel,,R,Lightly Played,0.16,0.07,0.16,0,3,0,0.17
474617,Magic,Magic 2012 (M12),Druidic Satchel,,R,Moderately Played,0.21,0.1,0.17,0,1,0,0.21
468892,Magic,Magic 2012 (M12),Dungrove Elder,,R,Near Mint,4.09,,3.86,0,2,0,4.02
470865,Magic,Magic 2012 (M12),Elvish Archdruid,,R,Near Mint,2.16,2.44,1.97,0,1,0,2.19
471635,Magic,Magic 2012 (M12),Elvish Archdruid,,R,Lightly Played,1.94,,1.95,0,7,0,1.95
471415,Magic,Magic 2012 (M12),Elvish Archdruid,,R,Moderately Played,1.95,,2.21,0,1,0,1.94
468894,Magic,Magic 2012 (M12),Flameblast Dragon,,R,Near Mint,0.54,0.55,0.4,0,2,0,0.52
468943,Magic,Magic 2012 (M12),Flameblast Dragon,,R,Lightly Played,0.51,0.5,0.46,0,1,0,0.48
474908,Magic,Magic 2012 (M12),Frost Titan,,M,Near Mint,0.77,0.67,0.69,0,3,0,0.75
475412,Magic,Magic 2012 (M12),Frost Titan,,M,Lightly Played,0.57,0.56,0.5,0,4,0,0.6
474838,Magic,Magic 2012 (M12),"Garruk, Primal Hunter",,M,Lightly Played,4.71,,4.72,0,3,0,4.53
470825,Magic,Magic 2012 (M12),Garruk's Horde,,R,Near Mint,0.15,0.12,0.12,0,3,0,0.16
471595,Magic,Magic 2012 (M12),Garruk's Horde,,R,Lightly Played,0.15,0.1,0.14,0,8,0,0.15
470818,Magic,Magic 2012 (M12),Gideon's Avenger,,R,Near Mint,0.65,0.6,0.38,0,3,0,0.64
471588,Magic,Magic 2012 (M12),Gideon's Avenger,,R,Lightly Played,0.46,0.5,0.29,0,1,0,0.45
474781,Magic,Magic 2012 (M12),Glacial Fortress,,R,Lightly Played,2.8,2.85,2.67,0,1,0,2.85
474751,Magic,Magic 2012 (M12),Glacial Fortress,,R,Moderately Played,2.77,,2.61,0,1,0,2.93
474875,Magic,Magic 2012 (M12),Goblin Chieftain,,R,Near Mint,3.8,3.19,3.24,0,5,0,3.8
475379,Magic,Magic 2012 (M12),Goblin Chieftain,,R,Lightly Played,2.94,2.55,2.54,0,1,0,3.09
474850,Magic,Magic 2012 (M12),Grand Abolisher,,R,Near Mint,4.5,,4.44,0,4,0,4.49
475354,Magic,Magic 2012 (M12),Grand Abolisher,,R,Lightly Played,4.03,,4.32,0,3,0,4.02
473792,Magic,Magic 2012 (M12),Grim Lavamancer,,R,Near Mint,3.32,,3.34,0,1,0,3.36
473918,Magic,Magic 2012 (M12),Grim Lavamancer,,R,Lightly Played,2.6,,2.48,0,4,0,2.71
474871,Magic,Magic 2012 (M12),Honor of the Pure,,R,Near Mint,2.29,2.98,2.23,0,2,0,2.24
475375,Magic,Magic 2012 (M12),Honor of the Pure,,R,Lightly Played,2.08,2.5,1.6,0,7,0,2.1
470864,Magic,Magic 2012 (M12),Inferno Titan,,M,Near Mint,1.27,1.19,1.09,0,1,0,1.27
474648,Magic,Magic 2012 (M12),"Jace, Memory Adept",,M,Lightly Played,4.31,,3.95,0,1,0,4.34
473809,Magic,Magic 2012 (M12),Jace's Archivist,,R,Near Mint,0.65,,0.56,0,1,0,0.66
473798,Magic,Magic 2012 (M12),Lord of the Unreal,,R,Near Mint,0.67,,0.28,0,2,0,0.8
473924,Magic,Magic 2012 (M12),Lord of the Unreal,,R,Lightly Played,0.6,0.77,0.52,0,5,0,0.61
474901,Magic,Magic 2012 (M12),Manabarbs,,R,Near Mint,0.21,0.11,0.16,0,10,0,0.21
475405,Magic,Magic 2012 (M12),Manabarbs,,R,Lightly Played,0.19,0.09,0.19,0,5,0,0.19
475261,Magic,Magic 2012 (M12),Manabarbs,,R,Moderately Played,0.21,0.1,0.25,0,1,0,0.21
474888,Magic,Magic 2012 (M12),Mesa Enchantress,,R,Near Mint,0.27,0.19,0.2,0,3,0,0.25
475392,Magic,Magic 2012 (M12),Mesa Enchantress,,R,Lightly Played,0.22,0.2,0.18,0,5,0,0.22
474513,Magic,Magic 2012 (M12),Mind Unbound,,R,Near Mint,0.24,,0.23,0,4,0,0.24
474660,Magic,Magic 2012 (M12),Mind Unbound,,R,Lightly Played,0.23,,0.2,0,3,0,0.22
473805,Magic,Magic 2012 (M12),Monomania,,R,Near Mint,0.15,0.11,0.14,0,1,0,0.15
473931,Magic,Magic 2012 (M12),Monomania,,R,Lightly Played,0.12,0.1,0.1,0,1,0,0.11
474877,Magic,Magic 2012 (M12),Pentavus,,R,Near Mint,0.15,0.1,0.1,0,5,0,0.15
475381,Magic,Magic 2012 (M12),Pentavus,,R,Lightly Played,0.13,0.07,0.12,0,8,0,0.13
474518,Magic,Magic 2012 (M12),Personal Sanctuary,,R,Near Mint,0.19,,0.18,0,4,0,0.19
474665,Magic,Magic 2012 (M12),Personal Sanctuary,,R,Lightly Played,0.15,0.14,0.14,0,3,0,0.15
474502,Magic,Magic 2012 (M12),Phantasmal Image,,R,Near Mint,2.5,2.98,2.09,0,3,0,2.27
473802,Magic,Magic 2012 (M12),Primeval Titan,,M,Near Mint,8.01,8.39,7.06,0,1,0,7.96
473928,Magic,Magic 2012 (M12),Primeval Titan,,M,Lightly Played,6.5,,5.65,0,2,0,7.23
474656,Magic,Magic 2012 (M12),Primordial Hydra,,M,Lightly Played,5.37,5.17,5.17,0,1,0,5.31
473808,Magic,Magic 2012 (M12),Quicksilver Amulet,,R,Near Mint,7.7,7.7,4.5,0,2,0,7.9
473934,Magic,Magic 2012 (M12),Quicksilver Amulet,,R,Lightly Played,5.63,4.65,5.15,0,1,0,5.73
474861,Magic,Magic 2012 (M12),Redirect,,R,Near Mint,0.24,0.24,0.25,0,2,0,0.24
475365,Magic,Magic 2012 (M12),Redirect,,R,Lightly Played,0.25,0.24,0.23,0,4,0,0.25
475221,Magic,Magic 2012 (M12),Redirect,,R,Moderately Played,0.27,0.23,0.24,0,1,0,0.27
474856,Magic,Magic 2012 (M12),Reverberate,,R,Near Mint,0.92,0.9,0.69,0,2,0,0.86
475360,Magic,Magic 2012 (M12),Reverberate,,R,Lightly Played,0.75,,0.64,0,9,0,0.73
473797,Magic,Magic 2012 (M12),Rites of Flourishing,,R,Near Mint,0.85,0.93,0.69,0,4,0,0.86
473923,Magic,Magic 2012 (M12),Rites of Flourishing,,R,Lightly Played,0.83,0.83,0.59,0,5,0,0.78
474771,Magic,Magic 2012 (M12),Rootbound Crag,,R,Lightly Played,2.62,3.49,2.74,0,2,0,2.62
475373,Magic,Magic 2012 (M12),Royal Assassin,,R,Lightly Played,0.55,0.43,0.39,0,1,0,0.58
474673,Magic,Magic 2012 (M12),Rune-Scarred Demon,,R,Near Mint,6.07,,3.89,0,1,0,6.38
474517,Magic,Magic 2012 (M12),Scrambleverse,,R,Near Mint,0.19,0.14,0.15,0,9,0,0.19
474664,Magic,Magic 2012 (M12),Scrambleverse,,R,Lightly Played,0.19,0.1,0.18,0,5,0,0.22
474505,Magic,Magic 2012 (M12),Skinshifter,,R,Near Mint,0.39,,0.38,0,3,0,0.39
474652,Magic,Magic 2012 (M12),Skinshifter,,R,Lightly Played,0.29,0.14,0.14,0,5,0,0.34
474677,Magic,Magic 2012 (M12),Solemn Simulacrum,,R,Near Mint,4.64,5.04,4.7,0,5,0,4.67
474795,Magic,Magic 2012 (M12),Sorin's Vengeance,,R,Near Mint,0.82,0.82,0.5,0,1,0,0.84
474669,Magic,Magic 2012 (M12),Sphinx of Uthuun,,R,Near Mint,0.2,0.11,0.12,0,6,0,0.2
474774,Magic,Magic 2012 (M12),Sphinx of Uthuun,,R,Lightly Played,0.15,0.09,0.1,0,5,0,0.15
474896,Magic,Magic 2012 (M12),Sun Titan,,M,Near Mint,3.39,,3.09,0,4,0,3.43
474678,Magic,Magic 2012 (M12),Sundial of the Infinite,,R,Near Mint,2.34,2.3,1.95,0,1,0,2.31
474783,Magic,Magic 2012 (M12),Sundial of the Infinite,,R,Lightly Played,1.91,2.29,1.92,0,1,0,1.29
474672,Magic,Magic 2012 (M12),Sunpetal Grove,,R,Near Mint,2.02,2.21,1.5,0,1,0,2.11
474777,Magic,Magic 2012 (M12),Sunpetal Grove,,R,Lightly Played,1.93,1.65,1.87,0,1,0,2.02
474868,Magic,Magic 2012 (M12),Sutured Ghoul,,R,Near Mint,0.15,0.08,0.1,0,3,0,0.15
475372,Magic,Magic 2012 (M12),Sutured Ghoul,,R,Lightly Played,0.09,0.09,0.09,0,6,0,0.09
474863,Magic,Magic 2012 (M12),Throne of Empires,,R,Near Mint,0.22,0.22,0.23,0,4,0,0.21
475367,Magic,Magic 2012 (M12),Throne of Empires,,R,Lightly Played,0.2,0.19,0.19,0,5,0,0.19
474889,Magic,Magic 2012 (M12),Time Reversal,,M,Near Mint,1.83,2.34,1.47,0,2,0,1.82
475393,Magic,Magic 2012 (M12),Time Reversal,,M,Lightly Played,1.64,,1.08,0,7,0,1.52
474516,Magic,Magic 2012 (M12),Vengeful Pharaoh,,R,Near Mint,2.39,,1.99,0,4,0,2.42
474511,Magic,Magic 2012 (M12),Visions of Beyond,,R,Near Mint,5.23,,5,0,2,0,5.42
474515,Magic,Magic 2012 (M12),Warstorm Surge,,R,Near Mint,0.47,0.49,0.43,0,1,0,0.47
474662,Magic,Magic 2012 (M12),Warstorm Surge,,R,Lightly Played,0.49,,0.29,0,2,0,0.49
474620,Magic,Magic 2012 (M12),Warstorm Surge,,R,Moderately Played,0.43,0.51,0.75,0,1,0,0.42
474504,Magic,Magic 2012 (M12),Worldslayer,,R,Near Mint,0.55,0.56,0.36,0,2,0,0.55
474651,Magic,Magic 2012 (M12),Worldslayer,,R,Lightly Played,0.53,,0.33,0,3,0,0.5
936907,Magic,Magic 2013 (M13),"Ajani, Caller of the Pride",1,M,Near Mint,5.1,,5,0,1,0,5.1
937062,Magic,Magic 2013 (M13),"Ajani, Caller of the Pride",1,M,Lightly Played,5.14,,4.98,0,3,0,5.15
937000,Magic,Magic 2013 (M13),"Ajani, Caller of the Pride",1,M,Moderately Played,4.9,,5.41,0,1,0,4.91
939017,Magic,Magic 2013 (M13),Battle of Wits,44,R,Near Mint,0.13,0.09,0.1,0,27,0,0.16
939062,Magic,Magic 2013 (M13),Battle of Wits,44,R,Lightly Played,0.11,0.06,0.07,0,18,0,0.11
939044,Magic,Magic 2013 (M13),Battle of Wits,44,R,Moderately Played,0.14,0.06,0.08,0,1,0,0.14
937069,Magic,Magic 2013 (M13),Boundless Realms,162,R,Lightly Played,2.64,2.11,2.48,0,1,0,2.73
934692,Magic,Magic 2013 (M13),Captain of the Watch,8,R,Near Mint,0.56,0.41,0.29,0,1,0,0.56
934862,Magic,Magic 2013 (M13),Captain of the Watch,8,R,Lightly Played,0.35,0.25,0.26,0,3,0,0.39
934794,Magic,Magic 2013 (M13),Captain of the Watch,8,R,Moderately Played,0.45,0.44,0.3,0,2,0,0.45
936899,Magic,Magic 2013 (M13),Cathedral of War,221,R,Near Mint,1.06,,0.98,0,9,0,1.06
937054,Magic,Magic 2013 (M13),Cathedral of War,221,R,Lightly Played,1.03,1,0.82,0,14,0,0.98
934685,Magic,Magic 2013 (M13),Clone,45,R,Near Mint,0.26,0.11,0.2,0,5,0,0.26
934855,Magic,Magic 2013 (M13),Clone,45,R,Lightly Played,0.18,0.09,0.18,0,13,0,0.17
934787,Magic,Magic 2013 (M13),Clone,45,R,Moderately Played,0.19,0.1,0.19,0,1,0,0.19
937214,Magic,Magic 2013 (M13),Diabolic Revelation,87,R,Lightly Played,1.21,0.99,0.99,0,8,0,1.18
937317,Magic,Magic 2013 (M13),Disciple of Bolas,88,R,Near Mint,1.27,,1.35,0,24,0,1.52
937407,Magic,Magic 2013 (M13),Disciple of Bolas,88,R,Lightly Played,1.45,1.37,1.37,0,10,0,1.16
938886,Magic,Magic 2013 (M13),Door to Nothingness,203,R,Near Mint,0.93,1.09,1.1,0,8,0,0.97
938911,Magic,Magic 2013 (M13),Door to Nothingness,203,R,Lightly Played,1,0.83,0.84,0,7,0,0.9
937312,Magic,Magic 2013 (M13),Dragonskull Summit,222,R,Near Mint,2.42,2.5,2,0,6,0,2.57
937402,Magic,Magic 2013 (M13),Dragonskull Summit,222,R,Lightly Played,2.19,1.55,1.93,0,5,0,2.23
936900,Magic,Magic 2013 (M13),Elderscale Wurm,167,M,Near Mint,1.77,1.78,1.62,0,2,0,1.77
937055,Magic,Magic 2013 (M13),Elderscale Wurm,167,M,Lightly Played,1.67,1.7,1.46,0,5,0,1.75
936993,Magic,Magic 2013 (M13),Elderscale Wurm,167,M,Moderately Played,1.67,1.67,1.75,0,2,0,1.68
939143,Magic,Magic 2013 (M13),Elvish Archdruid,168,R,Near Mint,2.33,2.45,1.89,0,8,0,2.22
939833,Magic,Magic 2013 (M13),Elvish Archdruid,168,R,Lightly Played,2.2,1.93,2.19,0,12,0,2.22
939557,Magic,Magic 2013 (M13),Elvish Archdruid,168,R,Moderately Played,1.97,,1.75,0,1,0,1.99
937315,Magic,Magic 2013 (M13),Faith's Reward,14,R,Near Mint,0.34,0.37,0.19,0,11,0,0.34
937405,Magic,Magic 2013 (M13),Faith's Reward,14,R,Lightly Played,0.3,0.24,0.2,0,16,0,0.3
939132,Magic,Magic 2013 (M13),Fervor,129,R,Near Mint,0.69,0.99,0.61,0,22,0,0.7
939822,Magic,Magic 2013 (M13),Fervor,129,R,Lightly Played,0.76,0.88,0.6,0,20,0,0.74
939546,Magic,Magic 2013 (M13),Fervor,129,R,Moderately Played,0.68,,0.8,0,1,0,0.65
934707,Magic,Magic 2013 (M13),Firewing Phoenix,131,R,Near Mint,0.19,0.09,0.1,0,8,0,0.19
934877,Magic,Magic 2013 (M13),Firewing Phoenix,131,R,Lightly Played,0.1,0.1,0.09,0,15,0,0.1
937323,Magic,Magic 2013 (M13),"Garruk, Primal Hunter",174,M,Near Mint,5.71,6.49,4.97,0,1,0,5.6
937413,Magic,Magic 2013 (M13),"Garruk, Primal Hunter",174,M,Lightly Played,4.89,,4.84,0,1,0,4.92
937400,Magic,Magic 2013 (M13),Glacial Fortress,225,R,Lightly Played,2.73,2.75,2.73,0,3,0,2.65
939116,Magic,Magic 2013 (M13),Ground Seal,176,R,Near Mint,0.19,,0.11,0,25,0,0.18
939806,Magic,Magic 2013 (M13),Ground Seal,176,R,Lightly Played,0.19,0.09,0.09,0,15,0,0.18
939234,Magic,Magic 2013 (M13),Hamletback Goliath,136,R,Near Mint,0.14,0.11,0.12,0,16,0,0.14
939924,Magic,Magic 2013 (M13),Hamletback Goliath,136,R,Lightly Played,0.14,0.08,0.09,0,21,0,0.14
939014,Magic,Magic 2013 (M13),Hellion Crucible,226,R,Near Mint,0.15,0.1,0.1,0,5,0,0.16
939059,Magic,Magic 2013 (M13),Hellion Crucible,226,R,Lightly Played,0.12,0.1,0.09,0,15,0,0.11
939104,Magic,Magic 2013 (M13),Intrepid Hero,20,R,Near Mint,0.74,0.67,0.5,0,6,0,0.69
939794,Magic,Magic 2013 (M13),Intrepid Hero,20,R,Lightly Played,0.67,0.62,0.46,0,7,0,0.61
939518,Magic,Magic 2013 (M13),Intrepid Hero,20,R,Moderately Played,0.71,0.76,0.5,0,2,0,0.7
937399,Magic,Magic 2013 (M13),"Jace, Memory Adept",56,M,Lightly Played,4.26,,4.04,0,1,0,4.34
936906,Magic,Magic 2013 (M13),"Krenko, Mob Boss",138,R,Near Mint,3.86,3.88,2.5,0,3,0,3.88
937061,Magic,Magic 2013 (M13),"Krenko, Mob Boss",138,R,Lightly Played,2.72,,2,0,8,0,2.78
937230,Magic,Magic 2013 (M13),Magmaquake,140,R,Near Mint,0.16,0.11,0.14,0,12,0,0.16
937270,Magic,Magic 2013 (M13),Magmaquake,140,R,Lightly Played,0.13,0.09,0.11,0,18,0,0.12
937254,Magic,Magic 2013 (M13),Magmaquake,140,R,Moderately Played,0.13,0.1,0.14,0,2,0,0.13
938883,Magic,Magic 2013 (M13),Master of the Pearl Trident,59,R,Near Mint,4.7,,4.85,0,7,0,5.06
938898,Magic,Magic 2013 (M13),Master of the Pearl Trident,59,R,Moderately Played,4.25,,4.6,0,3,0,4.56
939012,Magic,Magic 2013 (M13),Mutilate,102,R,Near Mint,0.47,0.39,0.37,0,13,0,0.45
939057,Magic,Magic 2013 (M13),Mutilate,102,R,Lightly Played,0.35,,0.25,0,12,0,0.3
937200,Magic,Magic 2013 (M13),"Nefarox, Overlord of Grixis",103,R,Near Mint,0.43,0.32,0.32,0,4,0,0.46
937215,Magic,Magic 2013 (M13),"Nefarox, Overlord of Grixis",103,R,Lightly Played,0.39,0.13,0.29,0,3,0,0.38
934875,Magic,Magic 2013 (M13),"Nicol Bolas, Planeswalker",199,M,Lightly Played,4.81,,4.92,0,1,0,5.16
936913,Magic,Magic 2013 (M13),"Odric, Master Tactician",23,R,Near Mint,0.78,0.5,0.48,0,9,0,0.78
937068,Magic,Magic 2013 (M13),"Odric, Master Tactician",23,R,Lightly Played,0.51,,0.46,0,6,0,0.51
939153,Magic,Magic 2013 (M13),Phylactery Lich,104,R,Near Mint,0.4,0.32,0.3,0,12,0,0.4
939843,Magic,Magic 2013 (M13),Phylactery Lich,104,R,Lightly Played,0.29,0.29,0.24,0,11,0,0.29
939165,Magic,Magic 2013 (M13),Planar Cleansing,26,R,Near Mint,0.22,0.12,0.2,0,12,0,0.22
939855,Magic,Magic 2013 (M13),Planar Cleansing,26,R,Lightly Played,0.17,0.09,0.18,0,14,0,0.17
939579,Magic,Magic 2013 (M13),Planar Cleansing,26,R,Moderately Played,0.22,0.16,0.16,0,2,0,0.22
934695,Magic,Magic 2013 (M13),Predatory Rampage,180,R,Near Mint,0.1,0.09,0.08,0,29,0,0.1
934865,Magic,Magic 2013 (M13),Predatory Rampage,180,R,Lightly Played,0.08,0.08,0.08,0,15,0,0.08
934797,Magic,Magic 2013 (M13),Predatory Rampage,180,R,Moderately Played,0.09,0.08,0.05,0,1,0,0.11
934710,Magic,Magic 2013 (M13),Primordial Hydra,183,M,Near Mint,6.45,,5.72,0,2,0,6.45
934880,Magic,Magic 2013 (M13),Primordial Hydra,183,M,Lightly Played,5.23,6.42,5.44,0,8,0,5.31
939216,Magic,Magic 2013 (M13),Quirion Dryad,184,R,Near Mint,0.14,0.09,0.1,0,26,0,0.14
939906,Magic,Magic 2013 (M13),Quirion Dryad,184,R,Lightly Played,0.1,0.08,0.08,0,13,0,0.1
939630,Magic,Magic 2013 (M13),Quirion Dryad,184,R,Moderately Played,0.1,0.08,0.08,0,2,0,0.13
939126,Magic,Magic 2013 (M13),Redirect,64,R,Near Mint,0.32,0.22,0.32,0,3,0,0.32
939540,Magic,Magic 2013 (M13),Redirect,64,R,Moderately Played,0.28,0.24,0.26,0,1,0,0.28
939190,Magic,Magic 2013 (M13),Reverberate,145,R,Near Mint,0.97,1.24,0.75,0,5,0,0.97
939880,Magic,Magic 2013 (M13),Reverberate,145,R,Lightly Played,0.91,0.9,0.52,0,1,0,0.85
936892,Magic,Magic 2013 (M13),Rhox Faithmender,29,R,Near Mint,5.04,5.29,4.23,0,4,0,4.84
937047,Magic,Magic 2013 (M13),Rhox Faithmender,29,R,Lightly Played,3.91,,3.73,0,2,0,3.76
937314,Magic,Magic 2013 (M13),Rootbound Crag,228,R,Near Mint,2.48,3.57,2.94,0,2,0,2.45
937404,Magic,Magic 2013 (M13),Rootbound Crag,228,R,Lightly Played,2.54,3.72,2.65,0,10,0,2.66
936918,Magic,Magic 2013 (M13),Sands of Delirium,216,R,Near Mint,0.52,0.52,0.46,0,16,0,0.52
937073,Magic,Magic 2013 (M13),Sands of Delirium,216,R,Lightly Played,0.52,0.48,0.34,0,7,0,0.54
936908,Magic,Magic 2013 (M13),Serra Avatar,32,M,Near Mint,0.68,0.54,0.44,0,3,0,0.68
937063,Magic,Magic 2013 (M13),Serra Avatar,32,M,Lightly Played,0.47,0.46,0.45,0,5,0,0.46
938885,Magic,Magic 2013 (M13),Serra Avenger,33,R,Near Mint,1.49,,1.09,0,5,0,1.57
938910,Magic,Magic 2013 (M13),Serra Avenger,33,R,Lightly Played,1.31,,1.1,0,5,0,1.31
938900,Magic,Magic 2013 (M13),Serra Avenger,33,R,Moderately Played,1.34,1.34,1.3,0,2,0,1.39
939194,Magic,Magic 2013 (M13),Shimian Specter,109,R,Near Mint,0.15,0.1,0.14,0,20,0,0.15
939884,Magic,Magic 2013 (M13),Shimian Specter,109,R,Lightly Played,0.14,0.09,0.08,0,7,0,0.13
939120,Magic,Magic 2013 (M13),Silklash Spider,191,R,Near Mint,0.2,0.14,0.11,0,21,0,0.21
939810,Magic,Magic 2013 (M13),Silklash Spider,191,R,Lightly Played,0.16,0.1,0.09,0,18,0,0.16
938884,Magic,Magic 2013 (M13),Slumbering Dragon,148,R,Near Mint,1.98,1.88,1.37,0,10,0,1.95
938909,Magic,Magic 2013 (M13),Slumbering Dragon,148,R,Lightly Played,1.63,,1.25,0,7,0,1.62
938899,Magic,Magic 2013 (M13),Slumbering Dragon,148,R,Moderately Played,1.6,1.56,1.56,0,1,0,1.61
939018,Magic,Magic 2013 (M13),Spelltwine,68,R,Near Mint,0.2,0.08,0.18,0,17,0,0.22
939063,Magic,Magic 2013 (M13),Spelltwine,68,R,Lightly Played,0.18,0.09,0.16,0,12,0,0.2
939045,Magic,Magic 2013 (M13),Spelltwine,68,R,Moderately Played,0.18,0.08,0.14,0,1,0,0.19
937322,Magic,Magic 2013 (M13),Sphinx of Uthuun,69,R,Near Mint,0.14,0.09,0.1,0,24,0,0.14
937412,Magic,Magic 2013 (M13),Sphinx of Uthuun,69,R,Lightly Played,0.11,0.09,0.1,0,7,0,0.11
937376,Magic,Magic 2013 (M13),Sphinx of Uthuun,69,R,Moderately Played,0.15,0.1,0.15,0,1,0,0.15
937231,Magic,Magic 2013 (M13),Staff of Nin,217,R,Near Mint,0.48,0.33,0.25,0,6,0,0.59
937271,Magic,Magic 2013 (M13),Staff of Nin,217,R,Lightly Played,0.33,0.3,0.27,0,4,0,0.41
939187,Magic,Magic 2013 (M13),Stormtide Leviathan,70,R,Near Mint,0.32,0.21,0.21,0,17,0,0.32
939877,Magic,Magic 2013 (M13),Stormtide Leviathan,70,R,Lightly Played,0.25,0.2,0.18,0,9,0,0.25
939601,Magic,Magic 2013 (M13),Stormtide Leviathan,70,R,Moderately Played,0.25,0.24,0.25,0,1,0,0.24
939013,Magic,Magic 2013 (M13),Stuffy Doll,218,R,Near Mint,2.57,2.96,2.99,0,2,0,2.58
939058,Magic,Magic 2013 (M13),Stuffy Doll,218,R,Lightly Played,2.65,2.64,2.65,0,4,0,2.63
937052,Magic,Magic 2013 (M13),Sublime Archangel,36,M,Lightly Played,6.47,,6.5,0,1,0,6.43
937320,Magic,Magic 2013 (M13),Sunpetal Grove,229,R,Near Mint,1.81,2.65,1.69,0,1,0,1.85
937410,Magic,Magic 2013 (M13),Sunpetal Grove,229,R,Lightly Played,1.74,2.1,1.55,0,5,0,1.78
936898,Magic,Magic 2013 (M13),"Talrand, Sky Summoner",72,R,Near Mint,0.69,0.6,0.58,0,3,0,0.65
937053,Magic,Magic 2013 (M13),"Talrand, Sky Summoner",72,R,Lightly Played,0.61,,0.55,0,5,0,0.58
938934,Magic,Magic 2013 (M13),Touch of the Eternal,37,R,Near Mint,0.1,0.09,0.1,0,27,0,0.12
938974,Magic,Magic 2013 (M13),Touch of the Eternal,37,R,Lightly Played,0.1,0.09,0.09,0,8,0,0.1
939015,Magic,Magic 2013 (M13),Trading Post,220,R,Near Mint,0.26,0.23,0.2,0,25,0,0.26
939060,Magic,Magic 2013 (M13),Trading Post,220,R,Lightly Played,0.25,0.18,0.2,0,12,0,0.23
934686,Magic,Magic 2013 (M13),Vampire Nocturnus,113,M,Near Mint,6.19,,5.85,0,1,0,6.12
938882,Magic,Magic 2013 (M13),Void Stalker,77,R,Near Mint,0.15,0.09,0.1,0,20,0,0.15
938907,Magic,Magic 2013 (M13),Void Stalker,77,R,Lightly Played,0.11,0.09,0.11,0,6,0,0.11
939209,Magic,Magic 2013 (M13),Wit's End,117,R,Near Mint,0.16,0.12,0.15,0,22,0,0.16
939899,Magic,Magic 2013 (M13),Wit's End,117,R,Lightly Played,0.18,0.08,0.08,0,11,0,0.18
939623,Magic,Magic 2013 (M13),Wit's End,117,R,Moderately Played,0.17,0.1,0.1,0,1,0,0.17
936904,Magic,Magic 2013 (M13),Worldfire,158,M,Near Mint,1.12,0.74,0.75,0,4,0,1.12
934699,Magic,Magic 2013 (M13),Xathrid Gorgon,118,R,Near Mint,0.18,0.12,0.16,0,14,0,0.19
934869,Magic,Magic 2013 (M13),Xathrid Gorgon,118,R,Lightly Played,0.13,0.1,0.1,0,11,0,0.14
936910,Magic,Magic 2013 (M13),"Yeva, Nature's Herald",197,R,Near Mint,1.51,1.75,0.55,0,14,0,1.28
937065,Magic,Magic 2013 (M13),"Yeva, Nature's Herald",197,R,Lightly Played,1.18,,0.49,0,7,0,1.3
937003,Magic,Magic 2013 (M13),"Yeva, Nature's Herald",197,R,Moderately Played,0.97,,1.39,0,1,0,0.94
1124444,Magic,Magic 2014 (M14),"Ajani, Caller of the Pride",1,M,Near Mint,5.82,,5,0,1,0,6.03
1124445,Magic,Magic 2014 (M14),"Ajani, Caller of the Pride",1,M,Lightly Played,5.14,,5.23,0,2,0,5.01
1097914,Magic,Magic 2014 (M14),Ajani's Chosen,2,R,Near Mint,0.28,0.16,0.19,0,5,0,0.27
1097915,Magic,Magic 2014 (M14),Ajani's Chosen,2,R,Lightly Played,0.22,0.09,0.17,0,10,0,0.22
1090414,Magic,Magic 2014 (M14),Awaken the Ancient,126,R,Near Mint,0.21,,0.14,0,8,0,0.21
1090494,Magic,Magic 2014 (M14),Awaken the Ancient,126,R,Lightly Played,0.19,0.1,0.17,0,5,0,0.2
1124484,Magic,Magic 2014 (M14),Bogbrew Witch,88,R,Near Mint,0.2,0.11,0.14,0,6,0,0.21
1124485,Magic,Magic 2014 (M14),Bogbrew Witch,88,R,Lightly Played,0.19,0.09,0.12,0,2,0,0.19
1097964,Magic,Magic 2014 (M14),Bonescythe Sliver,9,R,Near Mint,1.65,,1.03,0,6,0,1.71
1097965,Magic,Magic 2014 (M14),Bonescythe Sliver,9,R,Lightly Played,1.43,,0.71,0,4,0,1.36
1097994,Magic,Magic 2014 (M14),Burning Earth,130,R,Near Mint,0.22,0.11,0.14,0,7,0,0.22
1097995,Magic,Magic 2014 (M14),Burning Earth,130,R,Lightly Played,0.14,0.08,0.08,0,5,0,0.14
1124709,Magic,Magic 2014 (M14),"Chandra, Pyromaster",132,M,Near Mint,1.78,1.47,1.41,0,2,0,1.73
1124789,Magic,Magic 2014 (M14),"Chandra, Pyromaster",132,M,Lightly Played,1.44,1.44,1.2,0,1,0,1.46
1098044,Magic,Magic 2014 (M14),Chandra's Phoenix,134,R,Near Mint,0.23,0.14,0.16,0,2,0,0.23
1098045,Magic,Magic 2014 (M14),Chandra's Phoenix,134,R,Lightly Played,0.25,0.09,0.13,0,7,0,0.25
1125444,Magic,Magic 2014 (M14),Clone,47,R,Near Mint,0.27,0.16,0.15,0,2,0,0.26
1125445,Magic,Magic 2014 (M14),Clone,47,R,Lightly Played,0.18,0.1,0.18,0,5,0,0.19
1090413,Magic,Magic 2014 (M14),Colossal Whale,48,R,Near Mint,0.14,,0.14,0,11,0,0.13
1090493,Magic,Magic 2014 (M14),Colossal Whale,48,R,Lightly Played,0.11,0.09,0.09,0,5,0,0.11
1124711,Magic,Magic 2014 (M14),Dark Prophecy,93,R,Near Mint,0.25,0.24,0.19,0,14,0,0.27
1124791,Magic,Magic 2014 (M14),Dark Prophecy,93,R,Lightly Played,0.23,0.23,0.23,0,13,0,0.23
1125084,Magic,Magic 2014 (M14),Darksteel Forge,206,M,Near Mint,7.67,,5.99,0,3,0,7.47
1098134,Magic,Magic 2014 (M14),Devout Invocation,16,M,Near Mint,1.34,1.44,1.49,0,8,0,1.29
1098135,Magic,Magic 2014 (M14),Devout Invocation,16,M,Lightly Played,1.05,,1.06,0,5,0,1.13
1124634,Magic,Magic 2014 (M14),Dismiss into Dream,50,R,Near Mint,0.25,0.17,0.18,0,14,0,0.25
1124635,Magic,Magic 2014 (M14),Dismiss into Dream,50,R,Lightly Played,0.18,,0.17,0,16,0,0.2
1125464,Magic,Magic 2014 (M14),Domestication,53,R,Near Mint,0.13,0.09,0.1,0,17,0,0.14
1125465,Magic,Magic 2014 (M14),Domestication,53,R,Lightly Played,0.1,0.08,0.08,0,15,0,0.1
1124584,Magic,Magic 2014 (M14),Door of Destinies,208,R,Near Mint,3.4,,3.25,0,10,0,3.39
1124585,Magic,Magic 2014 (M14),Door of Destinies,208,R,Lightly Played,3.18,,3.24,0,1,0,3.14
1124719,Magic,Magic 2014 (M14),Elite Arcanist,54,R,Near Mint,0.29,0.31,0.17,0,15,0,0.28
1124799,Magic,Magic 2014 (M14),Elite Arcanist,54,R,Lightly Played,0.21,0.24,0.16,0,9,0,0.24
1124712,Magic,Magic 2014 (M14),Fiendslayer Paladin,18,R,Near Mint,0.69,0.64,0.49,0,2,0,0.73
1124792,Magic,Magic 2014 (M14),Fiendslayer Paladin,18,R,Lightly Played,0.58,0.5,0.47,0,5,0,0.63
1124706,Magic,Magic 2014 (M14),Galerider Sliver,57,R,Near Mint,4.69,5,4.25,0,1,0,4.55
1124786,Magic,Magic 2014 (M14),Galerider Sliver,57,R,Lightly Played,3.87,,3.75,0,2,0,3.86
1124705,Magic,Magic 2014 (M14),"Garruk, Caller of Beasts",172,M,Near Mint,5.15,,5.24,0,1,0,5.43
1098284,Magic,Magic 2014 (M14),Garruk's Horde,173,R,Near Mint,0.18,0.08,0.1,0,6,0,0.18
1098285,Magic,Magic 2014 (M14),Garruk's Horde,173,R,Lightly Played,0.11,0.09,0.1,0,7,0,0.12
1090418,Magic,Magic 2014 (M14),Goblin Diplomats,141,R,Near Mint,0.14,0.1,0.1,0,8,0,0.14
1090498,Magic,Magic 2014 (M14),Goblin Diplomats,141,R,Lightly Played,0.12,,0.09,0,8,0,0.12
1098334,Magic,Magic 2014 (M14),Grim Return,100,R,Near Mint,0.22,,0.14,0,15,0,0.27
1098335,Magic,Magic 2014 (M14),Grim Return,100,R,Lightly Played,0.22,,0.22,0,6,0,0.21
1098354,Magic,Magic 2014 (M14),Guardian of the Ages,211,R,Near Mint,0.15,0.09,0.1,0,20,0,0.15
1098355,Magic,Magic 2014 (M14),Guardian of the Ages,211,R,Lightly Played,0.13,0.08,0.08,0,3,0,0.12
1124594,Magic,Magic 2014 (M14),Haunted Plate Mail,212,R,Near Mint,0.13,0.09,0.1,0,7,0,0.13
1124595,Magic,Magic 2014 (M14),Haunted Plate Mail,212,R,Lightly Played,0.1,0.08,0.1,0,5,0,0.1
1124624,Magic,Magic 2014 (M14),Imposing Sovereign,22,R,Near Mint,0.26,0.17,0.18,0,12,0,0.26
1124625,Magic,Magic 2014 (M14),Imposing Sovereign,22,R,Lightly Played,0.24,0.23,0.16,0,14,0,0.24
1125344,Magic,Magic 2014 (M14),Indestructibility,23,R,Near Mint,0.65,0.63,0.49,0,11,0,0.64
1125345,Magic,Magic 2014 (M14),Indestructibility,23,R,Lightly Played,0.64,0.61,0.2,0,4,0,0.55
1098394,Magic,Magic 2014 (M14),Into the Wilds,180,R,Near Mint,0.3,0.33,0.2,0,7,0,0.28
1098395,Magic,Magic 2014 (M14),Into the Wilds,180,R,Lightly Played,0.28,0.1,0.2,0,10,0,0.31
1124454,Magic,Magic 2014 (M14),"Jace, Memory Adept",60,M,Near Mint,4.94,,4.44,0,1,0,5.1
1124455,Magic,Magic 2014 (M14),"Jace, Memory Adept",60,M,Lightly Played,4.32,,4.33,0,3,0,4.38
1098414,Magic,Magic 2014 (M14),Jace's Mindseeker,61,R,Near Mint,0.17,0.13,0.15,0,12,0,0.17
1098415,Magic,Magic 2014 (M14),Jace's Mindseeker,61,R,Lightly Played,0.14,0.1,0.14,0,8,0,0.14
1124790,Magic,Magic 2014 (M14),Kalonian Hydra,181,M,Lightly Played,4.79,,4.48,0,1,0,4.8
1124644,Magic,Magic 2014 (M14),Lifebane Zombie,101,R,Near Mint,0.22,0.19,0.17,0,9,0,0.22
1124645,Magic,Magic 2014 (M14),Lifebane Zombie,101,R,Lightly Played,0.24,0.09,0.16,0,2,0,0.27
1124646,Magic,Magic 2014 (M14),Lifebane Zombie,101,R,Moderately Played,0.23,0.2,0.16,0,2,0,0.23
1124717,Magic,Magic 2014 (M14),Liliana of the Dark Realms,102,M,Near Mint,7.81,,7.24,0,1,0,8.12
1098424,Magic,Magic 2014 (M14),Liliana's Reaver,103,R,Near Mint,0.45,,0.43,0,18,0,0.45
1098425,Magic,Magic 2014 (M14),Liliana's Reaver,103,R,Lightly Played,0.47,,0.39,0,1,0,0.46
1090407,Magic,Magic 2014 (M14),Megantic Sliver,185,R,Near Mint,0.35,0.35,0.32,0,14,0,0.35
1090487,Magic,Magic 2014 (M14),Megantic Sliver,185,R,Lightly Played,0.31,0.29,0.29,0,3,0,0.29
1125264,Magic,Magic 2014 (M14),Mindsparker,146,R,Near Mint,0.1,0.09,0.11,0,8,0,0.11
1125265,Magic,Magic 2014 (M14),Mindsparker,146,R,Lightly Played,0.09,,0.08,0,8,0,0.1
1124708,Magic,Magic 2014 (M14),Nightmare,108,R,Near Mint,0.1,0.08,0.1,0,8,0,0.1
1124788,Magic,Magic 2014 (M14),Nightmare,108,R,Lightly Played,0.13,0.09,0.1,0,5,0,0.12
1124544,Magic,Magic 2014 (M14),Oath of the Ancient Wood,187,R,Near Mint,0.13,0.1,0.12,0,20,0,0.13
1124545,Magic,Magic 2014 (M14),Oath of the Ancient Wood,187,R,Lightly Played,0.1,0.1,0.08,0,5,0,0.1
1098514,Magic,Magic 2014 (M14),Ogre Battledriver,148,R,Near Mint,0.26,0.24,0.15,0,8,0,0.25
1098515,Magic,Magic 2014 (M14),Ogre Battledriver,148,R,Lightly Played,0.2,0.1,0.19,0,3,0,0.21
1124434,Magic,Magic 2014 (M14),Path of Bravery,26,R,Near Mint,0.28,0.21,0.25,0,12,0,0.27
1124435,Magic,Magic 2014 (M14),Path of Bravery,26,R,Lightly Played,0.23,0.09,0.2,0,5,0,0.24
1125374,Magic,Magic 2014 (M14),Planar Cleansing,29,R,Near Mint,0.24,0.18,0.2,0,12,0,0.24
1125375,Magic,Magic 2014 (M14),Planar Cleansing,29,R,Lightly Played,0.21,0.1,0.18,0,3,0,0.21
1090419,Magic,Magic 2014 (M14),Primeval Bounty,190,M,Near Mint,4.61,4.99,3.74,0,5,0,4.87
1090499,Magic,Magic 2014 (M14),Primeval Bounty,190,M,Lightly Played,3.18,3.55,3.19,0,3,0,3.39
1124704,Magic,Magic 2014 (M14),Pyromancer's Gauntlet,214,R,Near Mint,0.16,0.13,0.14,0,9,0,0.16
1124784,Magic,Magic 2014 (M14),Pyromancer's Gauntlet,214,R,Lightly Played,0.15,0.1,0.08,0,3,0,0.15
1125504,Magic,Magic 2014 (M14),Quicken,68,R,Near Mint,0.27,0.29,0.19,0,7,0,0.29
1125505,Magic,Magic 2014 (M14),Quicken,68,R,Lightly Played,0.24,,0.24,0,3,0,0.26
1098574,Magic,Magic 2014 (M14),Ratchet Bomb,215,R,Near Mint,0.97,1.13,0.69,0,8,0,0.95
1098575,Magic,Magic 2014 (M14),Ratchet Bomb,215,R,Lightly Played,0.76,1.04,0.76,0,1,0,0.9
1098594,Magic,Magic 2014 (M14),Ring of Three Wishes,216,M,Near Mint,2.07,2.49,1.89,0,1,0,2.08
1098595,Magic,Magic 2014 (M14),Ring of Three Wishes,216,M,Lightly Played,2,1.89,1.71,0,4,0,2
1098604,Magic,Magic 2014 (M14),Rise of the Dark Realms,111,M,Near Mint,9.24,11.49,9.96,0,1,0,9.48
1125654,Magic,Magic 2014 (M14),Sanguine Bond,112,R,Near Mint,1.31,0.87,0.71,0,6,0,1.31
1125655,Magic,Magic 2014 (M14),Sanguine Bond,112,R,Lightly Played,1.07,0.73,0.69,0,7,0,1.07
1090410,Magic,Magic 2014 (M14),Savage Summoning,194,R,Near Mint,0.22,0.16,0.19,0,13,0,0.23
1090490,Magic,Magic 2014 (M14),Savage Summoning,194,R,Lightly Played,0.2,0.1,0.19,0,18,0,0.19
1098634,Magic,Magic 2014 (M14),Scavenging Ooze,195,R,Near Mint,2.2,2.49,1.9,0,1,0,2.12
1098635,Magic,Magic 2014 (M14),Scavenging Ooze,195,R,Lightly Played,2.12,2.33,1.98,0,1,0,2.04
1098644,Magic,Magic 2014 (M14),Scourge of Valkas,151,M,Near Mint,2.65,0.98,0.99,0,4,0,2.65
1098694,Magic,Magic 2014 (M14),Seraph of the Sword,31,R,Near Mint,0.47,0.47,0.41,0,8,0,0.48
1098695,Magic,Magic 2014 (M14),Seraph of the Sword,31,R,Lightly Played,0.34,0.34,0.3,0,5,0,0.35
1098724,Magic,Magic 2014 (M14),Shadowborn Demon,115,M,Near Mint,0.58,,0.25,0,6,0,0.6
1124504,Magic,Magic 2014 (M14),Shivan Dragon,154,R,Near Mint,0.12,0.08,0.1,0,4,0,0.12
1124505,Magic,Magic 2014 (M14),Shivan Dragon,154,R,Lightly Played,0.11,0.09,0.1,0,1,0,0.11
1125394,Magic,Magic 2014 (M14),Silence,35,R,Near Mint,1.2,1.34,0.93,0,5,0,1.22
1125395,Magic,Magic 2014 (M14),Silence,35,R,Lightly Played,1.12,,0.75,0,4,0,1.15
1124604,Magic,Magic 2014 (M14),Strionic Resonator,224,R,Near Mint,4.33,,3.99,0,13,0,4.37
1124605,Magic,Magic 2014 (M14),Strionic Resonator,224,R,Lightly Played,4.12,,4,0,6,0,4.06
1124714,Magic,Magic 2014 (M14),Syphon Sliver,117,R,Near Mint,1.86,,1.49,0,1,0,1.81
1124794,Magic,Magic 2014 (M14),Syphon Sliver,117,R,Lightly Played,1.78,,1.48,0,3,0,1.75
1097754,Magic,Magic 2014 (M14),Thorncaster Sliver,158,R,Near Mint,0.4,0.29,0.29,0,4,0,0.4
1097755,Magic,Magic 2014 (M14),Thorncaster Sliver,158,R,Lightly Played,0.38,0.33,0.29,0,4,0,0.38
1124464,Magic,Magic 2014 (M14),Tidebinder Mage,73,R,Near Mint,0.35,0.19,0.18,0,29,0,0.37
1124465,Magic,Magic 2014 (M14),Tidebinder Mage,73,R,Lightly Played,0.23,0.2,0.17,0,3,0,0.22
1125124,Magic,Magic 2014 (M14),Trading Post,225,R,Near Mint,0.27,0.17,0.2,0,13,0,0.26
1125125,Magic,Magic 2014 (M14),Trading Post,225,R,Lightly Played,0.21,0.16,0.2,0,5,0,0.21
1125544,Magic,Magic 2014 (M14),Traumatize,77,R,Near Mint,1.9,1.98,1.4,0,5,0,1.86
1125545,Magic,Magic 2014 (M14),Traumatize,77,R,Lightly Played,1.7,1.7,1.54,0,5,0,1.72
1090416,Magic,Magic 2014 (M14),Vastwood Hydra,198,R,Near Mint,0.83,,0.73,0,3,0,0.83
1090496,Magic,Magic 2014 (M14),Vastwood Hydra,198,R,Lightly Played,0.75,,0.65,0,1,0,0.74
1125304,Magic,Magic 2014 (M14),Wild Ricochet,162,R,Near Mint,0.25,0.19,0.2,0,10,0,0.26
1125305,Magic,Magic 2014 (M14),Wild Ricochet,162,R,Lightly Played,0.24,0.17,0.25,0,2,0,0.24
1097654,Magic,Magic 2014 (M14),Windreader Sphinx,81,M,Near Mint,0.71,0.63,0.7,0,6,0,0.7
1097655,Magic,Magic 2014 (M14),Windreader Sphinx,81,M,Lightly Played,0.63,0.63,0.49,0,1,0,0.57
1124564,Magic,Magic 2014 (M14),Witchstalker,202,R,Near Mint,0.3,0.18,0.2,0,4,0,0.31
1124565,Magic,Magic 2014 (M14),Witchstalker,202,R,Lightly Played,0.24,0.09,0.18,0,7,0,0.25
1124718,Magic,Magic 2014 (M14),Xathrid Necromancer,123,R,Near Mint,0.28,0.19,0.2,0,20,0,0.28
1124798,Magic,Magic 2014 (M14),Xathrid Necromancer,123,R,Lightly Played,0.24,0.09,0.16,0,16,0,0.24
1226831,Magic,Magic 2015 (M15),Aegis Angel,270,R,Near Mint,0.16,,0.09,0,7,0,0.17
1226832,Magic,Magic 2015 (M15),Aegis Angel,270,R,Lightly Played,0.13,,0.1,0,3,0,0.12
1229862,Magic,Magic 2015 (M15),Aetherspouts,44,R,Near Mint,0.35,0.37,0.24,0,19,0,0.33
1229863,Magic,Magic 2015 (M15),Aetherspouts,44,R,Lightly Played,0.32,0.32,0.2,0,12,0,0.27
1228477,Magic,Magic 2015 (M15),Aggressive Mining,127,R,Near Mint,0.2,0.08,0.08,0,8,0,0.21
1228478,Magic,Magic 2015 (M15),Aggressive Mining,127,R,Lightly Played,0.18,0.1,0.09,0,2,0,0.19
1228890,Magic,Magic 2015 (M15),"Avacyn, Guardian Angel",3,R,Near Mint,0.43,0.45,0.3,0,9,0,0.44
1228891,Magic,Magic 2015 (M15),"Avacyn, Guardian Angel",3,R,Lightly Played,0.37,0.26,0.25,0,6,0,0.28
1227091,Magic,Magic 2015 (M15),Avarice Amulet,212,R,Near Mint,0.13,,0.1,0,1,0,0.13
1227092,Magic,Magic 2015 (M15),Avarice Amulet,212,R,Lightly Played,0.11,0.09,0.09,0,3,0,0.12
1229061,Magic,Magic 2015 (M15),Battlefield Forge,240,R,Near Mint,0.63,0.48,0.5,0,16,0,0.64
1229062,Magic,Magic 2015 (M15),Battlefield Forge,240,R,Lightly Played,0.58,0.51,0.44,0,6,0,0.55
1226581,Magic,Magic 2015 (M15),Burning Anger,133,R,Near Mint,0.16,0.09,0.09,0,10,0,0.16
1226582,Magic,Magic 2015 (M15),Burning Anger,133,R,Lightly Played,0.11,0.08,0.08,0,5,0,0.1
1229071,Magic,Magic 2015 (M15),Caves of Koilos,241,R,Near Mint,0.63,0.59,0.5,0,5,0,0.65
1229072,Magic,Magic 2015 (M15),Caves of Koilos,241,R,Lightly Played,0.74,0.59,0.73,0,9,0,0.65
1228772,Magic,Magic 2015 (M15),"Chandra, Pyromaster",134,M,Near Mint,1.57,,1.52,0,5,0,1.54
1228773,Magic,Magic 2015 (M15),"Chandra, Pyromaster",134,M,Lightly Played,1.49,1.35,1.49,0,6,0,1.47
1226381,Magic,Magic 2015 (M15),Chasm Skulker,46,R,Near Mint,3.16,3.73,2.77,0,6,0,3.02
1226382,Magic,Magic 2015 (M15),Chasm Skulker,46,R,Lightly Played,2.65,2.85,2.98,0,1,0,2.6
1229202,Magic,Magic 2015 (M15),Chief Engineer,47,R,Near Mint,0.28,0.16,0.18,0,20,0,0.27
1229203,Magic,Magic 2015 (M15),Chief Engineer,47,R,Lightly Played,0.25,0.15,0.16,0,3,0,0.27
1229182,Magic,Magic 2015 (M15),Chord of Calling,172,R,Near Mint,10.52,10.75,9.92,0,1,0,9.75
1228930,Magic,Magic 2015 (M15),Crucible of Fire,139,R,Near Mint,0.72,0.29,0.29,0,12,0,0.72
1228931,Magic,Magic 2015 (M15),Crucible of Fire,139,R,Lightly Played,0.36,0.16,0.16,0,5,0,0.44
1226491,Magic,Magic 2015 (M15),Cruel Sadist,93,R,Near Mint,0.12,0.09,0.1,0,15,0,0.13
1226492,Magic,Magic 2015 (M15),Cruel Sadist,93,R,Lightly Played,0.1,0.09,0.08,0,4,0,0.1
1183268,Magic,Magic 2015 (M15),Genesis Hydra,176,R,Near Mint,0.57,,0.34,0,13,0,0.59
1183269,Magic,Magic 2015 (M15),Genesis Hydra,176,R,Lightly Played,0.49,0.41,0.31,0,7,0,0.49
1228487,Magic,Magic 2015 (M15),Goblin Kaboomist,144,R,Near Mint,0.14,0.08,0.1,0,13,0,0.14
1228488,Magic,Magic 2015 (M15),Goblin Kaboomist,144,R,Lightly Played,0.13,0.08,0.09,0,3,0,0.13
1226591,Magic,Magic 2015 (M15),Goblin Rabblemaster,145,R,Near Mint,2.47,,2.12,0,8,0,2.39
1226592,Magic,Magic 2015 (M15),Goblin Rabblemaster,145,R,Lightly Played,2.69,2.84,1.93,0,7,0,2.53
1231073,Magic,Magic 2015 (M15),Grindclock,217,R,Near Mint,0.19,0.08,0.1,0,6,0,0.19
1232103,Magic,Magic 2015 (M15),Haunted Plate Mail,218,R,Near Mint,0.09,0.07,0.08,0,6,0,0.09
1228100,Magic,Magic 2015 (M15),Hoarding Dragon,149,R,Near Mint,0.16,0.09,0.1,0,12,0,0.16
1228101,Magic,Magic 2015 (M15),Hoarding Dragon,149,R,Lightly Played,0.13,0.09,0.12,0,4,0,0.13
1231873,Magic,Magic 2015 (M15),Hornet Nest,177,R,Near Mint,0.83,0.9,0.47,0,12,0,0.82
1231874,Magic,Magic 2015 (M15),Hornet Nest,177,R,Lightly Played,0.74,0.74,0.46,0,7,0,0.62
1231875,Magic,Magic 2015 (M15),Hornet Nest,177,R,Moderately Played,0.68,0.81,0.5,0,1,0,0.69
1228140,Magic,Magic 2015 (M15),Hornet Queen,178,R,Near Mint,1.41,,1.11,0,9,0,1.29
1228141,Magic,Magic 2015 (M15),Hornet Queen,178,R,Lightly Played,1.24,,1,0,9,0,1.04
1229106,Magic,Magic 2015 (M15),Hushwing Gryff,15,R,Near Mint,0.21,0.14,0.15,0,18,0,0.22
1229107,Magic,Magic 2015 (M15),Hushwing Gryff,15,R,Lightly Played,0.21,0.12,0.11,0,5,0,0.23
1228235,Magic,Magic 2015 (M15),In Garruk's Wake,100,R,Near Mint,0.42,0.34,0.25,0,4,0,0.43
1228236,Magic,Magic 2015 (M15),In Garruk's Wake,100,R,Lightly Played,0.29,0.26,0.25,0,1,0,0.27
1226511,Magic,Magic 2015 (M15),Indulgent Tormentor,101,R,Near Mint,0.43,,0.3,0,20,0,0.43
1226512,Magic,Magic 2015 (M15),Indulgent Tormentor,101,R,Lightly Played,0.3,0.28,0.26,0,3,0,0.3
1229041,Magic,Magic 2015 (M15),"Jace, the Living Guildpact",62,M,Near Mint,2.18,2.18,1.82,0,6,0,2.23
1229042,Magic,Magic 2015 (M15),"Jace, the Living Guildpact",62,M,Lightly Played,1.62,,1.18,0,4,0,1.61
1226411,Magic,Magic 2015 (M15),"Jalira, Master Polymorphist",64,R,Near Mint,0.17,0.15,0.18,0,9,0,0.17
1231513,Magic,Magic 2015 (M15),Kalonian Twingrove,182,R,Near Mint,0.25,0.22,0.22,0,6,0,0.22
1231514,Magic,Magic 2015 (M15),Kalonian Twingrove,182,R,Lightly Played,0.24,0.14,0.22,0,2,0,0.26
1231023,Magic,Magic 2015 (M15),"Kurkesh, Onakke Ancient",153,R,Near Mint,0.13,0.09,0.1,0,11,0,0.14
1231024,Magic,Magic 2015 (M15),"Kurkesh, Onakke Ancient",153,R,Lightly Played,0.14,0.09,0.14,0,2,0,0.15
1229051,Magic,Magic 2015 (M15),Life's Legacy,183,R,Near Mint,0.38,0.35,0.2,0,15,0,0.37
1229052,Magic,Magic 2015 (M15),Life's Legacy,183,R,Lightly Played,0.36,0.43,0.28,0,4,0,0.32
1228802,Magic,Magic 2015 (M15),Liliana Vess,103,M,Near Mint,5.86,,5.48,0,1,0,5.83
1229076,Magic,Magic 2015 (M15),Llanowar Wastes,244,R,Near Mint,0.75,,0.71,0,9,0,0.68
1229077,Magic,Magic 2015 (M15),Llanowar Wastes,244,R,Lightly Played,0.68,,0.47,0,2,0,0.69
1226881,Magic,Magic 2015 (M15),Mahamoti Djinn,275,R,Near Mint,0.13,0.08,0.09,0,10,0,0.13
1226882,Magic,Magic 2015 (M15),Mahamoti Djinn,275,R,Lightly Played,0.09,0.07,0.07,0,5,0,0.09
1227960,Magic,Magic 2015 (M15),Mass Calcify,18,R,Near Mint,0.28,,0.1,0,11,0,0.26
1227961,Magic,Magic 2015 (M15),Mass Calcify,18,R,Lightly Played,0.28,0.24,0.19,0,4,0,0.27
1228457,Magic,Magic 2015 (M15),Master of Predicaments,67,R,Near Mint,0.14,,0.1,0,24,0,0.15
1228458,Magic,Magic 2015 (M15),Master of Predicaments,67,R,Lightly Played,0.13,0.09,0.1,0,2,0,0.14
1226421,Magic,Magic 2015 (M15),Mercurial Pretender,68,R,Near Mint,0.14,0.09,0.1,0,5,0,0.15
1229166,Magic,Magic 2015 (M15),Necromancer's Stockpile,108,R,Near Mint,0.22,0.22,0.14,0,8,0,0.22
1229167,Magic,Magic 2015 (M15),Necromancer's Stockpile,108,R,Lightly Played,0.18,0.18,0.16,0,6,0,0.18
1226891,Magic,Magic 2015 (M15),Nightmare,276,R,Near Mint,0.16,0.09,0.1,0,10,0,0.16
1226892,Magic,Magic 2015 (M15),Nightmare,276,R,Lightly Played,0.1,0.07,0.09,0,3,0,0.1
1228812,Magic,Magic 2015 (M15),"Nissa, Worldwaker",187,M,Near Mint,3.99,,4.05,0,2,0,4
1228467,Magic,Magic 2015 (M15),"Ob Nixilis, Unshackled",110,R,Near Mint,2.47,,1.99,0,12,0,2.26
1228782,Magic,Magic 2015 (M15),Obelisk of Urd,222,R,Near Mint,3.03,,3.39,0,14,0,2.96
1228783,Magic,Magic 2015 (M15),Obelisk of Urd,222,R,Lightly Played,2.92,3.13,3.38,0,6,0,3.05
1228971,Magic,Magic 2015 (M15),Perilous Vault,224,M,Near Mint,1.03,,0.99,0,7,0,1.06
1228972,Magic,Magic 2015 (M15),Perilous Vault,224,M,Lightly Played,1.02,1,0.5,0,2,0,0.91
1228981,Magic,Magic 2015 (M15),Phyrexian Revoker,225,R,Near Mint,0.88,1.15,0.45,0,22,0,0.83
1228982,Magic,Magic 2015 (M15),Phyrexian Revoker,225,R,Lightly Played,0.93,0.93,0.82,0,11,0,0.95
1226641,Magic,Magic 2015 (M15),Phytotitan,191,R,Near Mint,0.2,,0.12,0,3,0,0.21
1231763,Magic,Magic 2015 (M15),Polymorphist's Jest,75,R,Near Mint,0.92,0.43,0.45,0,17,0,0.92
1231764,Magic,Magic 2015 (M15),Polymorphist's Jest,75,R,Lightly Played,0.41,0.4,0.38,0,2,0,0.43
1229021,Magic,Magic 2015 (M15),Preeminent Captain,25,R,Near Mint,0.44,0.33,0.33,0,6,0,0.43
1229022,Magic,Magic 2015 (M15),Preeminent Captain,25,R,Lightly Played,0.35,0.35,0.22,0,3,0,0.35
1226351,Magic,Magic 2015 (M15),Resolute Archangel,28,R,Near Mint,0.58,0.52,0.27,0,9,0,0.51
1226352,Magic,Magic 2015 (M15),Resolute Archangel,28,R,Lightly Played,0.5,0.47,0.24,0,4,0,0.45
1228427,Magic,Magic 2015 (M15),Return to the Ranks,29,R,Near Mint,0.78,0.89,0.45,0,9,0,0.82
1228428,Magic,Magic 2015 (M15),Return to the Ranks,29,R,Lightly Played,0.79,0.78,0.7,0,7,0,0.73
1231523,Magic,Magic 2015 (M15),Scuttling Doom Engine,229,R,Near Mint,0.16,0.1,0.11,0,21,0,0.15
1231524,Magic,Magic 2015 (M15),Scuttling Doom Engine,229,R,Lightly Played,0.21,0.09,0.16,0,3,0,0.21
1228527,Magic,Magic 2015 (M15),Shield of the Avatar,230,R,Near Mint,0.2,0.08,0.1,0,10,0,0.21
1226931,Magic,Magic 2015 (M15),Shivan Dragon,281,R,Near Mint,0.16,0.08,0.1,0,9,0,0.16
1226932,Magic,Magic 2015 (M15),Shivan Dragon,281,R,Lightly Played,0.09,0.07,0.08,0,1,0,0.1
1229086,Magic,Magic 2015 (M15),Shivan Reef,246,R,Near Mint,1.99,,1.85,0,4,0,1.88
1229087,Magic,Magic 2015 (M15),Shivan Reef,246,R,Lightly Played,1.83,2,1.68,0,3,0,1.77
1226621,Magic,Magic 2015 (M15),Siege Dragon,162,R,Near Mint,0.2,0.18,0.2,0,7,0,0.2
1226622,Magic,Magic 2015 (M15),Siege Dragon,162,R,Lightly Played,0.18,0.1,0.17,0,2,0,0.17
1228547,Magic,Magic 2015 (M15),Sliver Hive,247,R,Near Mint,5.38,5.38,5.37,0,3,0,5.59
1228548,Magic,Magic 2015 (M15),Sliver Hive,247,R,Lightly Played,5.05,,5.29,0,4,0,4.89
1228762,Magic,Magic 2015 (M15),Soul of Innistrad,115,M,Near Mint,0.76,0.64,0.39,0,12,0,0.76
1228763,Magic,Magic 2015 (M15),Soul of Innistrad,115,M,Lightly Played,0.47,0.47,0.31,0,5,0,0.46
1228537,Magic,Magic 2015 (M15),Soul of New Phyrexia,231,M,Near Mint,1.54,,1.35,0,9,0,1.56
1228538,Magic,Magic 2015 (M15),Soul of New Phyrexia,231,M,Lightly Played,1.61,1.75,1.26,0,3,0,1.52
1226471,Magic,Magic 2015 (M15),Soul of Ravnica,78,M,Near Mint,0.27,0.23,0.23,0,11,0,0.28
1226472,Magic,Magic 2015 (M15),Soul of Ravnica,78,M,Lightly Played,0.23,0.22,0.22,0,2,0,0.23
1228497,Magic,Magic 2015 (M15),Soul of Shandalar,163,M,Near Mint,0.23,0.19,0.18,0,15,0,0.25
1228498,Magic,Magic 2015 (M15),Soul of Shandalar,163,M,Lightly Played,0.2,0.2,0.2,0,3,0,0.2
1228822,Magic,Magic 2015 (M15),Soul of Theros,34,M,Near Mint,0.38,,0.26,0,10,0,0.37
1228823,Magic,Magic 2015 (M15),Soul of Theros,34,M,Lightly Played,0.3,0.25,0.23,0,3,0,0.29
1226661,Magic,Magic 2015 (M15),Soul of Zendikar,201,M,Near Mint,0.3,0.21,0.28,0,11,0,0.31
1226662,Magic,Magic 2015 (M15),Soul of Zendikar,201,M,Lightly Played,0.24,0.21,0.17,0,7,0,0.24
1231663,Magic,Magic 2015 (M15),Spectra Ward,36,R,Near Mint,0.66,0.84,0.35,0,5,0,0.62
1228437,Magic,Magic 2015 (M15),Spirit Bonds,37,R,Near Mint,0.26,0.14,0.15,0,10,0,0.24
1228438,Magic,Magic 2015 (M15),Spirit Bonds,37,R,Lightly Played,0.21,0.19,0.17,0,4,0,0.21
1230978,Magic,Magic 2015 (M15),Stain the Mind,117,R,Near Mint,0.15,0.08,0.09,0,16,0,0.15
1230979,Magic,Magic 2015 (M15),Stain the Mind,117,R,Lightly Played,0.09,0.08,0.09,0,6,0,0.11
1228025,Magic,Magic 2015 (M15),Stormtide Leviathan,80,R,Near Mint,0.27,0.19,0.2,0,11,0,0.31
1228026,Magic,Magic 2015 (M15),Stormtide Leviathan,80,R,Lightly Played,0.24,0.23,0.09,0,8,0,0.23
1226961,Magic,Magic 2015 (M15),Terra Stomper,284,R,Near Mint,0.22,0.14,0.19,0,3,0,0.22
1226962,Magic,Magic 2015 (M15),Terra Stomper,284,R,Lightly Played,0.2,0.1,0.08,0,3,0,0.21
1231058,Magic,Magic 2015 (M15),The Chain Veil,215,M,Near Mint,3.88,4.49,4,0,7,0,3.86
1231059,Magic,Magic 2015 (M15),The Chain Veil,215,M,Lightly Played,3.57,3.99,3.69,0,3,0,3.68
1162276,Magic,Magic 2015 (M15),Waste Not,122,R,Near Mint,2.71,,3.08,0,3,0,2.74
1162277,Magic,Magic 2015 (M15),Waste Not,122,R,Lightly Played,2.91,,1.99,0,2,0,2.94
1229096,Magic,Magic 2015 (M15),Yavimaya Coast,249,R,Near Mint,0.81,,0.68,0,4,0,0.83
1229097,Magic,Magic 2015 (M15),Yavimaya Coast,249,R,Lightly Played,0.77,,0.75,0,3,0,0.74
1228507,Magic,Magic 2015 (M15),"Yisan, the Wanderer Bard",209,R,Near Mint,0.38,0.31,0.31,0,7,0,0.37
1228508,Magic,Magic 2015 (M15),"Yisan, the Wanderer Bard",209,R,Lightly Played,0.4,0.31,0.4,0,5,0,0.4
2898977,Magic,Magic Origins,Abbot of Keral Keep,127,R,Near Mint,0.46,0.35,0.25,0,29,0,0.48
2900926,Magic,Magic Origins,Aegis Angel,273,R,Near Mint,0.24,0.24,0.15,0,8,0,0.24
2900927,Magic,Magic Origins,Aegis Angel,273,R,Lightly Played,0.16,0.1,0.1,0,7,0,0.15
2895927,Magic,Magic Origins,"Alhammarret, High Arbiter",43,R,Near Mint,0.12,0.09,0.09,0,22,0,0.12
2895928,Magic,Magic Origins,"Alhammarret, High Arbiter",43,R,Lightly Played,0.09,0.09,0.08,0,22,0,0.09
2896983,Magic,Magic Origins,Alhammarret's Archive,221,M,Near Mint,8.06,,8.22,0,1,0,8.53
2896984,Magic,Magic Origins,Alhammarret's Archive,221,M,Lightly Played,7.83,,7.75,0,7,0,7.91
2898997,Magic,Magic Origins,Animist's Awakening,169,R,Near Mint,0.45,0.49,0.37,0,22,0,0.4
2898998,Magic,Magic Origins,Animist's Awakening,169,R,Lightly Played,0.4,,0.3,0,13,0,0.38
2896913,Magic,Magic Origins,Archangel of Tithes,4,M,Near Mint,5.02,6.85,4.93,0,16,0,4.82
2896914,Magic,Magic Origins,Archangel of Tithes,4,M,Lightly Played,4.83,,4.3,0,16,0,4.69
2892644,Magic,Magic Origins,Avaricious Dragon,131,M,Near Mint,0.53,0.32,0.32,0,12,0,0.52
2892645,Magic,Magic Origins,Avaricious Dragon,131,M,Lightly Played,0.3,0.25,0.19,0,11,0,0.35
2897003,Magic,Magic Origins,Battlefield Forge,244,R,Near Mint,0.58,0.49,0.4,0,28,0,0.55
2897004,Magic,Magic Origins,Battlefield Forge,244,R,Lightly Played,0.59,0.47,0.48,0,25,0,0.52
2897023,Magic,Magic Origins,Caves of Koilos,245,R,Near Mint,0.71,0.67,0.48,0,16,0,0.68
2897024,Magic,Magic Origins,Caves of Koilos,245,R,Lightly Played,0.63,0.56,0.47,0,14,0,0.65
2899027,Magic,Magic Origins,"Chandra, Fire of Kaladesh",135,M,Near Mint,2.25,,2.05,0,8,0,2.22
2899028,Magic,Magic Origins,"Chandra, Fire of Kaladesh",135,M,Lightly Played,1.98,,1.74,0,3,0,1.97
2895083,Magic,Magic Origins,Chandra's Ignition,137,R,Near Mint,0.3,0.32,0.17,0,31,0,0.26
2895084,Magic,Magic Origins,Chandra's Ignition,137,R,Lightly Played,0.3,0.15,0.15,0,16,0,0.26
2896344,Magic,Magic Origins,Dark Petition,90,R,Near Mint,1.69,,1.42,0,12,0,1.58
2896345,Magic,Magic Origins,Dark Petition,90,R,Lightly Played,1.61,,1.15,0,7,0,1.57
2896409,Magic,Magic Origins,Day's Undoing,51,M,Near Mint,2.12,2.1,2,0,16,0,2.07
2896410,Magic,Magic Origins,Day's Undoing,51,M,Lightly Played,1.98,2.03,1.89,0,13,0,1.9
2897277,Magic,Magic Origins,Demonic Pact,92,M,Near Mint,0.69,0.48,0.57,0,15,0,0.76
2897278,Magic,Magic Origins,Demonic Pact,92,M,Lightly Played,0.47,0.33,0.42,0,8,0,0.5
2899017,Magic,Magic Origins,Despoiler of Souls,93,R,Near Mint,0.1,0.09,0.09,0,23,0,0.1
2899018,Magic,Magic Origins,Despoiler of Souls,93,R,Lightly Played,0.09,0.09,0.09,0,18,0,0.09
2899632,Magic,Magic Origins,Disciple of the Ring,53,M,Near Mint,0.45,0.43,0.3,0,25,0,0.45
2899633,Magic,Magic Origins,Disciple of the Ring,53,M,Lightly Played,0.34,0.28,0.27,0,11,0,0.32
2896304,Magic,Magic Origins,Displacement Wave,55,R,Near Mint,0.15,0.09,0.1,0,20,0,0.15
2896305,Magic,Magic Origins,Displacement Wave,55,R,Lightly Played,0.12,,0.1,0,4,0,0.13
2895506,Magic,Magic Origins,"Dwynen, Gilt-Leaf Daen",172,R,Near Mint,0.56,0.52,0.17,0,25,0,0.52
2895507,Magic,Magic Origins,"Dwynen, Gilt-Leaf Daen",172,R,Lightly Played,0.48,0.42,0.35,0,6,0,0.42
2898947,Magic,Magic Origins,Embermaw Hellion,141,R,Near Mint,0.14,0.1,0.1,0,32,0,0.14
2898948,Magic,Magic Origins,Embermaw Hellion,141,R,Lightly Played,0.09,0.08,0.08,0,17,0,0.09
2900356,Magic,Magic Origins,Erebos's Titan,94,M,Near Mint,0.24,0.22,0.15,0,12,0,0.24
2900357,Magic,Magic Origins,Erebos's Titan,94,M,Lightly Played,0.21,0.21,0.18,0,8,0,0.22
2900025,Magic,Magic Origins,Evolutionary Leap,176,R,Near Mint,0.4,,0.25,0,35,0,0.35
2900026,Magic,Magic Origins,Evolutionary Leap,176,R,Lightly Played,0.35,0.36,0.25,0,38,0,0.36
2896993,Magic,Magic Origins,Exquisite Firecraft,143,R,Near Mint,0.93,1.03,0.49,0,20,0,0.92
2896994,Magic,Magic Origins,Exquisite Firecraft,143,R,Lightly Played,0.65,,0.5,0,13,0,0.74
2896324,Magic,Magic Origins,Flameshadow Conjuring,147,R,Near Mint,0.21,0.16,0.17,0,21,0,0.26
2896325,Magic,Magic Origins,Flameshadow Conjuring,147,R,Lightly Played,0.25,0.24,0.16,0,8,0,0.25
2898967,Magic,Magic Origins,Gaea's Revenge,177,R,Near Mint,0.21,0.13,0.15,0,19,0,0.24
2898968,Magic,Magic Origins,Gaea's Revenge,177,R,Lightly Played,0.14,0.13,0.13,0,18,0,0.15
2899642,Magic,Magic Origins,Gideon's Phalanx,14,R,Near Mint,0.13,0.09,0.1,0,22,0,0.13
2899643,Magic,Magic Origins,Gideon's Phalanx,14,R,Lightly Played,0.1,,0.08,0,16,0,0.09
2899647,Magic,Magic Origins,Gilt-Leaf Winnower,99,R,Near Mint,0.14,0.1,0.1,0,19,0,0.15
2899648,Magic,Magic Origins,Gilt-Leaf Winnower,99,R,Lightly Played,0.11,0.09,0.1,0,18,0,0.11
2897327,Magic,Magic Origins,Goblin Piledriver,151,R,Near Mint,1.97,2.07,1.65,0,30,0,1.83
2897328,Magic,Magic Origins,Goblin Piledriver,151,R,Lightly Played,1.8,,1.7,0,12,0,1.9
2898927,Magic,Magic Origins,Graveblade Marauder,101,R,Near Mint,0.19,,0.1,0,27,0,0.18
2898928,Magic,Magic Origins,Graveblade Marauder,101,R,Lightly Played,0.12,,0.09,0,10,0,0.12
2898917,Magic,Magic Origins,Hallowed Moonlight,16,R,Near Mint,0.2,0.12,0.11,0,32,0,0.21
2898918,Magic,Magic Origins,Hallowed Moonlight,16,R,Lightly Played,0.1,0.08,0.09,0,19,0,0.1
2899652,Magic,Magic Origins,Hangarback Walker,229,R,Near Mint,3.27,3.23,2.98,0,33,0,3.22
2899653,Magic,Magic Origins,Hangarback Walker,229,R,Lightly Played,3.19,3.14,3,0,24,0,3.11
2897952,Magic,Magic Origins,Harbinger of the Tides,58,R,Near Mint,0.42,0.4,0.27,0,20,0,0.4
2897953,Magic,Magic Origins,Harbinger of the Tides,58,R,Lightly Played,0.28,0.12,0.2,0,20,0,0.33
2898937,Magic,Magic Origins,Helm of the Gods,230,R,Near Mint,0.21,0.18,0.15,0,20,0,0.19
2898938,Magic,Magic Origins,Helm of the Gods,230,R,Lightly Played,0.17,0.1,0.14,0,12,0,0.16
2899657,Magic,Magic Origins,Herald of the Pantheon,180,R,Near Mint,0.31,0.23,0.22,0,20,0,0.28
2899658,Magic,Magic Origins,Herald of the Pantheon,180,R,Lightly Played,0.29,0.22,0.18,0,8,0,0.24
2895957,Magic,Magic Origins,"Hixus, Prison Warden",19,R,Near Mint,0.14,0.09,0.09,0,26,0,0.13
2895958,Magic,Magic Origins,"Hixus, Prison Warden",19,R,Lightly Played,0.08,0.07,0.08,0,12,0,0.08
2896354,Magic,Magic Origins,Honored Hierarch,182,R,Near Mint,0.12,0.09,0.09,0,21,0,0.13
2896355,Magic,Magic Origins,Honored Hierarch,182,R,Lightly Played,0.11,0.08,0.08,0,16,0,0.11
2897962,Magic,Magic Origins,Infinite Obliteration,103,R,Near Mint,0.21,0.15,0.08,0,20,0,0.2
2897963,Magic,Magic Origins,Infinite Obliteration,103,R,Lightly Played,0.11,0.1,0.09,0,13,0,0.12
2896973,Magic,Magic Origins,Jace's Sanctum,61,R,Near Mint,0.58,0.75,0.41,0,18,0,0.72
2896974,Magic,Magic Origins,Jace's Sanctum,61,R,Lightly Played,0.58,,0.4,0,7,0,0.58
2897567,Magic,Magic Origins,Knight of the White Orchid,21,R,Near Mint,1.05,,0.83,0,11,0,1.05
2897568,Magic,Magic Origins,Knight of the White Orchid,21,R,Lightly Played,0.94,0.95,0.79,0,4,0,0.93
2895887,Magic,Magic Origins,"Kothophed, Soul Hoarder",104,R,Near Mint,0.18,0.12,0.1,0,30,0,0.17
2895888,Magic,Magic Origins,"Kothophed, Soul Hoarder",104,R,Lightly Played,0.14,0.08,0.1,0,7,0,0.15
2894827,Magic,Magic Origins,"Kytheon, Hero of Akros",23,M,Near Mint,2.75,,2.5,0,6,0,3.02
2894828,Magic,Magic Origins,"Kytheon, Hero of Akros",23,M,Lightly Played,2.58,2.4,2.58,0,1,0,2.61
2896963,Magic,Magic Origins,Kytheon's Irregulars,24,R,Near Mint,0.12,0.1,0.1,0,32,0,0.12
2896964,Magic,Magic Origins,Kytheon's Irregulars,24,R,Lightly Played,0.1,0.09,0.09,0,24,0,0.11
2895837,Magic,Magic Origins,Languish,105,R,Near Mint,0.51,0.4,0.39,0,17,0,0.51
2895838,Magic,Magic Origins,Languish,105,R,Lightly Played,0.41,0.37,0.4,0,7,0,0.44
2742579,Magic,Magic Origins,"Liliana, Heretical Healer",106,M,Near Mint,8.35,,7.79,0,6,0,8.25
2742580,Magic,Magic Origins,"Liliana, Heretical Healer",106,M,Lightly Played,7.4,,7.15,0,2,0,7.34
2897033,Magic,Magic Origins,Llanowar Wastes,248,R,Near Mint,0.86,0.89,0.7,0,23,0,0.84
2897034,Magic,Magic Origins,Llanowar Wastes,248,R,Lightly Played,0.75,,0.39,0,18,0,0.67
2900015,Magic,Magic Origins,Mage-Ring Responder,232,R,Near Mint,0.12,0.1,0.1,0,31,0,0.11
2900016,Magic,Magic Origins,Mage-Ring Responder,232,R,Lightly Played,0.09,0.07,0.09,0,15,0,0.09
2900951,Magic,Magic Origins,Mahamoti Djinn,278,R,Near Mint,0.16,0.1,0.1,0,11,0,0.16
2900952,Magic,Magic Origins,Mahamoti Djinn,278,R,Lightly Played,0.09,0.08,0.08,0,3,0,0.09
2896859,Magic,Magic Origins,Managorger Hydra,186,R,Near Mint,1.36,1.37,1.05,0,29,0,1.34
2896860,Magic,Magic Origins,Managorger Hydra,186,R,Lightly Played,1.26,1.28,0.98,0,19,0,1.18
2896374,Magic,Magic Origins,Mizzium Meddler,64,R,Near Mint,0.14,,0.1,0,17,0,0.14
2896375,Magic,Magic Origins,Mizzium Meddler,64,R,Lightly Played,0.11,,0.09,0,17,0,0.11
2898002,Magic,Magic Origins,Molten Vortex,156,R,Near Mint,0.28,0.17,0.18,0,16,0,0.28
2898003,Magic,Magic Origins,Molten Vortex,156,R,Lightly Played,0.2,0.16,0.09,0,14,0,0.18
2900971,Magic,Magic Origins,Nightmare,282,R,Near Mint,0.15,0.1,0.1,0,11,0,0.15
2900972,Magic,Magic Origins,Nightmare,282,R,Lightly Played,0.11,0.1,0.1,0,2,0,0.11
2895801,Magic,Magic Origins,"Nissa, Vastwood Seer",189,M,Near Mint,5.13,,5.37,0,3,0,5.21
2895802,Magic,Magic Origins,"Nissa, Vastwood Seer",189,M,Lightly Played,4.48,4.45,4.45,0,3,0,4.6
2900636,Magic,Magic Origins,Nissa's Revelation,191,R,Near Mint,0.16,0.08,0.09,0,20,0,0.17
2900637,Magic,Magic Origins,Nissa's Revelation,191,R,Lightly Played,0.1,0.07,0.08,0,13,0,0.1
2900816,Magic,Magic Origins,Orbs of Warding,234,R,Near Mint,0.3,0.24,0.25,0,25,0,0.35
2900817,Magic,Magic Origins,Orbs of Warding,234,R,Lightly Played,0.3,0.19,0.2,0,4,0,0.26
2899667,Magic,Magic Origins,Outland Colossus,193,R,Near Mint,0.15,0.09,0.1,0,39,0,0.14
2899668,Magic,Magic Origins,Outland Colossus,193,R,Lightly Played,0.08,0.06,0.06,0,18,0,0.08
2895486,Magic,Magic Origins,Pia and Kiran Nalaar,157,R,Near Mint,0.84,0.82,0.54,0,15,0,0.75
2895487,Magic,Magic Origins,Pia and Kiran Nalaar,157,R,Lightly Played,0.69,0.7,0.6,0,11,0,0.6
2898987,Magic,Magic Origins,Priest of the Blood Rite,112,R,Near Mint,0.14,0.08,0.1,0,30,0,0.14
2898988,Magic,Magic Origins,Priest of the Blood Rite,112,R,Lightly Played,0.1,0.08,0.09,0,9,0,0.1
2898212,Magic,Magic Origins,Pyromancer's Goggles,236,M,Near Mint,3.18,,2.92,0,6,0,3.1
2898213,Magic,Magic Origins,Pyromancer's Goggles,236,M,Lightly Played,2.79,2.63,2.83,0,4,0,2.75
2896364,Magic,Magic Origins,Relic Seeker,29,R,Near Mint,0.16,0.09,0.1,0,28,0,0.2
2896365,Magic,Magic Origins,Relic Seeker,29,R,Lightly Played,0.12,,0.09,0,8,0,0.12
2899677,Magic,Magic Origins,Scab-Clan Berserker,160,R,Near Mint,0.2,0.12,0.11,0,26,0,0.2
2899678,Magic,Magic Origins,Scab-Clan Berserker,160,R,Lightly Played,0.13,0.09,0.1,0,15,0,0.14
2900986,Magic,Magic Origins,Shivan Dragon,285,R,Near Mint,0.14,0.14,0.13,0,11,0,0.14
2900987,Magic,Magic Origins,Shivan Dragon,285,R,Lightly Played,0.13,0.09,0.1,0,1,0,0.13
2897013,Magic,Magic Origins,Shivan Reef,251,R,Near Mint,2.13,,1.89,0,11,0,1.97
2897014,Magic,Magic Origins,Shivan Reef,251,R,Lightly Played,1.81,,2,0,4,0,1.87
2900136,Magic,Magic Origins,Sigil of the Empty Throne,31,R,Near Mint,0.33,0.22,0.24,0,24,0,0.32
2900137,Magic,Magic Origins,Sigil of the Empty Throne,31,R,Lightly Played,0.22,0.16,0.22,0,6,0,0.22
2897287,Magic,Magic Origins,Soulblade Djinn,75,R,Near Mint,0.12,0.08,0.09,0,32,0,0.12
2897288,Magic,Magic Origins,Soulblade Djinn,75,R,Lightly Played,0.09,0.08,0.04,0,19,0,0.09
2896314,Magic,Magic Origins,Starfield of Nyx,33,M,Near Mint,2.6,2.84,2.84,0,17,0,2.48
2896315,Magic,Magic Origins,Starfield of Nyx,33,M,Lightly Played,2.58,,2.49,0,9,0,2.41
2900856,Magic,Magic Origins,Sword of the Animist,240,R,Near Mint,1.53,1.53,1.47,0,11,0,1.51
2900857,Magic,Magic Origins,Sword of the Animist,240,R,Lightly Played,1.45,1.31,1.4,0,5,0,1.24
2896334,Magic,Magic Origins,Tainted Remedy,120,R,Near Mint,0.46,0.47,0.37,0,19,0,0.49
2896335,Magic,Magic Origins,Tainted Remedy,120,R,Lightly Played,0.64,0.6,0.38,0,4,0,0.62
2899007,Magic,Magic Origins,Talent of the Telepath,78,R,Near Mint,0.3,0.23,0.25,0,32,0,0.29
2899008,Magic,Magic Origins,Talent of the Telepath,78,R,Lightly Played,0.27,0.24,0.25,0,4,0,0.26
2901001,Magic,Magic Origins,Terra Stomper,288,R,Near Mint,0.28,0.2,0.19,0,6,0,0.28
2901002,Magic,Magic Origins,Terra Stomper,288,R,Lightly Played,0.18,0.15,0.1,0,7,0,0.19
2897972,Magic,Magic Origins,The Great Aurora,179,M,Near Mint,0.41,0.35,0.38,0,22,0,0.41
2897973,Magic,Magic Origins,The Great Aurora,179,M,Lightly Played,0.37,0.31,0.31,0,5,0,0.39
2897992,Magic,Magic Origins,Thopter Spy Network,79,R,Near Mint,0.73,0.7,0.49,0,31,0,0.71
2897993,Magic,Magic Origins,Thopter Spy Network,79,R,Lightly Played,0.62,0.49,0.42,0,11,0,0.55
2899682,Magic,Magic Origins,Tragic Arrogance,38,R,Near Mint,0.23,0.18,0.19,0,21,0,0.22
2899683,Magic,Magic Origins,Tragic Arrogance,38,R,Lightly Played,0.22,0.16,0.17,0,19,0,0.22
2897337,Magic,Magic Origins,Vryn Wingmare,40,R,Near Mint,0.18,0.12,0.1,0,33,0,0.18
2897338,Magic,Magic Origins,Vryn Wingmare,40,R,Lightly Played,0.16,0.11,0.16,0,8,0,0.14
2899945,Magic,Magic Origins,Willbreaker,84,R,Near Mint,0.23,0.19,0.19,0,30,0,0.25
2899946,Magic,Magic Origins,Willbreaker,84,R,Lightly Played,0.22,0.1,0.15,0,12,0,0.19
2896903,Magic,Magic Origins,Woodland Bellower,207,M,Near Mint,1.07,1.25,0.68,0,24,0,1.07
2896904,Magic,Magic Origins,Woodland Bellower,207,M,Lightly Played,1.1,,0.86,0,5,0,0.99
2897043,Magic,Magic Origins,Yavimaya Coast,252,R,Near Mint,0.83,0.95,0.45,0,35,0,0.79
2897044,Magic,Magic Origins,Yavimaya Coast,252,R,Lightly Played,0.73,,0.66,0,13,0,0.72
414269,Magic,Mirrodin Besieged,Black Sun's Zenith,,R,Near Mint,3.81,,3.75,0,5,0,3.54
414437,Magic,Mirrodin Besieged,Black Sun's Zenith,,R,Lightly Played,3.68,,3.68,0,9,0,3.5
414255,Magic,Mirrodin Besieged,Blue Sun's Zenith,,R,Near Mint,1.05,,0.96,0,4,0,1.07
414423,Magic,Mirrodin Besieged,Blue Sun's Zenith,,R,Lightly Played,0.84,,0.5,0,5,0,0.89
413961,Magic,Mirrodin Besieged,Bonehoard,,R,Near Mint,0.15,0.11,0.15,0,2,0,0.15
414234,Magic,Mirrodin Besieged,Bonehoard,,R,Lightly Played,0.15,0.1,0.1,0,32,0,0.14
414513,Magic,Mirrodin Besieged,Contested War Zone,,R,Near Mint,0.36,0.32,0.2,0,4,0,0.35
415045,Magic,Mirrodin Besieged,Contested War Zone,,R,Lightly Played,0.32,0.24,0.25,0,8,0,0.33
414268,Magic,Mirrodin Besieged,Creeping Corrosion,,R,Near Mint,0.98,,0.61,0,9,0,0.91
414504,Magic,Mirrodin Besieged,Cryptoplasm,,R,Near Mint,0.71,,0.57,0,3,0,0.72
415036,Magic,Mirrodin Besieged,Cryptoplasm,,R,Lightly Played,0.65,0.73,0.54,0,6,0,0.67
414541,Magic,Mirrodin Besieged,Darksteel Plate,,R,Near Mint,9.46,11.76,10.11,0,1,0,9.34
414447,Magic,Mirrodin Besieged,Decimator Web,,R,Near Mint,0.24,0.17,0.19,0,7,0,0.25
414475,Magic,Mirrodin Besieged,Decimator Web,,R,Lightly Played,0.18,0.15,0.18,0,29,0,0.19
413944,Magic,Mirrodin Besieged,Distant Memories,,R,Near Mint,0.13,0.1,0.13,0,9,0,0.13
414217,Magic,Mirrodin Besieged,Distant Memories,,R,Lightly Played,0.12,0.09,0.11,0,34,0,0.12
414549,Magic,Mirrodin Besieged,Galvanoth,,R,Near Mint,0.19,0.12,0.18,0,9,0,0.19
415081,Magic,Mirrodin Besieged,Galvanoth,,R,Lightly Played,0.17,0.1,0.16,0,9,0,0.18
413848,Magic,Mirrodin Besieged,"Glissa, the Traitor",,M,Near Mint,1.63,1.59,1.5,0,5,0,1.66
413947,Magic,Mirrodin Besieged,Green Sun's Zenith,,R,Near Mint,5.66,,5.71,0,2,0,5.66
414275,Magic,Mirrodin Besieged,Hellkite Igniter,,R,Near Mint,0.16,0.11,0.13,0,7,0,0.16
414443,Magic,Mirrodin Besieged,Hellkite Igniter,,R,Lightly Played,0.13,0.1,0.1,0,5,0,0.13
414260,Magic,Mirrodin Besieged,Hero of Oxid Ridge,,M,Near Mint,0.7,0.63,0.54,0,5,0,0.71
414428,Magic,Mirrodin Besieged,Hero of Oxid Ridge,,M,Lightly Played,0.6,0.57,0.5,0,7,0,0.62
414258,Magic,Mirrodin Besieged,Knowledge Pool,,R,Near Mint,0.25,,0.2,0,5,0,0.26
414426,Magic,Mirrodin Besieged,Knowledge Pool,,R,Lightly Played,0.18,,0.15,0,33,0,0.19
414539,Magic,Mirrodin Besieged,Magnetic Mine,,R,Near Mint,0.11,0.1,0.1,0,14,0,0.11
415071,Magic,Mirrodin Besieged,Magnetic Mine,,R,Lightly Played,0.1,0.09,0.1,0,27,0,0.1
413838,Magic,Mirrodin Besieged,Mirran Crusader,,R,Near Mint,2.9,,2.49,0,3,0,2.87
413929,Magic,Mirrodin Besieged,Mirran Crusader,,R,Lightly Played,2.79,,2.73,0,1,0,2.42
414520,Magic,Mirrodin Besieged,Mirrorworks,,R,Near Mint,1.75,,1.7,0,6,0,1.9
415052,Magic,Mirrodin Besieged,Mirrorworks,,R,Lightly Played,1.64,,1.69,0,5,0,1.64
413942,Magic,Mirrodin Besieged,Mitotic Manipulation,,R,Near Mint,0.15,0.11,0.11,0,7,0,0.16
414215,Magic,Mirrodin Besieged,Mitotic Manipulation,,R,Lightly Played,0.11,,0.1,0,27,0,0.11
414547,Magic,Mirrodin Besieged,Myr Turbine,,R,Near Mint,1.33,1.46,0.79,0,10,0,1.28
415079,Magic,Mirrodin Besieged,Myr Turbine,,R,Lightly Played,0.98,,0.72,0,5,0,1.06
413953,Magic,Mirrodin Besieged,Myr Welder,,R,Near Mint,0.25,0.2,0.15,0,7,0,0.24
414226,Magic,Mirrodin Besieged,Myr Welder,,R,Lightly Played,0.18,0.14,0.14,0,8,0,0.15
413843,Magic,Mirrodin Besieged,Phyrexian Crusader,,R,Near Mint,4.41,4.75,3.5,0,11,0,4.4
413934,Magic,Mirrodin Besieged,Phyrexian Crusader,,R,Lightly Played,3.27,,3.23,0,5,0,3.47
413955,Magic,Mirrodin Besieged,Phyrexian Hydra,,R,Near Mint,0.79,0.75,0.59,0,12,0,0.79
414228,Magic,Mirrodin Besieged,Phyrexian Hydra,,R,Lightly Played,0.48,0.55,0.32,0,22,0,0.62
413943,Magic,Mirrodin Besieged,Phyrexian Rebirth,,R,Near Mint,0.45,0.5,0.25,0,10,0,0.47
414216,Magic,Mirrodin Besieged,Phyrexian Rebirth,,R,Lightly Played,0.48,0.45,0.45,0,31,0,0.49
413969,Magic,Mirrodin Besieged,Phyrexian Revoker,,R,Near Mint,1.08,1.11,0.98,0,1,0,1.15
414242,Magic,Mirrodin Besieged,Phyrexian Revoker,,R,Lightly Played,0.96,1.03,0.84,0,1,0,0.87
413967,Magic,Mirrodin Besieged,Phyrexian Vatmother,,R,Near Mint,0.19,0.16,0.12,0,9,0,0.18
414240,Magic,Mirrodin Besieged,Phyrexian Vatmother,,R,Lightly Played,0.19,0.09,0.15,0,34,0,0.18
415084,Magic,Mirrodin Besieged,Praetor's Counsel,,M,Lightly Played,1.7,,1.49,0,1,0,1.65
415029,Magic,Mirrodin Besieged,Psychosis Crawler,,R,Lightly Played,0.36,0.26,0.25,0,1,0,0.36
413971,Magic,Mirrodin Besieged,Red Sun's Zenith,,R,Near Mint,0.61,,0.5,0,6,0,0.62
414244,Magic,Mirrodin Besieged,Red Sun's Zenith,,R,Lightly Played,0.57,,0.39,0,6,0,0.55
414262,Magic,Mirrodin Besieged,Sangromancer,,R,Near Mint,0.45,0.26,0.26,0,3,0,0.46
414430,Magic,Mirrodin Besieged,Sangromancer,,R,Lightly Played,0.34,0.21,0.2,0,1,0,0.36
413974,Magic,Mirrodin Besieged,Shimmer Myr,,R,Near Mint,0.85,,0.6,0,1,0,0.81
414247,Magic,Mirrodin Besieged,Shimmer Myr,,R,Lightly Played,0.66,,0.64,0,3,0,0.7
414274,Magic,Mirrodin Besieged,Slagstorm,,R,Near Mint,0.32,0.3,0.19,0,6,0,0.31
414442,Magic,Mirrodin Besieged,Slagstorm,,R,Lightly Played,0.24,0.18,0.17,0,7,0,0.25
414267,Magic,Mirrodin Besieged,Spine of Ish Sah,,R,Near Mint,0.34,0.3,0.23,0,8,0,0.38
414435,Magic,Mirrodin Besieged,Spine of Ish Sah,,R,Lightly Played,0.3,,0.21,0,20,0,0.3
413847,Magic,Mirrodin Besieged,Thopter Assembly,,R,Near Mint,0.92,,0.58,0,9,0,0.86
413938,Magic,Mirrodin Besieged,Thopter Assembly,,R,Lightly Played,0.63,,0.44,0,8,0,0.7
413970,Magic,Mirrodin Besieged,"Thrun, the Last Troll",,M,Near Mint,9.29,,9,0,1,0,8.98
414243,Magic,Mirrodin Besieged,"Thrun, the Last Troll",,M,Lightly Played,7.97,,7.85,0,1,0,7.58
414256,Magic,Mirrodin Besieged,Titan Forge,,R,Near Mint,0.46,0.46,0.2,0,4,0,0.46
414424,Magic,Mirrodin Besieged,Titan Forge,,R,Lightly Played,0.39,,0.19,0,7,0,0.39
413959,Magic,Mirrodin Besieged,Victory's Herald,,R,Near Mint,0.24,0.13,0.2,0,4,0,0.25
414551,Magic,Mirrodin Besieged,White Sun's Zenith,,R,Near Mint,0.27,0.11,0.19,0,14,0,0.3
415083,Magic,Mirrodin Besieged,White Sun's Zenith,,R,Lightly Played,0.2,0.17,0.18,0,18,0,0.22
414931,Magic,Mirrodin Besieged,White Sun's Zenith,,R,Moderately Played,0.25,0.09,0.18,0,1,0,0.26
416751,Magic,New Phyrexia,Birthing Pod,,R,Near Mint,7.32,,7.48,0,4,0,7.21
416912,Magic,New Phyrexia,Birthing Pod,,R,Lightly Played,6.96,,6.51,0,2,0,6.52
417139,Magic,New Phyrexia,Blade Splicer,4,R,Near Mint,1.29,1.68,0.9,0,22,0,1.23
418154,Magic,New Phyrexia,Blade Splicer,4,R,Lightly Played,1.18,,0.85,0,11,0,1.14
417191,Magic,New Phyrexia,Bludgeon Brawl,,R,Near Mint,0.15,0.11,0.12,0,7,0,0.15
418206,Magic,New Phyrexia,Bludgeon Brawl,,R,Lightly Played,0.1,0.09,0.1,0,35,0,0.11
416904,Magic,New Phyrexia,Caged Sun,,R,Lightly Played,7.24,,6.98,0,3,0,7.15
417251,Magic,New Phyrexia,Chancellor of the Annex,,R,Near Mint,3.88,4.25,3.87,0,2,0,3.8
418266,Magic,New Phyrexia,Chancellor of the Annex,,R,Lightly Played,3.75,,3.68,0,1,0,3.31
416749,Magic,New Phyrexia,Chancellor of the Dross,,R,Near Mint,0.35,0.34,0.25,0,7,0,0.35
416910,Magic,New Phyrexia,Chancellor of the Dross,,R,Lightly Played,0.26,0.24,0.22,0,25,0,0.26
416758,Magic,New Phyrexia,Chancellor of the Forge,,R,Near Mint,0.72,0.84,0.5,0,4,0,0.77
416919,Magic,New Phyrexia,Chancellor of the Forge,,R,Lightly Played,0.71,0.68,0.49,0,6,0,0.64
417212,Magic,New Phyrexia,Chancellor of the Spires,,R,Near Mint,0.36,,0.25,0,8,0,0.35
418227,Magic,New Phyrexia,Chancellor of the Spires,,R,Lightly Played,0.37,,0.3,0,10,0,0.37
417123,Magic,New Phyrexia,Chancellor of the Tangle,,R,Near Mint,0.28,0.26,0.25,0,4,0,0.28
418138,Magic,New Phyrexia,Chancellor of the Tangle,,R,Lightly Played,0.24,0.23,0.2,0,16,0,0.24
417193,Magic,New Phyrexia,Etched Monstrosity,,M,Near Mint,0.48,0.26,0.23,0,2,0,0.5
418208,Magic,New Phyrexia,Etched Monstrosity,,M,Lightly Played,0.3,,0.21,0,3,0,0.31
416753,Magic,New Phyrexia,Fresh Meat,,R,Near Mint,0.19,0.11,0.19,0,6,0,0.19
416914,Magic,New Phyrexia,Fresh Meat,,R,Lightly Played,0.16,0.1,0.15,0,29,0,0.16
416738,Magic,New Phyrexia,Glistening Oil,,R,Near Mint,0.46,0.49,0.45,0,5,0,0.47
416899,Magic,New Phyrexia,Glistening Oil,,R,Lightly Played,0.43,0.39,0.44,0,16,0,0.41
416746,Magic,New Phyrexia,Hex Parasite,,R,Near Mint,0.78,0.79,0.7,0,6,0,0.78
416907,Magic,New Phyrexia,Hex Parasite,,R,Lightly Played,0.67,,0.46,0,36,0,0.73
416754,Magic,New Phyrexia,Invader Parasite,,R,Near Mint,0.14,,0.1,0,10,0,0.15
416915,Magic,New Phyrexia,Invader Parasite,,R,Lightly Played,0.14,,0.11,0,31,0,0.13
417203,Magic,New Phyrexia,"Jor Kadeen, the Prevailer",,R,Near Mint,0.19,,0.15,0,10,0,0.19
418218,Magic,New Phyrexia,"Jor Kadeen, the Prevailer",,R,Lightly Played,0.19,,0.15,0,18,0,0.19
416742,Magic,New Phyrexia,Lashwrithe,,R,Near Mint,0.36,0.34,0.29,0,4,0,0.35
416903,Magic,New Phyrexia,Lashwrithe,,R,Lightly Played,0.36,0.29,0.3,0,1,0,0.36
417207,Magic,New Phyrexia,Life's Finale,,R,Near Mint,2.01,,1.5,0,6,0,1.89
418222,Magic,New Phyrexia,Life's Finale,,R,Lightly Played,1.66,,1.33,0,6,0,1.6
417178,Magic,New Phyrexia,Moltensteel Dragon,,R,Near Mint,0.53,0.49,0.42,0,5,0,0.51
418193,Magic,New Phyrexia,Moltensteel Dragon,,R,Lightly Played,0.51,0.49,0.41,0,9,0,0.55
417183,Magic,New Phyrexia,Myr Superion,,R,Near Mint,1.5,1.72,1.21,0,6,0,1.72
418198,Magic,New Phyrexia,Myr Superion,,R,Lightly Played,1.36,1.28,1.09,0,4,0,1.39
416908,Magic,New Phyrexia,Norn's Annex,17,R,Lightly Played,3.72,,3.95,0,2,0,3.54
417192,Magic,New Phyrexia,Omen Machine,,R,Near Mint,0.25,,0.19,0,2,0,0.25
418207,Magic,New Phyrexia,Omen Machine,,R,Lightly Played,0.23,,0.18,0,24,0,0.22
417160,Magic,New Phyrexia,Phyrexian Ingester,,R,Near Mint,0.19,0.13,0.19,0,8,0,0.2
418175,Magic,New Phyrexia,Phyrexian Ingester,,R,Lightly Played,0.16,0.1,0.16,0,19,0,0.15
417059,Magic,New Phyrexia,Phyrexian Metamorph,,R,Near Mint,7.84,,6.98,0,1,0,7.48
417087,Magic,New Phyrexia,Phyrexian Metamorph,,R,Lightly Played,6.66,,7.91,0,2,0,6.64
417199,Magic,New Phyrexia,Phyrexian Swarmlord,,R,Near Mint,0.81,,0.65,0,3,0,0.83
418214,Magic,New Phyrexia,Phyrexian Swarmlord,,R,Lightly Played,0.71,,0.58,0,11,0,0.68
416740,Magic,New Phyrexia,Phyrexian Unlife,18,R,Near Mint,3.7,,3.3,0,3,0,3.9
416748,Magic,New Phyrexia,Praetor's Grasp,,R,Near Mint,1.71,,1.25,0,2,0,1.75
416909,Magic,New Phyrexia,Praetor's Grasp,,R,Lightly Played,1.39,,1.4,0,3,0,0.98
416741,Magic,New Phyrexia,Psychic Surgery,,R,Near Mint,0.15,0.15,0.1,0,4,0,0.16
416902,Magic,New Phyrexia,Psychic Surgery,,R,Lightly Played,0.18,0.14,0.11,0,7,0,0.19
416750,Magic,New Phyrexia,Puresteel Paladin,20,R,Near Mint,6.25,,5.98,0,8,0,6.44
416911,Magic,New Phyrexia,Puresteel Paladin,20,R,Lightly Played,5.53,,5.59,0,4,0,5.64
416755,Magic,New Phyrexia,Slag Fiend,,R,Near Mint,0.17,0.11,0.1,0,3,0,0.17
416916,Magic,New Phyrexia,Slag Fiend,,R,Lightly Played,0.12,,0.14,0,38,0,0.12
417122,Magic,New Phyrexia,Soul Conduit,,R,Near Mint,0.22,,0.19,0,8,0,0.22
418137,Magic,New Phyrexia,Soul Conduit,,R,Lightly Played,0.21,0.2,0.17,0,30,0,0.23
417218,Magic,New Phyrexia,Torpor Orb,,R,Near Mint,1.64,1.95,1.19,0,5,0,1.76
418233,Magic,New Phyrexia,Torpor Orb,,R,Lightly Played,1.61,1.55,1.51,0,8,0,1.44
417252,Magic,New Phyrexia,Unwinding Clock,,R,Near Mint,5.24,6.09,5.04,0,3,0,5.23
418267,Magic,New Phyrexia,Unwinding Clock,,R,Lightly Played,4.94,,4.88,0,4,0,5.01
416921,Magic,New Phyrexia,Urabrask the Hidden,,M,Lightly Played,4.26,3.77,3.64,0,1,0,4.4
416759,Magic,New Phyrexia,Xenograft,,R,Near Mint,0.34,0.35,0.23,0,6,0,0.33
416920,Magic,New Phyrexia,Xenograft,,R,Lightly Played,0.32,0.34,0.18,0,4,0,0.32
3042549,Magic,Oath of the Gatewatch,"Ayli, Eternal Pilgrim",151,R,Near Mint,0.51,0.44,0.25,0,125,0,0.46
3042550,Magic,Oath of the Gatewatch,"Ayli, Eternal Pilgrim",151,R,Lightly Played,0.44,0.41,0.31,0,25,0,0.42
3043807,Magic,Oath of the Gatewatch,Bearer of Silence,67,R,Near Mint,0.12,0.09,0.1,0,68,0,0.12
3043808,Magic,Oath of the Gatewatch,Bearer of Silence,67,R,Lightly Played,0.12,0.09,0.05,0,5,0,0.12
3042599,Magic,Oath of the Gatewatch,Call the Gatewatch,16,R,Near Mint,0.22,0.19,0.17,0,50,0,0.21
3042600,Magic,Oath of the Gatewatch,Call the Gatewatch,16,R,Lightly Played,0.24,0.18,0.16,0,1,0,0.22
3044036,Magic,Oath of the Gatewatch,Captain's Claws,162,R,Near Mint,0.2,0.1,0.1,0,45,0,0.23
3044037,Magic,Oath of the Gatewatch,Captain's Claws,162,R,Lightly Played,0.23,0.19,0.12,0,2,0,0.24
3043140,Magic,Oath of the Gatewatch,"Chandra, Flamecaller",104,M,Near Mint,2.27,2.39,1.85,0,10,0,2.07
3043141,Magic,Oath of the Gatewatch,"Chandra, Flamecaller",104,M,Lightly Played,2.16,2.24,1.94,0,7,0,2.2
3043080,Magic,Oath of the Gatewatch,Corrupted Crossroads,169,R,Near Mint,0.14,,0.1,0,57,0,0.14
3043081,Magic,Oath of the Gatewatch,Corrupted Crossroads,169,R,Lightly Played,0.11,0.05,0.06,0,10,0,0.11
3041980,Magic,Oath of the Gatewatch,Crush of Tentacles,53,M,Near Mint,0.55,0.49,0.48,0,21,0,0.55
3041981,Magic,Oath of the Gatewatch,Crush of Tentacles,53,M,Lightly Played,0.51,0.49,0.46,0,4,0,0.55
3042754,Magic,Oath of the Gatewatch,Deceiver of Form,1,R,Near Mint,0.15,0.12,0.1,0,40,0,0.16
3042755,Magic,Oath of the Gatewatch,Deceiver of Form,1,R,Lightly Played,0.14,,0.09,0,4,0,0.13
3042277,Magic,Oath of the Gatewatch,Deepfathom Skulker,43,R,Near Mint,0.13,0.09,0.1,0,67,0,0.14
3042278,Magic,Oath of the Gatewatch,Deepfathom Skulker,43,R,Lightly Played,0.09,0.09,0.08,0,2,0,0.11
3043817,Magic,Oath of the Gatewatch,Dimensional Infiltrator,44,R,Near Mint,0.12,0.1,0.07,0,67,0,0.14
3043818,Magic,Oath of the Gatewatch,Dimensional Infiltrator,44,R,Lightly Played,0.12,0.08,0.08,0,3,0,0.12
3043327,Magic,Oath of the Gatewatch,Drana's Chosen,84,R,Near Mint,0.11,,0.08,0,53,0,0.11
3043328,Magic,Oath of the Gatewatch,Drana's Chosen,84,R,Lightly Played,0.09,,0.08,0,1,0,0.11
3042267,Magic,Oath of the Gatewatch,Dread Defiler,68,R,Near Mint,0.11,0.09,0.09,0,59,0,0.12
3042268,Magic,Oath of the Gatewatch,Dread Defiler,68,R,Lightly Played,0.09,0.08,0.08,0,4,0,0.1
3042904,Magic,Oath of the Gatewatch,Eldrazi Displacer,13,R,Near Mint,1.98,2.2,1.8,0,19,0,2.04
3042905,Magic,Oath of the Gatewatch,Eldrazi Displacer,13,R,Lightly Played,2.04,1.98,1.87,0,14,0,1.93
3042569,Magic,Oath of the Gatewatch,Eldrazi Mimic,2,R,Near Mint,0.43,0.29,0.23,0,54,0,0.45
3042570,Magic,Oath of the Gatewatch,Eldrazi Mimic,2,R,Lightly Played,0.43,0.32,0.33,0,6,0,0.34
3042679,Magic,Oath of the Gatewatch,Eldrazi Obligator,96,R,Near Mint,0.12,0.08,0.09,0,59,0,0.12
3042680,Magic,Oath of the Gatewatch,Eldrazi Obligator,96,R,Lightly Played,0.1,0.07,0.08,0,1,0,0.11
3041950,Magic,Oath of the Gatewatch,Endbringer,3,R,Near Mint,0.44,0.4,0.28,0,50,0,0.47
3041951,Magic,Oath of the Gatewatch,Endbringer,3,R,Lightly Played,0.41,0.38,0.39,0,6,0,0.4
3043160,Magic,Oath of the Gatewatch,Fall of the Titans,109,R,Near Mint,0.16,0.1,0.1,0,42,0,0.17
3043161,Magic,Oath of the Gatewatch,Fall of the Titans,109,R,Lightly Played,0.17,0.09,0.12,0,8,0,0.18
3042689,Magic,Oath of the Gatewatch,General Tazri,19,M,Near Mint,0.33,0.29,0.24,0,56,0,0.32
3042690,Magic,Oath of the Gatewatch,General Tazri,19,M,Lightly Played,0.26,0.24,0.25,0,8,0,0.27
3041960,Magic,Oath of the Gatewatch,Gladehart Cavalry,132,R,Near Mint,0.1,0.08,0.09,0,25,0,0.1
3041961,Magic,Oath of the Gatewatch,Gladehart Cavalry,132,R,Lightly Played,0.11,0.1,0.1,0,7,0,0.11
3041680,Magic,Oath of the Gatewatch,Goblin Dark-Dwellers,110,R,Near Mint,0.19,0.18,0.17,0,55,0,0.21
3041681,Magic,Oath of the Gatewatch,Goblin Dark-Dwellers,110,R,Lightly Played,0.15,0.07,0.08,0,13,0,0.15
3043170,Magic,Oath of the Gatewatch,Hedron Alignment,57,R,Near Mint,0.12,0.08,0.09,0,52,0,0.11
3043171,Magic,Oath of the Gatewatch,Hedron Alignment,57,R,Lightly Played,0.1,0.1,0.09,0,4,0,0.1
3042739,Magic,Oath of the Gatewatch,Hissing Quagmire,171,R,Near Mint,1.23,1.28,1,0,14,0,1.35
3042740,Magic,Oath of the Gatewatch,Hissing Quagmire,171,R,Lightly Played,1.32,0.95,1,0,11,0,1.18
3043857,Magic,Oath of the Gatewatch,Inverter of Truth,72,M,Near Mint,0.27,0.27,0.24,0,33,0,0.27
3041970,Magic,Oath of the Gatewatch,"Jori En, Ruin Diver",155,R,Near Mint,0.19,0.13,0.14,0,68,0,0.19
3041971,Magic,Oath of the Gatewatch,"Jori En, Ruin Diver",155,R,Lightly Played,0.2,0.1,0.1,0,6,0,0.14
3041214,Magic,Oath of the Gatewatch,"Kozilek, the Great Distortion",4,M,Near Mint,3.19,3.35,3.24,0,17,0,3.41
3041215,Magic,Oath of the Gatewatch,"Kozilek, the Great Distortion",4,M,Lightly Played,3.06,2.93,2.95,0,1,0,3.03
3042619,Magic,Oath of the Gatewatch,"Linvala, the Preserver",25,M,Near Mint,0.59,0.47,0.48,0,19,0,0.58
3042620,Magic,Oath of the Gatewatch,"Linvala, the Preserver",25,M,Lightly Played,0.52,0.43,0.42,0,7,0,0.47
3043867,Magic,Oath of the Gatewatch,Matter Reshaper,6,R,Near Mint,1.94,2.09,1.77,0,49,0,1.93
3043868,Magic,Oath of the Gatewatch,Matter Reshaper,6,R,Lightly Played,1.89,1.85,1.75,0,6,0,2.02
3043347,Magic,Oath of the Gatewatch,"Mina and Denn, Wildborn",156,R,Near Mint,0.39,0.36,0.2,0,49,0,0.35
3043348,Magic,Oath of the Gatewatch,"Mina and Denn, Wildborn",156,R,Lightly Played,0.39,0.36,0.31,0,7,0,0.38
3041990,Magic,Oath of the Gatewatch,Mirrorpool,174,M,Near Mint,1.43,1.25,1.25,0,8,0,1.44
3041991,Magic,Oath of the Gatewatch,Mirrorpool,174,M,Lightly Played,1.28,,1.23,0,3,0,1.21
3042000,Magic,Oath of the Gatewatch,Munda's Vanguard,29,R,Near Mint,0.13,0.09,0.1,0,51,0,0.13
3042001,Magic,Oath of the Gatewatch,Munda's Vanguard,29,R,Lightly Played,0.1,0.08,0.09,0,2,0,0.09
3042699,Magic,Oath of the Gatewatch,Needle Spires,175,R,Near Mint,0.53,0.48,0.44,0,40,0,0.58
3042700,Magic,Oath of the Gatewatch,Needle Spires,175,R,Lightly Played,0.47,0.47,0.39,0,7,0,0.5
3042559,Magic,Oath of the Gatewatch,"Nissa, Voice of Zendikar",138,M,Near Mint,3.05,3.45,2.52,0,2,0,2.8
3042560,Magic,Oath of the Gatewatch,"Nissa, Voice of Zendikar",138,M,Lightly Played,2.58,2.51,2.51,0,3,0,2.56
3043180,Magic,Oath of the Gatewatch,Oath of Chandra,113,R,Near Mint,0.14,0.09,0.1,0,51,0,0.13
3043181,Magic,Oath of the Gatewatch,Oath of Chandra,113,R,Lightly Played,0.09,0.08,0.09,0,5,0,0.09
3042884,Magic,Oath of the Gatewatch,Oath of Gideon,30,R,Near Mint,0.24,0.18,0.19,0,55,0,0.23
3042885,Magic,Oath of the Gatewatch,Oath of Gideon,30,R,Lightly Played,0.17,0.15,0.15,0,11,0,0.19
3042709,Magic,Oath of the Gatewatch,Oath of Jace,60,R,Near Mint,0.14,0.09,0.1,0,59,0,0.14
3042710,Magic,Oath of the Gatewatch,Oath of Jace,60,R,Lightly Played,0.14,0.12,0.1,0,5,0,0.13
3042764,Magic,Oath of the Gatewatch,Oath of Nissa,140,R,Near Mint,0.67,0.65,0.5,0,9,0,0.77
3042765,Magic,Oath of the Gatewatch,Oath of Nissa,140,R,Lightly Played,0.62,0.55,0.55,0,11,0,0.62
3043190,Magic,Oath of the Gatewatch,Overwhelming Denial,61,R,Near Mint,0.15,0.1,0.1,0,50,0,0.15
3043191,Magic,Oath of the Gatewatch,Overwhelming Denial,61,R,Lightly Played,0.12,0.1,0.08,0,3,0,0.14
3043200,Magic,Oath of the Gatewatch,Reality Smasher,7,R,Near Mint,2.96,3.52,2.73,0,30,0,2.96
3043201,Magic,Oath of the Gatewatch,Reality Smasher,7,R,Lightly Played,2.92,3.25,2.95,0,14,0,3.1
3042589,Magic,Oath of the Gatewatch,Remorseless Punishment,89,R,Near Mint,0.13,0.1,0.09,0,55,0,0.11
3042590,Magic,Oath of the Gatewatch,Remorseless Punishment,89,R,Lightly Played,0.12,0.09,0.09,0,2,0,0.11
3042287,Magic,Oath of the Gatewatch,Ruins of Oran-Rief,176,R,Near Mint,0.2,0.14,0.1,0,57,0,0.19
3042288,Magic,Oath of the Gatewatch,Ruins of Oran-Rief,176,R,Lightly Played,0.19,0.13,0.09,0,2,0,0.2
3042609,Magic,Oath of the Gatewatch,Sea Gate Wreckage,177,R,Near Mint,0.31,0.19,0.19,0,62,0,0.34
3042610,Magic,Oath of the Gatewatch,Sea Gate Wreckage,177,R,Lightly Played,0.31,0.25,0.2,0,13,0,0.34
3042894,Magic,Oath of the Gatewatch,Sifter of Skulls,77,R,Near Mint,0.16,0.09,0.1,0,75,0,0.15
3042895,Magic,Oath of the Gatewatch,Sifter of Skulls,77,R,Lightly Played,0.18,0.09,0.12,0,4,0,0.18
3042774,Magic,Oath of the Gatewatch,Sphinx of the Final Word,63,M,Near Mint,1.17,1.05,0.75,0,31,0,1.18
3042775,Magic,Oath of the Gatewatch,Sphinx of the Final Word,63,M,Lightly Played,0.86,0.85,0.77,0,3,0,0.93
3042297,Magic,Oath of the Gatewatch,Stone Haven Outfitter,37,R,Near Mint,0.25,0.12,0.11,0,61,0,0.27
3042298,Magic,Oath of the Gatewatch,Stone Haven Outfitter,37,R,Lightly Played,0.21,0.1,0.15,0,10,0,0.21
3042814,Magic,Oath of the Gatewatch,Stoneforge Masterwork,166,R,Near Mint,0.61,,0.38,0,53,0,0.61
3042815,Magic,Oath of the Gatewatch,Stoneforge Masterwork,166,R,Lightly Played,0.57,,0.41,0,4,0,0.54
3043377,Magic,Oath of the Gatewatch,Sylvan Advocate,144,R,Near Mint,0.34,0.33,0.28,0,27,0,0.33
3043378,Magic,Oath of the Gatewatch,Sylvan Advocate,144,R,Lightly Played,0.24,0.23,0.24,0,20,0,0.26
3043387,Magic,Oath of the Gatewatch,Thought-Knot Seer,9,R,Near Mint,6.22,6.99,5.99,0,5,0,6.25
3043388,Magic,Oath of the Gatewatch,Thought-Knot Seer,9,R,Lightly Played,5.21,5.88,5,0,1,0,5.75
3042050,Magic,Oath of the Gatewatch,Tyrant of Valakut,119,R,Near Mint,0.1,0.1,0.1,0,50,0,0.1
3042051,Magic,Oath of the Gatewatch,Tyrant of Valakut,119,R,Lightly Played,0.09,0.09,0.08,0,4,0,0.09
3042729,Magic,Oath of the Gatewatch,Vile Redeemer,125,R,Near Mint,0.13,0.1,0.1,0,51,0,0.13
3042730,Magic,Oath of the Gatewatch,Vile Redeemer,125,R,Lightly Played,0.08,0.08,0.07,0,3,0,0.08
3042784,Magic,Oath of the Gatewatch,Wandering Fumarole,182,R,Near Mint,1.14,1.19,1,0,24,0,1.35
3042785,Magic,Oath of the Gatewatch,Wandering Fumarole,182,R,Lightly Played,1.06,1.05,0.99,0,8,0,1.05
3042939,Magic,Oath of the Gatewatch,World Breaker,126,M,Near Mint,1.89,2.28,1.69,0,16,0,1.86
3043897,Magic,Oath of the Gatewatch,Zendikar Resurgent,147,R,Near Mint,0.76,0.67,0.63,0,53,0,0.79
3043898,Magic,Oath of the Gatewatch,Zendikar Resurgent,147,R,Lightly Played,0.66,0.64,0.48,0,6,0,0.64
1043478,Magic,Return to Ravnica,Angel of Serenity,1,M,Near Mint,0.75,0.78,0.59,0,11,0,0.86
1043513,Magic,Return to Ravnica,Angel of Serenity,1,M,Lightly Played,0.76,0.7,0.81,0,5,0,0.74
1043499,Magic,Return to Ravnica,Angel of Serenity,1,M,Moderately Played,0.73,0.78,0.81,0,2,0,0.73
1042549,Magic,Return to Ravnica,Archon of the Triumvirate,142,R,Near Mint,0.1,0.09,0.09,0,29,0,0.1
1042889,Magic,Return to Ravnica,Archon of the Triumvirate,142,R,Lightly Played,0.1,0.07,0.07,0,2,0,0.1
1045316,Magic,Return to Ravnica,Armada Wurm,143,M,Near Mint,0.73,0.72,0.54,0,19,0,0.75
1045361,Magic,Return to Ravnica,Armada Wurm,143,M,Lightly Played,0.66,0.49,0.49,0,12,0,0.67
1045343,Magic,Return to Ravnica,Armada Wurm,143,M,Moderately Played,0.72,0.82,0.51,0,1,0,0.72
1043616,Magic,Return to Ravnica,Ash Zealot,86,R,Near Mint,0.29,0.24,0.2,0,16,0,0.29
1043646,Magic,Return to Ravnica,Ash Zealot,86,R,Lightly Played,0.26,0.2,0.25,0,20,0,0.25
1045312,Magic,Return to Ravnica,Azor's Elocutors,210,R,Near Mint,0.2,,0.15,0,25,0,0.24
1042713,Magic,Return to Ravnica,Blood Crypt,238,R,Moderately Played,8.65,,9.18,0,1,0,8.83
1042561,Magic,Return to Ravnica,Carnival Hellsteed,147,R,Near Mint,0.12,0.09,0.1,0,32,0,0.12
1042901,Magic,Return to Ravnica,Carnival Hellsteed,147,R,Lightly Played,0.09,0.07,0.07,0,4,0,0.09
1043345,Magic,Return to Ravnica,Chaos Imps,90,R,Near Mint,0.11,0.08,0.09,0,26,0,0.11
1043380,Magic,Return to Ravnica,Chaos Imps,90,R,Lightly Played,0.09,0.08,0.08,0,1,0,0.1
1042536,Magic,Return to Ravnica,Chromatic Lantern,226,R,Near Mint,12.5,15.99,11.48,0,1,0,12.92
1042740,Magic,Return to Ravnica,Chromatic Lantern,226,R,Moderately Played,12.21,,13.17,0,1,0,11.7
1043265,Magic,Return to Ravnica,Collective Blessing,150,R,Near Mint,0.27,0.28,0.23,0,26,0,0.28
1043295,Magic,Return to Ravnica,Collective Blessing,150,R,Lightly Played,0.25,,0.19,0,2,0,0.25
1045310,Magic,Return to Ravnica,Conjured Currency,33,R,Near Mint,0.16,0.09,0.1,0,30,0,0.16
1045355,Magic,Return to Ravnica,Conjured Currency,33,R,Lightly Played,0.11,0.1,0.09,0,11,0,0.11
1042516,Magic,Return to Ravnica,Corpsejack Menace,152,R,Near Mint,0.34,0.29,0.19,0,14,0,0.35
1042856,Magic,Return to Ravnica,Corpsejack Menace,152,R,Lightly Played,0.27,0.14,0.13,0,20,0,0.32
1043548,Magic,Return to Ravnica,Counterflux,153,R,Near Mint,0.28,0.19,0.22,0,18,0,0.3
1043583,Magic,Return to Ravnica,Counterflux,153,R,Lightly Played,0.25,0.21,0.18,0,18,0,0.26
1043415,Magic,Return to Ravnica,Cryptborn Horror,212,R,Near Mint,0.13,0.11,0.1,0,25,0,0.13
1043440,Magic,Return to Ravnica,Cryptborn Horror,212,R,Lightly Played,0.11,,0.09,0,7,0,0.1
1043416,Magic,Return to Ravnica,Cyclonic Rift,35,R,Near Mint,6.83,7.99,6.98,0,4,0,7.54
1043441,Magic,Return to Ravnica,Cyclonic Rift,35,R,Lightly Played,6.48,7.48,6.75,0,1,0,6.65
1041695,Magic,Return to Ravnica,Deadbridge Goliath,120,R,Near Mint,0.17,0.09,0.12,0,12,0,0.15
1041730,Magic,Return to Ravnica,Deadbridge Goliath,120,R,Lightly Played,0.11,0.09,0.08,0,22,0,0.11
1042507,Magic,Return to Ravnica,Death's Presence,121,R,Near Mint,0.24,0.23,0.19,0,18,0,0.23
1042847,Magic,Return to Ravnica,Death's Presence,121,R,Lightly Played,0.21,,0.21,0,18,0,0.22
1043943,Magic,Return to Ravnica,Deathrite Shaman,213,R,Near Mint,3.7,4.25,3.39,0,11,0,3.63
1044623,Magic,Return to Ravnica,Deathrite Shaman,213,R,Lightly Played,3.44,3.67,3.44,0,11,0,3.21
1043347,Magic,Return to Ravnica,Desecration Demon,63,R,Near Mint,0.4,,0.27,0,16,0,0.39
1043382,Magic,Return to Ravnica,Desecration Demon,63,R,Lightly Played,0.34,0.25,0.25,0,10,0,0.34
1043545,Magic,Return to Ravnica,Detention Sphere,155,R,Near Mint,1.36,1.56,0.99,0,24,0,1.41
1043580,Magic,Return to Ravnica,Detention Sphere,155,R,Lightly Played,1.29,1.35,0.75,0,27,0,1.46
1043566,Magic,Return to Ravnica,Detention Sphere,155,R,Moderately Played,1.29,1.17,0.8,0,1,0,1.23
1042535,Magic,Return to Ravnica,Dreadbore,157,R,Near Mint,2.04,,1.75,0,19,0,1.95
1042875,Magic,Return to Ravnica,Dreadbore,157,R,Lightly Played,1.8,1.73,1.66,0,24,0,1.72
1042739,Magic,Return to Ravnica,Dreadbore,157,R,Moderately Played,1.69,1.85,1.49,0,1,0,1.68
1043475,Magic,Return to Ravnica,Epic Experiment,159,M,Near Mint,0.45,0.38,0.39,0,12,0,0.46
1043510,Magic,Return to Ravnica,Epic Experiment,159,M,Lightly Played,0.33,0.28,0.29,0,10,0,0.35
1045281,Magic,Return to Ravnica,Firemind's Foresight,162,R,Near Mint,0.13,0.1,0.09,0,25,0,0.13
1045296,Magic,Return to Ravnica,Firemind's Foresight,162,R,Lightly Played,0.08,0.07,0.07,0,8,0,0.08
1043959,Magic,Return to Ravnica,Grave Betrayal,67,R,Near Mint,1.17,1.24,0.99,0,26,0,1.18
1044639,Magic,Return to Ravnica,Grave Betrayal,67,R,Lightly Played,1.09,0.85,0.85,0,6,0,0.91
1042556,Magic,Return to Ravnica,Grove of the Guardian,240,R,Near Mint,0.22,0.2,0.19,0,19,0,0.23
1042896,Magic,Return to Ravnica,Grove of the Guardian,240,R,Lightly Played,0.18,0.09,0.1,0,12,0,0.17
1043414,Magic,Return to Ravnica,Growing Ranks,217,R,Near Mint,0.77,0.88,0.52,0,7,0,0.82
1043439,Magic,Return to Ravnica,Growing Ranks,217,R,Lightly Played,0.7,0.49,0.5,0,5,0,0.73
1043264,Magic,Return to Ravnica,Guild Feud,97,R,Near Mint,0.1,,0.07,0,28,0,0.1
1043294,Magic,Return to Ravnica,Guild Feud,97,R,Lightly Played,0.1,,0.08,0,9,0,0.11
1042513,Magic,Return to Ravnica,Hallowed Fountain,241,R,Near Mint,7.36,,6.83,0,1,0,7.01
1042853,Magic,Return to Ravnica,Hallowed Fountain,241,R,Lightly Played,6.97,6.63,6.96,0,1,0,6.91
1043184,Magic,Return to Ravnica,Havoc Festival,166,R,Near Mint,0.15,0.11,0.09,0,22,0,0.18
1043199,Magic,Return to Ravnica,Havoc Festival,166,R,Lightly Played,0.11,0.06,0.06,0,11,0,0.12
1042539,Magic,Return to Ravnica,Hypersonic Dragon,170,R,Near Mint,0.23,0.14,0.15,0,27,0,0.24
1042879,Magic,Return to Ravnica,Hypersonic Dragon,170,R,Lightly Played,0.22,0.1,0.14,0,6,0,0.22
1042564,Magic,Return to Ravnica,"Isperia, Supreme Judge",171,M,Near Mint,0.45,0.38,0.3,0,17,0,0.44
1042904,Magic,Return to Ravnica,"Isperia, Supreme Judge",171,M,Lightly Played,0.28,0.25,0.19,0,28,0,0.28
1042880,Magic,Return to Ravnica,"Jace, Architect of Thought",44,M,Lightly Played,2.58,,2.54,0,4,0,2.47
1041697,Magic,Return to Ravnica,"Jarad, Golgari Lich Lord",174,M,Near Mint,0.78,,0.78,0,12,0,0.65
1041732,Magic,Return to Ravnica,"Jarad, Golgari Lich Lord",174,M,Lightly Played,0.61,,0.4,0,8,0,0.66
1043417,Magic,Return to Ravnica,Jarad's Orders,175,R,Near Mint,0.35,0.37,0.24,0,31,0,0.36
1043442,Magic,Return to Ravnica,Jarad's Orders,175,R,Lightly Played,0.31,,0.19,0,2,0,0.35
1043217,Magic,Return to Ravnica,Lotleth Troll,177,R,Near Mint,0.22,0.23,0.09,0,28,0,0.24
1043242,Magic,Return to Ravnica,Lotleth Troll,177,R,Lightly Played,0.17,,0.11,0,21,0,0.2
1043232,Magic,Return to Ravnica,Lotleth Troll,177,R,Moderately Played,0.21,0.2,0.25,0,1,0,0.22
1043324,Magic,Return to Ravnica,Loxodon Smiter,178,R,Near Mint,0.4,0.38,0.19,0,33,0,0.38
1043334,Magic,Return to Ravnica,Loxodon Smiter,178,R,Lightly Played,0.31,0.2,0.2,0,30,0,0.32
1044027,Magic,Return to Ravnica,Mana Bloom,130,R,Near Mint,0.2,0.13,0.1,0,48,0,0.19
1044707,Magic,Return to Ravnica,Mana Bloom,130,R,Lightly Played,0.14,,0.15,0,11,0,0.13
1043481,Magic,Return to Ravnica,Martial Law,14,R,Near Mint,0.16,0.11,0.1,0,39,0,0.17
1043516,Magic,Return to Ravnica,Martial Law,14,R,Lightly Played,0.11,0.1,0.08,0,4,0,0.1
1043546,Magic,Return to Ravnica,Mercurial Chemister,180,R,Near Mint,0.11,0.09,0.1,0,30,0,0.11
1043581,Magic,Return to Ravnica,Mercurial Chemister,180,R,Lightly Played,0.11,,0.1,0,5,0,0.11
1042529,Magic,Return to Ravnica,Mizzium Mortars,101,R,Near Mint,0.24,,0.17,0,22,0,0.29
1042869,Magic,Return to Ravnica,Mizzium Mortars,101,R,Lightly Played,0.21,,0.2,0,19,0,0.23
1043617,Magic,Return to Ravnica,Necropolis Regent,71,M,Near Mint,3.33,,2.77,0,15,0,3.35
1043647,Magic,Return to Ravnica,Necropolis Regent,71,M,Lightly Played,3.01,2.92,2.93,0,5,0,2.94
1042567,Magic,Return to Ravnica,"Niv-Mizzet, Dracogenius",185,M,Near Mint,0.57,0.36,0.45,0,12,0,0.6
1042907,Magic,Return to Ravnica,"Niv-Mizzet, Dracogenius",185,M,Lightly Played,0.32,0.25,0.24,0,8,0,0.3
1043349,Magic,Return to Ravnica,Nivmagus Elemental,219,R,Near Mint,0.22,0.17,0.15,0,42,0,0.2
1043384,Magic,Return to Ravnica,Nivmagus Elemental,219,R,Lightly Played,0.17,0.09,0.16,0,24,0,0.17
1042559,Magic,Return to Ravnica,Overgrown Tomb,243,R,Near Mint,8.63,,8.56,0,4,0,8.84
1042899,Magic,Return to Ravnica,Overgrown Tomb,243,R,Lightly Played,8.46,,8.49,0,1,0,8.44
1042548,Magic,Return to Ravnica,Pack Rat,74,R,Near Mint,1.42,1.38,1.15,0,4,0,1.36
1042888,Magic,Return to Ravnica,Pack Rat,74,R,Lightly Played,1.3,1.12,0.93,0,6,0,1.31
1044041,Magic,Return to Ravnica,Palisade Giant,15,R,Near Mint,0.15,,0.1,0,31,0,0.16
1044721,Magic,Return to Ravnica,Palisade Giant,15,R,Lightly Played,0.13,0.1,0.1,0,2,0,0.12
1043618,Magic,Return to Ravnica,Pithing Needle,233,R,Near Mint,2.46,,1.98,0,18,0,2.5
1043648,Magic,Return to Ravnica,Pithing Needle,233,R,Lightly Played,2.38,,1.98,0,11,0,2.1
1043476,Magic,Return to Ravnica,Precinct Captain,17,R,Near Mint,0.16,0.11,0.15,0,17,0,0.17
1043511,Magic,Return to Ravnica,Precinct Captain,17,R,Lightly Played,0.2,0.09,0.14,0,4,0,0.19
1045399,Magic,Return to Ravnica,"Rakdos, Lord of Riots",187,M,Near Mint,2.3,2.58,2.24,0,11,0,2.41
1045404,Magic,Return to Ravnica,"Rakdos, Lord of Riots",187,M,Lightly Played,2.05,1.89,1.92,0,5,0,2.06
1042526,Magic,Return to Ravnica,Rakdos's Return,188,M,Near Mint,0.72,0.63,0.54,0,13,0,0.74
1042866,Magic,Return to Ravnica,Rakdos's Return,188,M,Lightly Played,0.61,0.59,0.4,0,6,0,0.59
1043922,Magic,Return to Ravnica,Rest in Peace,18,R,Near Mint,6.88,,7.22,0,18,0,6.84
1044602,Magic,Return to Ravnica,Rest in Peace,18,R,Lightly Played,6.75,,6.74,0,8,0,6.73
1043976,Magic,Return to Ravnica,Righteous Authority,189,R,Near Mint,0.18,0.1,0.13,0,33,0,0.18
1044656,Magic,Return to Ravnica,Righteous Authority,189,R,Lightly Played,0.12,0.08,0.09,0,4,0,0.14
1043880,Magic,Return to Ravnica,Search the City,49,R,Near Mint,0.1,0.09,0.07,0,33,0,0.1
1043900,Magic,Return to Ravnica,Search the City,49,R,Lightly Played,0.1,0.08,0.08,0,6,0,0.09
1043214,Magic,Return to Ravnica,Slaughter Games,197,R,Near Mint,0.19,0.2,0.14,0,38,0,0.21
1043239,Magic,Return to Ravnica,Slaughter Games,197,R,Lightly Played,0.18,0.09,0.09,0,7,0,0.18
1043477,Magic,Return to Ravnica,Sphinx of the Chimes,52,R,Near Mint,0.11,0.09,0.09,0,33,0,0.11
1043512,Magic,Return to Ravnica,Sphinx of the Chimes,52,R,Lightly Played,0.09,0.08,0.08,0,1,0,0.09
1043551,Magic,Return to Ravnica,Sphinx's Revelation,200,M,Near Mint,2.71,,2.99,0,8,0,2.81
1043586,Magic,Return to Ravnica,Sphinx's Revelation,200,M,Lightly Played,2.81,,2.29,0,4,0,2.78
1043267,Magic,Return to Ravnica,Supreme Verdict,201,R,Near Mint,3.65,4.69,3.65,0,17,0,4.33
1043297,Magic,Return to Ravnica,Supreme Verdict,201,R,Lightly Played,3.58,2.94,2.94,0,16,0,3.43
1043350,Magic,Return to Ravnica,"Trostani, Selesnya's Voice",206,M,Near Mint,2.9,2.75,2.97,0,8,0,2.82
1043385,Magic,Return to Ravnica,"Trostani, Selesnya's Voice",206,M,Lightly Played,2.97,2.91,2.95,0,2,0,2.78
1043371,Magic,Return to Ravnica,"Trostani, Selesnya's Voice",206,M,Moderately Played,2.75,,3.01,0,1,0,2.65
1043344,Magic,Return to Ravnica,Underworld Connections,83,R,Near Mint,0.23,0.16,0.18,0,23,0,0.24
1043379,Magic,Return to Ravnica,Underworld Connections,83,R,Lightly Played,0.16,0.1,0.14,0,9,0,0.16
1045309,Magic,Return to Ravnica,Utvara Hellkite,110,M,Near Mint,1.96,,1.48,0,5,0,2.28
1045311,Magic,Return to Ravnica,Volatile Rig,236,R,Near Mint,0.12,0.09,0.1,0,30,0,0.12
1045356,Magic,Return to Ravnica,Volatile Rig,236,R,Lightly Played,0.09,0.08,0.08,0,2,0,0.09
1043215,Magic,Return to Ravnica,Vraska the Unseen,208,M,Near Mint,3.63,,2.97,0,4,0,3.96
1043240,Magic,Return to Ravnica,Vraska the Unseen,208,M,Lightly Played,3.03,,2.79,0,1,0,3.06
1042520,Magic,Return to Ravnica,Wayfaring Temple,209,R,Near Mint,0.17,0.11,0.12,0,32,0,0.18
1042860,Magic,Return to Ravnica,Wayfaring Temple,209,R,Lightly Played,0.14,0.09,0.1,0,4,0,0.17
1043549,Magic,Return to Ravnica,Wild Beastmaster,139,R,Near Mint,0.11,0.09,0.1,0,32,0,0.11
1043584,Magic,Return to Ravnica,Wild Beastmaster,139,R,Lightly Played,0.07,,0.07,0,4,0,0.07
1043186,Magic,Return to Ravnica,Worldspine Wurm,140,M,Near Mint,4.25,4,4.31,0,3,0,4.53
1043201,Magic,Return to Ravnica,Worldspine Wurm,140,M,Lightly Played,4.17,3.69,4.35,0,5,0,3.96
395046,Magic,Scars of Mirrodin,Argent Sphinx,,R,Near Mint,0.15,0.09,0.11,0,8,0,0.15
395823,Magic,Scars of Mirrodin,Argent Sphinx,,R,Lightly Played,0.12,0.09,0.12,0,5,0,0.12
394493,Magic,Scars of Mirrodin,Argentum Armor,,R,Near Mint,0.8,0.42,0.36,0,2,0,0.88
394605,Magic,Scars of Mirrodin,Argentum Armor,,R,Lightly Played,0.45,0.35,0.38,0,7,0,0.53
394734,Magic,Scars of Mirrodin,Asceticism,,R,Near Mint,11.42,,10.89,0,1,0,10.94
394724,Magic,Scars of Mirrodin,Carnifex Demon,,R,Near Mint,0.41,0.37,0.39,0,2,0,0.4
394941,Magic,Scars of Mirrodin,Carnifex Demon,,R,Lightly Played,0.3,0.35,0.2,0,8,0,0.31
395056,Magic,Scars of Mirrodin,Cerebral Eruption,,R,Near Mint,0.15,0.1,0.15,0,12,0,0.16
395833,Magic,Scars of Mirrodin,Cerebral Eruption,,R,Lightly Played,0.14,0.1,0.11,0,40,0,0.14
394032,Magic,Scars of Mirrodin,Chimeric Mass,,R,Near Mint,0.14,0.11,0.15,0,10,0,0.14
394249,Magic,Scars of Mirrodin,Chimeric Mass,,R,Lightly Played,0.16,0.1,0.13,0,7,0,0.15
394049,Magic,Scars of Mirrodin,Contagion Engine,,R,Near Mint,6.83,8.54,6.79,0,2,0,6.75
394266,Magic,Scars of Mirrodin,Contagion Engine,,R,Lightly Played,6.76,,6.19,0,4,0,6.25
394376,Magic,Scars of Mirrodin,Dissipation Field,,R,Near Mint,1.4,,0.85,0,7,0,1.23
394474,Magic,Scars of Mirrodin,Dissipation Field,,R,Lightly Played,2.11,1,1,0,4,0,1.46
394380,Magic,Scars of Mirrodin,Engulfing Slagwurm,,R,Near Mint,0.64,,0.66,0,4,0,0.63
394478,Magic,Scars of Mirrodin,Engulfing Slagwurm,,R,Lightly Played,0.46,0.29,0.27,0,2,0,0.5
394283,Magic,Scars of Mirrodin,Etched Champion,,R,Near Mint,3.38,4.8,2.98,0,6,0,3.38
394367,Magic,Scars of Mirrodin,Etched Champion,,R,Lightly Played,3.13,,2.92,0,2,0,2.91
394727,Magic,Scars of Mirrodin,"Ezuri, Renegade Leader",,R,Near Mint,5,,5.17,0,1,0,4.87
393762,Magic,Scars of Mirrodin,Ezuri's Brigade,,R,Near Mint,0.17,0.13,0.15,0,5,0,0.18
393972,Magic,Scars of Mirrodin,Ezuri's Brigade,,R,Lightly Played,0.14,0.1,0.1,0,1,0,0.14
394948,Magic,Scars of Mirrodin,Genesis Wave,,R,Lightly Played,3.62,3.36,3.36,0,1,0,3.93
394057,Magic,Scars of Mirrodin,Grand Architect,,R,Near Mint,2.82,,2.79,0,1,0,2.91
394274,Magic,Scars of Mirrodin,Grand Architect,,R,Lightly Played,2.8,,2.74,0,2,0,2.81
394618,Magic,Scars of Mirrodin,Grindclock,,R,Near Mint,0.19,0.11,0.19,0,6,0,0.19
394709,Magic,Scars of Mirrodin,Grindclock,,R,Lightly Played,0.16,0.1,0.14,0,9,0,0.16
394994,Magic,Scars of Mirrodin,Hoard-Smelter Dragon,,R,Near Mint,0.21,0.18,0.19,0,2,0,0.21
395771,Magic,Scars of Mirrodin,Hoard-Smelter Dragon,,R,Lightly Played,0.21,0.1,0.2,0,3,0,0.22
394278,Magic,Scars of Mirrodin,Indomitable Archangel,,M,Near Mint,0.82,0.78,0.78,0,3,0,0.83
395051,Magic,Scars of Mirrodin,Inexorable Tide,,R,Near Mint,1.44,,0.98,0,3,0,1.53
394285,Magic,Scars of Mirrodin,"Kemba, Kha Regent",,R,Near Mint,0.24,0.11,0.17,0,21,0,0.25
394369,Magic,Scars of Mirrodin,"Kemba, Kha Regent",,R,Lightly Played,0.18,0.09,0.15,0,7,0,0.18
394028,Magic,Scars of Mirrodin,Kuldotha Forgemaster,,R,Near Mint,1.57,,1.97,0,3,0,1.8
394245,Magic,Scars of Mirrodin,Kuldotha Forgemaster,,R,Lightly Played,1.97,1.91,1.91,0,10,0,1.6
394488,Magic,Scars of Mirrodin,Kuldotha Phoenix,,R,Near Mint,0.12,0.11,0.1,0,6,0,0.13
394600,Magic,Scars of Mirrodin,Kuldotha Phoenix,,R,Lightly Played,0.11,0.07,0.08,0,6,0,0.11
394286,Magic,Scars of Mirrodin,Leonin Arbiter,,R,Near Mint,2.55,,2.89,0,4,0,2.63
394370,Magic,Scars of Mirrodin,Leonin Arbiter,,R,Lightly Played,2.59,2.97,2.71,0,14,0,2.55
394368,Magic,Scars of Mirrodin,Liege of the Tangle,,M,Lightly Played,2.56,,2.48,0,1,0,2.6
395022,Magic,Scars of Mirrodin,Livewire Lash,,R,Near Mint,0.29,0.2,0.24,0,5,0,0.29
395799,Magic,Scars of Mirrodin,Livewire Lash,,R,Lightly Played,0.24,0.2,0.23,0,3,0,0.25
395067,Magic,Scars of Mirrodin,Lux Cannon,,M,Near Mint,3.66,3.94,3.23,0,4,0,3.7
395844,Magic,Scars of Mirrodin,Lux Cannon,,M,Lightly Played,3,3.29,3.03,0,1,0,3.11
392522,Magic,Scars of Mirrodin,Memoricide,,R,Near Mint,0.19,,0.16,0,6,0,0.16
392529,Magic,Scars of Mirrodin,Memoricide,,R,Lightly Played,0.14,,0.13,0,11,0,0.14
394998,Magic,Scars of Mirrodin,Mimic Vat,,R,Near Mint,2.62,,2.55,0,1,0,2.58
395775,Magic,Scars of Mirrodin,Mimic Vat,,R,Lightly Played,2.53,,2.53,0,3,0,2.45
395031,Magic,Scars of Mirrodin,Mindslaver,,M,Near Mint,3.1,,3.48,0,1,0,3.22
394722,Magic,Scars of Mirrodin,Molten Psyche,,R,Near Mint,1.66,1.59,0.45,0,9,0,1.22
394939,Magic,Scars of Mirrodin,Molten Psyche,,R,Lightly Played,1.02,0.73,1.19,0,7,0,0.9
394371,Magic,Scars of Mirrodin,Molten-Tail Masticore,,M,Lightly Played,0.31,0.22,0.24,0,1,0,0.32
394281,Magic,Scars of Mirrodin,Myr Battlesphere,,R,Near Mint,0.51,0.49,0.38,0,6,0,0.5
394365,Magic,Scars of Mirrodin,Myr Battlesphere,,R,Lightly Played,0.48,0.47,0.25,0,2,0,0.47
394739,Magic,Scars of Mirrodin,Myr Propagator,,R,Near Mint,0.23,0.19,0.19,0,4,0,0.23
394956,Magic,Scars of Mirrodin,Myr Propagator,,R,Lightly Played,0.21,0.19,0.18,0,6,0,0.22
394487,Magic,Scars of Mirrodin,Myr Reservoir,,R,Near Mint,0.34,,0.19,0,5,0,0.34
394599,Magic,Scars of Mirrodin,Myr Reservoir,,R,Lightly Played,0.3,0.3,0.33,0,6,0,0.34
394732,Magic,Scars of Mirrodin,Necrotic Ooze,,R,Near Mint,1.57,,1.43,0,8,0,1.5
394949,Magic,Scars of Mirrodin,Necrotic Ooze,,R,Lightly Played,1.54,1.42,1.56,0,7,0,1.54
395077,Magic,Scars of Mirrodin,Nim Deathmantle,,R,Near Mint,4.55,5.34,4.68,0,1,0,4.56
394484,Magic,Scars of Mirrodin,Painful Quandary,,R,Near Mint,3.41,,3.89,0,5,0,3.39
394621,Magic,Scars of Mirrodin,Precursor Golem,,R,Near Mint,0.17,0.15,0.12,0,8,0,0.18
394712,Magic,Scars of Mirrodin,Precursor Golem,,R,Lightly Played,0.15,0.09,0.11,0,2,0,0.16
394282,Magic,Scars of Mirrodin,Prototype Portal,,R,Near Mint,1.07,1.11,0.99,0,7,0,1.02
394366,Magic,Scars of Mirrodin,Prototype Portal,,R,Lightly Played,0.91,0.9,0.87,0,5,0,0.97
394619,Magic,Scars of Mirrodin,Putrefax,,R,Near Mint,0.24,0.24,0.2,0,9,0,0.25
394710,Magic,Scars of Mirrodin,Putrefax,,R,Lightly Played,0.23,0.19,0.19,0,4,0,0.21
393755,Magic,Scars of Mirrodin,Quicksilver Gargantuan,,M,Near Mint,0.79,,0.67,0,4,0,0.78
393965,Magic,Scars of Mirrodin,Quicksilver Gargantuan,,M,Lightly Played,0.62,,0.47,0,1,0,0.65
394612,Magic,Scars of Mirrodin,Ratchet Bomb,,R,Near Mint,1.15,1.26,0.95,0,4,0,1.17
394703,Magic,Scars of Mirrodin,Ratchet Bomb,,R,Lightly Played,0.8,,0.74,0,4,0,0.99
394716,Magic,Scars of Mirrodin,Razorverge Thicket,,R,Near Mint,9.22,10.49,8,0,1,0,9.29
394933,Magic,Scars of Mirrodin,Razorverge Thicket,,R,Lightly Played,7.99,,7.5,0,1,0,7.55
394620,Magic,Scars of Mirrodin,Seachrome Coast,,R,Near Mint,6.5,7.49,5.75,0,1,0,6.63
394711,Magic,Scars of Mirrodin,Seachrome Coast,,R,Lightly Played,6.13,6.57,5.65,0,10,0,5.72
394614,Magic,Scars of Mirrodin,Semblance Anvil,,R,Near Mint,1.17,,0.98,0,7,0,1.16
394705,Magic,Scars of Mirrodin,Semblance Anvil,,R,Lightly Played,1.1,1.1,1,0,2,0,1.11
394377,Magic,Scars of Mirrodin,Shape Anew,,R,Near Mint,0.1,0.1,0.1,0,7,0,0.1
395074,Magic,Scars of Mirrodin,Spikeshot Elder,,R,Near Mint,0.2,0.11,0.19,0,9,0,0.2
395851,Magic,Scars of Mirrodin,Spikeshot Elder,,R,Lightly Played,0.2,0.09,0.18,0,4,0,0.2
393741,Magic,Scars of Mirrodin,Steel Hellkite,,R,Near Mint,0.74,0.63,0.67,0,1,0,0.74
393951,Magic,Scars of Mirrodin,Steel Hellkite,,R,Lightly Played,0.71,0.63,0.53,0,1,0,0.69
395016,Magic,Scars of Mirrodin,Strata Scythe,,R,Near Mint,0.23,,0.2,0,5,0,0.23
395793,Magic,Scars of Mirrodin,Strata Scythe,,R,Lightly Played,0.24,,0.23,0,2,0,0.24
394378,Magic,Scars of Mirrodin,Sunblast Angel,,R,Near Mint,0.52,0.5,0.42,0,3,0,0.51
394476,Magic,Scars of Mirrodin,Sunblast Angel,,R,Lightly Played,0.39,,0.33,0,1,0,0.38
393764,Magic,Scars of Mirrodin,Tempered Steel,,R,Near Mint,1.41,1.95,1.42,0,11,0,1.42
393974,Magic,Scars of Mirrodin,Tempered Steel,,R,Lightly Played,1.38,1.36,1,0,2,0,1.3
394616,Magic,Scars of Mirrodin,Tower of Calamities,,R,Near Mint,0.18,0.11,0.14,0,7,0,0.2
394707,Magic,Scars of Mirrodin,Tower of Calamities,,R,Lightly Played,0.17,0.09,0.17,0,19,0,0.17
394384,Magic,Scars of Mirrodin,True Conviction,,R,Near Mint,2.52,2.99,2.98,0,4,0,2.56
394482,Magic,Scars of Mirrodin,True Conviction,,R,Lightly Played,2.46,,2.49,0,1,0,2.43
394615,Magic,Scars of Mirrodin,Tunnel Ignus,,R,Near Mint,0.14,,0.14,0,8,0,0.14
394706,Magic,Scars of Mirrodin,Tunnel Ignus,,R,Lightly Played,0.12,0.09,0.1,0,5,0,0.12
3101316,Magic,Shadows over Innistrad,Altered Ego,241,R,Near Mint,0.23,0.17,0.1,0,71,0,0.2
3101317,Magic,Shadows over Innistrad,Altered Ego,241,R,Lightly Played,0.17,0.09,0.09,0,3,0,0.18
3099256,Magic,Shadows over Innistrad,Always Watching,1,R,Near Mint,0.54,0.49,0.38,0,44,0,0.57
3099257,Magic,Shadows over Innistrad,Always Watching,1,R,Lightly Played,0.46,0.49,0.37,0,5,0,0.5
3095357,Magic,Shadows over Innistrad,Angel of Deliverance,2,R,Near Mint,0.1,0.05,0.06,0,49,0,0.12
3095358,Magic,Shadows over Innistrad,Angel of Deliverance,2,R,Lightly Played,0.1,0.04,0.05,0,5,0,0.09
3095292,Magic,Shadows over Innistrad,Anguished Unmaking,242,R,Near Mint,1.92,2.12,1.72,0,59,0,1.95
3095293,Magic,Shadows over Innistrad,Anguished Unmaking,242,R,Lightly Played,1.91,2.13,1.71,0,7,0,1.84
3092911,Magic,Shadows over Innistrad,Archangel Avacyn,5,M,Near Mint,3.4,3.44,2.99,0,10,0,3.6
3092912,Magic,Shadows over Innistrad,Archangel Avacyn,5,M,Lightly Played,3.16,3.04,3.05,0,6,0,3.06
3096504,Magic,Shadows over Innistrad,Arlinn Kord,243,M,Near Mint,3.1,2.99,2.67,0,17,0,2.97
3096505,Magic,Shadows over Innistrad,Arlinn Kord,243,M,Lightly Played,2.63,2.66,2.49,0,5,0,2.67
3099266,Magic,Shadows over Innistrad,Asylum Visitor,99,R,Near Mint,0.42,0.47,0.17,0,51,0,0.36
3099267,Magic,Shadows over Innistrad,Asylum Visitor,99,R,Lightly Played,0.35,0.17,0.18,0,6,0,0.34
3099689,Magic,Shadows over Innistrad,Avacyn's Judgment,145,R,Near Mint,0.19,0.07,0.08,0,60,0,0.2
3099690,Magic,Shadows over Innistrad,Avacyn's Judgment,145,R,Lightly Played,0.16,0.09,0.08,0,5,0,0.14
3099086,Magic,Shadows over Innistrad,Behold the Beyond,101,M,Near Mint,0.37,0.27,0.24,0,33,0,0.34
3099087,Magic,Shadows over Innistrad,Behold the Beyond,101,M,Lightly Played,0.3,0.23,0.23,0,1,0,0.28
3092811,Magic,Shadows over Innistrad,Brain in a Jar,252,R,Near Mint,0.14,0.09,0.05,0,35,0,0.14
3092812,Magic,Shadows over Innistrad,Brain in a Jar,252,R,Lightly Played,0.1,0.08,0.07,0,1,0,0.1
3099699,Magic,Shadows over Innistrad,Burn from Within,148,R,Near Mint,0.18,0.14,0.1,0,44,0,0.18
3099700,Magic,Shadows over Innistrad,Burn from Within,148,R,Lightly Played,0.14,0.07,0.09,0,2,0,0.14
3092941,Magic,Shadows over Innistrad,Bygone Bishop,8,R,Near Mint,0.28,0.24,0.21,0,53,0,0.26
3092942,Magic,Shadows over Innistrad,Bygone Bishop,8,R,Lightly Played,0.21,0.09,0.19,0,3,0,0.23
3099276,Magic,Shadows over Innistrad,Choked Estuary,270,R,Near Mint,0.84,0.79,0.75,0,23,0,0.87
3099277,Magic,Shadows over Innistrad,Choked Estuary,270,R,Lightly Played,0.81,,0.73,0,8,0,0.76
3099291,Magic,Shadows over Innistrad,Confirm Suspicions,53,R,Near Mint,0.13,0.09,0.1,0,53,0,0.13
3099292,Magic,Shadows over Innistrad,Confirm Suspicions,53,R,Lightly Played,0.11,0.07,0.08,0,4,0,0.1
3099296,Magic,Shadows over Innistrad,Corrupted Grafstone,253,R,Near Mint,0.13,0.1,0.1,0,65,0,0.13
3099297,Magic,Shadows over Innistrad,Corrupted Grafstone,253,R,Lightly Played,0.11,0.1,0.06,0,3,0,0.11
3102336,Magic,Shadows over Innistrad,Cryptolith Rite,200,R,Near Mint,1.53,1.41,1.3,0,71,0,1.48
3098971,Magic,Shadows over Innistrad,Deathcap Cultivator,202,R,Near Mint,0.18,0.11,0.09,0,81,0,0.19
3098972,Magic,Shadows over Innistrad,Deathcap Cultivator,202,R,Lightly Played,0.13,0.09,0.08,0,2,0,0.14
3092951,Magic,Shadows over Innistrad,Declaration in Stone,12,R,Near Mint,0.29,0.24,0.27,0,16,0,0.34
3092952,Magic,Shadows over Innistrad,Declaration in Stone,12,R,Lightly Played,0.24,0.14,0.15,0,9,0,0.23
3095382,Magic,Shadows over Innistrad,Descend upon the Sinful,13,M,Near Mint,0.53,0.4,0.41,0,24,0,0.51
3095383,Magic,Shadows over Innistrad,Descend upon the Sinful,13,M,Lightly Played,0.54,0.48,0.51,0,4,0,0.48
3102396,Magic,Shadows over Innistrad,Devils' Playground,151,R,Near Mint,0.12,0.09,0.1,0,59,0,0.12
3102397,Magic,Shadows over Innistrad,Devils' Playground,151,R,Lightly Played,0.09,0.08,0.06,0,2,0,0.09
3099116,Magic,Shadows over Innistrad,Diregraf Colossus,107,R,Near Mint,1.28,1.28,0.98,0,33,0,1.36
3095322,Magic,Shadows over Innistrad,Drogskol Cavalry,15,R,Near Mint,0.12,0.1,0.1,0,55,0,0.12
3095323,Magic,Shadows over Innistrad,Drogskol Cavalry,15,R,Lightly Played,0.11,0.09,0.1,0,4,0,0.11
3098981,Magic,Shadows over Innistrad,Drownyard Temple,271,R,Near Mint,0.15,0.09,0.1,0,82,0,0.2
3098982,Magic,Shadows over Innistrad,Drownyard Temple,271,R,Lightly Played,0.16,0.09,0.13,0,2,0,0.17
3093099,Magic,Shadows over Innistrad,Eerie Interlude,16,R,Near Mint,0.27,0.14,0.2,0,67,0,0.26
3093100,Magic,Shadows over Innistrad,Eerie Interlude,16,R,Lightly Played,0.24,0.1,0.24,0,5,0,0.23
3093109,Magic,Shadows over Innistrad,Elusive Tormentor,108,R,Near Mint,0.12,0.1,0.1,0,52,0,0.12
3093110,Magic,Shadows over Innistrad,Elusive Tormentor,108,R,Lightly Played,0.09,0.08,0.09,0,2,0,0.09
3099719,Magic,Shadows over Innistrad,Engulf the Shore,58,R,Near Mint,0.35,0.15,0.16,0,48,0,0.35
3099720,Magic,Shadows over Innistrad,Engulf the Shore,58,R,Lightly Played,0.31,0.14,0.15,0,3,0,0.31
3098991,Magic,Shadows over Innistrad,Epiphany at the Drownyard,59,R,Near Mint,0.11,0.09,0.1,0,67,0,0.11
3098992,Magic,Shadows over Innistrad,Epiphany at the Drownyard,59,R,Lightly Played,0.11,0.07,0.08,0,1,0,0.11
3102526,Magic,Shadows over Innistrad,Ever After,109,R,Near Mint,0.24,0.21,0.1,0,64,0,0.22
3102527,Magic,Shadows over Innistrad,Ever After,109,R,Lightly Played,0.19,0.15,0.16,0,5,0,0.18
3097452,Magic,Shadows over Innistrad,Falkenrath Gorger,155,R,Near Mint,0.62,0.49,0.27,0,36,0,0.52
3097453,Magic,Shadows over Innistrad,Falkenrath Gorger,155,R,Lightly Played,0.35,0.31,0.24,0,3,0,0.33
3099729,Magic,Shadows over Innistrad,Fevered Visions,244,R,Near Mint,0.33,0.24,0.09,0,44,0,0.34
3095342,Magic,Shadows over Innistrad,Flameblade Angel,157,R,Near Mint,0.12,0.09,0.1,0,57,0,0.11
3095343,Magic,Shadows over Innistrad,Flameblade Angel,157,R,Lightly Played,0.1,0.09,0.09,0,1,0,0.1
3099301,Magic,Shadows over Innistrad,Foreboding Ruins,272,R,Near Mint,0.85,0.86,0.59,0,22,0,0.96
3099302,Magic,Shadows over Innistrad,Foreboding Ruins,272,R,Lightly Played,0.87,0.89,0.83,0,3,0,0.77
3101521,Magic,Shadows over Innistrad,Forgotten Creation,63,R,Near Mint,0.2,0.15,0.2,0,61,0,0.23
3101522,Magic,Shadows over Innistrad,Forgotten Creation,63,R,Lightly Played,0.18,0.09,0.1,0,5,0,0.17
3099461,Magic,Shadows over Innistrad,Fortified Village,274,R,Near Mint,0.62,,0.45,0,56,0,0.62
3099462,Magic,Shadows over Innistrad,Fortified Village,274,R,Lightly Played,0.58,0.55,0.48,0,3,0,0.54
3101336,Magic,Shadows over Innistrad,From Under the Floorboards,111,R,Near Mint,0.14,0.08,0.09,0,67,0,0.16
3101337,Magic,Shadows over Innistrad,From Under the Floorboards,111,R,Lightly Played,0.18,0.09,0.1,0,2,0,0.16
3100056,Magic,Shadows over Innistrad,Game Trail,276,R,Near Mint,0.77,0.79,0.67,0,15,0,0.73
3103536,Magic,Shadows over Innistrad,Geier Reach Bandit,159,R,Near Mint,0.39,0.14,0.14,0,63,0,0.36
3103537,Magic,Shadows over Innistrad,Geier Reach Bandit,159,R,Lightly Played,0.26,0.19,0.1,0,6,0,0.25
3092821,Magic,Shadows over Innistrad,Geralf's Masterpiece,65,M,Near Mint,0.32,0.25,0.21,0,41,0,0.32
3092822,Magic,Shadows over Innistrad,Geralf's Masterpiece,65,M,Lightly Played,0.23,0.18,0.19,0,1,0,0.26
3099739,Magic,Shadows over Innistrad,Goldnight Castigator,162,M,Near Mint,0.28,0.22,0.24,0,52,0,0.28
3099740,Magic,Shadows over Innistrad,Goldnight Castigator,162,M,Lightly Played,0.23,0.22,0.22,0,1,0,0.26
3099769,Magic,Shadows over Innistrad,Hanweir Militia Captain,21,R,Near Mint,0.49,0.42,0.31,0,44,0,0.5
3099770,Magic,Shadows over Innistrad,Hanweir Militia Captain,21,R,Lightly Played,0.47,0.28,0.29,0,3,0,0.48
3099011,Magic,Shadows over Innistrad,Harness the Storm,163,R,Near Mint,0.12,0.09,0.1,0,46,0,0.12
3099012,Magic,Shadows over Innistrad,Harness the Storm,163,R,Lightly Played,0.1,0.09,0.09,0,1,0,0.1
3101531,Magic,Shadows over Innistrad,Inexorable Blob,212,R,Near Mint,0.12,0.09,0.1,0,62,0,0.1
3101532,Magic,Shadows over Innistrad,Inexorable Blob,212,R,Lightly Played,0.09,0.09,0.07,0,3,0,0.09
3099749,Magic,Shadows over Innistrad,Invocation of Saint Traft,246,R,Near Mint,0.15,0.1,0.1,0,56,0,0.15
3099750,Magic,Shadows over Innistrad,Invocation of Saint Traft,246,R,Lightly Played,0.13,0.1,0.09,0,4,0,0.13
3097462,Magic,Shadows over Innistrad,"Jace, Unraveler of Secrets",69,M,Near Mint,3.23,3.12,2.86,0,10,0,3.21
3097463,Magic,Shadows over Innistrad,"Jace, Unraveler of Secrets",69,M,Lightly Played,2.97,2.97,2.95,0,4,0,2.86
3095332,Magic,Shadows over Innistrad,Markov Dreadknight,122,R,Near Mint,0.1,0.09,0.1,0,58,0,0.1
3095333,Magic,Shadows over Innistrad,Markov Dreadknight,122,R,Lightly Played,0.1,0.08,0.09,0,2,0,0.09
3093149,Magic,Shadows over Innistrad,Mindwrack Demon,124,M,Near Mint,0.27,0.3,0.19,0,23,0,0.27
3093150,Magic,Shadows over Innistrad,Mindwrack Demon,124,M,Lightly Played,0.29,0.25,0.25,0,4,0,0.3
3095407,Magic,Shadows over Innistrad,"Nahiri, the Harbinger",247,M,Near Mint,6.85,6.9,6.72,0,4,0,7
3095408,Magic,Shadows over Innistrad,"Nahiri, the Harbinger",247,M,Lightly Played,6.26,6.34,6.16,0,1,0,6.57
3095312,Magic,Shadows over Innistrad,Nephalia Moondrakes,75,R,Near Mint,0.1,0.08,0.08,0,58,0,0.1
3096524,Magic,Shadows over Innistrad,"Odric, Lunarch Marshal",31,R,Near Mint,0.9,0.86,0.67,0,32,0,0.84
3096525,Magic,Shadows over Innistrad,"Odric, Lunarch Marshal",31,R,Lightly Played,0.84,0.76,0.58,0,1,0,0.79
3097482,Magic,Shadows over Innistrad,"Olivia, Mobilized for War",248,M,Near Mint,1.39,1.49,1.42,0,14,0,1.51
3099471,Magic,Shadows over Innistrad,Port Town,278,R,Near Mint,0.69,0.69,0.5,0,23,0,0.69
3099472,Magic,Shadows over Innistrad,Port Town,278,R,Lightly Played,0.72,0.5,0.5,0,4,0,0.7
3101416,Magic,Shadows over Innistrad,Prized Amalgam,249,R,Near Mint,1.08,1,0.84,0,36,0,1.11
3101417,Magic,Shadows over Innistrad,Prized Amalgam,249,R,Lightly Played,1,0.97,0.94,0,7,0,1.01
3097492,Magic,Shadows over Innistrad,Rattlechains,81,R,Near Mint,0.35,0.29,0.23,0,37,0,0.32
3092851,Magic,Shadows over Innistrad,Relentless Dead,131,M,Near Mint,4.59,5.07,4.35,0,13,0,4.84
3097502,Magic,Shadows over Innistrad,Sage of Ancient Lore,225,R,Near Mint,0.14,0.1,0.1,0,59,0,0.16
3097503,Magic,Shadows over Innistrad,Sage of Ancient Lore,225,R,Lightly Played,0.13,0.09,0.1,0,4,0,0.11
3099994,Magic,Shadows over Innistrad,Scourge Wolf,179,R,Near Mint,0.12,0.1,0.1,0,23,0,0.13
3099995,Magic,Shadows over Innistrad,Scourge Wolf,179,R,Lightly Played,0.11,0.09,0.1,0,5,0,0.12
3101426,Magic,Shadows over Innistrad,Seasons Past,226,M,Near Mint,0.94,0.93,0.75,0,25,0,1.02
3101427,Magic,Shadows over Innistrad,Seasons Past,226,M,Lightly Played,0.82,0.85,0.54,0,3,0,0.76
3099481,Magic,Shadows over Innistrad,Second Harvest,227,R,Near Mint,0.44,,0.3,0,49,0,0.46
3097442,Magic,Shadows over Innistrad,"Sigarda, Heron's Grace",250,M,Near Mint,0.77,0.79,0.56,0,28,0,0.8
3097443,Magic,Shadows over Innistrad,"Sigarda, Heron's Grace",250,M,Lightly Played,0.75,0.7,0.68,0,7,0,0.69
3099196,Magic,Shadows over Innistrad,Silverfur Partisan,228,R,Near Mint,0.14,0.09,0.12,0,44,0,0.19
3099197,Magic,Shadows over Innistrad,Silverfur Partisan,228,R,Lightly Played,0.17,0.1,0.09,0,6,0,0.14
3099532,Magic,Shadows over Innistrad,Sin Prodder,181,R,Near Mint,0.2,0.15,0.13,0,65,0,0.19
3099533,Magic,Shadows over Innistrad,Sin Prodder,181,R,Lightly Played,0.17,0.09,0.1,0,2,0,0.18
3103226,Magic,Shadows over Innistrad,Slayer's Plate,264,R,Near Mint,0.1,0.08,0.09,0,60,0,0.11
3103227,Magic,Shadows over Innistrad,Slayer's Plate,264,R,Lightly Played,0.1,0.09,0.08,0,3,0,0.11
3099031,Magic,Shadows over Innistrad,"Sorin, Grim Nemesis",251,M,Near Mint,4.37,,4.11,0,15,0,3.99
3093199,Magic,Shadows over Innistrad,Soul Swallower,230,R,Near Mint,0.09,0.09,0.09,0,72,0,0.09
3093200,Magic,Shadows over Innistrad,Soul Swallower,230,R,Lightly Played,0.09,0.08,0.09,0,1,0,0.09
3095452,Magic,Shadows over Innistrad,Startled Awake,88,M,Near Mint,1.73,1.48,1.05,0,6,0,1.66
3095453,Magic,Shadows over Innistrad,Startled Awake,88,M,Lightly Played,1.7,1.62,0.94,0,7,0,1.56
3092961,Magic,Shadows over Innistrad,Tamiyo's Journal,265,R,Near Mint,0.31,0.35,0.2,0,35,0,0.32
3092962,Magic,Shadows over Innistrad,Tamiyo's Journal,265,R,Lightly Played,0.32,0.32,0.18,0,7,0,0.28
3099206,Magic,Shadows over Innistrad,Thalia's Lieutenant,43,R,Near Mint,1.72,2.2,1.54,0,43,0,1.71
3099207,Magic,Shadows over Innistrad,Thalia's Lieutenant,43,R,Lightly Played,1.77,1.98,1.73,0,9,0,1.64
3101386,Magic,Shadows over Innistrad,The Gitrog Monster,245,M,Near Mint,1.08,1.02,0.88,0,23,0,1.09
3101387,Magic,Shadows over Innistrad,The Gitrog Monster,245,M,Lightly Played,0.96,0.92,0.97,0,2,0,0.88
3093209,Magic,Shadows over Innistrad,Thing in the Ice,92,R,Near Mint,2.33,2.49,1.75,0,21,0,2.31
3093210,Magic,Shadows over Innistrad,Thing in the Ice,92,R,Lightly Played,2.34,2.38,1.5,0,5,0,2.14
3099491,Magic,Shadows over Innistrad,Tireless Tracker,233,R,Near Mint,3.55,3.5,3.44,0,23,0,3.73
3096534,Magic,Shadows over Innistrad,To the Slaughter,139,R,Near Mint,0.15,0.09,0.1,0,66,0,0.16
3096535,Magic,Shadows over Innistrad,To the Slaughter,139,R,Lightly Played,0.11,0.09,0.11,0,3,0,0.12
3099051,Magic,Shadows over Innistrad,Traverse the Ulvenwald,234,R,Near Mint,1.64,1.95,1.55,0,19,0,1.57
3100004,Magic,Shadows over Innistrad,Triskaidekaphobia,141,R,Near Mint,0.15,0.1,0.09,0,48,0,0.15
3100005,Magic,Shadows over Innistrad,Triskaidekaphobia,141,R,Lightly Played,0.15,0.08,0.15,0,1,0,0.15
3101396,Magic,Shadows over Innistrad,Ulvenwald Hydra,235,M,Near Mint,1.15,0.98,0.95,0,24,0,1.16
3101397,Magic,Shadows over Innistrad,Ulvenwald Hydra,235,M,Lightly Played,0.86,0.81,0.89,0,2,0,0.89
3099236,Magic,Shadows over Innistrad,Welcome to the Fold,96,R,Near Mint,0.1,0.09,0.09,0,60,0,0.11
3099237,Magic,Shadows over Innistrad,Welcome to the Fold,96,R,Lightly Played,0.09,0.08,0.08,0,3,0,0.08
3099246,Magic,Shadows over Innistrad,Westvale Abbey,281,R,Near Mint,3.06,3.1,2.95,0,22,0,3.03
3099247,Magic,Shadows over Innistrad,Westvale Abbey,281,R,Lightly Played,2.94,,2.8,0,3,0,2.79
3096544,Magic,Shadows over Innistrad,Wolf of Devil's Breach,192,M,Near Mint,0.28,0.22,0.24,0,38,0,0.3
3096545,Magic,Shadows over Innistrad,Wolf of Devil's Breach,192,M,Lightly Played,0.26,0.22,0.2,0,2,0,0.26
1131298,Magic,Theros,Abhorrent Overlord,75,R,Near Mint,0.2,,0.18,0,56,0,0.2
1131299,Magic,Theros,Abhorrent Overlord,75,R,Lightly Played,0.15,0.1,0.1,0,14,0,0.16
1132871,Magic,Theros,Agent of the Fates,76,R,Near Mint,0.23,0.11,0.15,0,46,0,0.23
1132872,Magic,Theros,Agent of the Fates,76,R,Lightly Played,0.13,0.09,0.11,0,7,0,0.12
1134643,Magic,Theros,Akroan Horse,210,R,Near Mint,0.13,0.09,0.1,0,38,0,0.14
1134644,Magic,Theros,Akroan Horse,210,R,Lightly Played,0.1,,0.1,0,7,0,0.1
1130813,Magic,Theros,Anax and Cymede,186,R,Near Mint,0.16,0.11,0.1,0,26,0,0.16
1130814,Magic,Theros,Anax and Cymede,186,R,Lightly Played,0.11,0.07,0.08,0,10,0,0.1
1132861,Magic,Theros,Anger of the Gods,112,R,Near Mint,1.68,,1.19,0,30,0,1.81
1132862,Magic,Theros,Anger of the Gods,112,R,Lightly Played,1.34,1.15,1.17,0,5,0,1.25
1131338,Magic,Theros,"Anthousa, Setessan Hero",149,R,Near Mint,0.11,,0.09,0,56,0,0.11
1131339,Magic,Theros,"Anthousa, Setessan Hero",149,R,Lightly Played,0.08,0.08,0.08,0,8,0,0.08
1132773,Magic,Theros,Arbor Colossus,150,R,Near Mint,0.13,0.11,0.1,0,46,0,0.12
1132774,Magic,Theros,Arbor Colossus,150,R,Lightly Played,0.07,0.07,0.05,0,7,0,0.09
1131490,Magic,Theros,Artisan of Forms,40,R,Near Mint,0.15,0.1,0.1,0,63,0,0.16
1131491,Magic,Theros,Artisan of Forms,40,R,Lightly Played,0.09,,0.09,0,1,0,0.09
1134583,Magic,Theros,Ashen Rider,187,M,Near Mint,0.83,0.91,0.5,0,25,0,0.78
1134584,Magic,Theros,Ashen Rider,187,M,Lightly Played,0.8,0.48,0.5,0,6,0,0.76
1132253,Magic,Theros,"Ashiok, Nightmare Weaver",188,M,Near Mint,5.63,,5.67,0,3,0,5.64
1131268,Magic,Theros,Bident of Thassa,42,R,Near Mint,0.24,0.23,0.19,0,56,0,0.25
1131269,Magic,Theros,Bident of Thassa,42,R,Lightly Played,0.25,,0.25,0,9,0,0.26
1132823,Magic,Theros,Boon Satyr,152,R,Near Mint,0.19,0.18,0.1,0,56,0,0.19
1132824,Magic,Theros,Boon Satyr,152,R,Lightly Played,0.13,0.08,0.09,0,7,0,0.13
1131348,Magic,Theros,Bow of Nylea,153,R,Near Mint,1.74,1.79,1.73,0,32,0,1.66
1131349,Magic,Theros,Bow of Nylea,153,R,Lightly Played,1.54,,1.2,0,8,0,1.61
1131248,Magic,Theros,Celestial Archon,3,R,Near Mint,0.13,0.09,0.09,0,52,0,0.13
1131249,Magic,Theros,Celestial Archon,3,R,Lightly Played,0.09,0.08,0.09,0,15,0,0.09
1131400,Magic,Theros,Chained to the Rocks,4,R,Near Mint,0.21,0.17,0.1,0,59,0,0.17
1131401,Magic,Theros,Chained to the Rocks,4,R,Lightly Played,0.17,0.08,0.1,0,16,0,0.19
1134683,Magic,Theros,Colossus of Akros,214,R,Near Mint,0.84,0.88,0.35,0,19,0,0.8
1134684,Magic,Theros,Colossus of Akros,214,R,Lightly Played,0.64,,0.3,0,4,0,0.58
1131500,Magic,Theros,Curse of the Swine,46,R,Near Mint,0.28,0.29,0.18,0,37,0,0.29
1131501,Magic,Theros,Curse of the Swine,46,R,Lightly Played,0.18,0.15,0.18,0,5,0,0.23
1131760,Magic,Theros,Daxos of Meletis,191,R,Near Mint,0.22,,0.1,0,48,0,0.26
1131761,Magic,Theros,Daxos of Meletis,191,R,Lightly Played,0.22,0.09,0.15,0,8,0,0.22
1131318,Magic,Theros,Ember Swallower,120,R,Near Mint,0.12,0.09,0.1,0,45,0,0.12
1131319,Magic,Theros,Ember Swallower,120,R,Lightly Played,0.09,0.07,0.07,0,4,0,0.09
1132233,Magic,Theros,"Erebos, God of the Dead",85,M,Near Mint,5.77,,6.7,0,15,0,6.78
1132234,Magic,Theros,"Erebos, God of the Dead",85,M,Lightly Played,6.6,7.05,6.65,0,5,0,6.42
1132881,Magic,Theros,Fabled Hero,12,R,Near Mint,0.24,0.22,0.19,0,30,0,0.24
1132882,Magic,Theros,Fabled Hero,12,R,Lightly Played,0.18,0.1,0.17,0,8,0,0.18
1133397,Magic,Theros,Firedrinker Satyr,123,R,Near Mint,0.13,,0.1,0,26,0,0.13
1133398,Magic,Theros,Firedrinker Satyr,123,R,Lightly Played,0.11,0.07,0.08,0,6,0,0.11
1132213,Magic,Theros,Fleecemane Lion,193,R,Near Mint,0.54,0.39,0.34,0,28,0,0.56
1132214,Magic,Theros,Fleecemane Lion,193,R,Lightly Played,0.36,0.27,0.29,0,6,0,0.36
1131258,Magic,Theros,Gift of Immortality,14,R,Near Mint,0.95,,0.75,0,31,0,1
1131259,Magic,Theros,Gift of Immortality,14,R,Lightly Played,0.8,,0.61,0,6,0,0.89
1131661,Magic,Theros,Hammer of Purphoros,124,R,Near Mint,0.34,0.35,0.2,0,50,0,0.37
1131662,Magic,Theros,Hammer of Purphoros,124,R,Lightly Played,0.27,0.17,0.18,0,7,0,0.32
1131390,Magic,Theros,"Heliod, God of the Sun",17,M,Near Mint,3.73,,3.25,0,24,0,3.91
1131391,Magic,Theros,"Heliod, God of the Sun",17,M,Lightly Played,3.18,,3.39,0,2,0,3.02
1132833,Magic,Theros,Hero's Downfall,90,R,Near Mint,2.14,2.15,2.1,0,25,0,2.04
1132834,Magic,Theros,Hero's Downfall,90,R,Lightly Played,2,,1.94,0,1,0,1.94
1131440,Magic,Theros,Hundred-Handed One,20,R,Near Mint,0.19,0.1,0.1,0,49,0,0.19
1131441,Magic,Theros,Hundred-Handed One,20,R,Lightly Played,0.1,,0.09,0,6,0,0.1
1132813,Magic,Theros,Hythonia the Cruel,91,M,Near Mint,0.43,0.34,0.34,0,20,0,0.43
1132814,Magic,Theros,Hythonia the Cruel,91,M,Lightly Played,0.36,0.3,0.31,0,7,0,0.34
1134273,Magic,Theros,Labyrinth Champion,126,R,Near Mint,0.12,0.09,0.1,0,50,0,0.12
1134274,Magic,Theros,Labyrinth Champion,126,R,Lightly Played,0.1,0.09,0.09,0,13,0,0.1
1131814,Magic,Theros,Master of Waves,53,M,Near Mint,2.05,2.26,2.05,0,18,0,2.18
1131370,Magic,Theros,Medomai the Ageless,196,M,Near Mint,0.77,,0.49,0,24,0,0.78
1131371,Magic,Theros,Medomai the Ageless,196,M,Lightly Played,0.77,,0.56,0,6,0,0.73
1133863,Magic,Theros,Meletis Charlatan,54,R,Near Mint,0.14,0.09,0.1,0,64,0,0.14
1133864,Magic,Theros,Meletis Charlatan,54,R,Lightly Played,0.1,0.08,0.08,0,9,0,0.1
1133468,Magic,Theros,Mistcutter Hydra,162,R,Near Mint,0.34,0.36,0.18,0,41,0,0.26
1133469,Magic,Theros,Mistcutter Hydra,162,R,Lightly Played,0.33,0.16,0.17,0,10,0,0.31
1131824,Magic,Theros,Nighthowler,98,R,Near Mint,0.22,0.09,0.15,0,62,0,0.21
1131825,Magic,Theros,Nighthowler,98,R,Lightly Played,0.15,0.09,0.1,0,8,0,0.16
1131804,Magic,Theros,"Nykthos, Shrine to Nyx",223,R,Near Mint,8.06,8.95,7.99,0,9,0,7.62
1131805,Magic,Theros,"Nykthos, Shrine to Nyx",223,R,Lightly Played,7.63,,7.68,0,2,0,7.47
1131749,Magic,Theros,"Nylea, God of the Hunt",166,M,Near Mint,4.52,,4.48,0,22,0,4.35
1131750,Magic,Theros,"Nylea, God of the Hunt",166,M,Lightly Played,3.93,,3.95,0,4,0,4.35
1131771,Magic,Theros,Polis Crusher,198,R,Near Mint,0.16,0.09,0.1,0,36,0,0.16
1131772,Magic,Theros,Polis Crusher,198,R,Lightly Played,0.09,0.08,0.09,0,2,0,0.1
1130833,Magic,Theros,"Polukranos, World Eater",172,M,Near Mint,0.7,0.56,0.47,0,12,0,0.72
1130834,Magic,Theros,"Polukranos, World Eater",172,M,Lightly Played,0.44,0.23,0.23,0,11,0,0.44
1132951,Magic,Theros,Prognostic Sphinx,60,R,Near Mint,0.12,0.11,0.1,0,38,0,0.13
1132952,Magic,Theros,Prognostic Sphinx,60,R,Lightly Played,0.13,,0.08,0,8,0,0.13
1132763,Magic,Theros,Prophet of Kruphix,199,R,Near Mint,0.69,0.59,0.5,0,23,0,0.69
1132764,Magic,Theros,Prophet of Kruphix,199,R,Lightly Played,0.5,0.25,0.25,0,9,0,0.55
1132793,Magic,Theros,Psychic Intrusion,200,R,Near Mint,0.18,0.1,0.09,0,55,0,0.18
1131834,Magic,Theros,"Purphoros, God of the Forge",135,M,Near Mint,15.15,18.99,14.24,0,2,0,14.11
1131835,Magic,Theros,"Purphoros, God of the Forge",135,M,Lightly Played,14.34,,13.78,0,3,0,14.43
1131888,Magic,Theros,Pyxis of Pandemonium,220,R,Near Mint,0.22,0.16,0.13,0,51,0,0.22
1131889,Magic,Theros,Pyxis of Pandemonium,220,R,Lightly Played,0.19,0.1,0.16,0,5,0,0.16
1131672,Magic,Theros,Rageblood Shaman,138,R,Near Mint,0.25,0.23,0.21,0,28,0,0.25
1131673,Magic,Theros,Rageblood Shaman,138,R,Lightly Played,0.23,0.19,0.2,0,7,0,0.23
1132693,Magic,Theros,Reaper of the Wilds,201,R,Near Mint,0.2,0.11,0.1,0,24,0,0.19
1132694,Magic,Theros,Reaper of the Wilds,201,R,Lightly Played,0.16,0.08,0.09,0,15,0,0.16
1131359,Magic,Theros,Reverent Hunter,173,R,Near Mint,0.15,0.14,0.1,0,32,0,0.15
1131360,Magic,Theros,Reverent Hunter,173,R,Lightly Played,0.12,0.09,0.09,0,8,0,0.12
1131278,Magic,Theros,Shipbreaker Kraken,63,R,Near Mint,0.13,0.1,0.12,0,62,0,0.14
1131279,Magic,Theros,Shipbreaker Kraken,63,R,Lightly Played,0.1,0.08,0.08,0,1,0,0.09
1132961,Magic,Theros,Soldier of the Pantheon,32,R,Near Mint,0.2,0.11,0.18,0,30,0,0.21
1132962,Magic,Theros,Soldier of the Pantheon,32,R,Lightly Played,0.15,0.1,0.1,0,14,0,0.15
1132803,Magic,Theros,Spear of Heliod,33,R,Near Mint,0.76,,0.44,0,50,0,0.75
1132804,Magic,Theros,Spear of Heliod,33,R,Lightly Played,0.52,,0.42,0,10,0,0.54
1132783,Magic,Theros,Steam Augury,205,R,Near Mint,0.12,0.1,0.08,0,64,0,0.12
1132784,Magic,Theros,Steam Augury,205,R,Lightly Played,0.1,0.08,0.1,0,9,0,0.1
1131898,Magic,Theros,Stormbreath Dragon,143,M,Near Mint,3.86,,3.99,0,17,0,3.61
1131899,Magic,Theros,Stormbreath Dragon,143,M,Lightly Played,3.32,,3.46,0,9,0,3.39
1132971,Magic,Theros,Swan Song,65,R,Near Mint,2.39,,1.5,0,80,0,2.24
1132972,Magic,Theros,Swan Song,65,R,Lightly Played,2,,1.57,0,13,0,2.13
1131866,Magic,Theros,Sylvan Caryatid,180,R,Near Mint,1.73,1.99,1.63,0,12,0,1.75
1131867,Magic,Theros,Sylvan Caryatid,180,R,Lightly Played,1.61,1.22,1.24,0,2,0,1.63
1132703,Magic,Theros,Temple of Abandon,224,R,Near Mint,0.63,0.67,0.46,0,28,0,0.59
1132704,Magic,Theros,Temple of Abandon,224,R,Lightly Played,0.57,0.63,0.32,0,15,0,0.56
1132713,Magic,Theros,Temple of Deceit,225,R,Near Mint,2,2.18,1.78,0,19,0,1.86
1132714,Magic,Theros,Temple of Deceit,225,R,Lightly Played,2.05,1.92,1.87,0,11,0,2.01
1132723,Magic,Theros,Temple of Mystery,226,R,Near Mint,0.83,,0.65,0,25,0,0.87
1132724,Magic,Theros,Temple of Mystery,226,R,Lightly Played,0.84,,0.76,0,12,0,0.88
1132733,Magic,Theros,Temple of Silence,227,R,Near Mint,1.38,1.95,1.1,0,27,0,1.42
1132734,Magic,Theros,Temple of Silence,227,R,Lightly Played,1.55,1.59,1.32,0,11,0,1.58
1132743,Magic,Theros,Temple of Triumph,228,R,Near Mint,1.17,,1,0,26,0,1.3
1132744,Magic,Theros,Temple of Triumph,228,R,Lightly Played,1.22,,1,0,10,0,1.27
1131288,Magic,Theros,"Thassa, God of the Sea",66,M,Near Mint,6.75,,6.49,0,11,0,6.63
1131694,Magic,Theros,Titan of Eternal Fire,144,R,Near Mint,0.11,0.09,0.1,0,47,0,0.11
1131695,Magic,Theros,Titan of Eternal Fire,144,R,Lightly Played,0.08,0.07,0.07,0,6,0,0.08
1133407,Magic,Theros,Triad of Fates,206,R,Near Mint,0.18,0.12,0.09,0,60,0,0.17
1133408,Magic,Theros,Triad of Fates,206,R,Lightly Played,0.1,0.07,0.1,0,2,0,0.11
1132243,Magic,Theros,"Tymaret, the Murder King",207,R,Near Mint,0.16,0.1,0.1,0,54,0,0.16
1132244,Magic,Theros,"Tymaret, the Murder King",207,R,Lightly Played,0.11,0.08,0.09,0,9,0,0.12
1131782,Magic,Theros,Underworld Cerberus,208,M,Near Mint,0.29,0.24,0.25,0,15,0,0.3
1131783,Magic,Theros,Underworld Cerberus,208,M,Lightly Played,0.26,0.21,0.22,0,6,0,0.26
1134163,Magic,Theros,Whip of Erebos,110,R,Near Mint,2.35,3.2,1.75,0,9,0,2.04
1134164,Magic,Theros,Whip of Erebos,110,R,Lightly Played,1.98,,1.74,0,3,0,2.03
1131948,Magic,Theros,"Xenagos, the Reveler",209,M,Near Mint,4.53,,4.5,0,1,0,4.66
1131949,Magic,Theros,"Xenagos, the Reveler",209,M,Lightly Played,3.93,,3.94,0,4,0,3.77
