Count,Tradelist Count,Name,Edition,Card Number,Condition,Language,Foil,Signed,Artist Proof,Altered Art,Misprint,Promo,Textless,Rarity,My Price,Price
1,1,Abbey Matron,Homelands,240,Near Mint,English,0,0,0,0,0,0,0,Common,$0.15,$0.18
24,8,Abbot of Keral Keep,Magic Origins,71,Near Mint,English,0,0,0,0,0,0,0,Rare,$1.75,$2.37
64,8,Abhorrent Overlord,Theros,148,Near Mint,English,0,0,0,0,0,0,0,Rare,$0.30,$0.26
1,1,Abolish,Prophecy,240,Near Mint,English,0,0,0,0,0,0,0,Uncommon,$0.15,$0.24
2,2,Abomination,Legends,156,Near Mint,English,0,0,0,0,0,0,0,Uncommon,$0.50,$0.45
2,2,About Face,Urza's Legacy,127,Near Mint,English,0,0,0,0,0,0,0,Common,$0.15,$0.16
23,8,Abrupt Decay,Return to Ravnica,116,Near Mint,English,0,0,0,0,0,0,0,Rare,$11.00,$10.93
1,1,Absorb,Invasion,88,Near Mint,English,0,0,0,0,0,0,0,Rare,$3.00,$3.09
2,2,Abyssal Gatekeeper,Weatherlight,51,Near Mint,English,0,0,0,0,0,0,0,Common,$0.15,$0.19
1,1,Abyssal Specter,Classic Sixth Edition,19,Near Mint,English,0,0,0,0,0,0,0,Uncommon,$0.25,$0.25
55,8,Abzan Ascendancy,Khans of Tarkir,35,Near Mint,English,0,0,0,0,0,0,0,Rare,$0.30,$0.26
1,1,Academy Researchers,Urza's Saga,45,Near Mint,English,0,0,0,0,0,0,0,Uncommon,$0.15,$0.22
9,8,Accumulated Knowledge,Nemesis,110,Near Mint,English,0,0,0,0,0,0,0,Common,$0.25,$0.29
1,1,Acidic Sliver,Stronghold,256,Near Mint,English,0,0,0,0,0,0,0,Uncommon,$0.25,$0.31
1,1,Acidic Soil,Urza's Saga,257,Near Mint,English,0,0,0,0,0,0,0,Uncommon,$0.25,$0.26
2,2,Acridian,Urza's Saga,44,Near Mint,English,0,0,0,0,0,0,0,Common,$0.10,$0.14
4,4,Active Volcano,Legends,47,Near Mint,English,0,0,0,0,0,0,0,Common,$0.15,$0.18
1,1,Adarkar Sentinel,Ice Age,48,Near Mint,English,0,0,0,0,0,0,0,Uncommon,$0.15,$0.17
1,1,Adarkar Unicorn,Ice Age,205,Near Mint,English,0,0,0,0,0,0,0,Common,$0.10,$0.14
1,1,Adarkar Wastes,Ice Age,41,Near Mint,English,0,0,0,0,0,0,0,Rare,$8.00,$7.58
1,1,Adarkar Wastes,Ninth Edition,41,Near Mint,English,0,0,0,0,0,0,0,Rare,$9.75,$9.51
3,3,Adarkar Wastes,Tenth Edition,200,Near Mint,English,0,0,0,0,0,0,0,Rare,$11.50,$10.88
2,2,Addle,Invasion,184,Near Mint,English,0,0,0,0,0,0,0,Uncommon,$0.15,$0.21
24,8,Advent of the Wurm,Dragon's Maze,328,Near Mint,English,0,0,0,0,0,0,0,Rare,$0.75,$0.75
1,1,Adventurers' Guildhouse,Legends,191,Near Mint,English,0,0,0,0,0,0,0,Uncommon,$0.85,$0.94
4,4,Aegis Angel,Magic 2012,68,Near Mint,English,0,0,0,0,0,0,0,Rare,$0.65,$0.64
7,7,Aegis Angel,Magic 2015 Core Set,190,Near Mint,English,0,0,0,0,0,0,0,Rare,$0.45,$0.49
9,8,Aegis Angel,Magic Origins,47,Near Mint,English,0,0,0,0,0,0,0,Rare,$0.55,$0.59
11,8,Aegis of the Gods,Journey into Nyx,54,Near Mint,English,0,0,0,0,0,0,0,Rare,$1.00,$1.19
2,2,Aeolipile,Fallen Empires,152,Near Mint,English,0,0,0,0,0,0,0,Rare,$0.45,$0.40
2,2,Aerathi Berserker,Legends,90,Near Mint,English,0,0,0,0,0,0,0,Uncommon,$0.35,$0.56
2,2,Aether Barrier,Nemesis,331,Near Mint,English,0,0,0,0,0,0,0,Rare,$0.30,$0.37
7,7,Aether Mutation,Apocalypse,98,Near Mint,English,0,0,0,0,0,0,0,Uncommon,$0.15,$0.23
1,1,Aether Tide,Exodus,29,Near Mint,English,0,0,0,0,0,0,0,Common,$0.15,$0.15
33,8,Aetherling,Dragon's Maze,249,Near Mint,English,0,0,0,0,0,0,0,Rare,$0.65,$0.61
28,8,Aetherspouts,Magic 2015 Core Set,197,Near Mint,English,0,0,0,0,0,0,0,Rare,$0.55,$0.53
1,1,Afterlife,Mercadian Masques,67,Near Mint,English,0,0,0,0,0,0,0,Uncommon,$0.15,$0.19
2,2,Afterlife,Mirage,26,Near Mint,English,0,0,0,0,0,0,0,Uncommon,$0.15,$0.20
4,4,Agent of Shauku,Prophecy,1,Near Mint,English,0,0,0,0,0,0,0,Common,$0.10,$0.14
50,8,Agent of the Fates,Theros,81,Near Mint,English,0,0,0,0,0,0,0,Rare,$0.30,$0.30
9,8,Aggressive Mining,Magic 2015 Core Set,30,Near Mint,English,0,0,0,0,0,0,0,Rare,$0.30,$0.26
4,4,Aggressive Urge,Invasion,55,Near Mint,English,0,0,0,0,0,0,0,Common,$0.10,$0.14
4,4,Agonizing Demise,Invasion,76,Near Mint,English,0,0,0,0,0,0,0,Common,$0.10,$0.14
1,1,Agonizing Memories,Weatherlight,29,Near Mint,English,0,0,0,0,0,0,0,Uncommon,$0.15,$0.21
13,8,Air Bladder,Nemesis,127,Near Mint,English,0,0,0,0,0,0,0,Common,$0.10,$0.14
1,1,Air Elemental,Revised Edition,96,Near Mint,English,0,0,0,0,0,0,0,Uncommon,$0.15,$0.16
1,1,Aisling Leprechaun,Legends,151,Near Mint,English,0,0,0,0,0,0,0,Common,$0.25,$0.26
4,4,"Ajani, Caller of the Pride",Magic 2013,23,Near Mint,English,0,0,0,0,0,0,0,Rare,$5.25,$5.14
4,4,"Ajani, Mentor of Heroes",Journey into Nyx,58,Near Mint,English,0,0,0,0,0,0,0,MythicRare,$12.50,$12.69
13,8,Ajani's Chosen,Magic 2014 Core Set,14,Near Mint,English,0,0,0,0,0,0,0,MythicRare,$0.30,$0.34
36,8,Akoum Firebird,Battle for Zendikar,246,Near Mint,English,0,0,0,0,0,0,0,MythicRare,$0.99,$0.61
35,8,Akoum Hellkite,Battle for Zendikar,97,Near Mint,English,0,0,0,0,0,0,0,Rare,$0.30,$0.27
40,8,Akroan Horse,Theros,2,Near Mint,English,0,0,0,0,0,0,0,Rare,$0.15,$0.24
1,1,Alabaster Potion,Legends,3,Good (Lightly Played),English,0,0,0,0,0,0,0,Common,$0.15,$0.20
1,1,Alabaster Potion,Fourth Edition,241,Near Mint,English,0,0,0,0,0,0,0,Common,$0.15,$0.15
4,4,Alabaster Wall,Mercadian Masques,181,Near Mint,English,0,0,0,0,0,0,0,Common,$0.10,$0.14
1,1,Aladdin's Lamp,Revised Edition,24,Near Mint,English,0,0,0,0,0,0,0,Rare,$0.30,$0.33
1,1,Albino Troll,Urza's Saga,152,Near Mint,English,0,0,0,0,0,0,0,Uncommon,$0.25,$0.30
4,4,Alchemist's Refuge,Avacyn Restored,138,Near Mint,English,0,0,0,0,0,0,0,Rare,$0.90,$0.98
1,1,Alchor's Tomb,Legends,164,Good (Lightly Played),English,0,0,0,0,0,0,0,Rare,$2.54,$3.62
1,1,Aleatory,Mirage,22,Near Mint,English,0,0,0,0,0,0,0,Uncommon,$0.15,$0.21
36,8,"Alesha, Who Smiles at Death",Fate Reforged,24,Near Mint,English,0,0,0,0,0,0,0,Rare,$0.30,$0.39
1,1,"Alexi, Zephyr Mage",Prophecy,188,Near Mint,English,0,0,0,0,0,0,0,Common,$0.45,$0.44
4,4,Alexi's Cloak,Prophecy,31,Near Mint,English,0,0,0,0,0,0,0,Rare,$0.15,$0.21
33,8,"Alhammarret, High Arbiter",Magic Origins,29,Near Mint,English,0,0,0,0,0,0,0,MythicRare,$0.30,$0.30
1,1,Alhammarret's Archive,Magic Origins,57,Near Mint,English,0,0,0,0,0,0,0,Rare,$4.00,$4.31
64,8,Aligned Hedron Network,Battle for Zendikar,35,Near Mint,English,0,0,0,0,0,0,0,Rare,$0.30,$0.39
3,3,Allay,Exodus,68,Near Mint,English,0,0,0,0,0,0,0,Common,$0.15,$0.19
4,4,Alley Grifters,Mercadian Masques,92,Near Mint,English,0,0,0,0,0,0,0,Common,$0.15,$0.16
1,1,Allied Strategies,Planeshift,4,Near Mint,English,0,0,0,0,0,0,0,Uncommon,$0.15,$0.20
64,8,Ally Encampment,Battle for Zendikar,138,Near Mint,English,0,0,0,0,0,0,0,Rare,$0.90,$0.93
37,8,Alms Beast,Gatecrash,256,Near Mint,English,0,0,0,0,0,0,0,Rare,$0.30,$0.25
30,8,Alpha Brawl,Dark Ascension,261,Near Mint,English,0,0,0,0,0,0,0,Rare,$0.30,$0.32
3,3,Alpha Kavu,Planeshift,119,Near Mint,English,0,0,0,0,0,0,0,Uncommon,$0.15,$0.18
9,8,Altar of the Brood,Khans of Tarkir,183,Near Mint,English,0,0,0,0,0,0,0,Rare,$0.45,$0.47
31,8,Altered Ego,Shadows over Innistrad,22,Near Mint,English,0,0,0,0,0,0,0,Rare,$0.30,$0.36
3,3,Aluren,Tempest,91,Near Mint,English,0,0,0,0,0,0,0,Rare,$14.75,$13.89
30,8,Always Watching,Shadows over Innistrad,35,Near Mint,English,0,0,0,0,0,0,0,Rare,$2.00,$2.09
1,1,Ambush Party,Homelands,60,Near Mint,English,0,0,0,0,0,0,0,Common,$0.15,$0.17
1,1,Amnesia,The Dark,110,Good (Lightly Played),English,0,signed,0,0,0,0,0,Uncommon,$0.50,$0.64
1,1,Amnesia,The Dark,41,Near Mint,English,0,0,0,0,0,0,0,Uncommon,$0.50,$0.64
5,5,Amphibious Kavu,Planeshift,92,Near Mint,English,0,0,0,0,0,0,0,Common,$0.10,$0.14
1,1,Amrou Kithkin,Fourth Edition,7,Near Mint,English,0,0,0,0,0,0,0,Common,$0.15,$0.15
4,4,Amrou Kithkin,Legends,103,Near Mint,English,0,0,0,0,0,0,0,Common,$0.15,$0.19
1,1,Amulet of Kroog,Antiquities,141,Played,English,0,0,0,0,0,0,0,Common,$0.15,$0.19
1,1,Amulet of Unmaking,Mirage,73,Near Mint,English,0,0,0,0,0,0,0,Rare,$0.30,$0.33
4,4,An-Havva Township,Homelands,177,Near Mint,English,0,0,0,0,0,0,0,Uncommon,$0.15,$0.20
4,4,Ana Disciple,Apocalypse,2,Near Mint,English,0,0,0,0,0,0,0,Common,$0.10,$0.14
7,7,Ana Sanctuary,Apocalypse,150,Near Mint,English,0,0,0,0,0,0,0,Uncommon,$0.15,$0.18
1,1,Anaba Bodyguard,Classic Sixth Edition,49,Near Mint,English,0,0,0,0,0,0,0,Common,$0.15,$0.15
1,1,Anaba Shaman,Classic Sixth Edition,28,Near Mint,English,0,0,0,0,0,0,0,Common,$0.10,$0.14
1,1,Anaba Shaman,Homelands,236,Near Mint,English,0,0,0,0,0,0,0,Common,$0.15,$0.15
31,8,"Anafenza, Kin-Tree Spirit",Dragons of Tarkir,36,Near Mint,English,0,0,0,0,0,0,0,Rare,$2.00,$2.08
44,8,"Anafenza, the Foremost",Khans of Tarkir,292,Near Mint,English,0,0,0,0,0,0,0,MythicRare,$1.75,$1.68
1,1,Anarchist,Exodus,48,Near Mint,English,0,0,0,0,0,0,0,Common,$0.15,$0.15
30,8,Anax and Cymede,Theros,130,Near Mint,English,0,0,0,0,0,0,0,Rare,$0.30,$0.28
4,4,Ancestral Mask,Mercadian Masques,89,Near Mint,English,0,0,0,0,0,0,0,Common,$0.40,$0.74
1,1,Ancestral Vision,Duel Decks: Jace vs. Chandra,249,Near Mint,Japanese,0,0,0,0,0,0,0,Rare,$54.34,$47.96
2,2,Ancient Hydra,Nemesis,214,Near Mint,English,0,0,0,0,0,0,0,Uncommon,$0.15,$0.21
4,4,Ancient Kavu,Invasion,47,Near Mint,English,0,0,0,0,0,0,0,Common,$0.10,$0.14
1,1,Ancient Spider,Planeshift,228,Near Mint,English,0,0,0,0,0,0,0,Rare,$0.30,$0.34
8,8,Ancient Spring,Invasion,133,Near Mint,English,0,0,0,0,0,0,0,Common,$0.15,$0.17
14,8,Angel of Deliverance,Shadows over Innistrad,229,Near Mint,English,0,0,0,0,0,0,0,Rare,$0.30,$0.27
44,8,Angel of Flight Alabaster,Innistrad,65,Near Mint,English,0,0,0,0,0,0,0,Rare,$0.30,$0.32
28,8,Angel of Glory's Rise,Avacyn Restored,183,Near Mint,English,0,0,0,0,0,0,0,Rare,$0.30,$0.33
1,1,Angel of Mercy,Invasion,134,Near Mint,English,0,0,0,0,0,0,0,Uncommon,$0.15,$0.20
15,8,Angel of Serenity,Return to Ravnica,124,Near Mint,English,0,0,0,0,0,0,0,MythicRare,$1.25,$1.47
1,1,Angel's Trumpet,Urza's Legacy,175,Near Mint,English,0,0,0,0,0,0,0,Uncommon,$0.25,$0.26
5,5,Angelfire Crusader,Apocalypse,87,Near Mint,English,0,0,0,0,0,0,0,Common,$0.10,$0.14
44,8,Angelic Captain,Battle for Zendikar,101,Near Mint,English,0,0,0,0,0,0,0,Rare,$0.30,$0.27
2,2,Angelic Curator,Urza's Legacy,135,Near Mint,English,0,0,0,0,0,0,0,Common,$0.15,$0.16
4,4,Angelic Favor,Nemesis,136,Near Mint,English,0,0,0,0,0,0,0,Uncommon,$0.15,$0.21
1,1,Angelic Overseer,Innistrad,41,Near Mint,English,0,0,0,0,0,0,0,MythicRare,$2.25,$2.25
1,1,Angelic Page,Urza's Saga,131,Near Mint,English,0,0,0,0,0,0,0,Common,$0.15,$0.16
8,8,Angelic Skirmisher,Gatecrash,346,Near Mint,English,0,0,0,0,0,0,0,Rare,$0.65,$0.73
32,8,Anger of the Gods,Theros,16,Near Mint,English,0,0,0,0,0,0,0,Rare,$2.25,$2.24
2,2,Angry Mob,The Dark,128,Near Mint,English,0,0,0,0,0,0,0,Uncommon,$0.15,$0.23
17,8,Anguished Unmaking,Shadows over Innistrad,18,Near Mint,English,0,0,0,0,0,0,0,Rare,$1.75,$2.12
1,1,"Animar, Soul of Elements",Commander,281,Near Mint,English,0,0,0,0,0,0,0,MythicRare,$24.00,$23.69
1,1,Animate Artifact,Revised Edition,168,Near Mint,English,0,0,0,0,0,0,0,Uncommon,$0.15,$0.18
3,3,Animate Dead,Revised Edition,271,Near Mint,English,0,0,0,0,0,0,0,Uncommon,$1.25,$1.14
4,4,Animate Land,Nemesis,93,Near Mint,English,0,0,0,0,0,0,0,Uncommon,$0.15,$0.23
34,8,Animist's Awakening,Magic Origins,138,Near Mint,English,0,0,0,0,0,0,0,Rare,$0.90,$0.98
1,1,Ankh of Mishra,Classic Sixth Edition,113,Near Mint,English,0,0,0,0,0,0,0,Rare,$0.75,$0.80
4,4,Ankh of Mishra,Revised Edition,42,Near Mint,English,0,0,0,0,0,0,0,Rare,$0.55,$0.52
35,8,Ankle Shanker,Khans of Tarkir,114,Near Mint,English,0,0,0,0,0,0,0,Rare,$0.30,$0.27
3,3,Annihilate,Invasion,4,Near Mint,English,0,0,0,0,0,0,0,Uncommon,$0.15,$0.20
2,2,Annul,Urza's Saga,95,Near Mint,English,0,0,0,0,0,0,0,Common,$0.15,$0.16
56,8,"Anthousa, Setessan Hero",Theros,53,Near Mint,English,0,0,0,0,0,0,0,Rare,$0.15,$0.23
1,1,Anti-Magic Aura,Legends,22,Near Mint,English,0,0,0,0,0,0,0,Common,$0.15,$0.21
1,1,Apathy,Weatherlight,2,Near Mint,English,0,0,0,0,0,0,0,Common,$0.10,$0.14
1,1,Apprentice Necromancer,Urza's Destiny,36,Near Mint,English,0,0,0,0,0,0,0,Rare,$1.50,$1.45
1,1,Apprentice Wizard,Fourth Edition,8,Good (Lightly Played),English,0,0,0,0,0,0,0,Rare,$0.15,$0.17
1,1,Apprentice Wizard,The Dark,327,Near Mint,English,0,0,0,0,0,0,0,Common,$0.93,$1.03
8,8,Arachnus Spinner,Magic 2012,142,Near Mint,English,0,0,0,0,0,0,0,Rare,$0.30,$0.26
27,8,Arashin Foremost,Dragons of Tarkir,51,Near Mint,English,0,0,0,0,0,0,0,Rare,$0.65,$0.61
28,8,Arashin Sovereign,Dragons of Tarkir,299,Near Mint,English,0,0,0,0,0,0,0,Rare,$0.30,$0.32
19,8,Arbiter of the Ideal,Born of the Gods,63,Near Mint,English,0,0,0,0,0,0,0,Rare,$0.30,$0.26
47,8,Arbor Colossus,Theros,11,Near Mint,English,0,0,0,0,0,0,0,Rare,$0.30,$0.25
2,2,Arboria,Legends,318,Good (Lightly Played),English,0,0,0,0,0,0,0,Uncommon,$9.02,$8.85
1,1,Arc Lightning,Urza's Saga,33,Near Mint,English,0,0,0,0,0,0,0,Common,$0.15,$0.16
5,5,Arc Mage,Nemesis,214,Near Mint,English,0,0,0,0,0,0,0,Uncommon,$0.15,$0.20
38,8,Arcane Melee,Avacyn Restored,161,Near Mint,English,0,0,0,0,0,0,0,Rare,$0.30,$0.30
33,8,Arcbond,Fate Reforged,161,Near Mint,English,0,0,0,0,0,0,0,Rare,$0.30,$0.25
2,2,Arcbound Ravager,Darksteel,92,Good (Lightly Played),English,0,0,0,0,0,0,0,Rare,$40.70,$44.14
5,5,Archaeological Dig,Invasion,174,Near Mint,English,0,0,0,0,0,0,0,Uncommon,$0.25,$0.31
2,2,Archangel Avacyn,Shadows over Innistrad,279,Near Mint,English,0,0,0,0,0,0,0,MythicRare,$20.75,$21.16
1,1,Archangel of Thune,Magic 2014 Core Set,44,Near Mint,English,0,0,0,0,0,0,0,MythicRare,$22.75,$24.12
7,7,Archangel of Tithes,Magic Origins,143,Near Mint,English,0,0,0,0,0,0,0,MythicRare,$5.00,$5.69
13,8,Archangel's Light,Dark Ascension,251,Near Mint,English,0,0,0,0,0,0,0,MythicRare,$0.99,$0.84
23,8,Archfiend of Depravity,Fate Reforged,5,Near Mint,English,0,0,0,0,0,0,0,Rare,$0.55,$0.59
9,8,Archon of Justice,Magic 2012,226,Near Mint,English,0,0,0,0,0,0,0,Rare,$0.30,$0.32
76,8,Archon of the Triumvirate,Return to Ravnica,186,Near Mint,English,0,0,0,0,0,0,0,Rare,$0.30,$0.26
32,8,Archwing Dragon,Avacyn Restored,81,Near Mint,English,0,0,0,0,0,0,0,Rare,$0.45,$0.42
1,1,Arctic Foxes,Ice Age,1,Near Mint,English,0,0,0,0,0,0,0,Common,$0.10,$0.14
9,8,Arctic Merfolk,Planeshift,145,Near Mint,English,0,0,0,0,0,0,0,Common,$0.10,$0.14
1,1,Arcum's Sleigh,Ice Age,21,Near Mint,English,0,0,0,0,0,0,0,Uncommon,$0.15,$0.17
1,1,Arcum's Whistle,Ice Age,238,Near Mint,English,0,0,0,0,0,0,0,Uncommon,$0.15,$0.19
4,4,Ardent Soldier,Invasion,241,Near Mint,English,0,0,0,0,0,0,0,Common,$0.15,$0.15
4,4,Arena,Media Inserts,103,Near Mint,English,0,0,0,0,0,0,0,Special,$0.00,$1.34
1,1,Arena of the Ancients,Legends,55,Good (Lightly Played),English,0,0,0,0,0,0,0,Rare,$4.39,$5.47
10,8,Argent Sphinx,Scars of Mirrodin,201,Near Mint,English,0,0,0,0,0,0,0,Rare,$0.30,$0.26
1,1,Argivian Archaeologist,Antiquities,224,Near Mint,English,0,0,0,0,0,0,0,Rare,$18.75,$17.87
1,1,Argivian Blacksmith,Antiquities,327,Near Mint,English,0,0,0,0,0,0,0,Common,$0.15,$0.20
1,1,Argothian Pixies,Antiquities,93,Played,English,0,0,0,0,0,0,0,Common,$0.15,$0.20
1,1,Argothian Swine,Urza's Saga,152,Near Mint,English,0,0,0,0,0,0,0,Common,$0.15,$0.15
1,1,Argothian Treefolk,Antiquities,104,Played,English,0,0,0,0,0,0,0,Common,$0.15,$0.20
2,2,Argothian Treefolk,Antiquities,145,Near Mint,English,0,0,0,0,0,0,0,Common,$0.15,$0.20
1,1,Argothian Wurm,Urza's Saga,208,Near Mint,English,0,0,0,0,0,0,0,Rare,$0.75,$1.05
8,8,Arlinn Kord,Shadows over Innistrad,53,Near Mint,English,0,0,0,0,0,0,0,MythicRare,$11.00,$11.31
23,8,Armada Wurm,Return to Ravnica,124,Near Mint,English,0,0,0,0,0,0,0,MythicRare,$0.99,$0.98
5,5,Armadillo Cloak,Invasion,17,Near Mint,English,0,0,0,0,0,0,0,Common,$0.40,$0.46
1,1,Armageddon Clock,Revised Edition,186,Near Mint,English,0,0,0,0,0,0,0,Rare,$0.30,$0.30
1,1,Armageddon Clock,Fourth Edition,103,Near Mint,English,0,0,0,0,0,0,0,Rare,$0.30,$0.29
2,2,Armor of Faith,Ice Age,138,Near Mint,English,0,0,0,0,0,0,0,Common,$0.10,$0.14
2,2,Armor of Thorns,Mirage,139,Near Mint,English,0,0,0,0,0,0,0,Common,$0.10,$0.14
4,4,Armor Thrull,Fallen Empires,27,Near Mint,English,0,0,0,0,0,0,0,Common,$0.15,$0.17
4,4,Armor Thrull,Fallen Empires,144,Near Mint,English,0,0,0,0,0,0,0,Common,$0.15,$0.17
5,5,Armor Thrull,Fallen Empires,5,Near Mint,English,0,0,0,0,0,0,0,Common,$0.15,$0.17
7,7,Armor Thrull,Fallen Empires,210,Near Mint,English,0,0,0,0,0,0,0,Common,$0.10,$0.14
1,1,Armored Pegasus,Classic Sixth Edition,52,Near Mint,English,0,0,0,0,0,0,0,Common,$0.15,$0.15
1,1,Armorer Guildmage,Mirage,171,Near Mint,English,0,0,0,0,0,0,0,Common,$0.10,$0.14
1,1,Arms Dealer,Mercadian Masques,198,Near Mint,English,0,0,0,0,0,0,0,Uncommon,$0.15,$0.23
1,1,Army Ants,Visions,105,Near Mint,English,0,0,0,0,0,0,0,Uncommon,$0.15,$0.19
3,3,Army of the Damned,Innistrad,120,Near Mint,English,0,0,0,0,0,0,0,MythicRare,$2.50,$2.53
1,1,Arrest,Mercadian Masques,137,Near Mint,English,0,0,0,0,0,0,0,Uncommon,$0.15,$0.20
4,4,Artifact Blast,Antiquities,258,Near Mint,English,0,0,0,0,0,0,0,Common,$0.25,$0.29
2,2,Artifact Mutation,Invasion,70,Near Mint,English,0,0,0,0,0,0,0,Rare,$2.00,$2.04
1,1,Artifact Possession,Antiquities,54,Good (Lightly Played),English,0,0,0,0,0,0,0,Common,$0.15,$0.19
2,2,Artifact Possession,Antiquities,53,Near Mint,English,0,0,0,0,0,0,0,Common,$0.15,$0.19
1,1,Artifact Ward,Antiquities,59,Good (Lightly Played),English,0,0,0,0,0,0,0,Common,$0.15,$0.21
3,3,Artifact Ward,Antiquities,67,Near Mint,English,0,0,0,0,0,0,0,Common,$0.15,$0.21
60,8,Artisan of Forms,Theros,83,Near Mint,English,0,0,0,0,0,0,0,Rare,$0.30,$0.25
2,2,Ascendant Evincar,Nemesis,106,Near Mint,English,0,0,0,0,0,0,0,Rare,$1.00,$1.01
2,2,Asceticism,Scars of Mirrodin,75,Near Mint,English,0,0,0,0,0,0,0,Rare,$9.50,$9.47
32,8,Ash Zealot,Return to Ravnica,209,Near Mint,English,0,0,0,0,0,0,0,Rare,$0.65,$0.62
11,8,Ashcloud Phoenix,Khans of Tarkir,271,Near Mint,English,0,0,0,0,0,0,0,MythicRare,$0.99,$0.68
1,1,Ashen Ghoul,Ice Age,113,Near Mint,English,0,0,0,0,0,0,0,Uncommon,$0.25,$0.32
27,8,Ashen Rider,Theros,43,Near Mint,English,0,0,0,0,0,0,0,MythicRare,$1.25,$1.16
5,5,Ashes to Ashes,The Dark,180,Near Mint,English,0,0,0,0,0,0,0,Common,$0.25,$0.27
1,1,"Ashiok, Nightmare Weaver",Theros,84,Near Mint,English,0,0,0,0,0,0,0,MythicRare,$7.00,$7.27
1,1,Ashnod's Altar,Antiquities,55,Good (Lightly Played),English,0,0,0,0,0,0,0,Uncommon,$10.87,$11.26
1,1,Ashnod's Transmogrant,Antiquities,36,Near Mint,English,0,0,0,0,0,0,0,Uncommon,$0.25,$0.39
1,1,Assault // Battery,Invasion,152,Near Mint,English,0,0,0,0,0,0,0,Uncommon,$0.15,$0.18
27,8,Assault Formation,Dragons of Tarkir,148,Near Mint,English,0,0,0,0,0,0,0,Rare,$1.25,$1.34
16,8,Assemble the Legion,Gatecrash,72,Near Mint,English,0,0,0,0,0,0,0,Rare,$1.50,$1.49
24,8,Astral Cornucopia,Born of the Gods,33,Near Mint,English,0,0,0,0,0,0,0,Rare,$0.30,$0.36
9,8,Asylum Visitor,Shadows over Innistrad,38,Near Mint,English,0,0,0,0,0,0,0,Rare,$1.00,$1.17
1,1,"Atalya, Samite Master",Invasion,111,Near Mint,English,0,0,0,0,0,0,0,Rare,$0.55,$0.55
35,8,"Atarka, World Render",Fate Reforged,70,Near Mint,English,0,0,0,0,0,0,0,Rare,$0.55,$0.55
1,1,Atarka's Command,Dragons of Tarkir,316,Near Mint,English,0,0,0,0,0,0,0,Rare,$5.75,$6.39
8,8,"Athreos, God of Passage",Journey into Nyx,221,Near Mint,English,0,0,0,0,0,0,0,MythicRare,$11.25,$12.25
6,6,Atog,Revised Edition,92,Near Mint,English,0,0,0,0,0,0,0,Common,$0.15,$0.18
7,7,Aura Blast,Planeshift,128,Near Mint,English,0,0,0,0,0,0,0,Common,$0.15,$0.16
2,2,Aura Flux,Urza's Legacy,124,Near Mint,English,0,0,0,0,0,0,0,Common,$0.15,$0.15
6,6,Aura Fracture,Prophecy,251,Near Mint,English,0,0,0,0,0,0,0,Common,$0.10,$0.14
1,1,Aura Mutation,Invasion,107,Near Mint,English,0,0,0,0,0,0,0,Rare,$1.75,$1.62
1,1,Aura of Silence,Weatherlight,380,Near Mint,English,0,0,0,0,0,0,0,Uncommon,$1.50,$1.41
1,1,Aura Shards,Invasion,55,Near Mint,English,0,0,0,0,0,0,0,Uncommon,$5.75,$5.77
2,2,"Aurelia, the Warleader",Gatecrash,141,Near Mint,English,0,0,0,0,0,0,0,MythicRare,$4.25,$4.41
16,8,Aurelia's Fury,Gatecrash,104,Near Mint,English,0,0,0,0,0,0,0,MythicRare,$1.00,$1.13
1,1,Aurochs,Ice Age,128,Near Mint,English,0,0,0,0,0,0,0,Common,$0.15,$0.15
8,8,Aurora Griffin,Planeshift,2,Near Mint,English,0,0,0,0,0,0,0,Common,$0.10,$0.14
1,1,Austere Command,Lorwyn,22,Near Mint,English,0,0,0,0,0,0,0,Rare,$10.50,$10.31
2,2,"Avacyn, Angel of Hope",Avacyn Restored,225,Near Mint,English,0,0,0,0,0,0,0,Rare,$24.75,$25.65
12,8,"Avacyn, Guardian Angel",Magic 2015 Core Set,171,Near Mint,English,0,0,0,0,0,0,0,MythicRare,$0.65,$0.62
19,8,Avacyn's Judgment,Shadows over Innistrad,43,Near Mint,English,0,0,0,0,0,0,0,Rare,$0.65,$0.73
1,1,Avalanche Riders,Urza's Legacy,44,Near Mint,English,0,0,0,0,0,0,0,Uncommon,$1.25,$1.21
29,8,Avalanche Tusker,Khans of Tarkir,12,Near Mint,English,0,0,0,0,0,0,0,Rare,$0.30,$0.26
2,2,Avarice Amulet,Magic 2015 Core Set,169,Near Mint,English,0,0,0,0,0,0,0,Rare,$0.15,$0.23
12,8,Avaricious Dragon,Magic Origins,80,Near Mint,English,0,0,0,0,0,0,0,MythicRare,$1.50,$1.59
1,1,Avatar of Might,Prophecy,210,Near Mint,English,0,0,0,0,0,0,0,Rare,$0.65,$0.60
67,8,Avatar of the Resolute,Dragons of Tarkir,206,Near Mint,English,0,0,0,0,0,0,0,Rare,$1.00,$1.09
1,1,Avatar of Will,Prophecy,172,Near Mint,English,0,0,0,0,0,0,0,Rare,$0.65,$0.64
2,2,Avatar of Woe,Prophecy,89,Near Mint,English,0,0,0,0,0,0,0,Rare,$3.00,$3.22
1,1,Aven Mindcensor,Future Sight,22,Near Mint,English,0,0,0,0,0,0,0,Uncommon,$10.50,$10.67
1,1,Avenger en-Dal,Nemesis,25,Near Mint,English,0,0,0,0,0,0,0,Rare,$0.30,$0.35
1,1,Avenging Druid,Exodus,253,Near Mint,English,0,0,0,0,0,0,0,Common,$0.15,$0.15
1,1,Avizoa,Weatherlight,172,Near Mint,English,0,0,0,0,0,0,0,Rare,$0.30,$0.33
2,2,Avoid Fate,Legends,78,Near Mint,English,0,0,0,0,0,0,0,Common,$1.00,$1.36
12,8,Awaken the Ancient,Magic 2014 Core Set,28,Near Mint,English,0,0,0,0,0,0,0,Rare,$0.30,$0.31
1,1,Axelrod Gunnarson,Legends,17,Near Mint,English,0,0,0,0,0,0,0,Rare,$2.25,$2.67
44,8,"Ayli, Eternal Pilgrim",Oath of the Gatewatch,80,Near Mint,English,0,0,0,0,0,0,0,Rare,$1.00,$1.09
6,6,Aysen Abbey,Homelands,62,Near Mint,English,0,0,0,0,0,0,0,Uncommon,$0.15,$0.20
1,1,Aysen Bureaucrats,Homelands,153,Near Mint,English,0,0,0,0,0,0,0,Common,$0.15,$0.17
1,1,Azimaet Drake,Mirage,231,Near Mint,English,0,0,0,0,0,0,0,Common,$0.10,$0.14
52,8,Azor's Elocutors,Return to Ravnica,101,Near Mint,English,0,0,0,0,0,0,0,Rare,$0.30,$0.26
40,8,Back from the Brink,Innistrad,101,Near Mint,English,0,0,0,0,0,0,0,Rare,$0.30,$0.26
1,1,Backfire,Legends,115,Near Mint,English,0,0,0,0,0,0,0,Uncommon,$0.50,$0.48
2,2,Backlash,Invasion,196,Near Mint,English,0,0,0,0,0,0,0,Uncommon,$0.50,$0.43
1,1,Badlands,Revised Edition,18,Near Mint,English,0,0,0,0,0,0,0,Rare,$72.38,$75.21
1,1,Badlands,Revised Edition,57,Good (Lightly Played),English,0,0,0,0,0,0,0,Rare,$78.25,$75.21
3,3,Badlands,Revised Edition,158,Played,English,0,0,0,0,0,0,0,Rare,$66.51,$75.21
2,2,Balance,Revised Edition,272,Near Mint,English,0,0,0,0,0,0,0,Rare,$1.25,$1.41
1,1,Balduvian Conjurer,Ice Age,33,Near Mint,English,0,0,0,0,0,0,0,Uncommon,$0.15,$0.17
1,1,Balduvian Horde,Classic Sixth Edition,126,Near Mint,English,0,0,0,0,0,0,0,Rare,$0.45,$0.41
1,1,Balduvian Shaman,Ice Age,231,Near Mint,English,0,0,0,0,0,0,0,Common,$0.10,$0.13
1,1,Balduvian Trading Post,Alliances,115,Near Mint,English,0,0,0,0,0,0,0,Rare,$0.30,$0.36
1,1,Ball Lightning,The Dark,329,Played,English,0,0,0,0,0,0,0,Rare,$4.04,$5.66
1,1,Ballista Squad,Mercadian Masques,55,Near Mint,English,0,0,0,0,0,0,0,Uncommon,$0.15,$0.17
4,4,Balloon Peddler,Mercadian Masques,225,Near Mint,English,0,0,0,0,0,0,0,Common,$0.10,$0.14
1,1,Balm of Restoration,Fallen Empires,61,Near Mint,English,0,0,0,0,0,0,0,Rare,$0.30,$0.29
2,2,Bandage,Stronghold,54,Near Mint,English,0,0,0,0,0,0,0,Common,$0.15,$0.15
1,1,Baneslayer Angel,Magic 2010,100,Near Mint,English,0,0,0,0,0,0,0,MythicRare,$9.75,$10.02
2,2,Baneslayer Angel,Magic 2011,79,Near Mint,English,0,0,0,0,0,0,0,MythicRare,$9.75,$10.16
1,1,Banshee,The Dark,61,Near Mint,English,0,0,0,0,0,0,0,Uncommon,$0.15,$0.20
2,2,Banshee,The Dark,64,Good (Lightly Played),English,0,0,0,0,0,0,0,Uncommon,$0.15,$0.20
2,2,Barbed Field,Prophecy,69,Near Mint,English,0,0,0,0,0,0,0,Uncommon,$0.15,$0.20
2,2,Barbed Sextant,Ice Age,214,Near Mint,English,0,0,0,0,0,0,0,Common,$0.10,$0.14
1,1,Barbed Wire,Mercadian Masques,119,Near Mint,English,0,0,0,0,0,0,0,Uncommon,$0.15,$0.19
2,2,Barl's Cage,The Dark,271,Good (Lightly Played),English,0,0,0,0,0,0,0,Rare,$0.45,$0.42
28,8,Barrage Tyrant,Battle for Zendikar,171,Near Mint,English,0,0,0,0,0,0,0,Rare,$0.15,$0.24
4,4,Barrin's Unmaking,Invasion,155,Near Mint,English,0,0,0,0,0,0,0,Common,$0.10,$0.14
1,1,Barrow Ghoul,Weatherlight,90,Near Mint,English,0,0,0,0,0,0,0,Common,$0.10,$0.14
3,3,Basal Thrull,Fallen Empires,245,Near Mint,English,0,0,0,0,0,0,0,Common,$0.15,$0.18
4,4,Basal Thrull,Fallen Empires,186,Near Mint,English,0,0,0,0,0,0,0,Common,$0.15,$0.18
4,4,Basal Thrull,Fallen Empires,132,Near Mint,English,0,0,0,0,0,0,0,Common,$0.15,$0.17
6,6,Basal Thrull,Fallen Empires,108,Near Mint,English,0,0,0,0,0,0,0,Common,$0.15,$0.18
1,1,Basalt Monolith,Revised Edition,311,Near Mint,English,0,0,0,0,0,0,0,Uncommon,$0.85,$0.90
1,1,Baton of Morale,Ice Age,106,Near Mint,English,0,0,0,0,0,0,0,Uncommon,$0.15,$0.21
1,1,Battering Ram,Fourth Edition,29,Good (Lightly Played),English,0,0,0,0,0,0,0,Common,$0.10,$0.14
1,1,Battering Ram,Antiquities,78,Near Mint,English,0,0,0,0,0,0,0,Common,$0.15,$0.19
2,2,Battle Frenzy,Ice Age,28,Near Mint,English,0,0,0,0,0,0,0,Common,$0.10,$0.14
39,8,Battle of Wits,Magic 2013,107,Near Mint,English,0,0,0,0,0,0,0,Rare,$0.30,$0.30
5,5,Battle Rampart,Mercadian Masques,221,Near Mint,English,0,0,0,0,0,0,0,Common,$0.10,$0.14
9,8,Battlefield Forge,Magic 2015 Core Set,82,Near Mint,English,0,0,0,0,0,0,0,Rare,$1.50,$1.63
31,8,Battlefield Forge,Magic Origins,100,Near Mint,English,0,0,0,0,0,0,0,Rare,$1.25,$1.49
3,3,Battlefield Percher,Nemesis,97,Near Mint,English,0,0,0,0,0,0,0,Uncommon,$0.15,$0.21
22,8,Battlefield Thaumaturge,Journey into Nyx,262,Near Mint,English,0,0,0,0,0,0,0,Rare,$0.30,$0.36
1,1,Bay Falcon,Mirage,55,Near Mint,English,0,0,0,0,0,0,0,Common,$0.15,$0.15
1,1,Bayou,Revised Edition,249,Near Mint,English,0,0,0,0,0,0,0,Rare,$158.18,$176.19
1,1,Bayou,Revised Edition,252,Good (Lightly Played),English,0,0,0,0,0,0,0,Rare,$158.18,$176.19
1,1,Bayou,Unlimited Edition,90,Good (Lightly Played),English,0,0,0,0,0,0,0,Rare,$275.25,$265.91
2,2,Bayou,Revised Edition,290,Heavily Played,English,0,0,0,0,0,0,0,Rare,$158.18,$176.19
49,8,Bearer of Silence,Oath of the Gatewatch,18,Near Mint,English,0,0,0,0,0,0,0,Rare,$0.55,$0.57
8,8,Bearer of the Heavens,Journey into Nyx,195,Near Mint,English,0,0,0,0,0,0,0,Rare,$0.30,$0.37
1,1,Beast Within,New Phyrexia,54,Near Mint,English,0,0,0,0,0,0,0,Uncommon,$4.50,$4.57
29,8,Beastcaller Savant,Battle for Zendikar,92,Near Mint,English,0,0,0,0,0,0,0,Rare,$0.55,$0.59
2,2,Beasts of Bogardan,Legends,299,Near Mint,English,0,0,0,0,0,0,0,Uncommon,$0.25,$0.38
51,8,Beck // Call,Dragon's Maze,92,Near Mint,English,0,0,0,0,0,0,0,Rare,$0.65,$0.62
3,3,Befoul,Urza's Saga,43,Near Mint,English,0,0,0,0,0,0,0,Common,$0.10,$0.14
23,8,Beguiler of Wills,Dark Ascension,212,Near Mint,English,0,0,0,0,0,0,0,MythicRare,$0.99,$0.95
8,8,Behold the Beyond,Shadows over Innistrad,33,Near Mint,English,0,0,0,0,0,0,0,MythicRare,$1.00,$1.13
5,5,Belbe's Armor,Nemesis,66,Near Mint,English,0,0,0,0,0,0,0,Uncommon,$0.15,$0.21
10,8,Belbe's Percher,Nemesis,222,Near Mint,English,0,0,0,0,0,0,0,Common,$0.10,$0.14
2,2,Belbe's Portal,Nemesis,126,Near Mint,English,0,0,0,0,0,0,0,Rare,$2.50,$2.63
4,4,Benalish Emissary,Invasion,289,Near Mint,English,0,0,0,0,0,0,0,Uncommon,$0.15,$0.22
3,3,Benalish Heralds,Invasion,78,Near Mint,English,0,0,0,0,0,0,0,Uncommon,$0.15,$0.20
1,1,Benalish Hero,Unlimited Edition,301,Near Mint,English,0,0,0,0,0,0,0,Common,$0.25,$0.25
10,8,Benalish Hero,Revised Edition,1,Near Mint,English,0,0,0,0,0,0,0,Common,$0.10,$0.14
2,2,Benalish Infantry,Weatherlight,115,Near Mint,English,0,0,0,0,0,0,0,Common,$0.10,$0.14
4,4,Benalish Lancer,Invasion,20,Near Mint,English,0,0,0,0,0,0,0,Common,$0.10,$0.14
2,2,Benalish Missionary,Weatherlight,228,Near Mint,English,0,0,0,0,0,0,0,Common,$0.10,$0.14
4,4,Benalish Trapper,Invasion,141,Near Mint,English,0,0,0,0,0,0,0,Common,$0.10,$0.14
1,1,Bend or Break,Invasion,109,Near Mint,English,0,0,0,0,0,0,0,Rare,$0.30,$0.31
4,4,Bequeathal,Exodus,53,Near Mint,English,0,0,0,0,0,0,0,Common,$0.15,$0.19
29,8,Berserkers' Onslaught,Dragons of Tarkir,75,Near Mint,English,0,0,0,0,0,0,0,Rare,$0.30,$0.36
3,3,Betrayal,Visions,174,Near Mint,English,0,0,0,0,0,0,0,Common,$0.15,$0.17
2,2,Betrothed of Fire,Weatherlight,82,Near Mint,English,0,0,0,0,0,0,0,Common,$0.10,$0.14
61,8,Bident of Thassa,Theros,196,Near Mint,English,0,0,0,0,0,0,0,Rare,$0.30,$0.30
1,1,Bind,Invasion,273,Near Mint,English,0,0,0,0,0,0,0,Rare,$0.65,$0.72
39,8,Biomass Mutation,Gatecrash,220,Near Mint,English,0,0,0,0,0,0,0,Rare,$0.15,$0.24
26,8,Biovisionary,Gatecrash,118,Near Mint,English,0,0,0,0,0,0,0,Rare,$0.30,$0.39
1,1,Bird Maiden,Fourth Edition,96,Near Mint,English,0,0,0,0,0,0,0,Common,$0.15,$0.15
1,1,Birds of Paradise,Fourth Edition,168,Near Mint,English,0,0,0,0,0,0,0,Rare,$8.00,$7.87
3,3,Birds of Paradise,Magic 2012,32,Near Mint,English,0,0,0,0,0,0,0,Rare,$8.00,$7.90
2,2,Birthing Pod,New Phyrexia,25,Near Mint,English,0,0,0,0,0,0,0,Rare,$6.00,$6.16
1,1,Black Knight,Revised Edition,25,Good (Lightly Played),English,0,0,0,0,0,0,0,Uncommon,$0.25,$0.27
1,1,Black Knight,Revised Edition,26,Near Mint,English,0,0,0,0,0,0,0,Uncommon,$0.25,$0.27
2,2,Black Mana Battery,Legends,52,Good (Lightly Played),English,0,0,0,0,0,0,0,Uncommon,$0.85,$0.88
9,8,Black Sun's Zenith,Mirrodin Besieged,22,Near Mint,English,0,0,0,0,0,0,0,Rare,$1.75,$1.97
1,1,Black Vise,Unlimited Edition,82,Near Mint,English,0,0,0,0,0,0,0,Uncommon,$7.50,$7.84
2,2,Black Vise,Revised Edition,230,Near Mint,English,0,0,0,0,0,0,0,Uncommon,$1.50,$1.30
2,2,Black Ward,Revised Edition,290,Near Mint,English,0,0,0,0,0,0,0,Uncommon,$0.15,$0.17
22,8,Blade Splicer,New Phyrexia,42,Near Mint,English,0,0,0,0,0,0,0,Rare,$2.25,$2.30
1,1,Blanchwood Armor,Urza's Saga,27,Near Mint,English,0,0,0,0,0,0,0,Uncommon,$0.25,$0.39
1,1,Blanchwood Treefolk,Urza's Saga,77,Near Mint,English,0,0,0,0,0,0,0,Common,$0.10,$0.14
23,8,Blasphemous Act,Innistrad,164,Near Mint,English,0,0,0,0,0,0,0,Rare,$2.75,$2.62
1,1,Blasted Landscape,Urza's Saga,14,Near Mint,English,0,0,0,0,0,0,0,Uncommon,$0.85,$0.96
4,4,Blaster Mage,Mercadian Masques,216,Near Mint,English,0,0,0,0,0,0,0,Common,$0.10,$0.14
6,6,Blastoderm,Nemesis,138,Near Mint,English,0,0,0,0,0,0,0,Common,$0.15,$0.19
3,3,Blazing Effigy,Legends,11,Near Mint,English,0,0,0,0,0,0,0,Common,$0.15,$0.20
1,1,Blazing Specter,Invasion,273,Near Mint,English,0,0,0,0,0,0,0,Rare,$0.65,$0.70
29,8,Blessed Reincarnation,Dragons of Tarkir,239,Near Mint,English,0,0,0,0,0,0,0,Rare,$0.30,$0.30
1,1,Blessed Wind,Prophecy,254,Near Mint,English,0,0,0,0,0,0,0,Rare,$0.30,$0.36
2,2,Blessed Wine,Ice Age,241,Near Mint,English,0,0,0,0,0,0,0,Common,$0.10,$0.13
2,2,Blight,Legends,68,Near Mint,English,0,0,0,0,0,0,0,Uncommon,$1.50,$1.69
55,8,Blight Herder,Battle for Zendikar,118,Near Mint,English,0,0,0,0,0,0,0,Rare,$0.55,$0.50
4,4,Blighted Agent,New Phyrexia,209,Near Mint,English,0,0,0,0,0,0,0,Common,$0.75,$0.87
1,1,Blighted Shaman,Mirage,291,Near Mint,English,0,0,0,0,0,0,0,Uncommon,$0.15,$0.17
25,8,Blind Obedience,Gatecrash,80,Near Mint,English,0,0,0,0,0,0,0,Rare,$2.00,$2.12
1,1,Blind Seer,Invasion,76,Near Mint,English,0,0,0,0,0,0,0,Rare,$0.30,$0.34
1,1,Blinding Angel,Nemesis,50,Near Mint,English,0,0,0,0,0,0,0,Rare,$2.00,$1.87
1,1,Blinding Light,Invasion,98,Near Mint,English,0,0,0,0,0,0,0,Uncommon,$0.15,$0.21
2,2,Blistering Barrier,Mirage,107,Near Mint,English,0,0,0,0,0,0,0,Common,$0.10,$0.14
1,1,Bloated Toad,Urza's Legacy,300,Near Mint,English,0,0,0,0,0,0,0,Uncommon,$0.15,$0.22
4,4,Blockade Runner,Mercadian Masques,1,Near Mint,English,0,0,0,0,0,0,0,Common,$0.10,$0.14
13,8,Blood Baron of Vizkopa,Dragon's Maze,41,Near Mint,English,0,0,0,0,0,0,0,MythicRare,$2.25,$2.40
2,2,Blood Crypt,Return to Ravnica,72,Near Mint,English,0,0,0,0,0,0,0,Rare,$7.75,$8.15
2,2,Blood Lust,Legends,299,Near Mint,English,0,0,0,0,0,0,0,Uncommon,$5.75,$5.64
1,1,Blood Moon,The Dark,249,Near Mint,English,0,0,0,0,0,0,0,Rare,$51.34,$59.00
2,2,Blood Moon,Chronicles,45,Good (Lightly Played),English,0,0,0,0,0,0,0,Rare,$39.00,$38.11
2,2,Blood Moon,The Dark,130,Good (Lightly Played),English,0,0,0,0,0,0,0,Rare,$51.34,$59.00
4,4,Blood of the Martyr,The Dark,136,Near Mint,English,0,0,0,0,0,0,0,Uncommon,$0.15,$0.21
48,8,Blood Scrivener,Dragon's Maze,197,Near Mint,English,0,0,0,0,0,0,0,Rare,$0.30,$0.28
28,8,Blood-Chin Fanatic,Dragons of Tarkir,244,Near Mint,English,0,0,0,0,0,0,0,Rare,$0.30,$0.35
4,4,Bloodfire Dwarf,Apocalypse,80,Near Mint,English,0,0,0,0,0,0,0,Common,$0.10,$0.14
4,4,Bloodfire Infusion,Apocalypse,19,Near Mint,English,0,0,0,0,0,0,0,Common,$0.10,$0.14
7,7,Bloodfire Kavu,Apocalypse,99,Near Mint,English,0,0,0,0,0,0,0,Uncommon,$0.15,$0.17
9,8,Bloodgift Demon,Innistrad,28,Near Mint,English,0,0,0,0,0,0,0,Rare,$0.55,$0.53
43,8,Bloodsoaked Champion,Khans of Tarkir,308,Near Mint,English,0,0,0,0,0,0,0,Rare,$0.65,$0.65
6,6,Bloodstained Mire,Khans of Tarkir,306,Near Mint,English,0,0,0,0,0,0,0,Rare,$14.25,$14.84
2,2,Bloodstone Cameo,Invasion,242,Near Mint,English,0,0,0,0,0,0,0,Uncommon,$0.15,$0.20
1,1,Blossoming Wreath,Weatherlight,19,Near Mint,English,0,0,0,0,0,0,0,Common,$0.10,$0.14
12,8,Bludgeon Brawl,New Phyrexia,248,Near Mint,English,0,0,0,0,0,0,0,Rare,$0.30,$0.31
8,8,Blue Elemental Blast,Revised Edition,55,Near Mint,English,0,0,0,0,0,0,0,Common,$0.15,$0.16
2,2,Blue Mana Battery,Legends,215,Good (Lightly Played),English,0,0,0,0,0,0,0,Uncommon,$0.50,$0.67
4,4,Blue Sun's Zenith,Mirrodin Besieged,270,Near Mint,English,0,0,0,0,0,0,0,Rare,$0.90,$0.96
3,3,Blue Ward,Revised Edition,16,Near Mint,English,0,0,0,0,0,0,0,Uncommon,$0.15,$0.16
2,2,Boa Constrictor,Mercadian Masques,5,Near Mint,English,0,0,0,0,0,0,0,Uncommon,$0.15,$0.18
6,6,Bog Down,Planeshift,78,Near Mint,English,0,0,0,0,0,0,0,Common,$0.10,$0.14
4,4,Bog Glider,Prophecy,172,Near Mint,English,0,0,0,0,0,0,0,Common,$0.10,$0.14
4,4,Bog Gnarr,Apocalypse,252,Near Mint,English,0,0,0,0,0,0,0,Common,$0.10,$0.14
5,5,Bog Imp,The Dark,1,Near Mint,English,0,0,0,0,0,0,0,Common,$0.10,$0.14
4,4,Bog Initiate,Invasion,142,Near Mint,English,0,0,0,0,0,0,0,Common,$0.15,$0.15
1,1,Bog Raiders,Urza's Saga,258,Near Mint,English,0,0,0,0,0,0,0,Common,$0.10,$0.14
6,6,Bog Rats,The Dark,136,Near Mint,English,0,0,0,0,0,0,0,Common,$0.10,$0.14
4,4,Bog Smugglers,Mercadian Masques,73,Near Mint,English,0,0,0,0,0,0,0,Common,$0.10,$0.14
4,4,Bog Witch,Mercadian Masques,139,Near Mint,English,0,0,0,0,0,0,0,Common,$0.15,$0.15
3,3,Bog Wraith,Revised Edition,167,Near Mint,English,0,0,0,0,0,0,0,Uncommon,$0.15,$0.16
7,7,Bogbrew Witch,Magic 2014 Core Set,25,Near Mint,English,0,0,0,0,0,0,0,Rare,$0.45,$0.41
1,1,Boiling Blood,Weatherlight,114,Near Mint,English,0,0,0,0,0,0,0,Common,$0.15,$0.16
10,8,Bola Warrior,Nemesis,74,Near Mint,English,0,0,0,0,0,0,0,Common,$0.10,$0.14
21,8,Boltwing Marauder,Dragons of Tarkir,255,Near Mint,English,0,0,0,0,0,0,0,Rare,$0.30,$0.32
1,1,Bone Flute,The Dark,62,Near Mint,English,0,0,0,0,0,0,0,Uncommon,$0.15,$0.18
2,2,Bone Flute,The Dark,93,Good (Lightly Played),English,0,0,0,0,0,0,0,Uncommon,$0.15,$0.18
1,1,Bone Harvest,Mirage,53,Near Mint,English,0,0,0,0,0,0,0,Common,$0.15,$0.15
1,1,Bone Mask,Mirage,64,Near Mint,English,0,0,0,0,0,0,0,Rare,$0.30,$0.32
2,2,Bone Shaman,Ice Age,164,Near Mint,English,0,0,0,0,0,0,0,Common,$0.10,$0.14
6,6,Bonescythe Sliver,Magic 2014 Core Set,51,Near Mint,English,0,0,0,0,0,0,0,Rare,$2.00,$1.96
3,3,Bonfire of the Damned,Avacyn Restored,89,Near Mint,English,0,0,0,0,0,0,0,MythicRare,$5.00,$4.96
2,2,Book of Rass,The Dark,65,Near Mint,English,0,0,0,0,0,0,0,Uncommon,$0.15,$0.24
1,1,Boomerang,Classic Sixth Edition,61,Good (Lightly Played),English,0,0,0,0,0,0,0,Common,$0.15,$0.19
1,1,Boomerang,Legends,67,Near Mint,English,0,0,0,0,0,0,0,Common,$0.50,$0.56
3,3,Boomerang,Legends,142,Near Mint,English,0,0,0,0,0,0,0,Common,$0.50,$0.56
51,8,Boon Satyr,Theros,105,Near Mint,English,0,0,0,0,0,0,0,Rare,$0.30,$0.32
25,8,Borborygmos Enraged,Gatecrash,154,Near Mint,English,0,0,0,0,0,0,0,MythicRare,$1.00,$1.02
60,8,Boros Battleshaper,Dragon's Maze,112,Near Mint,English,0,0,0,0,0,0,0,Rare,$0.30,$0.26
8,8,Boros Charm,Gatecrash,226,Near Mint,English,0,0,0,0,0,0,0,Uncommon,$2.75,$2.73
12,8,Boros Reckoner,Gatecrash,107,Near Mint,English,0,0,0,0,0,0,0,Rare,$2.50,$2.73
3,3,"Boseiju, Who Shelters All",Champions of Kamigawa,280,Near Mint,English,0,0,0,0,0,0,0,Rare,$19.25,$18.76
1,1,Bottle of Suleiman,Revised Edition,139,Near Mint,English,0,0,0,0,0,0,0,Rare,$0.30,$0.30
1,1,Bottomless Pit,Stronghold,131,Near Mint,English,0,0,0,0,0,0,0,Uncommon,$0.25,$0.28
4,4,Bottomless Vault,Fallen Empires,230,Near Mint,English,0,0,0,0,0,0,0,Rare,$0.75,$0.82
3,3,Bouncing Beebles,Urza's Legacy,212,Near Mint,English,0,0,0,0,0,0,0,Common,$0.15,$0.15
37,8,Bow of Nylea,Theros,134,Near Mint,English,0,0,0,0,0,0,0,Rare,$1.75,$1.85
8,8,Brain in a Jar,Shadows over Innistrad,96,Near Mint,English,0,0,0,0,0,0,0,Rare,$0.90,$0.96
1,1,Braingeyser,Unlimited Edition,52,Heavily Played,English,0,0,0,0,0,0,0,Rare,$25.50,$29.99
1,1,Braingeyser,Unlimited Edition,229,Played,English,0,0,0,0,0,0,0,Rare,$27.75,$29.99
2,2,Braingeyser,Revised Edition,78,Near Mint,English,0,0,0,0,0,0,0,Rare,$2.50,$2.54
1,1,Brainstorm,Ice Age,73,Near Mint,English,0,0,0,0,0,0,0,Common,$1.00,$1.02
6,6,Brainstorm,Mercadian Masques,312,Near Mint,English,0,0,0,0,0,0,0,Common,$1.25,$1.27
1,1,Brainwash,Fourth Edition,56,Near Mint,English,0,0,0,0,0,0,0,Common,$0.15,$0.15
6,6,Brainwash,The Dark,85,Near Mint,English,0,0,0,0,0,0,0,Common,$0.10,$0.14
1,1,Branded Brawlers,Prophecy,165,Near Mint,English,0,0,0,0,0,0,0,Common,$0.10,$0.14
7,7,Brass Herald,Apocalypse,120,Near Mint,English,0,0,0,0,0,0,0,Uncommon,$0.25,$0.25
1,1,Brass Man,Revised Edition,200,Near Mint,English,0,0,0,0,0,0,0,Uncommon,$0.15,$0.15
2,2,Brassclaw Orcs,Fallen Empires,292,Near Mint,English,0,0,0,0,0,0,0,Common,$0.15,$0.18
4,4,Brassclaw Orcs,Fallen Empires,290,Near Mint,English,0,0,0,0,0,0,0,Common,$0.15,$0.18
4,4,Brassclaw Orcs,Fallen Empires,55,Near Mint,English,0,0,0,0,0,0,0,Common,$0.15,$0.18
7,7,Brassclaw Orcs,Fallen Empires,242,Near Mint,English,0,0,0,0,0,0,0,Common,$0.15,$0.15
1,1,Brawl,Mercadian Masques,64,Near Mint,English,0,0,0,0,0,0,0,Rare,$0.30,$0.30
4,4,Breach,Urza's Saga,28,Near Mint,English,0,0,0,0,0,0,0,Common,$0.15,$0.15
33,8,Breaking // Entering,Dragon's Maze,119,Near Mint,English,0,0,0,0,0,0,0,Rare,$0.75,$0.77
2,2,Breath of Darigaaz,Invasion,29,Near Mint,English,0,0,0,0,0,0,0,Uncommon,$0.15,$0.22
2,2,Breathstealer,Mirage,2,Near Mint,English,0,0,0,0,0,0,0,Common,$0.10,$0.14
5,5,Breeding Pit,Fallen Empires,115,Near Mint,English,0,0,0,0,0,0,0,Uncommon,$0.25,$0.25
3,3,Breezekeeper,Visions,5,Near Mint,English,0,0,0,0,0,0,0,Common,$0.15,$0.15
1,1,Briar Patch,Mercadian Masques,85,Near Mint,English,0,0,0,0,0,0,0,Uncommon,$0.15,$0.21
2,2,Bribery,Mercadian Masques,112,Near Mint,English,0,0,0,0,0,0,0,Rare,$19.50,$19.51
3,3,Brilliant Halo,Urza's Saga,94,Near Mint,English,0,0,0,0,0,0,0,Common,$0.15,$0.16
4,4,"Brimaz, King of Oreskos",Born of the Gods,162,Near Mint,English,0,0,0,0,0,0,0,MythicRare,$8.00,$7.97
2,2,Brine Shaman,Ice Age,163,Near Mint,English,0,0,0,0,0,0,0,Common,$0.10,$0.14
58,8,Bring to Light,Battle for Zendikar,108,Near Mint,English,0,0,0,0,0,0,0,Rare,$0.75,$0.79
1,1,Broken Fall,Tempest,79,Near Mint,English,0,0,0,0,0,0,0,Common,$0.10,$0.14
1,1,Bronze Tablet,Fourth Edition,91,Near Mint,English,0,0,0,0,0,0,0,Rare,$0.30,$0.27
58,8,Brood Butcher,Battle for Zendikar,62,Near Mint,English,0,0,0,0,0,0,0,Rare,$0.30,$0.29
1,1,Brothers of Fire,Fourth Edition,186,Near Mint,English,0,0,0,0,0,0,0,Uncommon,$0.10,$0.14
4,4,Brothers of Fire,The Dark,34,Near Mint,English,0,0,0,0,0,0,0,Common,$0.15,$0.18
2,2,Brown Ouphe,Ice Age,229,Near Mint,English,0,0,0,0,0,0,0,Common,$0.10,$0.14
2,2,"Bruna, Light of Alabaster",Avacyn Restored,73,Near Mint,English,0,0,0,0,0,0,0,MythicRare,$2.00,$2.06
2,2,Brush with Death,Stronghold,21,Near Mint,English,0,0,0,0,0,0,0,Common,$0.10,$0.14
1,1,Brushland,Ice Age,180,Near Mint,English,0,0,0,0,0,0,0,Rare,$6.50,$6.53
45,8,Brutal Expulsion,Battle for Zendikar,71,Near Mint,English,0,0,0,0,0,0,0,Rare,$0.30,$0.37
23,8,Brutal Hordechief,Fate Reforged,277,Near Mint,English,0,0,0,0,0,0,0,MythicRare,$1.25,$1.44
1,1,Brutal Suppression,Prophecy,181,Near Mint,English,0,0,0,0,0,0,0,Uncommon,$0.15,$0.20
2,2,Builder's Bane,Mirage,76,Near Mint,English,0,0,0,0,0,0,0,Common,$0.10,$0.14
1,1,Bull Elephant,Visions,136,Near Mint,English,0,0,0,0,0,0,0,Common,$0.10,$0.14
1,1,Bullwhip,Stronghold,56,Near Mint,English,0,0,0,0,0,0,0,Uncommon,$0.15,$0.19
1,1,Bulwark,Urza's Saga,123,Near Mint,English,0,0,0,0,0,0,0,Rare,$0.30,$0.30
4,4,Buoyancy,Mercadian Masques,96,Near Mint,English,0,0,0,0,0,0,0,Common,$0.10,$0.14
35,8,Burn at the Stake,Avacyn Restored,25,Near Mint,English,0,0,0,0,0,0,0,Rare,$0.30,$0.37
11,8,Burn from Within,Shadows over Innistrad,29,Near Mint,English,0,0,0,0,0,0,0,Rare,$0.30,$0.36
6,6,Burning Anger,Magic 2015 Core Set,136,Near Mint,English,0,0,0,0,0,0,0,Rare,$0.15,$0.23
6,6,Burning Earth,Magic 2014 Core Set,142,Near Mint,English,0,0,0,0,0,0,0,Rare,$0.30,$0.38
2,2,Burning Shield Askari,Mirage,319,Near Mint,English,0,0,0,0,0,0,0,Common,$0.10,$0.14
1,1,Burrowing,Revised Edition,46,Near Mint,English,0,0,0,0,0,0,0,Uncommon,$0.15,$0.16
2,2,Burst of Energy,Urza's Legacy,34,Near Mint,English,0,0,0,0,0,0,0,Common,$0.15,$0.15
64,8,Butcher of the Horde,Khans of Tarkir,177,Near Mint,English,0,0,0,0,0,0,0,Rare,$0.30,$0.38
12,8,Bygone Bishop,Shadows over Innistrad,52,Near Mint,English,0,0,0,0,0,0,0,Rare,$1.50,$1.39
24,8,Cackling Counterpart,Innistrad,228,Near Mint,English,0,0,0,0,0,0,0,Rare,$0.45,$0.42
1,1,Cackling Fiend,Urza's Saga,56,Near Mint,English,0,0,0,0,0,0,0,Common,$0.15,$0.16
1,1,Cackling Witch,Mercadian Masques,98,Near Mint,English,0,0,0,0,0,0,0,Uncommon,$0.15,$0.17
1,1,Caged Sun,New Phyrexia,46,Near Mint,English,0,0,0,0,0,0,0,Rare,$4.00,$4.19
5,5,Caldera Kavu,Planeshift,2,Near Mint,English,0,0,0,0,0,0,0,Common,$0.10,$0.14
1,1,Caldera Lake,Tempest,47,Near Mint,English,0,0,0,0,0,0,0,Rare,$0.75,$0.77
27,8,Call the Gatewatch,Oath of the Gatewatch,168,Near Mint,English,0,0,0,0,0,0,0,Rare,$0.30,$0.36
1,1,Call to the Grave,Magic 2012,101,Near Mint,English,0,0,0,0,0,0,0,Rare,$0.90,$0.86
31,8,Call to the Kindred,Dark Ascension,59,Near Mint,English,0,0,0,0,0,0,0,Rare,$0.30,$0.36
2,2,Calming Licid,Stronghold,6,Near Mint,English,0,0,0,0,0,0,0,Uncommon,$0.15,$0.20
6,6,Calming Verse,Prophecy,13,Near Mint,English,0,0,0,0,0,0,0,Common,$0.15,$0.19
1,1,Camel,Arabian Nights,194,Near Mint,English,0,0,0,0,0,0,0,Common,$0.40,$0.65
1,1,Camel,Arabian Nights,124,Good (Lightly Played),English,0,0,0,0,0,0,0,Common,$0.40,$0.65
2,2,Cannibalize,Stronghold,71,Near Mint,English,0,0,0,0,0,0,0,Common,$0.15,$0.15
2,2,Canopy Surge,Invasion,35,Near Mint,English,0,0,0,0,0,0,0,Uncommon,$0.15,$0.18
43,8,Canopy Vista,Battle for Zendikar,90,Near Mint,English,0,0,0,0,0,0,0,Rare,$3.00,$3.14
4,4,Capashen Unicorn,Invasion,7,Near Mint,English,0,0,0,0,0,0,0,Common,$0.15,$0.15
38,8,Captain of the Mists,Avacyn Restored,178,Near Mint,English,0,0,0,0,0,0,0,Rare,$0.30,$0.31
2,2,Captain of the Watch,Magic 2013,118,Near Mint,English,0,0,0,0,0,0,0,Rare,$0.65,$0.72
4,4,Captain Sisay,Invasion,329,Near Mint,English,0,0,0,0,0,0,0,Rare,$3.50,$3.64
27,8,Captain's Claws,Oath of the Gatewatch,160,Near Mint,English,0,0,0,0,0,0,0,Rare,$0.65,$0.63
7,7,Captain's Maneuver,Apocalypse,7,Near Mint,English,0,0,0,0,0,0,0,Uncommon,$0.15,$0.18
10,8,Carnifex Demon,Scars of Mirrodin,64,Near Mint,English,0,0,0,0,0,0,0,Rare,$0.30,$0.33
64,8,Carnival Hellsteed,Return to Ravnica,267,Near Mint,English,0,0,0,0,0,0,0,Rare,$0.30,$0.28
5,5,Carnivorous Plant,The Dark,2,Near Mint,English,0,0,0,0,0,0,0,Common,$0.10,$0.14
3,3,Carnophage,Exodus,70,Near Mint,English,0,0,0,0,0,0,0,Common,$0.25,$0.26
2,2,Carpet of Flowers,Urza's Saga,72,Near Mint,English,0,0,0,0,0,0,0,Uncommon,$2.50,$2.48
4,4,Carrion Wall,Nemesis,176,Near Mint,English,0,0,0,0,0,0,0,Uncommon,$0.15,$0.21
3,3,Castle,Revised Edition,14,Near Mint,English,0,0,0,0,0,0,0,Uncommon,$0.15,$0.18
4,4,Castle Sengir,Homelands,9,Near Mint,English,0,0,0,0,0,0,0,Uncommon,$0.15,$0.22
2,2,Cat Burglar,Exodus,93,Near Mint,English,0,0,0,0,0,0,0,Common,$0.15,$0.15
1,1,Cat Warriors,Classic Sixth Edition,1,Good (Lightly Played),English,0,0,0,0,0,0,0,Common,$0.10,$0.14
1,1,Cat Warriors,Legends,85,Near Mint,English,0,0,0,0,0,0,0,Common,$0.15,$0.19
3,3,Cat Warriors,Legends,21,Near Mint,English,0,0,0,0,0,0,0,Common,$0.15,$0.19
2,2,Catalog,Urza's Saga,2,Near Mint,English,0,0,0,0,0,0,0,Common,$0.10,$0.14
1,1,Catastrophe,Urza's Saga,144,Near Mint,English,0,0,0,0,0,0,0,Rare,$4.25,$4.43
55,8,Catch // Release,Dragon's Maze,239,Near Mint,English,0,0,0,0,0,0,0,Rare,$0.30,$0.32
4,4,Cateran Brute,Mercadian Masques,1,Near Mint,English,0,0,0,0,0,0,0,Common,$0.10,$0.14
1,1,Cateran Enforcer,Mercadian Masques,6,Near Mint,English,0,0,0,0,0,0,0,Uncommon,$0.15,$0.19
1,1,Cateran Kidnappers,Mercadian Masques,243,Near Mint,English,0,0,0,0,0,0,0,Uncommon,$0.15,$0.22
4,4,Cateran Persuader,Mercadian Masques,121,Near Mint,English,0,0,0,0,0,0,0,Common,$0.10,$0.14
1,1,Cateran Slaver,Mercadian Masques,257,Near Mint,English,0,0,0,0,0,0,0,Rare,$0.30,$0.35
3,3,Cateran Summons,Mercadian Masques,301,Near Mint,English,0,0,0,0,0,0,0,Uncommon,$0.15,$0.19
4,4,Cathars' Crusade,Avacyn Restored,63,Near Mint,English,0,0,0,0,0,0,0,Rare,$1.50,$1.43
1,1,Cathedral of Serra,Legends,101,Near Mint,English,0,0,0,0,0,0,0,Uncommon,$1.25,$1.35
22,8,Cathedral of War,Magic 2013,76,Near Mint,English,0,0,0,0,0,0,0,Rare,$1.50,$1.72
1,1,Cathodion,Urza's Saga,100,Near Mint,English,0,0,0,0,0,0,0,Uncommon,$0.15,$0.18
4,4,Cauldron Dance,Invasion,34,Near Mint,English,0,0,0,0,0,0,0,Uncommon,$0.25,$0.32
3,3,Caustic Wasps,Mercadian Masques,243,Near Mint,English,0,0,0,0,0,0,0,Uncommon,$0.15,$0.19
2,2,Cave People,The Dark,101,Near Mint,English,0,0,0,0,0,0,0,Uncommon,$0.15,$0.18
4,4,Cave Sense,Mercadian Masques,1,Near Mint,English,0,0,0,0,0,0,0,Common,$0.10,$0.14
3,3,Cavern Crawler,Mercadian Masques,208,Near Mint,English,0,0,0,0,0,0,0,Common,$0.10,$0.14
6,6,Cavern Harpy,Planeshift,36,Near Mint,English,0,0,0,0,0,0,0,Common,$0.15,$0.15
2,2,Cavern of Souls,Avacyn Restored,198,Near Mint,English,0,0,0,0,0,0,0,Rare,$56.00,$55.93
2,2,Caves of Koilos,Magic 2015 Core Set,33,Near Mint,English,0,0,0,0,0,0,0,Rare,$1.75,$2.01
9,8,Caves of Koilos,Magic Origins,88,Near Mint,English,0,0,0,0,0,0,0,Rare,$1.75,$1.89
59,8,Celestial Archon,Theros,20,Near Mint,English,0,0,0,0,0,0,0,Rare,$0.30,$0.27
2,2,Celestial Colonnade,Worldwake,383,Near Mint,English,0,0,0,0,0,0,0,Rare,$36.50,$39.21
2,2,Celestial Convergence,Prophecy,295,Near Mint,English,0,0,0,0,0,0,0,Rare,$0.65,$0.72
1,1,Celestial Dawn,Mirage,71,Near Mint,English,0,0,0,0,0,0,0,Rare,$0.65,$0.74
1,1,Celestial Dawn,Classic Sixth Edition,47,Near Mint,English,0,0,0,0,0,0,0,Rare,$0.90,$0.87
1,1,Celestial Prism,Revised Edition,13,Near Mint,English,0,0,0,0,0,0,0,Uncommon,$0.15,$0.16
5,5,Cemetery Reaper,Magic 2012,91,Near Mint,English,0,0,0,0,0,0,0,Rare,$3.00,$2.97
12,8,Cerebral Eruption,Scars of Mirrodin,65,Near Mint,English,0,0,0,0,0,0,0,Rare,$0.30,$0.28
4,4,Ceremonial Guard,Mercadian Masques,1,Near Mint,English,0,0,0,0,0,0,0,Common,$0.10,$0.14
4,4,Ceta Disciple,Apocalypse,117,Near Mint,English,0,0,0,0,0,0,0,Common,$0.15,$0.15
7,7,Ceta Sanctuary,Apocalypse,92,Near Mint,English,0,0,0,0,0,0,0,Uncommon,$0.15,$0.17
3,3,Chain Lightning,Legends,59,Near Mint,English,0,0,0,0,0,0,0,Common,$12.50,$12.63
68,8,Chained to the Rocks,Theros,203,Near Mint,English,0,0,0,0,0,0,0,Rare,$0.30,$0.37
1,1,Chambered Nautilus,Mercadian Masques,90,Near Mint,English,0,0,0,0,0,0,0,Uncommon,$0.15,$0.19
2,2,Chameleon Spirit,Mercadian Masques,6,Near Mint,English,0,0,0,0,0,0,0,Uncommon,$0.15,$0.22
23,8,Champion of Lambholt,Avacyn Restored,54,Near Mint,English,0,0,0,0,0,0,0,Rare,$2.25,$2.09
14,8,Champion of Stray Souls,Born of the Gods,73,Near Mint,English,0,0,0,0,0,0,0,MythicRare,$0.99,$0.65
2,2,Champion of the Parish,Innistrad,97,Near Mint,English,0,0,0,0,0,0,0,Rare,$2.50,$2.65
9,8,Chancellor of the Annex,New Phyrexia,21,Near Mint,English,0,0,0,0,0,0,0,Rare,$1.00,$1.09
14,8,Chancellor of the Dross,New Phyrexia,251,Near Mint,English,0,0,0,0,0,0,0,Rare,$0.45,$0.45
4,4,Chancellor of the Forge,New Phyrexia,143,Near Mint,English,0,0,0,0,0,0,0,Rare,$0.55,$0.53
15,8,Chancellor of the Spires,New Phyrexia,249,Near Mint,English,0,0,0,0,0,0,0,Rare,$0.45,$0.41
10,8,Chancellor of the Tangle,New Phyrexia,119,Near Mint,English,0,0,0,0,0,0,0,Rare,$0.30,$0.35
16,8,"Chandra, Fire of Kaladesh",Magic Origins,102,Near Mint,English,0,0,0,0,0,0,0,Rare,$4.00,$4.53
3,3,"Chandra, Flamecaller",Oath of the Gatewatch,132,Near Mint,English,0,0,0,0,0,0,0,Rare,$12.25,$15.56
3,3,"Chandra, Pyromaster",Magic 2015 Core Set,66,Near Mint,English,0,0,0,0,0,0,0,MythicRare,$3.00,$3.21
33,8,Chandra's Ignition,Magic Origins,258,Near Mint,English,0,0,0,0,0,0,0,MythicRare,$0.30,$0.39
5,5,Chandra's Phoenix,Magic 2014 Core Set,18,Near Mint,English,0,0,0,0,0,0,0,MythicRare,$0.55,$0.59
9,8,Channel,Revised Edition,128,Near Mint,English,0,0,0,0,0,0,0,Uncommon,$0.25,$0.29
62,8,Chaos Imps,Return to Ravnica,93,Near Mint,English,0,0,0,0,0,0,0,Rare,$0.15,$0.24
3,3,Chaoslace,Revised Edition,43,Near Mint,English,0,0,0,0,0,0,0,Rare,$0.30,$0.29
2,2,Chaotic Strike,Invasion,7,Near Mint,English,0,0,0,0,0,0,0,Uncommon,$0.15,$0.22
1,1,Charging Paladin,Exodus,7,Near Mint,English,0,0,0,0,0,0,0,Common,$0.15,$0.15
4,4,Charging Troll,Invasion,8,Near Mint,English,0,0,0,0,0,0,0,Uncommon,$0.15,$0.22
4,4,Charm Peddler,Mercadian Masques,1,Near Mint,English,0,0,0,0,0,0,0,Common,$0.10,$0.14
37,8,Charmbreaker Devils,Innistrad,140,Near Mint,English,0,0,0,0,0,0,0,Rare,$0.30,$0.29
1,1,Charmed Griffin,Mercadian Masques,14,Near Mint,English,0,0,0,0,0,0,0,Uncommon,$0.15,$0.18
17,8,Chief Engineer,Magic 2015 Core Set,36,Near Mint,English,0,0,0,0,0,0,0,Rare,$0.55,$0.54
3,3,Chieftain en-Dal,Nemesis,127,Near Mint,English,0,0,0,0,0,0,0,Uncommon,$0.15,$0.18
1,1,Chill,Classic Sixth Edition,68,Near Mint,English,0,0,0,0,0,0,0,Uncommon,$0.50,$0.41
2,2,Chilling Apparition,Prophecy,129,Near Mint,English,0,0,0,0,0,0,0,Uncommon,$0.15,$0.20
1,1,Chimeric Idol,Prophecy,155,Near Mint,English,0,0,0,0,0,0,0,Uncommon,$0.25,$0.30
10,8,Chimeric Mass,Scars of Mirrodin,173,Near Mint,English,0,0,0,0,0,0,0,Rare,$0.30,$0.28
1,1,Cho-Arrim Legate,Mercadian Masques,97,Near Mint,English,0,0,0,0,0,0,0,Uncommon,$0.15,$0.19
4,4,Cho-Manno's Blessing,Mercadian Masques,97,Near Mint,English,0,0,0,0,0,0,0,Common,$0.15,$0.15
4,4,Choked Estuary,Shadows over Innistrad,206,Near Mint,English,0,0,0,0,0,0,0,Rare,$2.00,$2.56
1,1,Choking Sands,Mirage,135,Near Mint,English,0,0,0,0,0,0,0,Common,$0.40,$0.40
1,1,Choking Vines,Weatherlight,55,Near Mint,English,0,0,0,0,0,0,0,Common,$0.15,$0.15
4,4,Chord of Calling,Magic 2015 Core Set,158,Near Mint,English,0,0,0,0,0,0,0,Rare,$10.75,$10.92
12,8,Chromanticore,Born of the Gods,22,Near Mint,English,0,0,0,0,0,0,0,MythicRare,$1.00,$1.06
1,1,Chromatic Lantern,Return to Ravnica,147,Near Mint,English,0,0,0,0,0,0,0,Rare,$8.00,$8.19
3,3,Chromatic Sphere,Invasion,44,Near Mint,English,0,0,0,0,0,0,0,Uncommon,$0.85,$0.88
3,3,Cinder Crawler,Exodus,3,Near Mint,English,0,0,0,0,0,0,0,Common,$0.10,$0.14
2,2,Cinder Elemental,Mercadian Masques,8,Near Mint,English,0,0,0,0,0,0,0,Uncommon,$0.15,$0.20
1,1,Cinder Giant,Weatherlight,8,Near Mint,English,0,0,0,0,0,0,0,Uncommon,$0.15,$0.21
37,8,Cinder Glade,Battle for Zendikar,215,Near Mint,English,0,0,0,0,0,0,0,Rare,$3.00,$3.18
1,1,Cinder Marsh,Tempest,226,Near Mint,English,0,0,0,0,0,0,0,Uncommon,$0.15,$0.19
1,1,Cinder Shade,Invasion,206,Near Mint,English,0,0,0,0,0,0,0,Uncommon,$0.15,$0.22
1,1,Circle of Protection: Artifacts,Antiquities,54,Played,English,0,0,0,0,0,0,0,Uncommon,$3.83,$3.58
1,1,Circle of Protection: Black,Ice Age,72,Near Mint,English,0,0,0,0,0,0,0,Common,$0.15,$0.18
7,7,Circle of Protection: Black,Revised Edition,104,Near Mint,English,0,0,0,0,0,0,0,Common,$0.15,$0.16
10,8,Circle of Protection: Blue,Revised Edition,57,Near Mint,English,0,0,0,0,0,0,0,Common,$0.15,$0.15
1,1,Circle of Protection: Green,Tempest,6,Near Mint,English,0,0,0,0,0,0,0,Common,$0.15,$0.19
2,2,Circle of Protection: Green,Ice Age,20,Near Mint,English,0,0,0,0,0,0,0,Common,$0.15,$0.18
9,8,Circle of Protection: Green,Revised Edition,58,Near Mint,English,0,0,0,0,0,0,0,Common,$0.15,$0.15
1,1,Circle of Protection: Red,Classic Sixth Edition,51,Near Mint,English,0,0,0,0,0,0,0,Common,$0.15,$0.19
2,2,Circle of Protection: Red,Fourth Edition,12,Near Mint,English,0,0,0,0,0,0,0,Common,$0.15,$0.19
5,5,Circle of Protection: Red,Revised Edition,191,Near Mint,English,0,0,0,0,0,0,0,Common,$0.15,$0.17
1,1,Circle of Protection: White,Classic Sixth Edition,176,Near Mint,English,0,0,0,0,0,0,0,Common,$0.15,$0.16
4,4,Circle of Protection: White,Ice Age,3,Near Mint,English,0,0,0,0,0,0,0,Common,$0.10,$0.14
9,8,Circle of Protection: White,Revised Edition,4,Near Mint,English,0,0,0,0,0,0,0,Common,$0.10,$0.14
1,1,Citadel of Pain,Prophecy,23,Near Mint,English,0,0,0,0,0,0,0,Uncommon,$0.25,$0.28
44,8,Citadel Siege,Fate Reforged,180,Near Mint,English,0,0,0,0,0,0,0,Rare,$0.30,$0.36
1,1,Citanul Druid,Antiquities,278,Near Mint,English,0,0,0,0,0,0,0,Uncommon,$0.35,$0.56
1,1,City in a Bottle,Arabian Nights,87,Near Mint,English,0,0,0,0,0,0,0,Rare,$80.50,$80.01
1,1,City of Brass,Chronicles,165,Near Mint,English,0,0,0,0,0,0,0,Rare,$2.75,$2.89
1,1,City of Brass,Classic Sixth Edition,15,Near Mint,English,0,0,0,0,0,0,0,Rare,$3.00,$2.86
1,1,City of Shadows,The Dark,55,Played,English,0,0,0,0,0,0,0,Rare,$3.83,$4.32
1,1,City of Shadows,The Dark,158,Good (Lightly Played),English,0,0,0,0,0,0,0,Rare,$4.16,$4.32
1,1,City of Shadows,The Dark,233,Good (Lightly Played),English,0,0,0,0,0,0,0,Rare,$4.16,$4.32
3,3,City of Shadows,The Dark,134,Near Mint,English,0,0,0,0,0,0,0,Rare,$4.50,$4.32
1,1,City of Traitors,Exodus,120,Near Mint,English,0,0,0,0,0,0,0,Rare,$178.25,$166.95
2,2,Clairvoyance,Ice Age,30,Near Mint,English,0,0,0,0,0,0,0,Common,$0.15,$0.15
42,8,Clan Defiance,Gatecrash,204,Near Mint,English,0,0,0,0,0,0,0,Rare,$0.30,$0.27
1,1,Claws of Gix,Urza's Saga,259,Near Mint,English,0,0,0,0,0,0,0,Uncommon,$0.25,$0.25
1,1,Clay Statue,Antiquities,212,Near Mint,English,0,0,0,0,0,0,0,Common,$0.15,$0.20
1,1,Cleansing,The Dark,201,Near Mint,English,0,0,0,0,0,0,0,Rare,$0.90,$0.89
1,1,Clear the Land,Mercadian Masques,86,Near Mint,English,0,0,0,0,0,0,0,Rare,$0.30,$0.38
20,8,Clever Impersonator,Khans of Tarkir,98,Near Mint,English,0,0,0,0,0,0,0,MythicRare,$3.25,$3.59
2,2,Clifftop Retreat,Innistrad,82,Near Mint,English,0,0,0,0,0,0,0,Rare,$4.75,$4.98
1,1,Cloak of Confusion,Ice Age,112,Near Mint,English,0,0,0,0,0,0,0,Common,$0.10,$0.14
2,2,Cloak of Invisibility,Mirage,74,Near Mint,English,0,0,0,0,0,0,0,Common,$0.10,$0.13
1,1,Cloak of Mists,Urza's Saga,37,Near Mint,English,0,0,0,0,0,0,0,Common,$0.15,$0.18
1,1,Clockwork Beast,Revised Edition,14,Near Mint,English,0,0,0,0,0,0,0,Rare,$0.30,$0.29
4,4,Clockwork Beast,Revised Edition,232,Good (Lightly Played),English,0,0,0,0,0,0,0,Rare,$0.30,$0.29
1,1,Clockwork Gnomes,Homelands,59,Near Mint,English,0,0,0,0,0,0,0,Common,$0.15,$0.16
2,2,Clone,Magic 2014 Core Set,66,Good (Lightly Played),English,0,0,0,0,0,0,0,Uncommon,$0.45,$0.40
4,4,Clone,Revised Edition,62,Near Mint,English,0,0,0,0,0,0,0,Rare,$0.25,$0.29
16,8,Clone,Magic 2013,45,Near Mint,English,0,0,0,0,0,0,0,Rare,$0.30,$0.36
16,8,Clone Legion,Dragons of Tarkir,213,Near Mint,English,0,0,0,0,0,0,0,MythicRare,$1.00,$1.25
1,1,Close Quarters,Mercadian Masques,63,Near Mint,English,0,0,0,0,0,0,0,Uncommon,$0.15,$0.19
1,1,Cloud Cover,Planeshift,109,Near Mint,English,0,0,0,0,0,0,0,Rare,$0.90,$0.95
1,1,Cloud Elemental,Visions,120,Near Mint,English,0,0,0,0,0,0,0,Common,$0.15,$0.15
2,2,Cloud Spirit,Stronghold,242,Near Mint,English,0,0,0,0,0,0,0,Common,$0.10,$0.14
4,4,Cloud Sprite,Mercadian Masques,47,Near Mint,English,0,0,0,0,0,0,0,Common,$0.15,$0.15
6,6,Cloudskate,Nemesis,181,Near Mint,English,0,0,0,0,0,0,0,Common,$0.10,$0.14
3,3,Coal Golem,The Dark,95,Near Mint,English,0,0,0,0,0,0,0,Uncommon,$0.15,$0.21
7,7,Coalition Flag,Apocalypse,64,Near Mint,English,0,0,0,0,0,0,0,Uncommon,$0.15,$0.18
4,4,Coalition Honor Guard,Apocalypse,48,Near Mint,English,0,0,0,0,0,0,0,Common,$0.10,$0.14
1,1,Coalition Victory,Invasion,75,Near Mint,English,0,0,0,0,0,0,0,Rare,$0.45,$0.48
5,5,Coastal Drake,Apocalypse,1,Near Mint,English,0,0,0,0,0,0,0,Common,$0.10,$0.14
5,5,Coastal Hornclaw,Prophecy,101,Near Mint,English,0,0,0,0,0,0,0,Common,$0.10,$0.14
1,1,Coastal Piracy,Mercadian Masques,69,Near Mint,English,0,0,0,0,0,0,0,Uncommon,$0.50,$0.73
1,1,Cocoon,Legends,106,Near Mint,English,0,0,0,0,0,0,0,Uncommon,$0.25,$0.37
1,1,Coercion,Classic Sixth Edition,169,Near Mint,English,0,0,0,0,0,0,0,Common,$0.10,$0.14
2,2,Coercion,Visions,65,Near Mint,English,0,0,0,0,0,0,0,Common,$0.15,$0.15
1,1,Coffin Puppets,Prophecy,145,Near Mint,English,0,0,0,0,0,0,0,Rare,$0.30,$0.32
4,4,Coiling Woodworm,Nemesis,238,Near Mint,English,0,0,0,0,0,0,0,Uncommon,$0.15,$0.20
2,2,Coils of the Medusa,Weatherlight,233,Near Mint,English,0,0,0,0,0,0,0,Common,$0.10,$0.14
1,1,Collapsing Borders,Invasion,65,Near Mint,English,0,0,0,0,0,0,0,Rare,$0.30,$0.32
3,3,Collected Company,Dragons of Tarkir,211,Near Mint,English,0,0,0,0,0,0,0,Rare,$15.75,$17.40
53,8,Collective Blessing,Return to Ravnica,83,Near Mint,English,0,0,0,0,0,0,0,Rare,$0.30,$0.37
2,2,Collective Restraint,Invasion,276,Near Mint,English,0,0,0,0,0,0,0,Rare,$4.25,$4.07
1,1,Collective Unconscious,Mercadian Masques,122,Near Mint,English,0,0,0,0,0,0,0,Rare,$0.65,$0.65
14,8,Colossal Whale,Magic 2014 Core Set,204,Near Mint,English,0,0,0,0,0,0,0,Rare,$0.30,$0.26
19,8,Colossus of Akros,Theros,162,Near Mint,English,0,0,0,0,0,0,0,Rare,$1.25,$1.31
2,2,Combat Medic,Fallen Empires,41,Near Mint,English,0,0,0,0,0,0,0,Common,$0.15,$0.16
4,4,Combat Medic,Fallen Empires,9,Near Mint,English,0,0,0,0,0,0,0,Common,$0.15,$0.16
4,4,Combat Medic,Fallen Empires,61,Near Mint,English,0,0,0,0,0,0,0,Common,$0.15,$0.16
5,5,Combat Medic,Fallen Empires,273,Near Mint,English,0,0,0,0,0,0,0,Common,$0.10,$0.14
26,8,Commune with Lava,Dragons of Tarkir,66,Near Mint,English,0,0,0,0,0,0,0,Rare,$0.30,$0.37
1,1,Complex Automaton,Nemesis,149,Near Mint,English,0,0,0,0,0,0,0,Rare,$0.30,$0.31
3,3,Conch Horn,Fallen Empires,140,Near Mint,English,0,0,0,0,0,0,0,Rare,$0.30,$0.33
2,2,Concordant Crossroads,Legends,122,Near Mint,English,0,0,0,0,0,0,0,Rare,$21.50,$25.71
19,8,Conduit of Ruin,Battle for Zendikar,77,Near Mint,English,0,0,0,0,0,0,0,Rare,$1.00,$1.01
1,1,Cone of Flame,Weatherlight,96,Near Mint,English,0,0,0,0,0,0,0,Uncommon,$0.15,$0.20
13,8,Confirm Suspicions,Shadows over Innistrad,113,Near Mint,English,0,0,0,0,0,0,0,Rare,$0.30,$0.30
10,8,Confound,Planeshift,13,Near Mint,English,0,0,0,0,0,0,0,Common,$0.15,$0.17
2,2,Congregate,Urza's Saga,56,Near Mint,English,0,0,0,0,0,0,0,Common,$0.15,$0.21
58,8,Conjured Currency,Return to Ravnica,200,Near Mint,English,0,0,0,0,0,0,0,Rare,$0.15,$0.24
5,5,Conjurer's Closet,Avacyn Restored,47,Near Mint,English,0,0,0,0,0,0,0,Rare,$0.75,$0.83
3,3,Consecrated Sphinx,Mirrodin Besieged,124,Near Mint,English,0,0,0,0,0,0,0,MythicRare,$21.00,$21.76
1,1,Conservator,Revised Edition,7,Played,English,0,0,0,0,0,0,0,Uncommon,$0.15,$0.16
1,1,Conservator,Fourth Edition,60,Near Mint,English,0,0,0,0,0,0,0,Uncommon,$0.15,$0.18
1,1,Conservator,Unlimited Edition,90,Near Mint,English,0,0,0,0,0,0,0,Uncommon,$0.35,$0.56
5,5,Consume Strength,Apocalypse,164,Near Mint,English,0,0,0,0,0,0,0,Common,$0.10,$0.14
2,2,Consuming Aberration,Gatecrash,15,Near Mint,English,0,0,0,0,0,0,0,Rare,$3.00,$2.98
3,3,Contagion Engine,Scars of Mirrodin,80,Near Mint,English,0,0,0,0,0,0,0,Rare,$4.00,$4.12
1,1,Contemplation,Stronghold,121,Near Mint,English,0,0,0,0,0,0,0,Uncommon,$0.15,$0.19
1,1,Contempt,Stronghold,94,Near Mint,English,0,0,0,0,0,0,0,Common,$0.10,$0.14
8,8,Contested War Zone,Mirrodin Besieged,75,Near Mint,English,0,0,0,0,0,0,0,Rare,$0.45,$0.40
1,1,Contract from Below,Revised Edition,162,Near Mint,English,0,0,0,0,0,0,0,Rare,$0.30,$0.36
1,1,Control Magic,Revised Edition,81,Near Mint,English,0,0,0,0,0,0,0,Uncommon,$0.50,$0.46
7,7,Conversion,Revised Edition,96,Near Mint,English,0,0,0,0,0,0,0,Uncommon,$0.15,$0.18
1,1,Conviction,Stronghold,202,Near Mint,English,0,0,0,0,0,0,0,Common,$0.15,$0.15
1,1,Copper-Leaf Angel,Prophecy,91,Near Mint,English,0,0,0,0,0,0,0,Rare,$0.65,$0.63
1,1,Copy Artifact,Unlimited Edition,203,Good (Lightly Played),English,0,0,0,0,0,0,0,Rare,$28.44,$28.88
7,7,Copy Artifact,Revised Edition,85,Near Mint,English,0,0,0,0,0,0,0,Rare,$6.75,$6.38
1,1,Coral Fighters,Mirage,130,Near Mint,English,0,0,0,0,0,0,0,Uncommon,$0.15,$0.17
1,1,Coral Merfolk,Urza's Saga,59,Near Mint,English,0,0,0,0,0,0,0,Common,$0.10,$0.14
27,8,Corpsejack Menace,Return to Ravnica,228,Near Mint,English,0,0,0,0,0,0,0,Rare,$0.65,$0.64
29,8,Corpseweft,Dragons of Tarkir,84,Near Mint,English,0,0,0,0,0,0,0,Rare,$0.30,$0.32
1,1,Corrosion,Visions,275,Near Mint,English,0,0,0,0,0,0,0,Rare,$0.30,$0.35
1,1,Corrupt,Urza's Saga,10,Near Mint,English,0,0,0,0,0,0,0,Common,$0.15,$0.18
1,1,Corrupt Official,Mercadian Masques,278,Near Mint,English,0,0,0,0,0,0,0,Rare,$0.30,$0.30
31,8,Corrupted Crossroads,Oath of the Gatewatch,32,Near Mint,English,0,0,0,0,0,0,0,Rare,$0.55,$0.57
17,8,Corrupted Grafstone,Shadows over Innistrad,114,Near Mint,English,0,0,0,0,0,0,0,Rare,$0.30,$0.35
16,8,Council of the Absolute,Dragon's Maze,73,Near Mint,English,0,0,0,0,0,0,0,MythicRare,$0.99,$0.70
30,8,Counterflux,Return to Ravnica,228,Near Mint,English,0,0,0,0,0,0,0,Rare,$0.65,$0.62
36,8,Counterlash,Dark Ascension,148,Near Mint,English,0,0,0,0,0,0,0,Rare,$0.30,$0.25
1,1,Counterspell,Classic Sixth Edition,85,Good (Lightly Played),English,0,0,0,0,0,0,0,Uncommon,$0.75,$0.97
1,1,Counterspell,Ice Age,274,Near Mint,English,0,0,0,0,0,0,0,Uncommon,$1.25,$1.06
1,1,Counterspell,Unlimited Edition,63,Near Mint,English,0,0,0,0,0,0,0,Common,$13.18,$16.15
2,2,Counterspell,Revised Edition,274,Near Mint,English,0,0,0,0,0,0,0,Common,$1.25,$1.09
4,4,Counterspell,Mercadian Masques,188,Near Mint,English,0,0,0,0,0,0,0,Common,$1.25,$1.33
19,8,Courser of Kruphix,Born of the Gods,311,Near Mint,English,0,0,0,0,0,0,0,Rare,$3.50,$3.61
55,8,Crackling Doom,Khans of Tarkir,122,Near Mint,English,0,0,0,0,0,0,0,Rare,$0.65,$0.65
1,1,Cradle Guard,Urza's Saga,180,Near Mint,English,0,0,0,0,0,0,0,Uncommon,$0.15,$0.18
4,4,Crash,Mercadian Masques,149,Near Mint,English,0,0,0,0,0,0,0,Common,$0.10,$0.14
1,1,Crashing Boars,Exodus,153,Near Mint,English,0,0,0,0,0,0,0,Uncommon,$0.15,$0.18
27,8,Crater Elemental,Dragons of Tarkir,37,Near Mint,English,0,0,0,0,0,0,0,Rare,$0.30,$0.34
39,8,Crater's Claws,Khans of Tarkir,130,Near Mint,English,0,0,0,0,0,0,0,Rare,$0.30,$0.36
1,1,Craven Giant,Stronghold,45,Near Mint,English,0,0,0,0,0,0,0,Common,$0.10,$0.14
10,8,Craw Wurm,Revised Edition,33,Near Mint,English,0,0,0,0,0,0,0,Common,$0.10,$0.13
1,1,Creature Bond,Fourth Edition,51,Near Mint,English,0,0,0,0,0,0,0,Common,$0.10,$0.14
6,6,Creature Bond,Revised Edition,213,Near Mint,English,0,0,0,0,0,0,0,Common,$0.15,$0.15
1,1,Credit Voucher,Mercadian Masques,1,Near Mint,English,0,0,0,0,0,0,0,Uncommon,$0.15,$0.19
8,8,Creeping Corrosion,Mirrodin Besieged,135,Near Mint,English,0,0,0,0,0,0,0,Rare,$2.00,$2.20
1,1,Creeping Mold,Visions,105,Near Mint,English,0,0,0,0,0,0,0,Uncommon,$0.15,$0.20
31,8,Creeping Renaissance,Innistrad,38,Near Mint,English,0,0,0,0,0,0,0,Rare,$0.30,$0.32
21,8,Creepy Doll,Innistrad,92,Near Mint,English,0,0,0,0,0,0,0,Rare,$0.30,$0.34
1,1,Cremate,Invasion,12,Near Mint,English,0,0,0,0,0,0,0,Uncommon,$0.15,$0.18
2,2,Crenellated Wall,Mercadian Masques,34,Near Mint,English,0,0,0,0,0,0,0,Uncommon,$0.15,$0.24
1,1,Crevasse,Legends,164,Near Mint,English,0,0,0,0,0,0,0,Uncommon,$0.25,$0.38
4,4,Crimson Acolyte,Invasion,22,Near Mint,English,0,0,0,0,0,0,0,Common,$0.15,$0.17
1,1,Crooked Scales,Mercadian Masques,41,Near Mint,English,0,0,0,0,0,0,0,Rare,$0.30,$0.34
2,2,Crop Rotation,Urza's Legacy,80,Near Mint,English,0,0,0,0,0,0,0,Common,$2.00,$1.91
2,2,"Crosis, the Purger",Invasion,245,Near Mint,English,0,0,0,0,0,0,0,Uncommon,$3.00,$3.19
1,1,Crosis's Attendant,Invasion,43,Near Mint,English,0,0,0,0,0,0,0,Uncommon,$0.15,$0.18
4,4,Crosis's Catacombs,Planeshift,197,Near Mint,English,0,0,0,0,0,0,0,Uncommon,$0.75,$0.76
4,4,Crosis's Charm,Planeshift,122,Near Mint,English,0,0,0,0,0,0,0,Rare,$0.25,$0.26
2,2,Crossbow Ambush,Stronghold,20,Near Mint,English,0,0,0,0,0,0,0,Common,$0.10,$0.14
4,4,Crossbow Infantry,Mercadian Masques,61,Near Mint,English,0,0,0,0,0,0,0,Common,$0.10,$0.14
1,1,Crovax the Cursed,Stronghold,70,Near Mint,English,0,0,0,0,0,0,0,Rare,$0.45,$0.44
3,3,Crown of Flames,Invasion,162,Near Mint,English,0,0,0,0,0,0,0,Common,$0.10,$0.14
11,8,Crucible of Fire,Magic 2015 Core Set,268,Near Mint,English,0,0,0,0,0,0,0,Rare,$0.90,$0.85
33,8,Crucible of the Spirit Dragon,Fate Reforged,71,Near Mint,English,0,0,0,0,0,0,0,Rare,$0.30,$0.38
1,1,Crucible of Worlds,Fifth Dawn,18,Near Mint,Japanese,0,0,0,0,0,0,0,Rare,$72.45,$62.08
10,8,Cruel Sadist,Magic 2015 Core Set,239,Near Mint,English,0,0,0,0,0,0,0,Rare,$0.15,$0.23
4,4,Crumble,Antiquities,240,Near Mint,English,0,0,0,0,0,0,0,Common,$0.15,$0.21
5,5,Crush of Tentacles,Oath of the Gatewatch,63,Near Mint,English,0,0,0,0,0,0,0,MythicRare,$6.00,$2.10
39,8,Crux of Fate,Fate Reforged,162,Near Mint,English,0,0,0,0,0,0,0,Rare,$0.75,$0.83
8,8,Crypt Ghast,Gatecrash,210,Near Mint,English,0,0,0,0,0,0,0,Rare,$2.50,$2.55
56,8,Cryptborn Horror,Return to Ravnica,71,Near Mint,English,0,0,0,0,0,0,0,Rare,$0.30,$0.25
1,1,Cryptic Command,Lorwyn,19,Near Mint,English,0,0,0,0,0,0,0,Rare,$27.25,$27.50
36,8,Cryptolith Rite,Shadows over Innistrad,98,Near Mint,English,0,0,0,0,0,0,0,Rare,$2.50,$2.45
2,2,Crystal Chimes,Urza's Saga,139,Near Mint,English,0,0,0,0,0,0,0,Uncommon,$0.25,$0.31
2,2,Crystal Rod,Revised Edition,131,Near Mint,English,0,0,0,0,0,0,0,Uncommon,$0.15,$0.16
1,1,Crystal Vein,Mirage,144,Near Mint,English,0,0,0,0,0,0,0,Uncommon,$0.50,$0.40
2,2,Culling the Weak,Exodus,117,Near Mint,English,0,0,0,0,0,0,0,Common,$0.40,$0.71
2,2,Cunning,Exodus,3,Near Mint,English,0,0,0,0,0,0,0,Common,$0.10,$0.14
1,1,Curiosity,Exodus,71,Near Mint,English,0,0,0,0,0,0,0,Uncommon,$0.50,$0.42
4,4,Curse Artifact,The Dark,132,Near Mint,English,0,0,0,0,0,0,0,Uncommon,$0.15,$0.18
10,8,Curse of Bloodletting,Dark Ascension,30,Near Mint,English,0,0,0,0,0,0,0,Rare,$0.55,$0.53
45,8,Curse of Death's Hold,Innistrad,30,Near Mint,English,0,0,0,0,0,0,0,Rare,$0.45,$0.43
21,8,Curse of Echoes,Dark Ascension,163,Near Mint,English,0,0,0,0,0,0,0,Rare,$0.30,$0.27
1,1,Curse of Marit Lage,Ice Age,225,Near Mint,English,0,0,0,0,0,0,0,Rare,$0.30,$0.33
33,8,Curse of Misfortunes,Dark Ascension,132,Near Mint,English,0,0,0,0,0,0,0,Rare,$0.30,$0.26
33,8,Curse of Stalked Prey,Innistrad,65,Near Mint,English,0,0,0,0,0,0,0,Rare,$0.30,$0.34
34,8,Curse of the Swine,Theros,65,Near Mint,English,0,0,0,0,0,0,0,Rare,$0.30,$0.29
3,3,Cursecatcher,Shadowmoor,226,Near Mint,English,0,0,0,0,0,0,0,Uncommon,$11.50,$11.66
1,1,Cursed Flesh,Exodus,241,Near Mint,English,0,0,0,0,0,0,0,Common,$0.15,$0.15
4,4,Cursed Flesh,Invasion,212,Near Mint,English,0,0,0,0,0,0,0,Common,$0.10,$0.14
3,3,Cursed Land,Revised Edition,242,Near Mint,English,0,0,0,0,0,0,0,Uncommon,$0.15,$0.17
1,1,Cursed Rack,Antiquities,120,Played,English,0,0,0,0,0,0,0,Uncommon,$0.50,$0.64
1,1,Customs Depot,Mercadian Masques,5,Near Mint,English,0,0,0,0,0,0,0,Uncommon,$0.15,$0.17
4,4,Cyclonic Rift,Return to Ravnica,129,Near Mint,English,0,0,0,0,0,0,0,Rare,$6.00,$5.96
1,1,Cyclopean Mummy,Legends,75,Near Mint,English,0,0,0,0,0,0,0,Common,$0.15,$0.16
2,2,Cyclopean Mummy,Legends,5,Good (Lightly Played),English,0,0,0,0,0,0,0,Common,$0.15,$0.16
1,1,D'Avenant Archer,Classic Sixth Edition,31,Near Mint,English,0,0,0,0,0,0,0,Common,$0.10,$0.14
6,6,D'Avenant Archer,Legends,100,Near Mint,English,0,0,0,0,0,0,0,Common,$0.15,$0.19
32,8,Daghatar the Adamant,Fate Reforged,163,Near Mint,English,0,0,0,0,0,0,0,Rare,$0.30,$0.31
26,8,Damnable Pact,Dragons of Tarkir,59,Near Mint,English,0,0,0,0,0,0,0,Rare,$0.30,$0.37
1,1,Damnation,Planar Chaos,142,Near Mint,English,0,0,0,0,0,0,0,Rare,$65.25,$64.13
1,1,Dance of Many,The Dark,239,Good (Lightly Played),English,0,0,0,0,0,0,0,Rare,$0.90,$0.92
1,1,Dance of the Dead,Ice Age,69,Near Mint,English,0,0,0,0,0,0,0,Uncommon,$1.50,$1.37
3,3,Dancing Scimitar,Revised Edition,67,Near Mint,English,0,0,0,0,0,0,0,Rare,$0.30,$0.28
2,2,"Darigaaz, the Igniter",Invasion,133,Near Mint,English,0,0,0,0,0,0,0,Uncommon,$1.00,$1.39
1,1,Darigaaz's Attendant,Invasion,9,Near Mint,English,0,0,0,0,0,0,0,Uncommon,$0.15,$0.18
3,3,Darigaaz's Charm,Planeshift,107,Near Mint,English,0,0,0,0,0,0,0,Rare,$0.15,$0.22
9,8,Daring Leap,Planeshift,150,Near Mint,English,0,0,0,0,0,0,0,Common,$0.10,$0.14
9,8,Daring Thief,Journey into Nyx,67,Near Mint,English,0,0,0,0,0,0,0,Rare,$0.30,$0.26
1,1,Dark Banishing,Mirage,88,Near Mint,English,0,0,0,0,0,0,0,Common,$0.10,$0.14
6,6,Dark Heart of the Wood,The Dark,6,Near Mint,English,0,0,0,0,0,0,0,Common,$0.15,$0.15
19,8,Dark Impostor,Avacyn Restored,239,Near Mint,English,0,0,0,0,0,0,0,Rare,$0.90,$0.89
9,8,Dark Petition,Magic Origins,227,Near Mint,English,0,0,0,0,0,0,0,Rare,$2.75,$3.14
3,3,Dark Privilege,Visions,7,Near Mint,English,0,0,0,0,0,0,0,Common,$0.15,$0.15
24,8,Dark Prophecy,Magic 2014 Core Set,38,Near Mint,English,0,0,0,0,0,0,0,Rare,$0.30,$0.32
1,1,Dark Ritual,Revised Edition,180,Good (Lightly Played),English,0,0,0,0,0,0,0,Common,$0.40,$0.63
1,1,Dark Ritual,Ice Age,200,Near Mint,English,0,0,0,0,0,0,0,Common,$0.40,$0.64
1,1,Dark Ritual,Mirage,32,Near Mint,English,0,0,0,0,0,0,0,Common,$0.40,$0.68
1,1,Dark Ritual,Urza's Saga,151,Near Mint,English,0,0,0,0,0,0,0,Common,$0.40,$0.61
3,3,Dark Ritual,Mercadian Masques,95,Near Mint,English,0,0,0,0,0,0,0,Common,$0.40,$0.71
8,8,Dark Ritual,Revised Edition,25,Near Mint,English,0,0,0,0,0,0,0,Common,$0.40,$0.63
1,1,Dark Sphere,The Dark,75,Good (Lightly Played),English,0,0,0,0,0,0,0,Uncommon,$0.90,$1.00
4,4,Dark Sphere,The Dark,31,Near Mint,English,0,0,0,0,0,0,0,Uncommon,$0.90,$1.00
5,5,Dark Triumph,Nemesis,99,Near Mint,English,0,0,0,0,0,0,0,Uncommon,$0.15,$0.21
1,1,Darkness,Legends,27,Played,English,0,0,0,0,0,0,0,Common,$5.95,$6.58
1,1,Darkpact,Revised Edition,263,Near Mint,English,0,0,0,0,0,0,0,Rare,$0.30,$0.30
2,2,Darkslick Shores,Scars of Mirrodin,98,Near Mint,English,0,0,0,0,0,0,0,Rare,$8.75,$8.85
1,1,Darksteel Forge,Magic 2014 Core Set,315,Near Mint,English,0,0,0,0,0,0,0,MythicRare,$5.50,$5.60
1,1,Darksteel Plate,Mirrodin Besieged,208,Near Mint,English,0,0,0,0,0,0,0,Rare,$7.50,$7.61
4,4,Darting Merfolk,Mercadian Masques,174,Near Mint,English,0,0,0,0,0,0,0,Common,$0.10,$0.14
1,1,Dauthi Cutthroat,Exodus,63,Near Mint,English,0,0,0,0,0,0,0,Uncommon,$0.25,$0.25
2,2,Dauthi Jackal,Exodus,173,Near Mint,English,0,0,0,0,0,0,0,Common,$0.15,$0.16
2,2,Dauthi Slayer,Tempest,4,Near Mint,English,0,0,0,0,0,0,0,Common,$0.15,$0.18
5,5,Dawnbringer Charioteers,Journey into Nyx,263,Near Mint,English,0,0,0,0,0,0,0,Rare,$0.30,$0.29
50,8,Daxos of Meletis,Theros,30,Near Mint,English,0,0,0,0,0,0,0,Rare,$0.30,$0.32
4,4,Day of Judgment,Magic 2012,265,Near Mint,English,0,0,0,0,0,0,0,Rare,$2.50,$2.49
11,8,Day's Undoing,Magic Origins,212,Near Mint,English,0,0,0,0,0,0,0,MythicRare,$4.75,$4.85
39,8,Daybreak Ranger,Innistrad,218,Near Mint,English,0,0,0,0,0,0,0,Rare,$0.55,$0.55
10,8,Daze,Nemesis,79,Near Mint,English,0,0,0,0,0,0,0,Common,$2.50,$2.45
1,1,Dazzling Beauty,Mirage,77,Near Mint,English,0,0,0,0,0,0,0,Common,$0.10,$0.14
4,4,Dead Ringers,Apocalypse,5,Near Mint,English,0,0,0,0,0,0,0,Common,$0.15,$0.15
1,1,Deadapult,Planeshift,30,Near Mint,English,0,0,0,0,0,0,0,Rare,$0.30,$0.31
12,8,Deadbridge Chant,Dragon's Maze,52,Near Mint,English,0,0,0,0,0,0,0,MythicRare,$2.25,$2.35
37,8,Deadbridge Goliath,Return to Ravnica,164,Near Mint,English,0,0,0,0,0,0,0,Rare,$0.30,$0.29
20,8,Deadeye Navigator,Avacyn Restored,124,Near Mint,English,0,0,0,0,0,0,0,Rare,$2.00,$2.17
1,1,Deadfall,Legends,152,Good (Lightly Played),English,0,0,0,0,0,0,0,Uncommon,$0.50,$0.40
1,1,Deadly Insect,Alliances,73,Near Mint,English,0,0,0,0,0,0,0,Common,$0.15,$0.18
1,1,Deadly Insect,Alliances,7,Near Mint,English,0,0,0,0,0,0,0,Common,$0.15,$0.17
4,4,Deadly Insect,Mercadian Masques,44,Near Mint,English,0,0,0,0,0,0,0,Common,$0.10,$0.14
36,8,Dearly Departed,Innistrad,150,Near Mint,English,0,0,0,0,0,0,0,Rare,$0.30,$0.30
5,5,Death Bomb,Planeshift,91,Near Mint,English,0,0,0,0,0,0,0,Common,$0.10,$0.14
4,4,Death Charmer,Prophecy,100,Near Mint,English,0,0,0,0,0,0,0,Common,$0.10,$0.14
7,7,Death Mutation,Apocalypse,169,Near Mint,English,0,0,0,0,0,0,0,Uncommon,$0.15,$0.18
1,1,Death or Glory,Invasion,113,Near Mint,English,0,0,0,0,0,0,0,Rare,$0.30,$0.35
2,2,Death Pit Offering,Nemesis,14,Near Mint,English,0,0,0,0,0,0,0,Rare,$0.30,$0.34
14,8,Death Ward,Revised Edition,320,Near Mint,English,0,0,0,0,0,0,0,Common,$0.10,$0.13
1,1,Death Watch,Visions,170,Near Mint,English,0,0,0,0,0,0,0,Common,$0.15,$0.16
5,5,Death's Duet,Exodus,320,Near Mint,English,0,0,0,0,0,0,0,Common,$0.15,$0.15
44,8,Death's Presence,Return to Ravnica,186,Near Mint,English,0,0,0,0,0,0,0,Rare,$0.30,$0.26
22,8,Deathbringer Regent,Dragons of Tarkir,230,Near Mint,English,0,0,0,0,0,0,0,Rare,$0.30,$0.34
26,8,Deathcap Cultivator,Shadows over Innistrad,194,Near Mint,English,0,0,0,0,0,0,0,Rare,$0.75,$0.84
1,1,Deathgazer,Mercadian Masques,133,Near Mint,English,0,0,0,0,0,0,0,Uncommon,$0.15,$0.17
1,1,Deathlace,Revised Edition,87,Near Mint,English,0,0,0,0,0,0,0,Rare,$0.30,$0.26
9,8,Deathmist Raptor,Dragons of Tarkir,228,Near Mint,English,0,0,0,0,0,0,0,MythicRare,$2.75,$3.96
32,8,Deathpact Angel,Gatecrash,103,Near Mint,English,0,0,0,0,0,0,0,MythicRare,$0.99,$0.98
19,8,Deathrite Shaman,Return to Ravnica,201,Near Mint,English,0,0,0,0,0,0,0,Rare,$5.25,$5.39
26,8,Deceiver of Form,Oath of the Gatewatch,155,Near Mint,English,0,0,0,0,0,0,0,Rare,$0.30,$0.32
8,8,Decimator Web,Mirrodin Besieged,60,Near Mint,English,0,0,0,0,0,0,0,Rare,$0.30,$0.31
5,5,Declaration in Stone,Shadows over Innistrad,129,Near Mint,English,0,0,0,0,0,0,0,Rare,$5.50,$5.73
8,8,Deep Spawn,Fallen Empires,11,Near Mint,English,0,0,0,0,0,0,0,Uncommon,$0.15,$0.20
6,6,Deep Water,The Dark,5,Near Mint,English,0,0,0,0,0,0,0,Common,$0.10,$0.14
38,8,Deepfathom Skulker,Oath of the Gatewatch,228,Near Mint,English,0,0,0,0,0,0,0,Rare,$0.30,$0.29
3,3,Deepwood Drummer,Mercadian Masques,5,Near Mint,English,0,0,0,0,0,0,0,Common,$0.10,$0.14
1,1,Deepwood Elder,Mercadian Masques,184,Near Mint,English,0,0,0,0,0,0,0,Rare,$0.30,$0.29
4,4,Deepwood Ghoul,Mercadian Masques,4,Near Mint,English,0,0,0,0,0,0,0,Common,$0.10,$0.14
1,1,Deepwood Legate,Mercadian Masques,12,Near Mint,English,0,0,0,0,0,0,0,Uncommon,$0.15,$0.17
1,1,Deepwood Tantiv,Mercadian Masques,92,Near Mint,English,0,0,0,0,0,0,0,Uncommon,$0.15,$0.18
4,4,Deepwood Wolverine,Mercadian Masques,94,Near Mint,English,0,0,0,0,0,0,0,Common,$0.15,$0.15
9,8,Defender en-Vec,Nemesis,1,Near Mint,English,0,0,0,0,0,0,0,Common,$0.10,$0.14
2,2,Defender of Chaos,Urza's Legacy,62,Near Mint,English,0,0,0,0,0,0,0,Common,$0.10,$0.14
1,1,Defender of Law,Urza's Legacy,13,Near Mint,English,0,0,0,0,0,0,0,Common,$0.15,$0.16
1,1,Defense of the Heart,Urza's Legacy,48,Near Mint,English,0,0,0,0,0,0,0,Rare,$10.50,$10.76
1,1,Defensive Formation,Urza's Saga,96,Near Mint,English,0,0,0,0,0,0,0,Uncommon,$0.15,$0.22
46,8,Defiant Bloodlord,Battle for Zendikar,275,Near Mint,English,0,0,0,0,0,0,0,Rare,$0.30,$0.27
11,8,Defiant Falcon,Nemesis,181,Near Mint,English,0,0,0,0,0,0,0,Common,$0.15,$0.17
3,3,Defiant Vanguard,Nemesis,101,Near Mint,English,0,0,0,0,0,0,0,Uncommon,$0.15,$0.21
2,2,Defiling Tears,Invasion,112,Near Mint,English,0,0,0,0,0,0,0,Uncommon,$0.15,$0.17
30,8,Deflecting Palm,Khans of Tarkir,39,Near Mint,English,0,0,0,0,0,0,0,Rare,$0.65,$0.67
4,4,Dega Disciple,Apocalypse,10,Near Mint,English,0,0,0,0,0,0,0,Common,$0.15,$0.15
7,7,Dega Sanctuary,Apocalypse,13,Near Mint,English,0,0,0,0,0,0,0,Uncommon,$0.15,$0.18
4,4,Dehydration,Mercadian Masques,6,Near Mint,English,0,0,0,0,0,0,0,Common,$0.10,$0.14
29,8,Deicide,Journey into Nyx,231,Near Mint,English,0,0,0,0,0,0,0,Rare,$0.30,$0.36
5,5,Delif's Cone,Fallen Empires,173,Near Mint,English,0,0,0,0,0,0,0,Common,$0.15,$0.16
2,2,Delif's Cube,Fallen Empires,214,Near Mint,English,0,0,0,0,0,0,0,Rare,$0.30,$0.28
1,1,Delirium,Mirage,97,Near Mint,English,0,0,0,0,0,0,0,Uncommon,$0.15,$0.24
1,1,Delraich,Mercadian Masques,100,Near Mint,English,0,0,0,0,0,0,0,Rare,$0.75,$0.83
1,1,Demonic Attorney,Revised Edition,10,Near Mint,English,0,0,0,0,0,0,0,Rare,$0.30,$0.29
1,1,Demonic Hordes,Revised Edition,79,Near Mint,English,0,0,0,0,0,0,0,Rare,$0.90,$0.92
10,8,Demonic Pact,Magic Origins,24,Near Mint,English,0,0,0,0,0,0,0,MythicRare,$4.50,$4.34
37,8,Demonic Rising,Avacyn Restored,185,Near Mint,English,0,0,0,0,0,0,0,Rare,$0.30,$0.25
2,2,Demonic Tutor,Revised Edition,41,Near Mint,English,0,0,0,0,0,0,0,Uncommon,$16.50,$16.36
43,8,Demonlord of Ashmouth,Avacyn Restored,92,Near Mint,English,0,0,0,0,0,0,0,Rare,$0.45,$0.42
18,8,Den Protector,Dragons of Tarkir,201,Near Mint,English,0,0,0,0,0,0,0,Rare,$2.25,$2.74
2,2,Deranged Hermit,Urza's Legacy,134,Near Mint,English,0,0,0,0,0,0,0,Rare,$9.00,$8.50
40,8,Deranged Outcast,Dark Ascension,75,Near Mint,English,0,0,0,0,0,0,0,Rare,$0.30,$0.25
2,2,Derelor,Fallen Empires,96,Near Mint,English,0,0,0,0,0,0,0,Rare,$0.30,$0.28
3,3,Descend upon the Sinful,Shadows over Innistrad,200,Near Mint,English,0,0,0,0,0,0,0,MythicRare,$1.50,$1.61
3,3,Descendants' Path,Avacyn Restored,99,Near Mint,English,0,0,0,0,0,0,0,Rare,$3.25,$3.68
28,8,Descent into Madness,Avacyn Restored,96,Near Mint,English,0,0,0,0,0,0,0,MythicRare,$0.99,$0.72
6,6,Descent of the Dragons,Dragons of Tarkir,19,Near Mint,English,0,0,0,0,0,0,0,MythicRare,$2.25,$2.31
17,8,Desecration Demon,Return to Ravnica,70,Near Mint,English,0,0,0,0,0,0,0,Rare,$1.50,$1.58
1,1,Desert,Arabian Nights,82,Played,English,0,0,0,0,0,0,0,Common,$0.65,$1.18
6,6,Desert,Arabian Nights,226,Poor,English,0,0,0,0,0,0,0,Common,$0.85,$1.18
1,1,Desert Twister,Revised Edition,133,Good (Lightly Played),English,0,0,0,0,0,0,0,Uncommon,$0.15,$0.22
1,1,Desert Twister,Revised Edition,63,Near Mint,English,0,0,0,0,0,0,0,Uncommon,$0.15,$0.22
1,1,Desert Twister,Arabian Nights,61,Good (Lightly Played),English,0,0,0,0,0,0,0,Uncommon,$12.72,$16.69
2,2,Desert Twister,Mercadian Masques,86,Near Mint,English,0,0,0,0,0,0,0,Uncommon,$0.15,$0.24
2,2,Desertion,Visions,143,Near Mint,English,0,0,0,0,0,0,0,Rare,$5.50,$5.32
31,8,Desolate Lighthouse,Avacyn Restored,314,Near Mint,English,0,0,0,0,0,0,0,Rare,$1.25,$1.18
35,8,Desolation Twin,Battle for Zendikar,60,Near Mint,English,0,0,0,0,0,0,0,Rare,$0.45,$0.42
3,3,Despoil,Prophecy,86,Near Mint,English,0,0,0,0,0,0,0,Common,$0.15,$0.16
24,8,Despoiler of Souls,Magic Origins,67,Near Mint,English,0,0,0,0,0,0,0,Rare,$0.45,$0.47
1,1,Despondency,Urza's Saga,142,Near Mint,English,0,0,0,0,0,0,0,Common,$0.10,$0.14
24,8,Detention Sphere,Return to Ravnica,273,Near Mint,English,0,0,0,0,0,0,0,Rare,$1.50,$1.60
4,4,Devastate,Prophecy,126,Near Mint,English,0,0,0,0,0,0,0,Common,$0.10,$0.14
1,1,Devastation,Portal,208,Good (Lightly Played),English,0,0,0,0,0,0,0,Rare,$14.80,$17.14
21,8,Devastation Tide,Avacyn Restored,272,Near Mint,English,0,0,0,0,0,0,0,Rare,$0.55,$0.59
26,8,Devil's Play,Innistrad,122,Near Mint,English,0,0,0,0,0,0,0,Rare,$0.30,$0.31
12,8,Devils' Playground,Shadows over Innistrad,118,Near Mint,English,0,0,0,0,0,0,0,Rare,$0.30,$0.25
2,2,Devouring Deep,Legends,30,Near Mint,English,0,0,0,0,0,0,0,Common,$0.15,$0.18
1,1,Devouring Strossus,Invasion,199,Near Mint,English,0,0,0,0,0,0,0,Rare,$0.45,$0.45
3,3,Devout Harpist,Urza's Legacy,226,Near Mint,English,0,0,0,0,0,0,0,Common,$0.10,$0.14
10,8,Devout Invocation,Magic 2014 Core Set,66,Near Mint,English,0,0,0,0,0,0,0,MythicRare,$1.50,$1.45
4,4,Devout Witness,Mercadian Masques,21,Near Mint,English,0,0,0,0,0,0,0,Common,$0.10,$0.14
1,1,Diabolic Intent,Planeshift,315,Near Mint,English,0,0,0,0,0,0,0,Rare,$16.25,$15.66
4,4,Diabolic Machine,The Dark,99,Near Mint,English,0,0,0,0,0,0,0,Uncommon,$0.15,$0.20
3,3,Diabolic Revelation,Magic 2013,32,Near Mint,English,0,0,0,0,0,0,0,Rare,$1.25,$1.17
1,1,Diabolic Servitude,Urza's Saga,99,Near Mint,English,0,0,0,0,0,0,0,Uncommon,$0.15,$0.24
1,1,Diabolic Vision,Ice Age,206,Near Mint,English,0,0,0,0,0,0,0,Uncommon,$0.25,$0.33
3,3,Dictate of Erebos,Journey into Nyx,179,Near Mint,English,0,0,0,0,0,0,0,Rare,$3.00,$2.98
13,8,Dictate of Heliod,Journey into Nyx,115,Near Mint,English,0,0,0,0,0,0,0,Rare,$0.30,$0.31
7,7,Dictate of Karametra,Journey into Nyx,219,Near Mint,English,0,0,0,0,0,0,0,Rare,$0.30,$0.37
10,8,Dictate of Kruphix,Journey into Nyx,379,Near Mint,English,0,0,0,0,0,0,0,Rare,$1.00,$1.22
12,8,Dictate of the Twin Gods,Journey into Nyx,10,Near Mint,English,0,0,0,0,0,0,0,Rare,$0.30,$0.28
1,1,Didgeridoo,Homelands,83,Near Mint,English,0,0,0,0,0,0,0,Rare,$1.75,$3.48
35,8,Dig Through Time,Khans of Tarkir,217,Near Mint,English,0,0,0,0,0,0,0,Rare,$1.25,$1.27
58,8,Diluvian Primordial,Gatecrash,118,Near Mint,English,0,0,0,0,0,0,0,Rare,$0.30,$0.32
46,8,Dimensional Infiltrator,Oath of the Gatewatch,106,Near Mint,English,0,0,0,0,0,0,0,Rare,$0.45,$0.46
1,1,Dingus Egg,Revised Edition,14,Good (Lightly Played),English,0,0,0,0,0,0,0,Rare,$0.30,$0.32
2,2,Dingus Egg,Revised Edition,44,Near Mint,English,0,0,0,0,0,0,0,Rare,$0.30,$0.32
2,2,Diplomatic Escort,Mercadian Masques,243,Near Mint,English,0,0,0,0,0,0,0,Uncommon,$0.15,$0.18
3,3,Diplomatic Immunity,Mercadian Masques,206,Near Mint,English,0,0,0,0,0,0,0,Common,$0.25,$0.38
7,7,Diregraf Colossus,Shadows over Innistrad,96,Near Mint,English,0,0,0,0,0,0,0,Rare,$2.25,$2.28
4,4,Dirtcowl Wurm,Tempest,297,Near Mint,English,0,0,0,0,0,0,0,Rare,$0.75,$0.75
26,8,Disciple of Bolas,Magic 2013,42,Near Mint,English,0,0,0,0,0,0,0,Rare,$0.55,$0.54
6,6,Disciple of Kangee,Planeshift,284,Near Mint,English,0,0,0,0,0,0,0,Common,$0.10,$0.14
2,2,Disciple of Law,Urza's Saga,30,Near Mint,English,0,0,0,0,0,0,0,Common,$0.15,$0.15
23,8,Disciple of the Ring,Magic Origins,297,Near Mint,English,0,0,0,0,0,0,0,MythicRare,$0.75,$1.08
2,2,Disempower,Mirage,286,Near Mint,English,0,0,0,0,0,0,0,Common,$0.10,$0.14
1,1,Disenchant,Fourth Edition,6,Near Mint,English,0,0,0,0,0,0,0,Common,$0.15,$0.18
1,1,Disenchant,Mirage,93,Near Mint,English,0,0,0,0,0,0,0,Common,$0.15,$0.18
1,1,Disenchant,Tempest,129,Near Mint,English,0,0,0,0,0,0,0,Common,$0.15,$0.16
1,1,Disenchant,Urza's Saga,155,Near Mint,English,0,0,0,0,0,0,0,Common,$0.15,$0.17
3,3,Disenchant,Ice Age,62,Near Mint,English,0,0,0,0,0,0,0,Common,$0.15,$0.18
4,4,Disenchant,Mercadian Masques,87,Near Mint,English,0,0,0,0,0,0,0,Common,$0.15,$0.17
15,8,Disenchant,Revised Edition,227,Near Mint,English,0,0,0,0,0,0,0,Common,$0.15,$0.18
3,3,Disintegrate,Revised Edition,128,Good (Lightly Played),English,0,0,0,0,0,0,0,Common,$0.15,$0.16
6,6,Disintegrate,Revised Edition,48,Near Mint,English,0,0,0,0,0,0,0,Common,$0.15,$0.16
5,5,Dismantling Blow,Invasion,140,Near Mint,English,0,0,0,0,0,0,0,Common,$0.15,$0.19
25,8,Dismiss into Dream,Magic 2014 Core Set,85,Near Mint,English,0,0,0,0,0,0,0,Rare,$0.30,$0.25
16,8,Displacement Wave,Magic Origins,110,Near Mint,English,0,0,0,0,0,0,0,Rare,$0.30,$0.32
1,1,Disrupt,Weatherlight,151,Near Mint,English,0,0,0,0,0,0,0,Common,$0.15,$0.19
1,1,Disrupt,Invasion,185,Near Mint,English,0,0,0,0,0,0,0,Uncommon,$0.25,$0.25
1,1,Disrupting Scepter,Revised Edition,37,Near Mint,English,0,0,0,0,0,0,0,Rare,$0.30,$0.29
1,1,Disrupting Scepter,Fourth Edition,18,Near Mint,English,0,0,0,0,0,0,0,Rare,$0.30,$0.27
3,3,Disruptive Student,Urza's Saga,50,Near Mint,English,0,0,0,0,0,0,0,Common,$0.15,$0.16
11,8,Distant Memories,Mirrodin Besieged,58,Near Mint,English,0,0,0,0,0,0,0,Rare,$0.30,$0.26
7,7,Diversionary Tactics,Apocalypse,101,Near Mint,English,0,0,0,0,0,0,0,Uncommon,$0.15,$0.19
31,8,Divine Deflection,Avacyn Restored,136,Near Mint,English,0,0,0,0,0,0,0,Rare,$0.30,$0.26
4,4,Divine Light,Apocalypse,6,Near Mint,English,0,0,0,0,0,0,0,Common,$0.15,$0.15
1,1,Divine Offering,Mirage,16,Good (Lightly Played),English,0,0,0,0,0,0,0,Common,$0.15,$0.15
1,1,Divine Offering,Legends,86,Played,English,0,0,0,0,0,0,0,Common,$0.25,$0.26
3,3,Divine Offering,Legends,181,Near Mint,English,0,0,0,0,0,0,0,Common,$0.25,$0.26
36,8,Divine Reckoning,Innistrad,48,Near Mint,English,0,0,0,0,0,0,0,Rare,$0.30,$0.29
7,7,Diving Griffin,Prophecy,3,Near Mint,English,0,0,0,0,0,0,0,Common,$0.10,$0.14
1,1,Divining Witch,Nemesis,85,Near Mint,English,0,0,0,0,0,0,0,Rare,$0.55,$0.53
5,5,Dizzying Gaze,Exodus,1,Near Mint,English,0,0,0,0,0,0,0,Common,$0.10,$0.14
9,8,Djinn of Wishes,Magic 2012,18,Near Mint,English,0,0,0,0,0,0,0,Rare,$0.30,$0.25
2,2,Do or Die,Invasion,83,Near Mint,English,0,0,0,0,0,0,0,Rare,$1.75,$1.88
7,7,Dodecapod,Apocalypse,17,Near Mint,English,0,0,0,0,0,0,0,Uncommon,$0.15,$0.18
25,8,Domestication,Magic 2014 Core Set,67,Near Mint,English,0,0,0,0,0,0,0,Rare,$0.30,$0.27
1,1,Dominaria's Judgment,Planeshift,75,Near Mint,English,0,0,0,0,0,0,0,Rare,$0.30,$0.31
7,7,Dominate,Nemesis,182,Near Mint,English,0,0,0,0,0,0,0,Uncommon,$0.25,$0.25
1,1,Donate,Urza's Destiny,174,Near Mint,English,0,0,0,0,0,0,0,Rare,$3.75,$3.76
35,8,Doomwake Giant,Journey into Nyx,59,Near Mint,English,0,0,0,0,0,0,0,Rare,$0.30,$0.34
7,7,Door of Destinies,Magic 2014 Core Set,220,Near Mint,English,0,0,0,0,0,0,0,Rare,$4.50,$4.34
6,6,Door to Nothingness,Magic 2013,93,Near Mint,English,0,0,0,0,0,0,0,Rare,$1.25,$1.24
8,8,Downhill Charge,Nemesis,215,Near Mint,English,0,0,0,0,0,0,0,Common,$0.10,$0.14
1,1,Draco,Planeshift,106,Near Mint,English,0,0,0,0,0,0,0,Rare,$1.75,$1.86
4,4,Draconian Cylix,Fallen Empires,191,Near Mint,English,0,0,0,0,0,0,0,Rare,$0.30,$0.30
1,1,Drafna's Restoration,Antiquities,253,Played,English,0,0,0,0,0,0,0,Common,$0.25,$0.30
7,7,Dragon Arch,Apocalypse,50,Near Mint,English,0,0,0,0,0,0,0,Uncommon,$1.75,$1.88
1,1,Dragon Broodmother,Alara Reborn,89,Near Mint,English,0,0,0,0,0,0,0,MythicRare,$14.00,$14.15
2,2,Dragon Engine,Revised Edition,191,Near Mint,English,0,0,0,0,0,0,0,Common,$0.30,$0.32
3,3,Dragon Engine,Antiquities,42,Near Mint,English,0,0,0,0,0,0,0,Rare,$0.15,$0.24
17,8,Dragon Tempest,Dragons of Tarkir,195,Near Mint,English,0,0,0,0,0,0,0,Rare,$1.00,$1.12
24,8,Dragon Throne of Tarkir,Khans of Tarkir,53,Near Mint,English,0,0,0,0,0,0,0,Rare,$0.30,$0.27
2,2,Dragon Whelp,Revised Edition,87,Near Mint,English,0,0,0,0,0,0,0,Uncommon,$0.15,$0.20
5,5,Dragon Whelp,Revised Edition,98,Good (Lightly Played),English,0,0,0,0,0,0,0,Uncommon,$0.15,$0.20
17,8,Dragon Whisperer,Dragons of Tarkir,75,Near Mint,English,0,0,0,0,0,0,0,MythicRare,$1.50,$1.51
24,8,Dragon-Style Twins,Khans of Tarkir,19,Near Mint,English,0,0,0,0,0,0,0,Rare,$0.30,$0.25
4,4,Dragonlord Atarka,Dragons of Tarkir,163,Near Mint,English,0,0,0,0,0,0,0,MythicRare,$8.50,$9.68
3,3,Dragonlord Dromoka,Dragons of Tarkir,218,Near Mint,English,0,0,0,0,0,0,0,MythicRare,$5.25,$5.87
7,7,Dragonlord Kolaghan,Dragons of Tarkir,134,Near Mint,English,0,0,0,0,0,0,0,MythicRare,$3.50,$4.08
7,7,Dragonlord Ojutai,Dragons of Tarkir,15,Near Mint,English,0,0,0,0,0,0,0,MythicRare,$6.75,$8.53
1,1,Dragonlord Silumgar,Dragons of Tarkir,317,Near Mint,English,0,0,0,0,0,0,0,MythicRare,$6.00,$6.62
22,8,Dragonlord's Prerogative,Dragons of Tarkir,26,Near Mint,English,0,0,0,0,0,0,0,Rare,$0.45,$0.41
23,8,Dragonmaster Outcast,Battle for Zendikar,74,Near Mint,English,0,0,0,0,0,0,0,MythicRare,$2.25,$2.39
13,8,Dragonscale General,Fate Reforged,6,Near Mint,English,0,0,0,0,0,0,0,Rare,$0.30,$0.33
39,8,Dragonshift,Dragon's Maze,241,Near Mint,English,0,0,0,0,0,0,0,Rare,$0.30,$0.27
1,1,Dragonskull Summit,Magic 2012,79,Near Mint,English,0,0,0,0,0,0,0,Rare,$2.50,$2.57
6,6,Dragonskull Summit,Magic 2013,79,Near Mint,English,0,0,0,0,0,0,0,Rare,$2.50,$2.57
1,1,Drain Life,Mirage,362,Good (Lightly Played),English,0,0,0,0,0,0,0,Common,$0.15,$0.16
4,4,Drain Life,Revised Edition,130,Near Mint,English,0,0,0,0,0,0,0,Common,$0.15,$0.16
3,3,Drain Power,Revised Edition,44,Good (Lightly Played),English,0,0,0,0,0,0,0,Rare,$0.65,$0.69
3,3,Drake Hatchling,Mercadian Masques,28,Near Mint,English,0,0,0,0,0,0,0,Common,$0.10,$0.14
2,2,Drake-Skull Cameo,Invasion,65,Near Mint,English,0,0,0,0,0,0,0,Uncommon,$0.15,$0.17
19,8,"Drana, Liberator of Malakir",Battle for Zendikar,303,Near Mint,English,0,0,0,0,0,0,0,Rare,$5.75,$5.92
29,8,Drana's Chosen,Oath of the Gatewatch,114,Near Mint,English,0,0,0,0,0,0,0,MythicRare,$0.30,$0.29
32,8,Dread Defiler,Oath of the Gatewatch,114,Near Mint,English,0,0,0,0,0,0,0,Rare,$0.30,$0.29
1,1,Dread of Night,Classic Sixth Edition,92,Near Mint,English,0,0,0,0,0,0,0,Uncommon,$0.50,$0.48
27,8,Dread Slaver,Avacyn Restored,114,Near Mint,English,0,0,0,0,0,0,0,Rare,$0.30,$0.28
40,8,Dreadbore,Return to Ravnica,158,Near Mint,English,0,0,0,0,0,0,0,Rare,$3.25,$3.39
1,1,Dream Cache,Classic Sixth Edition,8,Near Mint,English,0,0,0,0,0,0,0,Common,$0.15,$0.18
2,2,Dream Coat,Legends,240,Near Mint,English,0,0,0,0,0,0,0,Uncommon,$0.25,$0.39
1,1,Dream Fighter,Mirage,94,Near Mint,English,0,0,0,0,0,0,0,Common,$0.10,$0.14
1,1,Dream Prowler,Stronghold,121,Near Mint,English,0,0,0,0,0,0,0,Common,$0.15,$0.15
4,4,Dream Thrush,Invasion,95,Near Mint,English,0,0,0,0,0,0,0,Common,$0.10,$0.14
1,1,Dreams of the Dead,Ice Age,37,Near Mint,English,0,0,0,0,0,0,0,Uncommon,$0.15,$0.18
2,2,Dredge,Invasion,93,Near Mint,English,0,0,0,0,0,0,0,Uncommon,$0.15,$0.22
4,4,Drifting Meadow,Urza's Saga,130,Near Mint,English,0,0,0,0,0,0,0,Common,$0.15,$0.17
19,8,Drogskol Cavalry,Shadows over Innistrad,152,Near Mint,English,0,0,0,0,0,0,0,Rare,$0.30,$0.27
2,2,Drogskol Reaver,Dark Ascension,156,Near Mint,English,0,0,0,0,0,0,0,MythicRare,$2.00,$2.04
1,1,"Dromar, the Banisher",Invasion,56,Near Mint,English,0,0,0,0,0,0,0,Uncommon,$3.50,$3.62
3,3,Dromar's Cavern,Planeshift,207,Near Mint,English,0,0,0,0,0,0,0,Uncommon,$0.50,$0.48
4,4,Dromar's Charm,Planeshift,248,Near Mint,English,0,0,0,0,0,0,0,Rare,$0.25,$0.26
32,8,"Dromoka, the Eternal",Fate Reforged,141,Near Mint,English,0,0,0,0,0,0,0,Rare,$0.30,$0.38
18,8,Dromoka's Command,Dragons of Tarkir,75,Near Mint,English,0,0,0,0,0,0,0,Rare,$3.75,$4.17
2,2,Dromosaur,Urza's Saga,59,Near Mint,English,0,0,0,0,0,0,0,Common,$0.10,$0.14
5,5,Drowned,The Dark,235,Near Mint,English,0,0,0,0,0,0,0,Common,$0.10,$0.14
1,1,Drowned Catacomb,Magic 2013,252,Near Mint,English,0,0,0,0,0,0,0,Rare,$3.00,$3.11
7,7,Drowned Catacomb,Magic 2012,278,Near Mint,English,0,0,0,0,0,0,0,Rare,$3.00,$3.10
42,8,Drowner of Hope,Battle for Zendikar,195,Near Mint,English,0,0,0,0,0,0,0,Rare,$0.45,$0.43
22,8,Drownyard Temple,Shadows over Innistrad,140,Near Mint,English,0,0,0,0,0,0,0,Rare,$0.90,$0.96
1,1,Drudge Skeletons,Classic Sixth Edition,236,Good (Lightly Played),English,0,0,0,0,0,0,0,Common,$0.10,$0.14
2,2,Drudge Skeletons,Revised Edition,60,Near Mint,English,0,0,0,0,0,0,0,Common,$0.10,$0.14
3,3,Drudge Skeletons,Revised Edition,60,Near Mint,English,0,0,0,0,0,0,0,Common,$0.10,$0.14
9,8,Druidic Satchel,Magic 2012,196,Near Mint,English,0,0,0,0,0,0,0,Rare,$0.30,$0.27
33,8,Druids' Repository,Avacyn Restored,264,Near Mint,English,0,0,0,0,0,0,0,Rare,$0.30,$0.29
43,8,Dual Casting,Avacyn Restored,33,Near Mint,English,0,0,0,0,0,0,0,Rare,$0.45,$0.48
3,3,Dual Nature,Prophecy,209,Near Mint,English,0,0,0,0,0,0,0,Rare,$0.55,$0.54
1,1,Duct Crawler,Stronghold,36,Near Mint,English,0,0,0,0,0,0,0,Common,$0.15,$0.15
54,8,Duneblast,Khans of Tarkir,185,Near Mint,English,0,0,0,0,0,0,0,Rare,$0.30,$0.30
30,8,Dungeon Geists,Dark Ascension,200,Near Mint,English,0,0,0,0,0,0,0,Rare,$0.30,$0.28
3,3,Dungeon Shade,Stronghold,33,Near Mint,English,0,0,0,0,0,0,0,Common,$0.15,$0.15
2,2,Dungrove Elder,Magic 2012,128,Near Mint,English,0,0,0,0,0,0,0,Rare,$5.00,$5.08
1,1,Duress,Urza's Saga,121,Near Mint,English,0,0,0,0,0,0,0,Common,$0.50,$0.52
27,8,Duskmantle Seer,Gatecrash,217,Near Mint,English,0,0,0,0,0,0,0,MythicRare,$0.99,$0.70
2,2,Duskrider Falcon,Weatherlight,44,Near Mint,English,0,0,0,0,0,0,0,Common,$0.15,$0.15
4,4,Duskwalker,Invasion,243,Near Mint,English,0,0,0,0,0,0,0,Common,$0.10,$0.14
66,8,Dust Stalker,Battle for Zendikar,84,Near Mint,English,0,0,0,0,0,0,0,Rare,$0.30,$0.34
1,1,Dust to Dust,The Dark,244,Near Mint,English,0,0,0,0,0,0,0,Common,$0.15,$0.23
6,6,Dust to Dust,The Dark,244,Good (Lightly Played),English,0,0,0,0,0,0,0,Common,$0.15,$0.23
2,2,Dwarven Armorer,Fallen Empires,54,Near Mint,English,0,0,0,0,0,0,0,Rare,$0.30,$0.31
1,1,Dwarven Berserker,Weatherlight,143,Near Mint,English,0,0,0,0,0,0,0,Common,$0.10,$0.14
3,3,Dwarven Catapult,Fallen Empires,74,Near Mint,English,0,0,0,0,0,0,0,Uncommon,$0.15,$0.18
1,1,Dwarven Demolition Team,Unlimited Edition,41,Near Mint,English,0,0,0,0,0,0,0,Uncommon,$0.85,$0.91
2,2,Dwarven Hold,Fallen Empires,40,Near Mint,English,0,0,0,0,0,0,0,Rare,$0.65,$0.73
5,5,Dwarven Landslide,Apocalypse,229,Near Mint,English,0,0,0,0,0,0,0,Common,$0.10,$0.14
4,4,Dwarven Lieutenant,Fallen Empires,75,Near Mint,English,0,0,0,0,0,0,0,Uncommon,$0.15,$0.18
8,8,Dwarven Patrol,Apocalypse,107,Near Mint,English,0,0,0,0,0,0,0,Uncommon,$0.15,$0.17
4,4,Dwarven Ruins,Fallen Empires,148,Near Mint,English,0,0,0,0,0,0,0,Uncommon,$0.25,$0.26
5,5,Dwarven Soldier,Fallen Empires,234,Near Mint,English,0,0,0,0,0,0,0,Common,$0.10,$0.14
5,5,Dwarven Soldier,Fallen Empires,88,Near Mint,English,0,0,0,0,0,0,0,Common,$0.15,$0.16
9,8,Dwarven Soldier,Fallen Empires,115,Near Mint,English,0,0,0,0,0,0,0,Common,$0.15,$0.16
1,1,Dwarven Song,Legends,282,Good (Lightly Played),English,0,0,0,0,0,0,0,Uncommon,$0.50,$0.42
2,2,Dwarven Vigilantes,Visions,3,Near Mint,English,0,0,0,0,0,0,0,Common,$0.15,$0.15
4,4,Dwarven Warriors,Revised Edition,313,Near Mint,English,0,0,0,0,0,0,0,Common,$0.10,$0.14
21,8,"Dwynen, Gilt-Leaf Daen",Magic Origins,88,Near Mint,English,0,0,0,0,0,0,0,Rare,$0.90,$0.96
4,4,Earth Elemental,Revised Edition,11,Near Mint,English,0,0,0,0,0,0,0,Uncommon,$0.15,$0.15
5,5,Earthbind,Revised Edition,228,Near Mint,English,0,0,0,0,0,0,0,Common,$0.10,$0.14
12,8,Eater of Hope,Born of the Gods,115,Near Mint,English,0,0,0,0,0,0,0,Rare,$0.30,$0.28
1,1,Eater of the Dead,The Dark,23,Near Mint,English,0,0,0,0,0,0,0,Uncommon,$4.50,$5.00
1,1,Eater of the Dead,The Dark,89,Near Mint,English,0,0,0,0,0,0,0,Uncommon,$4.50,$5.00
1,1,Ebon Praetor,Fallen Empires,74,Near Mint,English,0,0,0,0,0,0,0,Rare,$0.30,$0.31
2,2,Ebon Praetor,Fallen Empires,69,Played,English,0,0,0,0,0,0,0,Rare,$0.30,$0.31
3,3,Ebon Stronghold,Fallen Empires,210,Near Mint,English,0,0,0,0,0,0,0,Uncommon,$0.25,$0.26
1,1,Ebony Charm,Mirage,53,Near Mint,English,0,0,0,0,0,0,0,Common,$0.15,$0.15
3,3,Ebony Horse,Revised Edition,21,Good (Lightly Played),English,0,0,0,0,0,0,0,Rare,$0.30,$0.30
7,7,Ebony Treefolk,Apocalypse,213,Near Mint,English,0,0,0,0,0,0,0,Uncommon,$0.15,$0.21
11,8,Eerie Interlude,Shadows over Innistrad,157,Near Mint,English,0,0,0,0,0,0,0,Rare,$0.65,$0.74
11,8,Eidolon of Blossoms,Journey into Nyx,200,Near Mint,English,0,0,0,0,0,0,0,Rare,$0.45,$0.49
19,8,Eidolon of Countless Battles,Born of the Gods,224,Near Mint,English,0,0,0,0,0,0,0,Rare,$0.65,$0.65
7,7,Eidolon of the Great Revel,Journey into Nyx,255,Near Mint,English,0,0,0,0,0,0,0,Rare,$8.75,$9.03
1,1,Ekundu Griffin,Classic Sixth Edition,1,Near Mint,English,0,0,0,0,0,0,0,Common,$0.10,$0.14
2,2,Ekundu Griffin,Mirage,104,Near Mint,English,0,0,0,0,0,0,0,Common,$0.10,$0.14
1,1,El-Hajjâj,Revised Edition,205,Near Mint,English,0,0,0,0,0,0,0,Rare,$0.30,$0.25
1,1,"Eladamri, Lord of Leaves",Tempest,281,Near Mint,English,0,0,0,0,0,0,0,Rare,$11.00,$11.36
1,1,Eladamri's Call,Planeshift,86,Near Mint,English,0,0,0,0,0,0,0,Rare,$8.00,$8.10
43,8,Elder of Laurels,Innistrad,321,Near Mint,English,0,0,0,0,0,0,0,Rare,$0.30,$0.27
1,1,Elder Spawn,Legends,117,Good (Lightly Played),English,0,0,0,0,0,0,0,Rare,$1.62,$2.16
8,8,Elderscale Wurm,Magic 2013,18,Near Mint,English,0,0,0,0,0,0,0,MythicRare,$2.25,$2.34
3,3,Eldrazi Displacer,Oath of the Gatewatch,109,Near Mint,English,0,0,0,0,0,0,0,Rare,$4.50,$4.84
25,8,Eldrazi Mimic,Oath of the Gatewatch,123,Near Mint,English,0,0,0,0,0,0,0,Rare,$0.75,$1.14
35,8,Eldrazi Obligator,Oath of the Gatewatch,29,Near Mint,English,0,0,0,0,0,0,0,Rare,$0.55,$0.54
2,2,Electric Eel,The Dark,201,Near Mint,English,0,0,0,0,0,0,0,Uncommon,$0.15,$0.18
1,1,Elemental Augury,Ice Age,15,Near Mint,English,0,0,0,0,0,0,0,Rare,$0.30,$0.33
1,1,"Elesh Norn, Grand Cenobite",Modern Masters 2015 Edition,84,Near Mint,English,0,0,0,0,0,0,0,MythicRare,$17.75,$18.26
2,2,"Elesh Norn, Grand Cenobite",New Phyrexia,85,Near Mint,English,0,0,0,0,0,0,0,MythicRare,$18.00,$17.69
3,3,Elfhame Palace,Invasion,282,Near Mint,English,0,0,0,0,0,0,0,Uncommon,$0.25,$0.25
1,1,Elfhame Sanctuary,Invasion,337,Near Mint,English,0,0,0,0,0,0,0,Uncommon,$0.25,$0.32
19,8,Elite Arcanist,Magic 2014 Core Set,68,Near Mint,English,0,0,0,0,0,0,0,Rare,$0.45,$0.42
34,8,Elite Inquisitor,Innistrad,177,Near Mint,English,0,0,0,0,0,0,0,Rare,$0.30,$0.39
1,1,Elite Javelineer,Tempest,2,Near Mint,English,0,0,0,0,0,0,0,Common,$0.10,$0.14
3,3,Elspeth Tirel,Scars of Mirrodin,181,Near Mint,English,0,0,0,0,0,0,0,MythicRare,$10.25,$10.62
1,1,"Elspeth, Knight-Errant",Shards of Alara,215,Near Mint,English,0,0,0,0,0,0,0,MythicRare,$14.00,$14.63
2,2,"Elspeth, Knight-Errant",Modern Event Deck 2014,127,Near Mint,English,0,0,0,0,0,0,0,MythicRare,$0.00,$12.71
12,8,Elusive Tormentor,Shadows over Innistrad,180,Near Mint,English,0,0,0,0,0,0,0,Rare,$0.30,$0.35
4,4,Elven Fortress,Fallen Empires,3,Near Mint,English,0,0,0,0,0,0,0,Common,$0.10,$0.14
4,4,Elven Fortress,Fallen Empires,214,Near Mint,English,0,0,0,0,0,0,0,Common,$0.15,$0.17
6,6,Elven Fortress,Fallen Empires,272,Near Mint,English,0,0,0,0,0,0,0,Common,$0.15,$0.17
8,8,Elven Fortress,Fallen Empires,244,Near Mint,English,0,0,0,0,0,0,0,Common,$0.15,$0.17
4,4,Elven Lyre,Fallen Empires,68,Near Mint,English,0,0,0,0,0,0,0,Rare,$0.30,$0.31
1,1,Elven Palisade,Exodus,228,Near Mint,English,0,0,0,0,0,0,0,Uncommon,$0.15,$0.17
1,1,Elves of Deep Shadow,The Dark,117,Good (Lightly Played),English,0,0,0,0,0,0,0,Uncommon,$1.16,$1.32
1,1,Elvish Archdruid,Magic 2012,206,Near Mint,English,0,0,0,0,0,0,0,Rare,$2.25,$2.37
7,7,Elvish Archdruid,Magic 2013,213,Near Mint,English,0,0,0,0,0,0,0,Rare,$2.50,$2.43
2,2,Elvish Berserker,Exodus,12,Near Mint,English,0,0,0,0,0,0,0,Common,$0.15,$0.15
1,1,Elvish Champion,Invasion,109,Near Mint,English,0,0,0,0,0,0,0,Rare,$4.50,$4.41
4,4,Elvish Farmer,Fallen Empires,19,Near Mint,English,0,0,0,0,0,0,0,Rare,$0.90,$0.90
2,2,Elvish Healer,Ice Age,4,Near Mint,English,0,0,0,0,0,0,0,Common,$0.10,$0.14
1,1,Elvish Herder,Urza's Saga,18,Near Mint,English,0,0,0,0,0,0,0,Common,$0.15,$0.20
4,4,Elvish Hunter,Fallen Empires,141,Near Mint,English,0,0,0,0,0,0,0,Common,$0.15,$0.18
4,4,Elvish Hunter,Fallen Empires,141,Near Mint,English,0,0,0,0,0,0,0,Common,$0.15,$0.15
6,6,Elvish Hunter,Fallen Empires,14,Near Mint,English,0,0,0,0,0,0,0,Common,$0.15,$0.18
1,1,Elvish Lyrist,Urza's Saga,50,Near Mint,English,0,0,0,0,0,0,0,Common,$0.15,$0.16
3,3,Elvish Scout,Fallen Empires,51,Near Mint,English,0,0,0,0,0,0,0,Common,$0.15,$0.18
4,4,Elvish Scout,Fallen Empires,55,Near Mint,English,0,0,0,0,0,0,0,Common,$0.15,$0.18
6,6,Elvish Scout,Fallen Empires,37,Near Mint,English,0,0,0,0,0,0,0,Common,$0.15,$0.19
1,1,Embargo,Mercadian Masques,31,Near Mint,English,0,0,0,0,0,0,0,Rare,$0.30,$0.37
43,8,Ember Swallower,Theros,245,Near Mint,English,0,0,0,0,0,0,0,Rare,$0.15,$0.23
34,8,Embermaw Hellion,Magic Origins,39,Near Mint,English,0,0,0,0,0,0,0,Rare,$0.30,$0.34
7,7,Emblazoned Golem,Apocalypse,334,Near Mint,English,0,0,0,0,0,0,0,Uncommon,$0.15,$0.17
1,1,Emerald Charm,Visions,69,Near Mint,English,0,0,0,0,0,0,0,Common,$0.15,$0.17
1,1,Emerald Dragonfly,Legends,7,Good (Lightly Played),English,0,0,0,0,0,0,0,Common,$0.15,$0.18
3,3,Emerald Dragonfly,Legends,24,Played,English,0,0,0,0,0,0,0,Common,$0.15,$0.18
31,8,Emeria Shepherd,Battle for Zendikar,68,Near Mint,English,0,0,0,0,0,0,0,Rare,$0.30,$0.31
45,8,Emmara Tandris,Dragon's Maze,44,Near Mint,English,0,0,0,0,0,0,0,Rare,$0.45,$0.41
2,2,Empress Galina,Invasion,76,Near Mint,English,0,0,0,0,0,0,0,Rare,$3.75,$3.66
27,8,Empty the Pits,Khans of Tarkir,53,Near Mint,English,0,0,0,0,0,0,0,MythicRare,$0.99,$0.73
2,2,"Emrakul, the Aeons Torn",Modern Masters 2015 Edition,81,Near Mint,English,0,0,0,0,0,0,0,MythicRare,$33.75,$34.68
72,8,End Hostilities,Khans of Tarkir,76,Near Mint,English,0,0,0,0,0,0,0,Rare,$0.45,$0.42
1,1,Endangered Armodon,Stronghold,5,Near Mint,English,0,0,0,0,0,0,0,Common,$0.10,$0.14
32,8,Endbringer,Oath of the Gatewatch,76,Near Mint,English,0,0,0,0,0,0,0,Rare,$0.45,$0.47
43,8,Endless One,Battle for Zendikar,117,Near Mint,English,0,0,0,0,0,0,0,Rare,$1.00,$1.12
1,1,Endless Ranks of the Dead,Innistrad,110,Near Mint,English,0,0,0,0,0,0,0,Rare,$4.75,$4.64
2,2,Endoskeleton,Urza's Saga,18,Near Mint,English,0,0,0,0,0,0,0,Uncommon,$0.15,$0.18
1,1,Energy Flux,Mercadian Masques,178,Near Mint,English,0,0,0,0,0,0,0,Uncommon,$0.15,$0.24
2,2,Energy Flux,Revised Edition,8,Near Mint,English,0,0,0,0,0,0,0,Uncommon,$0.15,$0.21
2,2,Energy Tap,Legends,178,Good (Lightly Played),English,0,0,0,0,0,0,0,Common,$0.15,$0.21
6,6,Enervate,Ice Age,156,Near Mint,English,0,0,0,0,0,0,0,Common,$0.10,$0.14
2,2,Enfeeblement,Mirage,172,Near Mint,English,0,0,0,0,0,0,0,Common,$0.10,$0.14
2,2,Engineered Plague,Urza's Legacy,119,Near Mint,English,0,0,0,0,0,0,0,Uncommon,$0.50,$0.46
10,8,Engulf the Shore,Shadows over Innistrad,258,Near Mint,English,0,0,0,0,0,0,0,Rare,$1.25,$1.29
1,1,Enlightened Tutor,Classic Sixth Edition,85,Near Mint,English,0,0,0,0,0,0,0,Uncommon,$12.75,$13.55
4,4,Enlightened Tutor,Mirage,167,Near Mint,English,0,0,0,0,0,0,0,Uncommon,$12.00,$12.52
7,7,Enlistment Officer,Apocalypse,215,Near Mint,English,0,0,0,0,0,0,0,Uncommon,$0.15,$0.20
1,1,Enslaved Horror,Mercadian Masques,10,Near Mint,English,0,0,0,0,0,0,0,Uncommon,$0.15,$0.18
4,4,Ensnare,Nemesis,6,Near Mint,English,0,0,0,0,0,0,0,Uncommon,$0.15,$0.22
1,1,Ensnaring Bridge,Stronghold,50,Near Mint,English,0,0,0,0,0,0,0,Rare,$41.00,$42.80
2,2,Entangler,Prophecy,34,Near Mint,English,0,0,0,0,0,0,0,Uncommon,$0.35,$0.52
26,8,Enter the Infinite,Gatecrash,20,Near Mint,English,0,0,0,0,0,0,0,MythicRare,$1.25,$1.40
1,1,Entomb,Eternal Masters,90,Near Mint,English,0,0,0,0,0,0,0,Rare,$15.25,$15.87
1,1,Entropic Specter,Exodus,75,Near Mint,English,0,0,0,0,0,0,0,Rare,$0.30,$0.31
26,8,"Ephara, God of the Polis",Born of the Gods,82,Near Mint,English,0,0,0,0,0,0,0,MythicRare,$1.75,$1.94
16,8,Epic Experiment,Return to Ravnica,43,Near Mint,English,0,0,0,0,0,0,0,MythicRare,$0.99,$0.84
27,8,Epiphany at the Drownyard,Shadows over Innistrad,126,Near Mint,English,0,0,0,0,0,0,0,Rare,$0.45,$0.48
1,1,Equinox,Legends,326,Good (Lightly Played),English,0,0,0,0,0,0,0,Common,$0.25,$0.31
1,1,Equipoise,Visions,191,Near Mint,English,0,0,0,0,0,0,0,Rare,$0.65,$0.60
1,1,Erase,Urza's Legacy,57,Near Mint,English,0,0,0,0,0,0,0,Common,$0.15,$0.16
20,8,"Erebos, God of the Dead",Theros,83,Near Mint,English,0,0,0,0,0,0,0,MythicRare,$7.00,$7.37
16,8,Erebos's Titan,Magic Origins,79,Near Mint,English,0,0,0,0,0,0,0,MythicRare,$1.00,$1.19
4,4,Erg Raiders,Revised Edition,126,Near Mint,English,0,0,0,0,0,0,0,Common,$0.10,$0.14
5,5,Erosion,The Dark,87,Near Mint,English,0,0,0,0,0,0,0,Common,$0.10,$0.14
2,2,Errant Minion,Ice Age,4,Near Mint,English,0,0,0,0,0,0,0,Common,$0.10,$0.14
1,1,Errantry,Ice Age,87,Near Mint,English,0,0,0,0,0,0,0,Common,$0.10,$0.14
1,1,Erratic Portal,Exodus,67,Near Mint,English,0,0,0,0,0,0,0,Rare,$1.50,$1.44
3,3,Ertai's Trickery,Planeshift,81,Near Mint,English,0,0,0,0,0,0,0,Uncommon,$0.15,$0.18
6,6,Escape Routes,Planeshift,51,Near Mint,English,0,0,0,0,0,0,0,Common,$0.15,$0.15
1,1,Essence Filter,Ice Age,231,Near Mint,English,0,0,0,0,0,0,0,Common,$0.10,$0.14
1,1,Essence Flare,Ice Age,45,Near Mint,English,0,0,0,0,0,0,0,Common,$0.10,$0.13
1,1,Essence Leak,Invasion,102,Near Mint,English,0,0,0,0,0,0,0,Uncommon,$0.15,$0.18
33,8,Essence of the Wild,Innistrad,99,Near Mint,English,0,0,0,0,0,0,0,MythicRare,$0.99,$0.74
3,3,Etched Champion,Scars of Mirrodin,56,Near Mint,English,0,0,0,0,0,0,0,Rare,$3.50,$3.35
1,1,Etched Monstrosity,New Phyrexia,245,Near Mint,English,0,0,0,0,0,0,0,MythicRare,$0.99,$0.79
4,4,Eternal Flame,The Dark,310,Good (Lightly Played),English,0,0,0,0,0,0,0,Rare,$0.45,$0.42
2,2,Eternal Warrior,Legends,117,Good (Lightly Played),English,0,0,0,0,0,0,0,Uncommon,$0.25,$0.39
7,7,Evasive Action,Apocalypse,134,Near Mint,English,0,0,0,0,0,0,0,Uncommon,$0.15,$0.18
12,8,Ever After,Shadows over Innistrad,160,Near Mint,English,0,0,0,0,0,0,0,Rare,$0.75,$0.76
1,1,Everglades,Visions,148,Near Mint,English,0,0,0,0,0,0,0,Uncommon,$0.25,$0.28
1,1,Evil Presence,Revised Edition,53,Good (Lightly Played),English,0,0,0,0,0,0,0,Uncommon,$0.15,$0.19
1,1,Evil Presence,Revised Edition,4,Near Mint,English,0,0,0,0,0,0,0,Uncommon,$0.15,$0.19
31,8,Evil Twin,Innistrad,18,Near Mint,English,0,0,0,0,0,0,0,Rare,$0.55,$0.55
1,1,Evincar's Justice,Tempest,31,Near Mint,English,0,0,0,0,0,0,0,Common,$0.15,$0.22
46,8,Evolutionary Leap,Magic Origins,158,Near Mint,English,0,0,0,0,0,0,0,Rare,$1.00,$1.09
1,1,Exalted Dragon,Exodus,47,Near Mint,English,0,0,0,0,0,0,0,Rare,$0.30,$0.34
32,8,"Exava, Rakdos Blood Witch",Dragon's Maze,48,Near Mint,English,0,0,0,0,0,0,0,Rare,$0.30,$0.39
1,1,Excavation,Prophecy,31,Near Mint,English,0,0,0,0,0,0,0,Uncommon,$0.15,$0.20
4,4,Excise,Prophecy,45,Near Mint,English,0,0,0,0,0,0,0,Common,$0.10,$0.14
4,4,Exclude,Invasion,66,Near Mint,English,0,0,0,0,0,0,0,Common,$0.15,$0.24
51,8,Exert Influence,Battle for Zendikar,49,Near Mint,English,0,0,0,0,0,0,0,Rare,$0.30,$0.28
2,2,Exhume,Urza's Saga,168,Near Mint,English,0,0,0,0,0,0,0,Common,$1.00,$1.02
1,1,Exorcist,The Dark,247,Good (Lightly Played),English,0,0,0,0,0,0,0,Rare,$1.16,$1.24
4,4,Exotic Curse,Invasion,96,Near Mint,English,0,0,0,0,0,0,0,Common,$0.10,$0.14
1,1,Exotic Disease,Planeshift,208,Near Mint,English,0,0,0,0,0,0,0,Uncommon,$0.15,$0.18
3,3,Expendable Troops,Urza's Legacy,203,Near Mint,English,0,0,0,0,0,0,0,Common,$0.15,$0.15
4,4,Explosive Growth,Invasion,96,Near Mint,English,0,0,0,0,0,0,0,Common,$0.10,$0.14
1,1,Expunge,Urza's Saga,40,Near Mint,English,0,0,0,0,0,0,0,Common,$0.10,$0.14
1,1,Exquisite Blood,Avacyn Restored,106,Near Mint,English,0,0,0,0,0,0,0,Rare,$10.75,$11.12
20,8,Exquisite Firecraft,Magic Origins,210,Near Mint,English,0,0,0,0,0,0,0,Rare,$2.25,$2.32
5,5,Extinguish All Hope,Journey into Nyx,50,Near Mint,English,0,0,0,0,0,0,0,Rare,$0.30,$0.25
2,2,Extortion,Mercadian Masques,25,Near Mint,English,0,0,0,0,0,0,0,Rare,$0.30,$0.30
1,1,Extraplanar Lens,Mirrodin,166,Near Mint,English,0,0,0,0,0,0,0,Rare,$11.69,$13.67
4,4,Extraplanar Lens,Mirrodin,25,Played,English,0,0,0,0,0,0,0,Rare,$13.75,$13.67
2,2,Eye of Ugin,Worldwake,18,Near Mint,English,0,0,0,0,0,0,0,Rare,$11.75,$12.31
6,6,Eye of Ugin,Modern Masters 2015 Edition,101,Near Mint,English,0,0,0,0,0,0,0,MythicRare,$10.50,$10.66
5,5,Ezuri's Brigade,Scars of Mirrodin,31,Near Mint,English,0,0,0,0,0,0,0,Rare,$0.30,$0.26
30,8,Fabled Hero,Theros,202,Near Mint,English,0,0,0,0,0,0,0,Rare,$0.45,$0.48
1,1,Fact or Fiction,Invasion,169,Near Mint,English,0,0,0,0,0,0,0,Uncommon,$1.00,$1.06
4,4,Fade Away,Exodus,79,Near Mint,English,0,0,0,0,0,0,0,Common,$0.15,$0.21
2,2,Faerie Conclave,Urza's Legacy,152,Near Mint,English,0,0,0,0,0,0,0,Uncommon,$1.50,$1.39
4,4,Faerie Squadron,Invasion,51,Near Mint,English,0,0,0,0,0,0,0,Common,$0.10,$0.14
1,1,Faith Healer,Urza's Saga,207,Near Mint,English,0,0,0,0,0,0,0,Rare,$0.45,$0.41
20,8,Faith's Reward,Magic 2013,211,Near Mint,English,0,0,0,0,0,0,0,Rare,$0.90,$0.95
13,8,Falkenrath Aristocrat,Dark Ascension,49,Near Mint,English,0,0,0,0,0,0,0,MythicRare,$3.00,$3.11
9,8,Falkenrath Gorger,Shadows over Innistrad,194,Near Mint,English,0,0,0,0,0,0,0,Rare,$1.25,$1.25
42,8,Falkenrath Marauders,Innistrad,212,Near Mint,English,0,0,0,0,0,0,0,Rare,$0.30,$0.34
18,8,Fall of the Titans,Oath of the Gatewatch,118,Near Mint,English,0,0,0,0,0,0,0,Rare,$0.65,$0.66
1,1,Fallen Angel,Classic Sixth Edition,69,Near Mint,English,0,0,0,0,0,0,0,Rare,$0.45,$0.44
3,3,Fallen Askari,Visions,131,Near Mint,English,0,0,0,0,0,0,0,Common,$0.15,$0.15
7,7,Falling Timber,Planeshift,110,Near Mint,English,0,0,0,0,0,0,0,Common,$0.10,$0.14
1,1,Fallow Earth,Mirage,171,Near Mint,English,0,0,0,0,0,0,0,Uncommon,$0.15,$0.18
2,2,False Demise,Mercadian Masques,52,Near Mint,English,0,0,0,0,0,0,0,Uncommon,$0.15,$0.22
1,1,False Orders,Unlimited Edition,191,Good (Lightly Played),English,0,0,0,0,0,0,0,Common,$0.25,$0.33
1,1,False Orders,Unlimited Edition,192,Played,English,0,0,0,0,0,0,0,Common,$0.25,$0.33
3,3,False Orders,Unlimited Edition,64,Near Mint,English,0,0,0,0,0,0,0,Common,$0.25,$0.33
2,2,Falter,Urza's Saga,135,Near Mint,English,0,0,0,0,0,0,0,Common,$0.15,$0.15
4,4,Fanatical Devotion,Nemesis,53,Near Mint,English,0,0,0,0,0,0,0,Common,$0.15,$0.15
2,2,Farrel's Mantle,Fallen Empires,14,Near Mint,English,0,0,0,0,0,0,0,Uncommon,$0.15,$0.18
5,5,Farrel's Zealot,Fallen Empires,86,Near Mint,English,0,0,0,0,0,0,0,Common,$0.10,$0.14
5,5,Farrel's Zealot,Fallen Empires,246,Near Mint,English,0,0,0,0,0,0,0,Common,$0.15,$0.17
5,5,Farrel's Zealot,Fallen Empires,136,Near Mint,English,0,0,0,0,0,0,0,Common,$0.15,$0.17
6,6,Farrelite Priest,Fallen Empires,219,Near Mint,English,0,0,0,0,0,0,0,Uncommon,$0.15,$0.18
1,1,Fastbond,Unlimited Edition,102,Near Mint,English,0,0,0,0,0,0,0,Rare,$21.75,$21.30
2,2,Fastbond,Revised Edition,65,Near Mint,English,0,0,0,0,0,0,0,Rare,$4.25,$4.26
3,3,Fasting,The Dark,142,Near Mint,English,0,0,0,0,0,0,0,Uncommon,$0.15,$0.21
1,1,Fatal Blow,Weatherlight,99,Near Mint,English,0,0,0,0,0,0,0,Common,$0.10,$0.14
1,1,Fatal Blow,Classic Sixth Edition,142,Near Mint,English,0,0,0,0,0,0,0,Common,$0.15,$0.16
18,8,Fate Unraveler,Born of the Gods,204,Near Mint,English,0,0,0,0,0,0,0,Rare,$0.30,$0.30
15,8,Fated Conflagration,Born of the Gods,137,Near Mint,English,0,0,0,0,0,0,0,Rare,$0.15,$0.23
17,8,Fated Infatuation,Born of the Gods,135,Near Mint,English,0,0,0,0,0,0,0,Rare,$0.30,$0.33
22,8,Fated Intervention,Born of the Gods,108,Near Mint,English,0,0,0,0,0,0,0,Rare,$0.15,$0.24
34,8,Fated Retribution,Born of the Gods,62,Near Mint,English,0,0,0,0,0,0,0,Rare,$0.30,$0.26
17,8,Fated Return,Born of the Gods,63,Near Mint,English,0,0,0,0,0,0,0,Rare,$0.30,$0.27
57,8,Fathom Feeder,Battle for Zendikar,69,Near Mint,English,0,0,0,0,0,0,0,Rare,$0.45,$0.49
44,8,Fathom Mage,Gatecrash,208,Near Mint,English,0,0,0,0,0,0,0,Rare,$0.45,$0.44
1,1,Fault Line,Urza's Saga,133,Near Mint,English,0,0,0,0,0,0,0,Rare,$0.90,$0.85
3,3,Fault Riders,Prophecy,2,Near Mint,English,0,0,0,0,0,0,0,Common,$0.10,$0.14
6,6,Fauna Shaman,Magic 2011,319,Near Mint,English,0,0,0,0,0,0,0,Rare,$11.25,$11.68
1,1,Favorable Destiny,Mirage,216,Near Mint,English,0,0,0,0,0,0,0,Uncommon,$0.15,$0.21
1,1,Fear,Ice Age,1,Near Mint,English,0,0,0,0,0,0,0,Common,$0.10,$0.14
5,5,Fear,Revised Edition,187,Near Mint,English,0,0,0,0,0,0,0,Common,$0.10,$0.13
35,8,Feed the Pack,Dark Ascension,140,Near Mint,English,0,0,0,0,0,0,0,Rare,$0.30,$0.35
1,1,Feedback,Revised Edition,217,Near Mint,English,0,0,0,0,0,0,0,Uncommon,$0.15,$0.18
2,2,Feedback,Unlimited Edition,269,Near Mint,English,0,0,0,0,0,0,0,Uncommon,$0.35,$0.52
1,1,Feldon's Cane,Antiquities,75,Heavily Played,English,0,0,0,0,0,0,0,Uncommon,$1.85,$2.53
15,8,Felhide Spiritbinder,Born of the Gods,202,Near Mint,English,0,0,0,0,0,0,0,Rare,$0.30,$0.25
43,8,Felidar Sovereign,Battle for Zendikar,155,Near Mint,English,0,0,0,0,0,0,0,Rare,$0.55,$0.56
3,3,Fellwar Stone,The Dark,81,Good (Lightly Played),English,0,0,0,0,0,0,0,Uncommon,$4.39,$4.87
1,1,Femeref Healer,Mirage,188,Near Mint,English,0,0,0,0,0,0,0,Common,$0.10,$0.14
1,1,Femeref Knight,Mirage,3,Near Mint,English,0,0,0,0,0,0,0,Common,$0.10,$0.14
4,4,Fen Stalker,Prophecy,5,Near Mint,English,0,0,0,0,0,0,0,Common,$0.10,$0.14
1,1,Feral Instinct,Visions,218,Near Mint,English,0,0,0,0,0,0,0,Common,$0.15,$0.15
4,4,Feral Thallid,Fallen Empires,219,Near Mint,English,0,0,0,0,0,0,0,Uncommon,$0.15,$0.21
4,4,Ferocity,Mercadian Masques,295,Near Mint,English,0,0,0,0,0,0,0,Common,$0.10,$0.14
2,2,Fertile Ground,Urza's Saga,220,Near Mint,English,0,0,0,0,0,0,0,Common,$0.15,$0.18
4,4,Fertile Ground,Invasion,52,Near Mint,English,0,0,0,0,0,0,0,Common,$0.15,$0.18
37,8,Fervor,Magic 2013,27,Near Mint,English,0,0,0,0,0,0,0,Rare,$0.45,$0.47
1,1,Festering Evil,Weatherlight,144,Near Mint,English,0,0,0,0,0,0,0,Uncommon,$0.15,$0.21
2,2,Festival,The Dark,11,Good (Lightly Played),English,0,0,0,0,0,0,0,Common,$0.15,$0.15
5,5,Festival,The Dark,66,Near Mint,English,0,0,0,0,0,0,0,Common,$0.15,$0.15
1,1,Fetid Horror,Mirage,173,Near Mint,English,0,0,0,0,0,0,0,Common,$0.10,$0.14
20,8,Fevered Visions,Shadows over Innistrad,211,Near Mint,English,0,0,0,0,0,0,0,Rare,$0.75,$1.02
2,2,Fickle Efreet,Prophecy,146,Near Mint,English,0,0,0,0,0,0,0,Rare,$0.30,$0.33
1,1,Field of Dreams,Legends,124,Good (Lightly Played),English,0,0,0,0,0,0,0,Rare,$30.06,$34.09
34,8,Fiend of the Shadows,Dark Ascension,198,Near Mint,English,0,0,0,0,0,0,0,Rare,$0.30,$0.27
5,5,Fiendslayer Paladin,Magic 2014 Core Set,23,Near Mint,English,0,0,0,0,0,0,0,Rare,$2.25,$2.21
1,1,Fiery Justice,Ice Age,20,Near Mint,English,0,0,0,0,0,0,0,Rare,$0.30,$0.32
1,1,Fiery Mantle,Urza's Saga,142,Near Mint,English,0,0,0,0,0,0,0,Common,$0.10,$0.14
1,1,Fight or Flight,Invasion,165,Near Mint,English,0,0,0,0,0,0,0,Rare,$0.30,$0.32
1,1,Final Fortune,Mirage,161,Near Mint,English,0,0,0,0,0,0,0,Rare,$1.00,$1.03
7,7,Fire // Ice,Apocalypse,29,Near Mint,English,0,0,0,0,0,0,0,Uncommon,$0.50,$0.47
4,4,Fire and Brimstone,The Dark,225,Near Mint,English,0,0,0,0,0,0,0,Uncommon,$0.15,$0.19
1,1,Fire Diamond,Classic Sixth Edition,79,Near Mint,English,0,0,0,0,0,0,0,Uncommon,$0.25,$0.28
2,2,Fire Drake,The Dark,222,Near Mint,English,0,0,0,0,0,0,0,Uncommon,$0.15,$0.20
3,3,Fire Elemental,Revised Edition,14,Near Mint,English,0,0,0,0,0,0,0,Uncommon,$0.15,$0.18
4,4,Fire Whip,Weatherlight,16,Near Mint,English,0,0,0,0,0,0,0,Common,$0.15,$0.18
1,1,Fireball,Revised Edition,56,Good (Lightly Played),English,0,0,0,0,0,0,0,Common,$0.15,$0.15
8,8,Fireball,Revised Edition,76,Near Mint,English,0,0,0,0,0,0,0,Common,$0.15,$0.15
1,1,Fireblast,Visions,223,Near Mint,English,0,0,0,0,0,0,0,Common,$0.75,$0.97
1,1,Firebrand Ranger,Invasion,302,Near Mint,English,0,0,0,0,0,0,0,Uncommon,$0.15,$0.18
1,1,Firebreathing,Mirage,99,Near Mint,English,0,0,0,0,0,0,0,Common,$0.10,$0.14
1,1,Firebreathing,Classic Sixth Edition,4,Near Mint,English,0,0,0,0,0,0,0,Common,$0.10,$0.14
10,8,Firebreathing,Revised Edition,157,Near Mint,English,0,0,0,0,0,0,0,Common,$0.10,$0.13
23,8,Firedrinker Satyr,Theros,23,Near Mint,English,0,0,0,0,0,0,0,Rare,$0.30,$0.38
34,8,Firemane Avenger,Gatecrash,216,Near Mint,English,0,0,0,0,0,0,0,Rare,$0.45,$0.44
72,8,Firemind's Foresight,Return to Ravnica,265,Near Mint,English,0,0,0,0,0,0,0,Rare,$0.30,$0.28
5,5,Fires of Yavimaya,Invasion,149,Near Mint,English,0,0,0,0,0,0,0,Uncommon,$0.25,$0.31
4,4,Firescreamer,Invasion,213,Near Mint,English,0,0,0,0,0,0,0,Common,$0.10,$0.14
1,1,Firestorm,Weatherlight,93,Near Mint,English,0,0,0,0,0,0,0,Rare,$11.25,$11.58
20,8,Firewing Phoenix,Magic 2013,175,Near Mint,English,0,0,0,0,0,0,0,Rare,$0.30,$0.31
2,2,Fissure,The Dark,109,Near Mint,English,0,0,0,0,0,0,0,Common,$0.15,$0.16
8,8,Fissure,The Dark,84,Good (Lightly Played),English,0,0,0,0,0,0,0,Common,$0.15,$0.16
1,1,Fit of Rage,Classic Sixth Edition,146,Near Mint,English,0,0,0,0,0,0,0,Common,$0.10,$0.14
2,2,Fit of Rage,Weatherlight,149,Near Mint,English,0,0,0,0,0,0,0,Common,$0.10,$0.14
52,8,Five-Alarm Fire,Gatecrash,68,Near Mint,English,0,0,0,0,0,0,0,Rare,$0.15,$0.24
2,2,Flailing Manticore,Mercadian Masques,156,Near Mint,English,0,0,0,0,0,0,0,Rare,$0.30,$0.30
2,2,Flailing Soldier,Mercadian Masques,138,Near Mint,English,0,0,0,0,0,0,0,Common,$0.10,$0.14
4,4,Flame Rift,Nemesis,228,Near Mint,English,0,0,0,0,0,0,0,Common,$0.50,$0.56
1,1,Flame Spirit,Classic Sixth Edition,1,Near Mint,English,0,0,0,0,0,0,0,Uncommon,$0.10,$0.14
2,2,Flame Spirit,Ice Age,122,Near Mint,English,0,0,0,0,0,0,0,Common,$0.15,$0.17
7,7,Flame-Wreathed Phoenix,Born of the Gods,70,Near Mint,English,0,0,0,0,0,0,0,MythicRare,$0.99,$0.77
11,8,Flameblade Angel,Shadows over Innistrad,279,Near Mint,English,0,0,0,0,0,0,0,Rare,$0.30,$0.30
2,2,Flameblast Dragon,Magic 2012,116,Near Mint,English,0,0,0,0,0,0,0,Rare,$0.55,$0.57
35,8,Flamerush Rider,Fate Reforged,32,Near Mint,English,0,0,0,0,0,0,0,Rare,$0.30,$0.31
16,8,Flameshadow Conjuring,Magic Origins,42,Near Mint,English,0,0,0,0,0,0,0,Rare,$0.30,$0.33
2,2,Flameshot,Prophecy,98,Near Mint,English,0,0,0,0,0,0,0,Uncommon,$0.15,$0.21
3,3,Flametongue Kavu,Planeshift,132,Near Mint,English,0,0,0,0,0,0,0,Uncommon,$0.50,$0.47
36,8,Flamewake Phoenix,Fate Reforged,135,Near Mint,English,0,0,0,0,0,0,0,Rare,$0.45,$0.44
4,4,Flaming Sword,Mercadian Masques,157,Near Mint,English,0,0,0,0,0,0,0,Common,$0.15,$0.15
1,1,Flare,Mirage,2,Near Mint,English,0,0,0,0,0,0,0,Common,$0.10,$0.14
2,2,Flare,Ice Age,27,Near Mint,English,0,0,0,0,0,0,0,Common,$0.10,$0.14
3,3,Flash Counter,Legends,66,Played,English,0,0,0,0,0,0,0,Common,$0.15,$0.20
4,4,Flash Counter,Legends,51,Near Mint,English,0,0,0,0,0,0,0,Common,$0.15,$0.20
4,4,Flash Flood,Legends,63,Near Mint,English,0,0,0,0,0,0,0,Common,$0.15,$0.19
2,2,Flashfires,Revised Edition,29,Near Mint,English,0,0,0,0,0,0,0,Uncommon,$0.15,$0.16
4,4,Flay,Prophecy,232,Near Mint,English,0,0,0,0,0,0,0,Common,$0.10,$0.14
27,8,Flayer of the Hatebound,Dark Ascension,38,Near Mint,English,0,0,0,0,0,0,0,Rare,$0.30,$0.35
26,8,Fleecemane Lion,Theros,106,Near Mint,English,0,0,0,0,0,0,0,Rare,$1.00,$1.01
3,3,Fleetfoot Panther,Planeshift,53,Near Mint,English,0,0,0,0,0,0,0,Uncommon,$0.15,$0.22
34,8,Flesh // Blood,Dragon's Maze,178,Near Mint,English,0,0,0,0,0,0,0,Rare,$0.30,$0.29
1,1,Flight,Fourth Edition,123,Near Mint,English,0,0,0,0,0,0,0,Common,$0.10,$0.14
1,1,Flight,Revised Edition,66,Near Mint,English,0,0,0,0,0,0,0,Common,$0.15,$0.15
4,4,Flight,Unlimited Edition,64,Near Mint,English,0,0,0,0,0,0,0,Common,$0.25,$0.26
2,2,Fling,Stronghold,103,Near Mint,English,0,0,0,0,0,0,0,Common,$0.15,$0.22
6,6,Flint Golem,Nemesis,320,Near Mint,English,0,0,0,0,0,0,0,Uncommon,$0.15,$0.21
2,2,Flood,The Dark,151,Good (Lightly Played),English,0,0,0,0,0,0,0,Uncommon,$0.25,$0.31
3,3,Flood,The Dark,150,Near Mint,English,0,0,0,0,0,0,0,Uncommon,$0.25,$0.31
1,1,Flooded Shoreline,Visions,33,Near Mint,English,0,0,0,0,0,0,0,Rare,$0.45,$0.44
3,3,Flooded Strand,Khans of Tarkir,132,Near Mint,English,0,0,0,0,0,0,0,Rare,$16.00,$17.07
2,2,Flowering Field,Prophecy,15,Near Mint,English,0,0,0,0,0,0,0,Uncommon,$0.15,$0.22
2,2,Flowstone Armor,Nemesis,137,Near Mint,English,0,0,0,0,0,0,0,Uncommon,$0.15,$0.21
7,7,Flowstone Charger,Apocalypse,138,Near Mint,English,0,0,0,0,0,0,0,Uncommon,$0.15,$0.17
6,6,Flowstone Crusher,Nemesis,233,Near Mint,English,0,0,0,0,0,0,0,Common,$0.10,$0.14
1,1,Flowstone Flood,Exodus,105,Near Mint,English,0,0,0,0,0,0,0,Uncommon,$0.15,$0.18
1,1,Flowstone Giant,Tempest,144,Near Mint,English,0,0,0,0,0,0,0,Common,$0.10,$0.13
1,1,Flowstone Hellion,Stronghold,244,Near Mint,English,0,0,0,0,0,0,0,Uncommon,$0.15,$0.18
2,2,Flowstone Overseer,Nemesis,66,Near Mint,English,0,0,0,0,0,0,0,Rare,$0.30,$0.31
1,1,Flowstone Shambler,Stronghold,221,Near Mint,English,0,0,0,0,0,0,0,Common,$0.15,$0.15
1,1,Flowstone Slide,Nemesis,40,Near Mint,English,0,0,0,0,0,0,0,Rare,$0.30,$0.31
6,6,Flowstone Strike,Nemesis,143,Near Mint,English,0,0,0,0,0,0,0,Common,$0.10,$0.14
4,4,Flowstone Surge,Nemesis,151,Near Mint,English,0,0,0,0,0,0,0,Uncommon,$0.15,$0.21
7,7,Flowstone Thopter,Nemesis,182,Near Mint,English,0,0,0,0,0,0,0,Uncommon,$0.15,$0.21
11,8,Flowstone Wall,Nemesis,113,Near Mint,English,0,0,0,0,0,0,0,Common,$0.10,$0.14
1,1,Fluctuator,Urza's Saga,36,Near Mint,English,0,0,0,0,0,0,0,Rare,$2.50,$2.57
2,2,Flying Carpet,Revised Edition,13,Near Mint,English,0,0,0,0,0,0,0,Rare,$0.30,$0.30
39,8,Flying Crane Technique,Khans of Tarkir,35,Near Mint,English,0,0,0,0,0,0,0,Rare,$0.30,$0.27
23,8,Foe-Razer Regent,Dragons of Tarkir,59,Near Mint,English,0,0,0,0,0,0,0,Rare,$0.30,$0.34
1,1,Fog,Mirage,226,Near Mint,English,0,0,0,0,0,0,0,Common,$0.15,$0.15
1,1,Fog,Classic Sixth Edition,223,Near Mint,English,0,0,0,0,0,0,0,Common,$0.15,$0.18
5,5,Fog,Revised Edition,23,Near Mint,English,0,0,0,0,0,0,0,Common,$0.15,$0.15
1,1,Fog Elemental,Classic Sixth Edition,271,Near Mint,English,0,0,0,0,0,0,0,Common,$0.15,$0.16
2,2,Fog Elemental,Weatherlight,57,Near Mint,English,0,0,0,0,0,0,0,Common,$0.15,$0.15
1,1,Fog of Gnats,Urza's Legacy,15,Near Mint,English,0,0,0,0,0,0,0,Common,$0.15,$0.17
11,8,Fog Patch,Nemesis,15,Near Mint,English,0,0,0,0,0,0,0,Common,$0.15,$0.16
2,2,Foil,Prophecy,158,Near Mint,English,0,0,0,0,0,0,0,Uncommon,$0.35,$0.54
1,1,Forbid,Exodus,86,Near Mint,English,0,0,0,0,0,0,0,Uncommon,$2.00,$1.88
6,6,Forbidding Watchtower,Urza's Legacy,194,Near Mint,English,0,0,0,0,0,0,0,Uncommon,$0.25,$0.27
1,1,Force Spike,Legends,310,Played,English,0,0,0,0,0,0,0,Common,$0.60,$0.75
3,3,Force Spike,Legends,122,Near Mint,English,0,0,0,0,0,0,0,Common,$0.60,$0.75
28,8,Foreboding Ruins,Shadows over Innistrad,278,Near Mint,English,0,0,0,0,0,0,0,Rare,$2.25,$2.66
1,1,Forest,Invasion,1,Near Mint,English,0,0,0,0,0,0,0,BasicLand,#N/A,$0.26
2,2,Forest,Unhinged,75,Near Mint,English,0,0,0,0,0,0,0,BasicLand,$0.00,$7.28
1,1,Forethought Amulet,Legends,249,Heavily Played,English,0,0,0,0,0,0,0,Rare,$2.08,$2.76
1,1,Forethought Amulet,Legends,112,Near Mint,English,0,0,0,0,0,0,0,Rare,$2.25,$2.76
13,8,Forgestoker Dragon,Born of the Gods,123,Near Mint,English,0,0,0,0,0,0,0,Rare,$0.15,$0.24
11,8,Forgotten Creation,Shadows over Innistrad,60,Near Mint,English,0,0,0,0,0,0,0,Rare,$0.30,$0.38
2,2,Fork,Revised Edition,104,Good (Lightly Played),English,0,0,0,0,0,0,0,Rare,$4.39,$4.58
5,5,Fork,Revised Edition,330,Near Mint,English,0,0,0,0,0,0,0,Rare,$4.75,$4.58
2,2,Forsaken City,Planeshift,224,Near Mint,English,0,0,0,0,0,0,0,Rare,$0.90,$0.85
2,2,Fortified Area,Fourth Edition,207,Near Mint,English,0,0,0,0,0,0,0,Common,$0.15,$0.15
14,8,Fortified Village,Shadows over Innistrad,40,Near Mint,English,0,0,0,0,0,0,0,Rare,$2.00,$2.37
1,1,Fortitude,Urza's Saga,176,Near Mint,English,0,0,0,0,0,0,0,Common,$0.15,$0.15
2,2,Foster,Mercadian Masques,25,Near Mint,English,0,0,0,0,0,0,0,Rare,$0.30,$0.32
7,7,Foul Presence,Apocalypse,133,Near Mint,English,0,0,0,0,0,0,0,Uncommon,$0.15,$0.18
37,8,Foul Renewal,Dragons of Tarkir,68,Near Mint,English,0,0,0,0,0,0,0,Rare,$0.30,$0.32
58,8,Foundry Champion,Gatecrash,112,Near Mint,English,0,0,0,0,0,0,0,Rare,$0.15,$0.24
1,1,Fountain of Cho,Mercadian Masques,112,Near Mint,English,0,0,0,0,0,0,0,Uncommon,$0.25,$0.25
1,1,Fountain of Youth,The Dark,36,Near Mint,English,0,0,0,0,0,0,0,Uncommon,$0.25,$0.29
2,2,Fountain of Youth,The Dark,85,Near Mint,English,0,0,0,0,0,0,0,Uncommon,$0.25,$0.29
1,1,Fountain Watch,Mercadian Masques,79,Near Mint,English,0,0,0,0,0,0,0,Rare,$2.75,$2.65
1,1,Foxfire,Ice Age,2,Near Mint,English,0,0,0,0,0,0,0,Common,$0.10,$0.14
4,4,Frankenstein's Monster,The Dark,32,Near Mint,English,0,0,0,0,0,0,0,Rare,$0.90,$0.89
1,1,Frantic Search,Urza's Legacy,112,Near Mint,English,0,0,0,0,0,0,0,Common,$0.40,$0.46
1,1,Freewind Falcon,Visions,79,Near Mint,English,0,0,0,0,0,0,0,Common,$0.15,$0.15
1,1,Frenetic Efreet,Mirage,135,Near Mint,English,0,0,0,0,0,0,0,Rare,$0.30,$0.36
4,4,Frenzied Tilling,Invasion,3,Near Mint,English,0,0,0,0,0,0,0,Common,$0.10,$0.14
11,8,Fresh Meat,New Phyrexia,44,Near Mint,English,0,0,0,0,0,0,0,Rare,$0.30,$0.28
4,4,Fresh Volunteers,Mercadian Masques,145,Near Mint,English,0,0,0,0,0,0,0,Common,$0.10,$0.14
23,8,From Beyond,Battle for Zendikar,33,Near Mint,English,0,0,0,0,0,0,0,Rare,$0.90,$0.98
15,8,From Under the Floorboards,Shadows over Innistrad,153,Near Mint,English,0,0,0,0,0,0,0,Rare,$0.45,$0.42
27,8,Frontier Siege,Fate Reforged,126,Near Mint,English,0,0,0,0,0,0,0,Rare,$0.45,$0.44
17,8,Frontline Medic,Gatecrash,117,Near Mint,English,0,0,0,0,0,0,0,Rare,$0.45,$0.45
1,1,Frost Giant,Legends,7,Near Mint,English,0,0,0,0,0,0,0,Uncommon,$0.50,$0.43
5,5,Frost Titan,Magic 2012,312,Near Mint,English,0,0,0,0,0,0,0,MythicRare,$1.00,$1.07
9,8,Frozen Shade,Revised Edition,6,Near Mint,English,0,0,0,0,0,0,0,Common,$0.10,$0.13
2,2,Fugue,Exodus,174,Near Mint,English,0,0,0,0,0,0,0,Uncommon,$0.15,$0.17
1,1,Funeral Charm,Visions,135,Near Mint,English,0,0,0,0,0,0,0,Common,$0.75,$0.91
6,6,Fungal Bloom,Fallen Empires,251,Near Mint,English,0,0,0,0,0,0,0,Rare,$0.75,$0.80
2,2,Fungusaur,Revised Edition,67,Near Mint,English,0,0,0,0,0,0,0,Rare,$0.30,$0.27
4,4,Furious Assault,Mercadian Masques,3,Near Mint,English,0,0,0,0,0,0,0,Common,$0.10,$0.14
2,2,Furnace Brood,Exodus,74,Near Mint,English,0,0,0,0,0,0,0,Common,$0.10,$0.14
1,1,Furnace Spirit,Stronghold,36,Near Mint,English,0,0,0,0,0,0,0,Common,$0.15,$0.15
1,1,Furyborn Hellkite,Magic 2012,36,Near Mint,English,0,0,0,0,0,0,0,MythicRare,$2.50,$2.44
1,1,Fylgja,Ice Age,166,Near Mint,English,0,0,0,0,0,0,0,Common,$0.10,$0.14
1,1,Fyndhorn Bow,Ice Age,8,Near Mint,English,0,0,0,0,0,0,0,Uncommon,$0.15,$0.17
1,1,Fyndhorn Brownie,Ice Age,212,Near Mint,English,0,0,0,0,0,0,0,Common,$0.10,$0.14
2,2,Fyndhorn Elves,Ice Age,270,Near Mint,English,0,0,0,0,0,0,0,Common,$0.40,$0.63
2,2,Gaddock Teeg,Lorwyn,37,Near Mint,English,0,0,0,0,0,0,0,Rare,$22.00,$25.87
7,7,Gaea's Balance,Apocalypse,171,Near Mint,English,0,0,0,0,0,0,0,Uncommon,$0.15,$0.18
1,1,Gaea's Blessing,Weatherlight,94,Near Mint,English,0,0,0,0,0,0,0,Uncommon,$0.50,$0.73
4,4,Gaea's Bounty,Urza's Saga,132,Near Mint,English,0,0,0,0,0,0,0,Common,$0.15,$0.15
2,2,Gaea's Cradle,Urza's Saga,125,Near Mint,English,0,0,0,0,0,0,0,Rare,$270.00,$260.21
1,1,Gaea's Herald,Planeshift,296,Near Mint,English,0,0,0,0,0,0,0,Rare,$0.65,$0.70
6,6,Gaea's Might,Planeshift,159,Near Mint,English,0,0,0,0,0,0,0,Common,$0.15,$0.15
22,8,Gaea's Revenge,Magic Origins,191,Near Mint,English,0,0,0,0,0,0,0,Rare,$0.55,$0.54
4,4,Gaea's Skyfolk,Apocalypse,131,Near Mint,English,0,0,0,0,0,0,0,Common,$0.10,$0.14
1,1,Gaea's Touch,The Dark,45,Good (Lightly Played),English,0,0,0,0,0,0,0,Common,$0.50,$0.54
4,4,Galina's Knight,Invasion,109,Near Mint,English,0,0,0,0,0,0,0,Common,$0.10,$0.14
1,1,Gallowbraid,Weatherlight,176,Near Mint,English,0,0,0,0,0,0,0,Rare,$0.30,$0.33
31,8,Gallows at Willow Hill,Avacyn Restored,146,Near Mint,English,0,0,0,0,0,0,0,Rare,$0.30,$0.29
10,8,Galvanoth,Mirrodin Besieged,19,Near Mint,English,0,0,0,0,0,0,0,Rare,$0.30,$0.28
1,1,Gamble,Eternal Masters,320,Near Mint,English,0,0,0,0,0,0,0,Rare,$11.50,$12.47
2,2,Gamble,Urza's Saga,160,Near Mint,English,0,0,0,0,0,0,0,Rare,$21.00,$22.53
4,4,Game Trail,Shadows over Innistrad,224,Near Mint,English,0,0,0,0,0,0,0,Rare,$2.00,$2.45
1,1,Gang of Elk,Urza's Legacy,128,Near Mint,English,0,0,0,0,0,0,0,Uncommon,$0.15,$0.18
1,1,Gangrenous Zombies,Ice Age,175,Near Mint,English,0,0,0,0,0,0,0,Common,$0.10,$0.14
1,1,"Garruk, Primal Hunter",Magic 2013,130,Near Mint,English,0,0,0,0,0,0,0,Rare,$6.50,$6.44
9,8,Garruk's Horde,Magic 2012,20,Near Mint,English,0,0,0,0,0,0,0,Rare,$0.30,$0.27
10,8,Garruk's Horde,Magic 2014 Core Set,21,Near Mint,English,0,0,0,0,0,0,0,MythicRare,$0.30,$0.32
1,1,Gaseous Form,Classic Sixth Edition,30,Near Mint,English,0,0,0,0,0,0,0,Common,$0.10,$0.14
1,1,Gaseous Form,Legends,104,Near Mint,English,0,0,0,0,0,0,0,Common,$0.15,$0.19
1,1,Gaseous Form,Fourth Edition,202,Near Mint,English,0,0,0,0,0,0,0,Common,$0.15,$0.15
2,2,Gauntlet of Power,Time Spiral,42,Near Mint,English,0,0,0,0,0,0,0,Rare,$15.25,$15.34
2,2,Gauntlets of Chaos,Legends,71,Near Mint,English,0,0,0,0,0,0,0,Rare,$2.00,$2.37
1,1,Gavony Township,Innistrad,129,Near Mint,English,0,0,0,0,0,0,0,Rare,$6.00,$5.86
30,8,Gaze of Granite,Dragon's Maze,189,Near Mint,English,0,0,0,0,0,0,0,Rare,$0.30,$0.33
15,8,Geier Reach Bandit,Shadows over Innistrad,121,Near Mint,English,0,0,0,0,0,0,0,Rare,$0.90,$0.90
8,8,Geist of Saint Traft,Innistrad,283,Near Mint,English,0,0,0,0,0,0,0,MythicRare,$8.75,$8.83
37,8,Geist-Honored Monk,Innistrad,124,Near Mint,English,0,0,0,0,0,0,0,Rare,$0.30,$0.27
1,1,Gemstone Mine,Weatherlight,287,Near Mint,English,0,0,0,0,0,0,0,Uncommon,$7.75,$7.55
19,8,General Tazri,Oath of the Gatewatch,52,Near Mint,English,0,0,0,0,0,0,0,MythicRare,$0.99,$0.77
9,8,Genesis Hydra,Magic 2015 Core Set,46,Near Mint,English,0,0,0,0,0,0,0,Rare,$0.90,$0.96
1,1,Genesis Wave,Scars of Mirrodin,357,Near Mint,English,0,0,0,0,0,0,0,Rare,$7.00,$7.17
8,8,Geothermal Crevice,Invasion,78,Near Mint,English,0,0,0,0,0,0,0,Common,$0.15,$0.17
7,7,Geralf's Masterpiece,Shadows over Innistrad,66,Near Mint,English,0,0,0,0,0,0,0,MythicRare,$0.99,$0.96
7,7,Geralf's Messenger,Dark Ascension,280,Near Mint,English,0,0,0,0,0,0,0,Rare,$5.00,$5.02
31,8,Geralf's Mindcrusher,Dark Ascension,16,Near Mint,English,0,0,0,0,0,0,0,Rare,$0.30,$0.31
6,6,Gerrard's Command,Planeshift,56,Near Mint,English,0,0,0,0,0,0,0,Common,$0.10,$0.14
4,4,Gerrard's Irregulars,Mercadian Masques,18,Near Mint,English,0,0,0,0,0,0,0,Common,$0.10,$0.14
7,7,Gerrard's Verdict,Apocalypse,193,Near Mint,English,0,0,0,0,0,0,0,Uncommon,$0.25,$0.32
1,1,"Geth, Lord of the Vault",Scars of Mirrodin,6,Near Mint,English,0,0,0,0,0,0,0,MythicRare,$6.75,$7.33
16,8,Ghastly Conscription,Fate Reforged,156,Near Mint,English,0,0,0,0,0,0,0,MythicRare,$0.99,$0.65
3,3,Ghitu Encampment,Urza's Legacy,139,Near Mint,English,0,0,0,0,0,0,0,Uncommon,$0.25,$0.25
1,1,Ghitu Fire,Invasion,111,Near Mint,English,0,0,0,0,0,0,0,Rare,$0.30,$0.30
1,1,Ghitu Slinger,Urza's Legacy,78,Near Mint,English,0,0,0,0,0,0,0,Common,$0.15,$0.16
1,1,Ghitu War Cry,Urza's Legacy,104,Near Mint,English,0,0,0,0,0,0,0,Uncommon,$0.15,$0.18
1,1,Ghost Ship,The Dark,105,Near Mint,English,0,0,0,0,0,0,0,Common,$0.10,$0.14
5,5,Ghost Ship,The Dark,2,Good (Lightly Played),English,0,0,0,0,0,0,0,Common,$0.10,$0.14
40,8,Ghostfire Blade,Khans of Tarkir,158,Near Mint,English,0,0,0,0,0,0,0,Rare,$0.75,$0.75
4,4,Ghosts of the Damned,Legends,97,Near Mint,English,0,0,0,0,0,0,0,Common,$0.15,$0.19
1,1,Ghoul's Feast,Mercadian Masques,105,Near Mint,English,0,0,0,0,0,0,0,Uncommon,$0.15,$0.18
8,8,Ghoultree,Dark Ascension,47,Near Mint,English,0,0,0,0,0,0,0,Rare,$0.90,$0.89
8,8,Giant Adephage,Gatecrash,127,Near Mint,English,0,0,0,0,0,0,0,MythicRare,$1.50,$1.52
1,1,Giant Caterpillar,Mercadian Masques,35,Near Mint,English,0,0,0,0,0,0,0,Common,$0.10,$0.14
3,3,Giant Caterpillar,Visions,143,Near Mint,English,0,0,0,0,0,0,0,Common,$0.15,$0.15
2,2,Giant Cockroach,Urza's Legacy,178,Near Mint,English,0,0,0,0,0,0,0,Common,$0.15,$0.15
2,2,Giant Growth,Ice Age,106,Near Mint,English,0,0,0,0,0,0,0,Common,$0.15,$0.17
7,7,Giant Growth,Revised Edition,60,Near Mint,English,0,0,0,0,0,0,0,Common,$0.15,$0.15
5,5,Giant Shark,The Dark,61,Near Mint,English,0,0,0,0,0,0,0,Common,$0.15,$0.16
1,1,Giant Slug,Legends,179,Near Mint,English,0,0,0,0,0,0,0,Common,$0.15,$0.19
8,8,Giant Spider,Revised Edition,89,Near Mint,English,0,0,0,0,0,0,0,Common,$0.10,$0.14
1,1,Giant Strength,Classic Sixth Edition,107,Near Mint,English,0,0,0,0,0,0,0,Common,$0.15,$0.15
3,3,Gibbering Hyenas,Mirage,126,Near Mint,English,0,0,0,0,0,0,0,Common,$0.10,$0.14
10,8,"Gideon, Ally of Zendikar",Battle for Zendikar,113,Near Mint,English,0,0,0,0,0,0,0,Rare,$20.00,$20.14
1,1,Gideon's Avenger,Magic 2012,136,Near Mint,English,0,0,0,0,0,0,0,Rare,$0.75,$0.80
30,8,Gideon's Phalanx,Magic Origins,65,Near Mint,English,0,0,0,0,0,0,0,MythicRare,$0.30,$0.31
35,8,Gift of Immortality,Theros,35,Near Mint,English,0,0,0,0,0,0,0,Rare,$0.65,$0.71
1,1,Gifts Ungiven,Modern Masters,322,Near Mint,English,0,0,0,0,0,0,0,Rare,$16.75,$18.06
18,8,Gild,Born of the Gods,86,Near Mint,English,0,0,0,0,0,0,0,Rare,$0.30,$0.27
1,1,Gilded Drake,Urza's Saga,81,Near Mint,English,0,0,0,0,0,0,0,Rare,$25.00,$24.23
1,1,Gilded Lotus,Magic 2013,87,Near Mint,English,0,0,0,0,0,0,0,Rare,$8.25,$8.54
26,8,Gilt-Leaf Winnower,Magic Origins,88,Near Mint,English,0,0,0,0,0,0,0,Rare,$0.45,$0.47
1,1,"Gisela, Blade of Goldnight",Avacyn Restored,209,Near Mint,English,0,0,0,0,0,0,0,MythicRare,$6.25,$6.61
1,1,Gitaxian Probe,New Phyrexia,108,Near Mint,English,0,0,0,0,0,0,0,Common,$3.75,$3.85
3,3,Glacial Chasm,Ice Age,309,Near Mint,English,0,0,0,0,0,0,0,Uncommon,$0.35,$0.51
4,4,Glacial Fortress,Magic 2012,53,Near Mint,English,0,0,0,0,0,0,0,Rare,$2.25,$2.25
8,8,Glacial Fortress,Magic 2013,187,Near Mint,English,0,0,0,0,0,0,0,Rare,$2.25,$2.41
4,4,Glade Gnarr,Apocalypse,259,Near Mint,English,0,0,0,0,0,0,0,Common,$0.10,$0.14
10,8,Gladehart Cavalry,Oath of the Gatewatch,108,Near Mint,English,0,0,0,0,0,0,0,Rare,$0.15,$0.24
29,8,Glaring Spotlight,Gatecrash,87,Near Mint,English,0,0,0,0,0,0,0,Rare,$0.45,$0.40
1,1,Glasses of Urza,Revised Edition,109,Near Mint,English,0,0,0,0,0,0,0,Uncommon,$0.15,$0.17
1,1,Glasses of Urza,Classic Sixth Edition,65,Near Mint,English,0,0,0,0,0,0,0,Uncommon,$0.25,$0.25
23,8,Gleam of Authority,Dragons of Tarkir,120,Near Mint,English,0,0,0,0,0,0,0,Rare,$0.45,$0.44
1,1,Gliding Licid,Stronghold,141,Near Mint,English,0,0,0,0,0,0,0,Uncommon,$0.15,$0.18
4,4,Glimmering Angel,Invasion,77,Near Mint,English,0,0,0,0,0,0,0,Common,$0.15,$0.17
1,1,Glimmervoid,Mirrodin,227,Near Mint,English,0,0,0,0,0,0,0,Rare,$29.60,$32.18
2,2,Glimmervoid,Mirrodin,75,Good (Lightly Played),English,0,0,0,0,0,0,0,Rare,$32.00,$32.18
1,1,"Glissa, the Traitor",Mirrodin Besieged,94,Near Mint,English,0,0,0,0,0,0,0,MythicRare,$3.00,$2.82
6,6,Glistening Oil,New Phyrexia,67,Near Mint,English,0,0,0,0,0,0,0,Rare,$0.30,$0.33
1,1,Glittering Lion,Prophecy,143,Near Mint,English,0,0,0,0,0,0,0,Uncommon,$0.15,$0.20
2,2,Glittering Lynx,Prophecy,151,Near Mint,English,0,0,0,0,0,0,0,Common,$0.10,$0.14
4,4,Gloom,Revised Edition,172,Near Mint,English,0,0,0,0,0,0,0,Uncommon,$0.15,$0.17
38,8,Gloom Surgeon,Avacyn Restored,85,Near Mint,English,0,0,0,0,0,0,0,Rare,$0.30,$0.32
1,1,Glowing Anemone,Mercadian Masques,145,Near Mint,English,0,0,0,0,0,0,0,Uncommon,$0.15,$0.18
1,1,Glyph of Delusion,Legends,146,Near Mint,English,0,0,0,0,0,0,0,Common,$0.15,$0.21
1,1,Glyph of Destruction,Legends,6,Good (Lightly Played),English,0,0,0,0,0,0,0,Common,$0.15,$0.19
3,3,Glyph of Destruction,Legends,66,Near Mint,English,0,0,0,0,0,0,0,Common,$0.15,$0.19
4,4,Glyph of Doom,Legends,6,Near Mint,English,0,0,0,0,0,0,0,Common,$0.15,$0.19
1,1,Glyph of Life,Legends,11,Good (Lightly Played),English,0,0,0,0,0,0,0,Common,$0.15,$0.19
3,3,Glyph of Life,Legends,11,Near Mint,English,0,0,0,0,0,0,0,Common,$0.15,$0.19
1,1,Glyph of Reincarnation,Legends,180,Near Mint,English,0,0,0,0,0,0,0,Common,$0.15,$0.19
1,1,Goblin Balloon Brigade,Revised Edition,18,Near Mint,English,0,0,0,0,0,0,0,Uncommon,$0.15,$0.16
1,1,Goblin Caves,The Dark,325,Good (Lightly Played),English,0,0,0,0,0,0,0,Common,$0.25,$0.34
4,4,Goblin Caves,The Dark,257,Near Mint,English,0,0,0,0,0,0,0,Common,$0.25,$0.34
1,1,Goblin Chieftain,Magic 2012,162,Near Mint,English,0,0,0,0,0,0,0,Rare,$6.00,$5.96
5,5,Goblin Chirurgeon,Fallen Empires,247,Near Mint,English,0,0,0,0,0,0,0,Common,$0.15,$0.24
5,5,Goblin Chirurgeon,Fallen Empires,97,Near Mint,English,0,0,0,0,0,0,0,Common,$0.15,$0.22
6,6,Goblin Chirurgeon,Fallen Empires,16,Near Mint,English,0,0,0,0,0,0,0,Common,$0.15,$0.24
26,8,Goblin Dark-Dwellers,Oath of the Gatewatch,72,Near Mint,English,0,0,0,0,0,0,0,Rare,$2.00,$2.27
1,1,Goblin Digging Team,The Dark,137,Good (Lightly Played),English,0,0,0,0,0,0,0,Common,$0.10,$0.14
12,8,Goblin Diplomats,Magic 2014 Core Set,14,Near Mint,English,0,0,0,0,0,0,0,Rare,$0.30,$0.26
1,1,Goblin Elite Infantry,Mirage,104,Near Mint,English,0,0,0,0,0,0,0,Common,$0.10,$0.14
1,1,Goblin Elite Infantry,Classic Sixth Edition,53,Near Mint,English,0,0,0,0,0,0,0,Common,$0.10,$0.14
3,3,Goblin Flotilla,Fallen Empires,62,Near Mint,English,0,0,0,0,0,0,0,Rare,$0.30,$0.35
3,3,Goblin Game,Planeshift,50,Near Mint,English,0,0,0,0,0,0,0,Rare,$0.90,$0.91
3,3,Goblin Grenade,Fallen Empires,26,Near Mint,English,0,0,0,0,0,0,0,Common,$0.40,$0.73
3,3,Goblin Grenade,Fallen Empires,26,Near Mint,English,0,0,0,0,0,0,0,Common,$0.40,$0.68
4,4,Goblin Grenade,Fallen Empires,271,Near Mint,English,0,0,0,0,0,0,0,Common,$0.40,$0.73
5,5,Goblin Hero,The Dark,210,Near Mint,English,0,0,0,0,0,0,0,Common,$0.10,$0.14
10,8,Goblin Kaboomist,Magic 2015 Core Set,68,Near Mint,English,0,0,0,0,0,0,0,Rare,$0.30,$0.25
1,1,Goblin King,Revised Edition,99,Good (Lightly Played),English,0,0,0,0,0,0,0,Rare,$1.16,$1.35
1,1,Goblin King,Revised Edition,94,Near Mint,English,0,0,0,0,0,0,0,Rare,$1.25,$1.35
6,6,Goblin Kites,Fallen Empires,122,Near Mint,English,0,0,0,0,0,0,0,Uncommon,$0.15,$0.17
1,1,Goblin Lackey,Urza's Saga,83,Near Mint,English,0,0,0,0,0,0,0,Uncommon,$7.50,$7.66
4,4,Goblin Legionnaire,Apocalypse,44,Near Mint,English,0,0,0,0,0,0,0,Common,$0.10,$0.14
2,2,Goblin Matron,Urza's Saga,45,Near Mint,English,0,0,0,0,0,0,0,Common,$0.50,$0.52
1,1,Goblin Offensive,Urza's Saga,103,Near Mint,English,0,0,0,0,0,0,0,Uncommon,$1.25,$1.29
1,1,Goblin Patrol,Urza's Saga,47,Near Mint,English,0,0,0,0,0,0,0,Common,$0.10,$0.14
36,8,Goblin Piledriver,Magic Origins,82,Near Mint,English,0,0,0,0,0,0,0,Rare,$2.00,$2.33
11,8,Goblin Rabblemaster,Magic 2015 Core Set,139,Near Mint,English,0,0,0,0,0,0,0,Rare,$2.50,$2.49
3,3,Goblin Raider,Urza's Saga,234,Near Mint,English,0,0,0,0,0,0,0,Common,$0.10,$0.14
1,1,Goblin Recruiter,Classic Sixth Edition,128,Near Mint,English,0,0,0,0,0,0,0,Uncommon,$1.50,$1.70
1,1,Goblin Recruiter,Visions,84,Near Mint,English,0,0,0,0,0,0,0,Uncommon,$1.75,$1.73
7,7,Goblin Ringleader,Apocalypse,100,Near Mint,English,0,0,0,0,0,0,0,Uncommon,$2.00,$1.88
1,1,Goblin Rock Sled,Fourth Edition,282,Near Mint,English,0,0,0,0,0,0,0,Common,$0.10,$0.14
5,5,Goblin Rock Sled,The Dark,282,Near Mint,English,0,0,0,0,0,0,0,Common,$0.10,$0.14
1,1,Goblin Sappers,Ice Age,282,Near Mint,English,0,0,0,0,0,0,0,Common,$0.10,$0.14
5,5,Goblin Shrine,The Dark,187,Near Mint,English,0,0,0,0,0,0,0,Common,$0.10,$0.14
2,2,Goblin Spelunkers,Urza's Saga,7,Near Mint,English,0,0,0,0,0,0,0,Common,$0.15,$0.15
1,1,Goblin Spy,Invasion,94,Near Mint,English,0,0,0,0,0,0,0,Uncommon,$0.15,$0.17
3,3,Goblin Swine-Rider,Visions,217,Near Mint,English,0,0,0,0,0,0,0,Common,$0.15,$0.16
2,2,Goblin War Buggy,Urza's Saga,58,Near Mint,English,0,0,0,0,0,0,0,Common,$0.10,$0.14
3,3,Goblin War Drums,Fallen Empires,117,Near Mint,English,0,0,0,0,0,0,0,Common,$0.15,$0.16
5,5,Goblin War Drums,Fallen Empires,18,Near Mint,English,0,0,0,0,0,0,0,Common,$0.15,$0.16
5,5,Goblin War Drums,Fallen Empires,106,Near Mint,English,0,0,0,0,0,0,0,Common,$0.15,$0.16
6,6,Goblin War Drums,Fallen Empires,16,Near Mint,English,0,0,0,0,0,0,0,Common,$0.15,$0.16
2,2,Goblin Warrens,Fallen Empires,140,Near Mint,English,0,0,0,0,0,0,0,Rare,$0.90,$0.86
1,1,Goblin Wizard,The Dark,203,Near Mint,English,0,0,0,0,0,0,0,Rare,$7.75,$8.00
1,1,Goblins of the Flarg,The Dark,167,Good (Lightly Played),English,0,0,0,0,0,0,0,Common,$0.10,$0.14
7,7,Goblins of the Flarg,The Dark,59,Near Mint,English,0,0,0,0,0,0,0,Common,$0.10,$0.14
1,1,Godless Shrine,Gatecrash,112,Near Mint,English,0,0,0,0,0,0,0,Rare,$10.50,$10.90
2,2,Godsend,Journey into Nyx,300,Near Mint,English,0,0,0,0,0,0,0,MythicRare,$6.00,$6.27
3,3,Goham Djinn,Invasion,177,Near Mint,English,0,0,0,0,0,0,0,Uncommon,$0.15,$0.18
8,8,Goldnight Castigator,Shadows over Innistrad,100,Near Mint,English,0,0,0,0,0,0,0,MythicRare,$2.00,$2.13
1,1,Gorilla Pack,Ice Age,182,Near Mint,English,0,0,0,0,0,0,0,Common,$0.10,$0.14
1,1,Gorilla Warrior,Urza's Saga,56,Near Mint,English,0,0,0,0,0,0,0,Common,$0.10,$0.14
6,6,Goryo's Vengeance,Betrayers of Kamigawa,146,Near Mint,English,0,0,0,0,0,0,0,Rare,$31.25,$31.66
1,1,Gossamer Chains,Visions,52,Near Mint,English,0,0,0,0,0,0,0,Common,$0.15,$0.17
1,1,Grafdigger's Cage,Dark Ascension,219,Near Mint,English,0,0,0,0,0,0,0,Rare,$10.25,$10.00
2,2,Grand Abolisher,Magic 2012,127,Near Mint,English,0,0,0,0,0,0,0,Rare,$4.25,$4.23
5,5,Grand Architect,Scars of Mirrodin,125,Near Mint,English,0,0,0,0,0,0,0,Rare,$2.75,$2.66
1,1,Granger Guildmage,Mirage,5,Near Mint,English,0,0,0,0,0,0,0,Common,$0.10,$0.14
1,1,Grapeshot Catapult,Fourth Edition,59,Near Mint,English,0,0,0,0,0,0,0,Common,$0.10,$0.14
1,1,Grapeshot Catapult,Antiquities,167,Near Mint,English,0,0,0,0,0,0,0,Common,$0.15,$0.19
1,1,Grasslands,Mirage,95,Near Mint,English,0,0,0,0,0,0,0,Uncommon,$0.50,$0.42
39,8,Grave Betrayal,Return to Ravnica,48,Near Mint,English,0,0,0,0,0,0,0,Rare,$1.25,$1.06
7,7,Grave Defiler,Apocalypse,13,Near Mint,English,0,0,0,0,0,0,0,Uncommon,$0.15,$0.23
2,2,Grave Robbers,The Dark,118,Near Mint,English,0,0,0,0,0,0,0,Rare,$0.45,$0.45
2,2,Grave Servitude,Mirage,167,Near Mint,English,0,0,0,0,0,0,0,Common,$0.10,$0.14
1,1,Gravebane Zombie,Mirage,101,Near Mint,English,0,0,0,0,0,0,0,Common,$0.10,$0.14
1,1,Gravebind,Ice Age,174,Near Mint,English,0,0,0,0,0,0,0,Rare,$0.30,$0.31
27,8,Graveblade Marauder,Magic Origins,83,Near Mint,English,0,0,0,0,0,0,0,Rare,$0.30,$0.37
1,1,Gravecrawler,Dark Ascension,206,Near Mint,English,0,0,0,0,0,0,0,Rare,$5.50,$5.72
1,1,Gravedigger,Tempest,4,Near Mint,English,0,0,0,0,0,0,0,Common,$0.10,$0.14
1,1,Gravedigger,Classic Sixth Edition,7,Near Mint,English,0,0,0,0,0,0,0,Common,$0.10,$0.14
1,1,Gravity Sphere,Legends,162,Good (Lightly Played),English,0,0,0,0,0,0,0,Rare,$31.22,$29.70
1,1,Great Wall,Legends,12,Good (Lightly Played),English,0,0,0,0,0,0,0,Uncommon,$0.25,$0.39
3,3,Greater Good,Urza's Saga,282,Near Mint,English,0,0,0,0,0,0,0,Rare,$11.00,$11.20
1,1,Greed,Legends,42,Near Mint,English,0,0,0,0,0,0,0,Rare,$17.00,$17.36
1,1,"Greel, Mind Raker",Prophecy,114,Near Mint,English,0,0,0,0,0,0,0,Common,$0.30,$0.39
7,7,Greel's Caress,Prophecy,2,Near Mint,English,0,0,0,0,0,0,0,Rare,$0.10,$0.14
1,1,Green Mana Battery,Legends,55,Good (Lightly Played),English,0,0,0,0,0,0,0,Uncommon,$0.35,$0.59
4,4,Green Ward,Revised Edition,2,Near Mint,English,0,0,0,0,0,0,0,Uncommon,$0.15,$0.16
1,1,Greener Pastures,Urza's Saga,36,Near Mint,English,0,0,0,0,0,0,0,Rare,$0.30,$0.32
28,8,Greenwarden of Murasa,Battle for Zendikar,104,Near Mint,English,0,0,0,0,0,0,0,MythicRare,$1.25,$1.40
1,1,Griffin Canyon,Visions,159,Near Mint,English,0,0,0,0,0,0,0,Rare,$0.90,$0.92
34,8,Grim Backwoods,Dark Ascension,16,Near Mint,English,0,0,0,0,0,0,0,Rare,$0.30,$0.28
59,8,Grim Haruspex,Khans of Tarkir,87,Near Mint,English,0,0,0,0,0,0,0,Rare,$0.30,$0.34
2,2,Grim Lavamancer,Magic 2012,301,Near Mint,English,0,0,0,0,0,0,0,Rare,$7.00,$6.96
1,1,Grim Monolith,Urza's Legacy,108,Near Mint,English,0,0,0,0,0,0,0,Rare,$62.50,$61.13
19,8,Grim Return,Magic 2014 Core Set,66,Near Mint,English,0,0,0,0,0,0,0,Rare,$0.30,$0.38
27,8,"Grimgrin, Corpse-Born",Innistrad,136,Near Mint,English,0,0,0,0,0,0,0,MythicRare,$3.75,$3.99
1,1,Grimoire of the Dead,Innistrad,215,Near Mint,English,0,0,0,0,0,0,0,MythicRare,$3.25,$3.33
1,1,Grindclock,Magic 2015 Core Set,67,Near Mint,English,0,0,0,0,0,0,0,Rare,$0.30,$0.25
13,8,Grindclock,Scars of Mirrodin,66,Near Mint,English,0,0,0,0,0,0,0,Rare,$0.30,$0.35
5,5,Griselbrand,Avacyn Restored,140,Near Mint,English,0,0,0,0,0,0,0,MythicRare,$12.25,$12.97
2,2,Grollub,Exodus,96,Near Mint,English,0,0,0,0,0,0,0,Common,$0.15,$0.15
38,8,Ground Seal,Magic 2013,68,Near Mint,English,0,0,0,0,0,0,0,Rare,$0.30,$0.34
2,2,Groundskeeper,Mercadian Masques,151,Near Mint,English,0,0,0,0,0,0,0,Uncommon,$0.25,$0.29
1,1,Grove of the Burnwillows,Future Sight,126,Near Mint,English,0,0,0,0,0,0,0,Rare,$65.25,$65.06
56,8,Grove of the Guardian,Return to Ravnica,69,Near Mint,English,0,0,0,0,0,0,0,Rare,$0.30,$0.26
9,8,Growing Ranks,Return to Ravnica,73,Near Mint,English,0,0,0,0,0,0,0,Rare,$0.75,$0.78
28,8,Gruesome Slaughter,Battle for Zendikar,181,Near Mint,English,0,0,0,0,0,0,0,Rare,$0.30,$0.29
52,8,Gruul Ragebeast,Gatecrash,24,Near Mint,English,0,0,0,0,0,0,0,Rare,$0.15,$0.23
3,3,Guard Dogs,Planeshift,364,Near Mint,English,0,0,0,0,0,0,0,Uncommon,$0.15,$0.17
5,5,Guardian Angel,Revised Edition,2,Near Mint,English,0,0,0,0,0,0,0,Common,$0.10,$0.14
34,8,Guardian of Tazeem,Battle for Zendikar,302,Near Mint,English,0,0,0,0,0,0,0,Rare,$0.30,$0.27
23,8,Guardian of the Ages,Magic 2014 Core Set,70,Near Mint,English,0,0,0,0,0,0,0,Rare,$0.30,$0.25
71,8,Guild Feud,Return to Ravnica,16,Near Mint,English,0,0,0,0,0,0,0,Rare,$0.15,$0.23
3,3,Gulf Squid,Prophecy,9,Near Mint,English,0,0,0,0,0,0,0,Common,$0.15,$0.15
4,4,Gush,Mercadian Masques,70,Near Mint,English,0,0,0,0,0,0,0,Common,$1.50,$1.43
38,8,Gutter Grime,Innistrad,147,Near Mint,English,0,0,0,0,0,0,0,Rare,$0.30,$0.32
47,8,Guul Draz Overseer,Battle for Zendikar,88,Near Mint,English,0,0,0,0,0,0,0,Rare,$0.30,$0.25
17,8,Gyre Sage,Gatecrash,104,Near Mint,English,0,0,0,0,0,0,0,Rare,$1.50,$1.46
16,8,Hall of Triumph,Journey into Nyx,152,Near Mint,English,0,0,0,0,0,0,0,Rare,$0.55,$0.59
1,1,Hallowed Fountain,Return to Ravnica,254,Near Mint,English,0,0,0,0,0,0,0,Rare,$7.75,$7.88
25,8,Hallowed Moonlight,Magic Origins,79,Near Mint,English,0,0,0,0,0,0,0,Rare,$1.75,$1.76
33,8,Hamletback Goliath,Magic 2013,162,Near Mint,English,0,0,0,0,0,0,0,Rare,$0.30,$0.26
2,2,Hammer Mage,Mercadian Masques,322,Near Mint,English,0,0,0,0,0,0,0,Uncommon,$0.15,$0.19
47,8,Hammer of Purphoros,Theros,68,Near Mint,English,0,0,0,0,0,0,0,Rare,$0.30,$0.36
1,1,Hammerhead Shark,Stronghold,185,Near Mint,English,0,0,0,0,0,0,0,Common,$0.15,$0.15
1,1,Hammerheim,Legends,333,Good (Lightly Played),English,0,0,0,0,0,0,0,Uncommon,$1.62,$2.21
2,2,Hand of Justice,Fallen Empires,146,Near Mint,English,0,0,0,0,0,0,0,Rare,$0.45,$0.41
17,8,Hangarback Walker,Magic Origins,128,Near Mint,English,0,0,0,0,0,0,0,Rare,$3.50,$3.88
6,6,Hanweir Militia Captain,Shadows over Innistrad,106,Near Mint,English,0,0,0,0,0,0,0,Rare,$1.00,$1.14
25,8,Harbinger of the Hunt,Dragons of Tarkir,220,Near Mint,English,0,0,0,0,0,0,0,Rare,$0.30,$0.33
20,8,Harbinger of the Tides,Magic Origins,39,Near Mint,English,0,0,0,0,0,0,0,Rare,$1.25,$1.48
31,8,Hardened Scales,Khans of Tarkir,205,Near Mint,English,0,0,0,0,0,0,0,Rare,$1.75,$1.81
1,1,Harmonic Convergence,Urza's Legacy,54,Near Mint,English,0,0,0,0,0,0,0,Uncommon,$0.15,$0.20
17,8,Harness by Force,Journey into Nyx,27,Near Mint,English,0,0,0,0,0,0,0,Rare,$0.30,$0.26
10,8,Harness the Storm,Shadows over Innistrad,64,Near Mint,English,0,0,0,0,0,0,0,Rare,$0.30,$0.32
4,4,Harrow,Invasion,13,Near Mint,English,0,0,0,0,0,0,0,Common,$0.15,$0.17
8,8,Harvest Mage,Nemesis,83,Near Mint,English,0,0,0,0,0,0,0,Common,$0.10,$0.14
6,6,Harvester of Souls,Avacyn Restored,74,Near Mint,English,0,0,0,0,0,0,0,Rare,$1.00,$1.05
2,2,Hate Weaver,Invasion,229,Near Mint,English,0,0,0,0,0,0,0,Uncommon,$0.15,$0.19
7,7,Haunted Angel,Apocalypse,6,Near Mint,English,0,0,0,0,0,0,0,Uncommon,$0.15,$0.19
1,1,Haunted Crossroads,Mercadian Masques,55,Near Mint,English,0,0,0,0,0,0,0,Uncommon,$0.35,$0.51
3,3,Haunted Plate Mail,Magic 2015 Core Set,13,Near Mint,English,0,0,0,0,0,0,0,Rare,$0.15,$0.24
8,8,Haunted Plate Mail,Magic 2014 Core Set,101,Near Mint,English,0,0,0,0,0,0,0,Rare,$0.30,$0.27
11,8,Haven of the Spirit Dragon,Dragons of Tarkir,49,Near Mint,English,0,0,0,0,0,0,0,Rare,$1.50,$1.86
2,2,Havengul Lich,Dark Ascension,91,Near Mint,English,0,0,0,0,0,0,0,MythicRare,$4.25,$4.32
28,8,Havengul Runebinder,Dark Ascension,90,Near Mint,English,0,0,0,0,0,0,0,Rare,$0.30,$0.32
5,5,Havenwood Battleground,Fallen Empires,9,Near Mint,English,0,0,0,0,0,0,0,Uncommon,$0.15,$0.23
65,8,Havoc Festival,Return to Ravnica,108,Near Mint,English,0,0,0,0,0,0,0,Rare,$0.15,$0.24
1,1,Hawkeater Moth,Urza's Saga,67,Near Mint,English,0,0,0,0,0,0,0,Uncommon,$0.15,$0.18
1,1,Hazerider Drake,Mirage,68,Near Mint,English,0,0,0,0,0,0,0,Uncommon,$0.15,$0.17
5,5,Hazy Homunculus,Prophecy,287,Near Mint,English,0,0,0,0,0,0,0,Common,$0.10,$0.14
1,1,Headless Horseman,Legends,189,Near Mint,English,0,0,0,0,0,0,0,Common,$0.25,$0.27
4,4,Heal,Ice Age,69,Near Mint,English,0,0,0,0,0,0,0,Common,$0.15,$0.15
1,1,Healing Salve,Urza's Saga,70,Near Mint,English,0,0,0,0,0,0,0,Common,$0.15,$0.15
10,8,Healing Salve,Revised Edition,287,Near Mint,English,0,0,0,0,0,0,0,Common,$0.10,$0.14
1,1,Hearth Charm,Visions,172,Near Mint,English,0,0,0,0,0,0,0,Common,$0.15,$0.15
33,8,Heartless Summoning,Innistrad,44,Near Mint,English,0,0,0,0,0,0,0,Rare,$1.50,$1.75
1,1,Heartstone,Stronghold,243,Near Mint,English,0,0,0,0,0,0,0,Uncommon,$0.25,$0.36
1,1,Heat of Battle,Stronghold,109,Near Mint,English,0,0,0,0,0,0,0,Uncommon,$0.15,$0.20
1,1,Heat Ray,Urza's Saga,93,Near Mint,English,0,0,0,0,0,0,0,Common,$0.10,$0.14
1,1,Heat Stroke,Weatherlight,261,Near Mint,English,0,0,0,0,0,0,0,Rare,$0.45,$0.44
2,2,Heat Wave,Visions,39,Near Mint,English,0,0,0,0,0,0,0,Uncommon,$0.15,$0.17
1,1,Heaven's Gate,Legends,73,Near Mint,English,0,0,0,0,0,0,0,Uncommon,$0.35,$0.55
1,1,Heavy Ballista,Weatherlight,127,Near Mint,English,0,0,0,0,0,0,0,Common,$0.10,$0.14
1,1,Heavy Ballista,Classic Sixth Edition,172,Near Mint,English,0,0,0,0,0,0,0,Uncommon,$0.15,$0.21
1,1,Hecatomb,Ice Age,145,Near Mint,English,0,0,0,0,0,0,0,Rare,$0.55,$0.57
25,8,Hedonist's Trove,Dragons of Tarkir,109,Near Mint,English,0,0,0,0,0,0,0,Rare,$0.30,$0.35
26,8,Hedron Alignment,Oath of the Gatewatch,303,Near Mint,English,0,0,0,0,0,0,0,Rare,$0.30,$0.31
29,8,"Heliod, God of the Sun",Theros,47,Near Mint,English,0,0,0,0,0,0,0,MythicRare,$4.00,$4.29
4,4,Helionaut,Apocalypse,168,Near Mint,English,0,0,0,0,0,0,0,Common,$0.15,$0.15
2,2,Hell Swarm,Legends,110,Near Mint,English,0,0,0,0,0,0,0,Common,$0.15,$0.19
1,1,Hellfire,Legends,125,Played,English,0,0,0,0,0,0,0,Rare,$11.90,$15.90
20,8,Hellion Crucible,Magic 2013,93,Near Mint,English,0,0,0,0,0,0,0,Rare,$0.30,$0.26
9,8,Hellkite Igniter,Mirrodin Besieged,91,Near Mint,English,0,0,0,0,0,0,0,Rare,$0.30,$0.32
3,3,Hellkite Tyrant,Gatecrash,95,Near Mint,English,0,0,0,0,0,0,0,MythicRare,$3.00,$3.32
9,8,Hellrider,Dark Ascension,43,Near Mint,English,0,0,0,0,0,0,0,Rare,$0.55,$0.57
1,1,Helm of Awakening,Visions,25,Near Mint,English,0,0,0,0,0,0,0,Uncommon,$1.00,$1.03
1,1,Helm of Chatzuk,Fourth Edition,318,Near Mint,English,0,0,0,0,0,0,0,Rare,$0.30,$0.29
2,2,Helm of Chatzuk,Revised Edition,92,Near Mint,English,0,0,0,0,0,0,0,Rare,$0.30,$0.30
23,8,Helm of the Gods,Magic Origins,68,Near Mint,English,0,0,0,0,0,0,0,Rare,$0.30,$0.33
24,8,Helvault,Dark Ascension,199,Near Mint,English,0,0,0,0,0,0,0,MythicRare,$0.99,$0.67
1,1,Henge Guardian,Mercadian Masques,186,Near Mint,English,0,0,0,0,0,0,0,Uncommon,$0.15,$0.17
2,2,Henge of Ramos,Mercadian Masques,71,Near Mint,English,0,0,0,0,0,0,0,Uncommon,$0.15,$0.19
22,8,Herald of Anafenza,Khans of Tarkir,94,Near Mint,English,0,0,0,0,0,0,0,Rare,$0.30,$0.30
23,8,Herald of the Pantheon,Magic Origins,95,Near Mint,English,0,0,0,0,0,0,0,Rare,$0.65,$0.62
34,8,Herald of Torment,Born of the Gods,94,Near Mint,English,0,0,0,0,0,0,0,Rare,$0.30,$0.26
43,8,Heretic's Punishment,Innistrad,69,Near Mint,English,0,0,0,0,0,0,0,Rare,$0.30,$0.29
2,2,Hermetic Study,Urza's Saga,246,Near Mint,English,0,0,0,0,0,0,0,Common,$0.15,$0.17
1,1,Hero of Bladehold,Mirrodin Besieged,87,Near Mint,English,0,0,0,0,0,0,0,MythicRare,$8.00,$8.04
33,8,Hero of Goma Fada,Battle for Zendikar,95,Near Mint,English,0,0,0,0,0,0,0,Rare,$0.30,$0.29
26,8,Hero of Iroas,Born of the Gods,105,Near Mint,English,0,0,0,0,0,0,0,Rare,$0.75,$0.82
18,8,Hero of Leina Tower,Born of the Gods,96,Near Mint,English,0,0,0,0,0,0,0,Rare,$0.30,$0.29
11,8,Hero of Oxid Ridge,Mirrodin Besieged,120,Near Mint,English,0,0,0,0,0,0,0,MythicRare,$0.99,$0.93
14,8,Hero's Downfall,Theros,164,Near Mint,English,0,0,0,0,0,0,0,Rare,$2.00,$1.93
5,5,Heroes' Bane,Journey into Nyx,123,Near Mint,English,0,0,0,0,0,0,0,Rare,$0.65,$0.62
20,8,Heroes' Podium,Born of the Gods,151,Near Mint,English,0,0,0,0,0,0,0,Rare,$0.30,$0.25
3,3,Heroes' Reunion,Invasion,33,Near Mint,English,0,0,0,0,0,0,0,Uncommon,$0.25,$0.30
3,3,Heroic Defiance,Planeshift,46,Near Mint,English,0,0,0,0,0,0,0,Common,$0.10,$0.14
6,6,Heroism,Fallen Empires,247,Near Mint,English,0,0,0,0,0,0,0,Uncommon,$0.15,$0.17
8,8,Hex Parasite,New Phyrexia,173,Near Mint,English,0,0,0,0,0,0,0,Rare,$0.55,$0.55
4,4,Hickory Woodlot,Mercadian Masques,72,Near Mint,English,0,0,0,0,0,0,0,Common,$0.15,$0.15
1,1,Hidden Ancients,Urza's Saga,73,Near Mint,English,0,0,0,0,0,0,0,Uncommon,$0.15,$0.21
33,8,Hidden Dragonslayer,Dragons of Tarkir,49,Near Mint,English,0,0,0,0,0,0,0,Rare,$1.00,$1.20
1,1,Hidden Path,The Dark,176,Near Mint,English,0,0,0,0,0,0,0,Rare,$0.65,$0.69
1,1,Hidden Retreat,Stronghold,194,Near Mint,English,0,0,0,0,0,0,0,Rare,$0.30,$0.30
2,2,Hidden Spider,Urza's Saga,74,Near Mint,English,0,0,0,0,0,0,0,Common,$0.15,$0.16
1,1,High Ground,Exodus,248,Near Mint,English,0,0,0,0,0,0,0,Uncommon,$0.15,$0.19
2,2,High Market,Mercadian Masques,100,Near Mint,English,0,0,0,0,0,0,0,Rare,$4.00,$3.95
40,8,High Priest of Penance,Gatecrash,185,Near Mint,English,0,0,0,0,0,0,0,Rare,$0.65,$0.61
2,2,High Seas,Mercadian Masques,75,Near Mint,English,0,0,0,0,0,0,0,Uncommon,$0.15,$0.18
37,8,High Sentinels of Arashin,Khans of Tarkir,40,Near Mint,English,0,0,0,0,0,0,0,Rare,$0.30,$0.31
5,5,High Tide,Fallen Empires,16,Near Mint,English,0,0,0,0,0,0,0,Common,$0.50,$0.56
6,6,High Tide,Fallen Empires,112,Near Mint,English,0,0,0,0,0,0,0,Common,$0.50,$0.56
7,7,High Tide,Fallen Empires,201,Near Mint,English,0,0,0,0,0,0,0,Common,$0.50,$0.54
4,4,Highway Robber,Mercadian Masques,76,Near Mint,English,0,0,0,0,0,0,0,Common,$0.15,$0.15
4,4,Hinterland Harbor,Innistrad,217,Near Mint,English,0,0,0,0,0,0,0,Rare,$5.00,$5.19
1,1,Hipparion,Ice Age,77,Near Mint,English,0,0,0,0,0,0,0,Uncommon,$0.15,$0.17
1,1,Hired Giant,Mercadian Masques,77,Near Mint,English,0,0,0,0,0,0,0,Uncommon,$0.15,$0.18
10,8,Hissing Quagmire,Oath of the Gatewatch,109,Near Mint,English,0,0,0,0,0,0,0,Rare,$3.75,$4.06
27,8,"Hixus, Prison Warden",Magic Origins,101,Near Mint,English,0,0,0,0,0,0,0,Rare,$0.30,$0.30
1,1,Hoar Shade,Ice Age,3,Near Mint,English,0,0,0,0,0,0,0,Common,$0.10,$0.14
3,3,Hoard-Smelter Dragon,Scars of Mirrodin,98,Near Mint,English,0,0,0,0,0,0,0,Rare,$0.30,$0.31
12,8,Hoarding Dragon,Magic 2015 Core Set,120,Near Mint,English,0,0,0,0,0,0,0,Rare,$0.15,$0.24
7,7,Hobble,Planeshift,141,Near Mint,English,0,0,0,0,0,0,0,Common,$0.15,$0.15
3,3,Hollow Dogs,Urza's Saga,5,Near Mint,English,0,0,0,0,0,0,0,Common,$0.10,$0.14
4,4,Hollow Trees,Fallen Empires,52,Near Mint,English,0,0,0,0,0,0,0,Rare,$0.65,$0.63
3,3,Hollow Warrior,Prophecy,136,Near Mint,English,0,0,0,0,0,0,0,Uncommon,$0.15,$0.19
1,1,Holy Armor,Fourth Edition,7,Near Mint,English,0,0,0,0,0,0,0,Common,$0.10,$0.14
8,8,Holy Armor,Revised Edition,6,Near Mint,English,0,0,0,0,0,0,0,Common,$0.10,$0.14
4,4,Holy Day,Invasion,56,Near Mint,English,0,0,0,0,0,0,0,Common,$0.15,$0.24
5,5,Holy Light,The Dark,182,Near Mint,English,0,0,0,0,0,0,0,Common,$0.25,$0.25
1,1,Holy Strength,Fourth Edition,98,Near Mint,English,0,0,0,0,0,0,0,Common,$0.15,$0.15
6,6,Holy Strength,Revised Edition,8,Near Mint,English,0,0,0,0,0,0,0,Common,$0.10,$0.14
5,5,Homarid,Fallen Empires,235,Near Mint,English,0,0,0,0,0,0,0,Common,$0.10,$0.14
6,6,Homarid,Fallen Empires,68,Near Mint,English,0,0,0,0,0,0,0,Common,$0.15,$0.17
7,7,Homarid,Fallen Empires,98,Near Mint,English,0,0,0,0,0,0,0,Common,$0.15,$0.17
7,7,Homarid,Fallen Empires,22,Near Mint,English,0,0,0,0,0,0,0,Common,$0.15,$0.17
2,2,Homarid Shaman,Fallen Empires,156,Near Mint,English,0,0,0,0,0,0,0,Rare,$0.30,$0.35
4,4,Homarid Spawning Bed,Fallen Empires,54,Near Mint,English,0,0,0,0,0,0,0,Uncommon,$0.15,$0.21
5,5,Homarid Warrior,Fallen Empires,288,Near Mint,English,0,0,0,0,0,0,0,Common,$0.10,$0.14
5,5,Homarid Warrior,Fallen Empires,3,Near Mint,English,0,0,0,0,0,0,0,Common,$0.15,$0.16
6,6,Homarid Warrior,Fallen Empires,72,Near Mint,English,0,0,0,0,0,0,0,Common,$0.15,$0.16
1,1,Honor Guard,Stronghold,8,Near Mint,English,0,0,0,0,0,0,0,Common,$0.15,$0.15
3,3,Honor of the Pure,Magic 2012,205,Near Mint,English,0,0,0,0,0,0,0,Rare,$1.75,$1.95
1,1,Honorable Passage,Visions,57,Near Mint,English,0,0,0,0,0,0,0,Uncommon,$0.15,$0.18
5,5,Honorable Scout,Planeshift,6,Near Mint,English,0,0,0,0,0,0,0,Common,$0.10,$0.14
28,8,Honored Hierarch,Magic Origins,36,Near Mint,English,0,0,0,0,0,0,0,Rare,$0.45,$0.42
13,8,Hooded Hydra,Khans of Tarkir,137,Near Mint,English,0,0,0,0,0,0,0,MythicRare,$1.00,$1.12
4,4,Hooded Kavu,Invasion,315,Near Mint,English,0,0,0,0,0,0,0,Common,$0.10,$0.14
4,4,Hoodwink,Mercadian Masques,3,Near Mint,English,0,0,0,0,0,0,0,Common,$0.15,$0.17
1,1,Hope Charm,Visions,8,Near Mint,English,0,0,0,0,0,0,0,Common,$0.15,$0.15
1,1,Hopping Automaton,Urza's Saga,99,Near Mint,English,0,0,0,0,0,0,0,Uncommon,$0.15,$0.18
1,1,Horn of Deafening,Chronicles,88,Near Mint,English,0,0,0,0,0,0,0,Rare,$0.30,$0.27
3,3,Horned Cheetah,Invasion,294,Near Mint,English,0,0,0,0,0,0,0,Uncommon,$0.15,$0.18
6,6,Horned Kavu,Planeshift,57,Near Mint,English,0,0,0,0,0,0,0,Common,$0.15,$0.16
4,4,Horned Troll,Mercadian Masques,175,Near Mint,English,0,0,0,0,0,0,0,Common,$0.10,$0.14
4,4,Hornet Cobra,Legends,78,Near Mint,English,0,0,0,0,0,0,0,Common,$0.15,$0.19
11,8,Hornet Nest,Magic 2015 Core Set,111,Near Mint,English,0,0,0,0,0,0,0,Rare,$1.25,$1.17
9,8,Hornet Queen,Magic 2015 Core Set,133,Near Mint,English,0,0,0,0,0,0,0,Rare,$1.00,$1.01
1,1,Horrible Hordes,Mirage,54,Near Mint,English,0,0,0,0,0,0,0,Uncommon,$0.15,$0.17
2,2,Horror of Horrors,Legends,40,Near Mint,English,0,0,0,0,0,0,0,Uncommon,$0.50,$0.45
1,1,Horseshoe Crab,Urza's Saga,67,Near Mint,English,0,0,0,0,0,0,0,Common,$0.15,$0.16
36,8,Hound of Griselbrand,Avacyn Restored,148,Near Mint,English,0,0,0,0,0,0,0,Rare,$0.30,$0.37
1,1,Howl from Beyond,Revised Edition,44,Good (Lightly Played),English,0,0,0,0,0,0,0,Common,$0.10,$0.13
1,1,Howl from Beyond,Classic Sixth Edition,19,Near Mint,English,0,0,0,0,0,0,0,Common,$0.15,$0.16
9,8,Howl from Beyond,Revised Edition,173,Near Mint,English,0,0,0,0,0,0,0,Common,$0.10,$0.13
32,8,Howl of the Horde,Khans of Tarkir,28,Near Mint,English,0,0,0,0,0,0,0,Rare,$0.30,$0.30
1,1,Howling Mine,Fifth Edition,74,Played,English,0,0,0,0,0,0,0,Rare,$2.31,$2.61
1,1,Howling Mine,Fourth Edition,302,Near Mint,English,0,0,0,0,0,0,0,Rare,$2.34,$2.83
1,1,Howling Mine,Fourth Edition,55,Good (Lightly Played),English,0,0,0,0,0,0,0,Rare,$2.75,$2.83
4,4,Howling Wolf,Mercadian Masques,240,Near Mint,English,0,0,0,0,0,0,0,Common,$0.10,$0.14
9,8,Hull Breach,Planeshift,51,Near Mint,English,0,0,0,0,0,0,0,Common,$0.15,$0.21
1,1,Humility,Tempest,38,Near Mint,English,0,0,0,0,0,0,0,Rare,$22.20,$21.87
3,3,Humility,Tempest,184,Good (Lightly Played),English,0,0,0,0,0,0,0,Rare,$24.00,$21.87
50,8,Hundred-Handed One,Theros,43,Near Mint,English,0,0,0,0,0,0,0,Rare,$0.30,$0.34
2,2,Hungry Mist,Homelands,58,Near Mint,English,0,0,0,0,0,0,0,Common,$0.15,$0.16
1,1,Hunted Wumpus,Mercadian Masques,218,Near Mint,English,0,0,0,0,0,0,0,Uncommon,$0.15,$0.19
25,8,Hunter's Prowess,Born of the Gods,19,Near Mint,English,0,0,0,0,0,0,0,Rare,$0.15,$0.24
6,6,Hunting Drake,Planeshift,244,Near Mint,English,0,0,0,0,0,0,0,Common,$0.10,$0.14
1,1,Hunting Kavu,Invasion,9,Near Mint,English,0,0,0,0,0,0,0,Uncommon,$0.15,$0.18
1,1,Huntmaster of the Fells,Dark Ascension,64,Near Mint,English,0,0,0,0,0,0,0,MythicRare,$13.25,$13.62
3,3,Hurkyl's Recall,Revised Edition,129,Near Mint,English,0,0,0,0,0,0,0,Rare,$3.50,$3.75
1,1,Hurloon Minotaur,Fourth Edition,52,Near Mint,English,0,0,0,0,0,0,0,Common,$0.10,$0.14
3,3,Hurricane,Revised Edition,134,Near Mint,English,0,0,0,0,0,0,0,Uncommon,$0.15,$0.19
1,1,Hush,Urza's Saga,31,Near Mint,English,0,0,0,0,0,0,0,Common,$0.10,$0.14
13,8,Hushwing Gryff,Magic 2015 Core Set,52,Near Mint,English,0,0,0,0,0,0,0,Rare,$0.65,$0.61
1,1,Hyalopterous Lemure,Ice Age,32,Near Mint,English,0,0,0,0,0,0,0,Uncommon,$0.15,$0.17
15,8,Hydra Broodmaster,Journey into Nyx,52,Near Mint,English,0,0,0,0,0,0,0,Rare,$0.65,$0.64
2,2,Hydroblast,Ice Age,70,Near Mint,English,0,0,0,0,0,0,0,Common,$0.50,$0.58
5,5,Hymn to Tourach,Fallen Empires,141,Near Mint,English,0,0,0,0,0,0,0,Common,$0.00,$1.49
5,5,Hymn to Tourach,Fallen Empires,226,Near Mint,English,0,0,0,0,0,0,0,Common,$0.00,$1.49
6,6,Hymn to Tourach,Fallen Empires,73,Near Mint,English,0,0,0,0,0,0,0,Common,$0.00,$1.49
8,8,Hymn to Tourach,Fallen Empires,1,Near Mint,English,0,0,0,0,0,0,0,Common,$0.00,$1.43
1,1,Hyperion Blacksmith,Legends,45,Good (Lightly Played),English,0,0,0,0,0,0,0,Uncommon,$0.25,$0.37
1,1,Hyperion Blacksmith,Legends,121,Near Mint,English,0,0,0,0,0,0,0,Uncommon,$0.25,$0.37
43,8,Hypersonic Dragon,Return to Ravnica,118,Near Mint,English,0,0,0,0,0,0,0,Rare,$0.30,$0.30
4,4,Hypnotic Cloud,Invasion,54,Near Mint,English,0,0,0,0,0,0,0,Common,$0.10,$0.14
20,8,Hypnotic Siren,Journey into Nyx,98,Near Mint,English,0,0,0,0,0,0,0,Rare,$0.30,$0.32
3,3,Hypnotic Specter,Revised Edition,163,Near Mint,English,0,0,0,0,0,0,0,Uncommon,$0.75,$0.82
21,8,Hythonia the Cruel,Theros,162,Near Mint,English,0,0,0,0,0,0,0,MythicRare,$0.99,$0.71
4,4,Icatian Infantry,Fallen Empires,279,Near Mint,English,0,0,0,0,0,0,0,Common,$0.10,$0.14
5,5,Icatian Infantry,Fallen Empires,34,Near Mint,English,0,0,0,0,0,0,0,Common,$0.15,$0.17
6,6,Icatian Infantry,Fallen Empires,127,Near Mint,English,0,0,0,0,0,0,0,Common,$0.15,$0.17
8,8,Icatian Infantry,Fallen Empires,7,Near Mint,English,0,0,0,0,0,0,0,Common,$0.15,$0.17
6,6,Icatian Javelineers,Fallen Empires,61,Near Mint,English,0,0,0,0,0,0,0,Common,$0.15,$0.18
6,6,Icatian Javelineers,Fallen Empires,145,Near Mint,English,0,0,0,0,0,0,0,Common,$0.15,$0.19
7,7,Icatian Javelineers,Fallen Empires,87,Near Mint,English,0,0,0,0,0,0,0,Common,$0.15,$0.18
1,1,Icatian Lieutenant,Fallen Empires,21,Near Mint,English,0,0,0,0,0,0,0,Rare,$0.30,$0.32
4,4,Icatian Moneychanger,Fallen Empires,159,Near Mint,English,0,0,0,0,0,0,0,Common,$0.15,$0.17
4,4,Icatian Moneychanger,Fallen Empires,59,Near Mint,English,0,0,0,0,0,0,0,Common,$0.15,$0.17
8,8,Icatian Moneychanger,Fallen Empires,283,Near Mint,English,0,0,0,0,0,0,0,Common,$0.10,$0.14
10,8,Icatian Phalanx,Fallen Empires,182,Near Mint,English,0,0,0,0,0,0,0,Uncommon,$0.15,$0.17
5,5,Icatian Priest,Fallen Empires,103,Near Mint,English,0,0,0,0,0,0,0,Uncommon,$0.15,$0.17
6,6,Icatian Scout,Fallen Empires,7,Near Mint,English,0,0,0,0,0,0,0,Common,$0.15,$0.17
6,6,Icatian Scout,Fallen Empires,94,Near Mint,English,0,0,0,0,0,0,0,Common,$0.15,$0.17
7,7,Icatian Scout,Fallen Empires,283,Near Mint,English,0,0,0,0,0,0,0,Common,$0.10,$0.14
9,8,Icatian Scout,Fallen Empires,85,Near Mint,English,0,0,0,0,0,0,0,Common,$0.15,$0.17
3,3,Icatian Skirmishers,Fallen Empires,102,Near Mint,English,0,0,0,0,0,0,0,Rare,$0.30,$0.35
5,5,Icatian Store,Fallen Empires,187,Near Mint,English,0,0,0,0,0,0,0,Rare,$0.45,$0.45
1,1,Icatian Town,Fallen Empires,166,Near Mint,English,0,0,0,0,0,0,0,Rare,$0.30,$0.30
1,1,Ice Floe,Ice Age,133,Near Mint,English,0,0,0,0,0,0,0,Uncommon,$0.25,$0.26
29,8,Icefall Regent,Dragons of Tarkir,64,Near Mint,English,0,0,0,0,0,0,0,Rare,$1.00,$1.14
2,2,Icequake,Ice Age,37,Near Mint,English,0,0,0,0,0,0,0,Uncommon,$0.25,$0.35
1,1,Ichneumon Druid,Legends,227,Near Mint,English,0,0,0,0,0,0,0,Uncommon,$0.85,$0.85
42,8,Icy Blast,Khans of Tarkir,29,Near Mint,English,0,0,0,0,0,0,0,Rare,$0.30,$0.30
1,1,Icy Manipulator,Ice Age,263,Near Mint,English,0,0,0,0,0,0,0,Uncommon,$0.50,$0.42
1,1,Ifh-Bíff Efreet,Arabian Nights,1,Poor,English,0,0,0,0,0,0,0,Rare,$0.00,$21.42
1,1,Ignoble Soldier,Mercadian Masques,17,Near Mint,English,0,0,0,0,0,0,0,Uncommon,$0.15,$0.18
1,1,Ill-Gotten Gains,Urza's Saga,116,Near Mint,English,0,0,0,0,0,0,0,Rare,$1.00,$1.39
7,7,Illuminate,Apocalypse,25,Near Mint,English,0,0,0,0,0,0,0,Uncommon,$0.15,$0.20
8,8,Illusion // Reality,Apocalypse,68,Near Mint,English,0,0,0,0,0,0,0,Uncommon,$0.15,$0.17
2,2,Illusionary Forces,Ice Age,283,Near Mint,English,0,0,0,0,0,0,0,Common,$0.10,$0.14
4,4,Illusionist's Bracers,Gatecrash,165,Near Mint,English,0,0,0,0,0,0,0,Rare,$2.00,$1.92
1,1,Illusions of Grandeur,Ice Age,114,Near Mint,English,0,0,0,0,0,0,0,Rare,$5.25,$4.73
20,8,Illusory Gains,Dragons of Tarkir,99,Near Mint,English,0,0,0,0,0,0,0,Rare,$0.30,$0.32
1,1,Imaginary Pet,Urza's Saga,244,Near Mint,English,0,0,0,0,0,0,0,Rare,$0.30,$0.30
2,2,Immolation,Legends,183,Near Mint,English,0,0,0,0,0,0,0,Common,$0.15,$0.19
2,2,Immolation,Legends,132,Good (Lightly Played),English,0,0,0,0,0,0,0,Common,$0.15,$0.19
22,8,Immortal Servitude,Gatecrash,44,Near Mint,English,0,0,0,0,0,0,0,Rare,$0.55,$0.55
4,4,Implements of Sacrifice,Fallen Empires,87,Near Mint,English,0,0,0,0,0,0,0,Rare,$0.30,$0.29
2,2,Implode,Planeshift,24,Near Mint,English,0,0,0,0,0,0,0,Uncommon,$0.15,$0.21
21,8,Imposing Sovereign,Magic 2014 Core Set,213,Near Mint,English,0,0,0,0,0,0,0,Rare,$0.45,$0.43
3,3,Imposing Visage,Ice Age,67,Near Mint,English,0,0,0,0,0,0,0,Common,$0.10,$0.14
3,3,In Garruk's Wake,Magic 2015 Core Set,111,Near Mint,English,0,0,0,0,0,0,0,Rare,$0.55,$0.56
1,1,In the Eye of Chaos,Legends,112,Near Mint,English,0,0,0,0,0,0,0,Rare,$42.75,$44.62
3,3,Incinerate,Ice Age,25,Near Mint,English,0,0,0,0,0,0,0,Common,$0.15,$0.20
26,8,Increasing Ambition,Dark Ascension,92,Near Mint,English,0,0,0,0,0,0,0,Rare,$1.00,$1.01
1,1,Increasing Confusion,Dark Ascension,136,Near Mint,English,0,0,0,0,0,0,0,Rare,$1.50,$1.62
3,3,Increasing Devotion,Dark Ascension,219,Near Mint,English,0,0,0,0,0,0,0,Rare,$0.55,$0.57
14,8,Increasing Savagery,Dark Ascension,115,Near Mint,English,0,0,0,0,0,0,0,Rare,$0.90,$0.87
39,8,Increasing Vengeance,Dark Ascension,251,Near Mint,English,0,0,0,0,0,0,0,Rare,$1.25,$1.34
1,1,Indentured Djinn,Mercadian Masques,111,Near Mint,English,0,0,0,0,0,0,0,Uncommon,$0.25,$0.27
14,8,Indestructibility,Magic 2014 Core Set,100,Near Mint,English,0,0,0,0,0,0,0,Rare,$0.55,$0.54
4,4,Indestructible Aura,Legends,121,Near Mint,English,0,0,0,0,0,0,0,Common,$0.15,$0.21
5,5,Index,Apocalypse,69,Near Mint,English,0,0,0,0,0,0,0,Common,$0.15,$0.15
2,2,Indomitable Archangel,Scars of Mirrodin,160,Near Mint,English,0,0,0,0,0,0,0,MythicRare,$1.50,$1.49
16,8,Indulgent Tormentor,Magic 2015 Core Set,48,Near Mint,English,0,0,0,0,0,0,0,Rare,$0.75,$0.75
13,8,Inexorable Blob,Shadows over Innistrad,15,Near Mint,English,0,0,0,0,0,0,0,Rare,$0.30,$0.35
2,2,Inexorable Tide,Scars of Mirrodin,35,Near Mint,English,0,0,0,0,0,0,0,Rare,$0.65,$0.66
1,1,Infernal Harvest,Visions,55,Near Mint,English,0,0,0,0,0,0,0,Common,$0.15,$0.15
1,1,Infernal Medusa,Legends,199,Good (Lightly Played),English,0,0,0,0,0,0,0,Uncommon,$1.39,$1.34
1,1,Infernal Medusa,Legends,142,Near Mint,English,0,0,0,0,0,0,0,Uncommon,$1.50,$1.34
1,1,Infernal Spawn of Evil,Unglued,45,Near Mint,English,0,0,0,0,0,0,0,Rare,$2.00,$2.22
1,1,Infernal Tribute,Weatherlight,117,Near Mint,English,0,0,0,0,0,0,0,Rare,$1.00,$1.07
2,2,Inferno,The Dark,37,Good (Lightly Played),English,0,0,0,0,0,0,0,Rare,$0.90,$0.87
15,8,Infiltrate,Nemesis,89,Near Mint,English,0,0,0,0,0,0,0,Common,$0.10,$0.14
22,8,Infinite Obliteration,Magic Origins,127,Near Mint,English,0,0,0,0,0,0,0,Rare,$1.75,$1.62
22,8,Infinite Reflection,Avacyn Restored,46,Near Mint,English,0,0,0,0,0,0,0,Rare,$0.30,$0.37
5,5,Inflame,Prophecy,103,Near Mint,English,0,0,0,0,0,0,0,Common,$0.10,$0.14
3,3,Infuse,Ice Age,170,Near Mint,English,0,0,0,0,0,0,0,Common,$0.10,$0.14
4,4,Initiates of the Ebon Hand,Fallen Empires,178,Near Mint,English,0,0,0,0,0,0,0,Common,$0.15,$0.16
5,5,Initiates of the Ebon Hand,Fallen Empires,133,Near Mint,English,0,0,0,0,0,0,0,Common,$0.10,$0.14
7,7,Initiates of the Ebon Hand,Fallen Empires,154,Near Mint,English,0,0,0,0,0,0,0,Common,$0.15,$0.16
2,2,Inkmoth Nexus,Mirrodin Besieged,207,Near Mint,English,0,0,0,0,0,0,0,Rare,$26.50,$27.47
5,5,Inquisition,The Dark,123,Near Mint,English,0,0,0,0,0,0,0,Common,$0.10,$0.14
1,1,Inquisition of Kozilek,Rise of the Eldrazi,286,Near Mint,English,0,0,0,0,0,0,0,Uncommon,$13.50,$14.88
10,8,Insolence,Planeshift,116,Near Mint,English,0,0,0,0,0,0,0,Common,$0.10,$0.14
2,2,Instigator,Mercadian Masques,63,Near Mint,English,0,0,0,0,0,0,0,Rare,$0.30,$0.30
28,8,Instigator Gang,Innistrad,2,Near Mint,English,0,0,0,0,0,0,0,Rare,$0.90,$0.85
3,3,Instill Energy,Revised Edition,135,Near Mint,English,0,0,0,0,0,0,0,Uncommon,$0.15,$0.23
4,4,Insubordination,Mercadian Masques,28,Near Mint,English,0,0,0,0,0,0,0,Common,$0.10,$0.14
1,1,Intervene,Urza's Legacy,101,Near Mint,English,0,0,0,0,0,0,0,Common,$0.10,$0.14
1,1,Intimidation,Mercadian Masques,60,Near Mint,English,0,0,0,0,0,0,0,Uncommon,$0.15,$0.22
12,8,Into the Wilds,Magic 2014 Core Set,213,Near Mint,English,0,0,0,0,0,0,0,Rare,$0.45,$0.43
1,1,Intrepid Hero,Urza's Saga,88,Near Mint,English,0,0,0,0,0,0,0,Rare,$1.00,$1.02
12,8,Intrepid Hero,Magic 2013,119,Near Mint,English,0,0,0,0,0,0,0,Rare,$0.75,$0.80
7,7,Invader Parasite,New Phyrexia,16,Near Mint,English,0,0,0,0,0,0,0,Rare,$0.30,$0.32
15,8,Inverter of Truth,Oath of the Gatewatch,200,Near Mint,English,0,0,0,0,0,0,0,MythicRare,$0.99,$0.97
4,4,Invigorate,Mercadian Masques,141,Near Mint,English,0,0,0,0,0,0,0,Common,$0.60,$0.83
3,3,Inviolability,Mercadian Masques,142,Near Mint,English,0,0,0,0,0,0,0,Common,$0.15,$0.20
1,1,Invisibility,Unlimited Edition,34,Near Mint,English,0,0,0,0,0,0,0,Common,$0.25,$0.36
2,2,Invisibility,Unlimited Edition,60,Good (Lightly Played),English,0,0,0,0,0,0,0,Common,$0.25,$0.36
2,2,Invisibility,Unlimited Edition,74,Played,English,0,0,0,0,0,0,0,Common,$0.25,$0.36
13,8,Invocation of Saint Traft,Shadows over Innistrad,300,Near Mint,English,0,0,0,0,0,0,0,Rare,$0.30,$0.33
32,8,Ire Shaman,Dragons of Tarkir,109,Near Mint,English,0,0,0,0,0,0,0,Rare,$0.30,$0.38
1,1,"Iroas, God of Victory",Journey into Nyx,41,Near Mint,English,0,0,0,0,0,0,0,MythicRare,$7.75,$7.97
1,1,Iron Lance,Mercadian Masques,23,Near Mint,English,0,0,0,0,0,0,0,Uncommon,$0.15,$0.17
2,2,Iron Star,Revised Edition,109,Good (Lightly Played),English,0,0,0,0,0,0,0,Uncommon,$0.15,$0.16
1,1,Ironroot Treefolk,Fourth Edition,162,Near Mint,English,0,0,0,0,0,0,0,Common,$0.15,$0.15
7,7,Ironroot Treefolk,Revised Edition,126,Near Mint,English,0,0,0,0,0,0,0,Common,$0.10,$0.13
6,6,Irrigation Ditch,Invasion,18,Near Mint,English,0,0,0,0,0,0,0,Common,$0.15,$0.16
1,1,Island,Unhinged,110,Near Mint,English,0,0,0,0,0,0,0,BasicLand,$0.00,$9.98
1,1,Island Fish Jasconius,Revised Edition,106,Near Mint,English,0,0,0,0,0,0,0,Rare,$0.30,$0.30
10,8,Isolated Chapel,Innistrad,279,Near Mint,English,0,0,0,0,0,0,0,Rare,$3.50,$3.53
40,8,"Isperia, Supreme Judge",Return to Ravnica,77,Near Mint,English,0,0,0,0,0,0,0,MythicRare,$0.99,$0.78
1,1,Ivory Cup,Limited Edition Beta,112,Played,English,0,0,0,0,0,0,0,Uncommon,$1.49,$1.93
2,2,Ivory Cup,Revised Edition,18,Near Mint,English,0,0,0,0,0,0,0,Uncommon,$0.15,$0.15
1,1,Ivory Mask,Mercadian Masques,49,Near Mint,English,0,0,0,0,0,0,0,Rare,$0.75,$0.76
1,1,Ivory Tower,Revised Edition,148,Played,English,0,0,0,0,0,0,0,Rare,$1.06,$1.28
20,8,Ivorytusk Fortress,Khans of Tarkir,139,Near Mint,English,0,0,0,0,0,0,0,Rare,$0.30,$0.27
1,1,Jabari's Banner,Weatherlight,212,Near Mint,English,0,0,0,0,0,0,0,Uncommon,$0.15,$0.21
1,1,"Jace, Memory Adept",Magic 2012,48,Near Mint,English,0,0,0,0,0,0,0,Rare,$6.25,$6.17
4,4,"Jace, Memory Adept",Magic 2014 Core Set,300,Near Mint,English,0,0,0,0,0,0,0,Rare,$6.00,$6.19
6,6,"Jace, the Living Guildpact",Magic 2015 Core Set,207,Near Mint,English,0,0,0,0,0,0,0,Rare,$2.75,$2.85
1,1,"Jace, the Mind Sculptor",Eternal Masters,89,Near Mint,English,0,0,0,0,0,0,0,MythicRare,$66.75,$69.10
1,1,"Jace, Unraveler of Secrets",Shadows over Innistrad,105,Near Mint,English,0,0,0,0,0,0,0,MythicRare,$6.25,$6.77
4,4,"Jace, Vryn's Prodigy",Magic Origins,84,Near Mint,English,0,0,0,0,0,0,0,MythicRare,$31.50,$32.17
1,1,Jace's Archivist,Magic 2012,214,Near Mint,English,0,0,0,0,0,0,0,MythicRare,$0.45,$0.41
18,8,Jace's Mindseeker,Magic 2014 Core Set,203,Near Mint,English,0,0,0,0,0,0,0,MythicRare,$0.30,$0.26
21,8,Jace's Sanctum,Magic Origins,220,Near Mint,English,0,0,0,0,0,0,0,MythicRare,$0.55,$0.50
2,2,Jackalope Herd,Exodus,53,Near Mint,English,0,0,0,0,0,0,0,Common,$0.10,$0.14
1,1,Jade Leech,Invasion,195,Near Mint,English,0,0,0,0,0,0,0,Rare,$0.30,$0.29
4,4,Jaded Response,Apocalypse,127,Near Mint,English,0,0,0,0,0,0,0,Common,$0.10,$0.14
2,2,"Jalira, Master Polymorphist",Magic 2015 Core Set,249,Near Mint,English,0,0,0,0,0,0,0,Rare,$0.30,$0.26
1,1,Jalum Tome,Antiquities,98,Near Mint,English,0,0,0,0,0,0,0,Uncommon,$0.50,$0.73
1,1,Jamuraan Lion,Visions,28,Near Mint,English,0,0,0,0,0,0,0,Common,$0.15,$0.15
2,2,Jandor's Ring,Revised Edition,156,Near Mint,English,0,0,0,0,0,0,0,Rare,$0.30,$0.28
1,1,Jandor's Saddlebags,Revised Edition,43,Near Mint,English,0,0,0,0,0,0,0,Rare,$0.30,$0.29
1,1,Jangling Automaton,Weatherlight,5,Near Mint,English,0,0,0,0,0,0,0,Common,$0.10,$0.14
33,8,Jar of Eyeballs,Dark Ascension,111,Near Mint,English,0,0,0,0,0,0,0,Rare,$0.30,$0.29
12,8,"Jarad, Golgari Lich Lord",Return to Ravnica,118,Near Mint,English,0,0,0,0,0,0,0,Rare,$1.00,$1.08
50,8,Jarad's Orders,Return to Ravnica,179,Near Mint,English,0,0,0,0,0,0,0,MythicRare,$0.30,$0.35
1,1,Jayemdae Tome,Revised Edition,128,Near Mint,English,0,0,0,0,0,0,0,Rare,$0.30,$0.29
20,8,Jeering Instigator,Khans of Tarkir,60,Near Mint,English,0,0,0,0,0,0,0,Rare,$0.30,$0.27
79,8,Jeskai Ascendancy,Khans of Tarkir,35,Near Mint,English,0,0,0,0,0,0,0,Rare,$0.75,$0.76
31,8,Jeskai Infiltrator,Fate Reforged,108,Near Mint,English,0,0,0,0,0,0,0,Rare,$0.30,$0.28
2,2,Jester's Cap,Ice Age,73,Near Mint,English,0,0,0,0,0,0,0,Rare,$2.00,$2.22
1,1,Jeweled Torque,Mercadian Masques,176,Near Mint,English,0,0,0,0,0,0,0,Uncommon,$0.15,$0.17
1,1,Jhovall Queen,Mercadian Masques,214,Near Mint,English,0,0,0,0,0,0,0,Rare,$0.45,$0.45
1,1,Jhovall Rider,Mercadian Masques,6,Near Mint,English,0,0,0,0,0,0,0,Uncommon,$0.15,$0.17
4,4,Jilt,Apocalypse,69,Near Mint,English,0,0,0,0,0,0,0,Common,$0.15,$0.15
1,1,Jinxed Ring,Stronghold,84,Near Mint,English,0,0,0,0,0,0,0,Rare,$0.30,$0.33
4,4,"Jolrael, Empress of Beasts",Prophecy,29,Near Mint,English,0,0,0,0,0,0,0,Common,$0.30,$0.37
1,1,Jolrael's Centaur,Mirage,6,Near Mint,English,0,0,0,0,0,0,0,Rare,$0.10,$0.14
1,1,Jolt,Mirage,33,Near Mint,English,0,0,0,0,0,0,0,Common,$0.15,$0.15
4,4,Jolting Merfolk,Nemesis,8,Near Mint,English,0,0,0,0,0,0,0,Uncommon,$0.15,$0.21
14,8,"Jor Kadeen, the Prevailer",New Phyrexia,215,Near Mint,English,0,0,0,0,0,0,0,Rare,$0.30,$0.33
38,8,"Jori En, Ruin Diver",Oath of the Gatewatch,36,Near Mint,English,0,0,0,0,0,0,0,Rare,$0.65,$0.60
1,1,Jovial Evil,Legends,109,Near Mint,English,0,0,0,0,0,0,0,Rare,$4.50,$5.23
5,5,Juggernaut,Revised Edition,56,Near Mint,English,0,0,0,0,0,0,0,Uncommon,$0.15,$0.20
5,5,Jump,Revised Edition,188,Near Mint,English,0,0,0,0,0,0,0,Common,$0.10,$0.14
7,7,Jungle Barrier,Apocalypse,77,Near Mint,English,0,0,0,0,0,0,0,Uncommon,$0.15,$0.18
1,1,Jungle Basin,Visions,213,Near Mint,English,0,0,0,0,0,0,0,Uncommon,$0.25,$0.30
1,1,Jungle Wurm,Mirage,188,Near Mint,English,0,0,0,0,0,0,0,Common,$0.10,$0.14
2,2,Juniper Order Druid,Ice Age,134,Near Mint,English,0,0,0,0,0,0,0,Common,$0.15,$0.15
2,2,Juxtapose,Legends,44,Near Mint,English,0,0,0,0,0,0,0,Rare,$1.75,$2.18
1,1,Kaalia of the Vast,Commander,248,Played,English,0,0,0,0,0,0,0,MythicRare,$34.00,$40.75
1,1,Kaalia of the Vast,Commander,57,Near Mint,English,0,0,0,0,0,0,0,MythicRare,$40.00,$40.75
1,1,Kaervek's Torch,Mirage,79,Near Mint,English,0,0,0,0,0,0,0,Common,$0.15,$0.19
1,1,"Kalitas, Traitor of Ghet",Oath of the Gatewatch,88,Near Mint,English,0,0,0,0,0,0,0,MythicRare,$23.75,$24.72
2,2,Kalonian Hydra,Magic 2014 Core Set,198,Near Mint,English,0,0,0,0,0,0,0,MythicRare,$10.50,$10.83
7,7,Kalonian Twingrove,Magic 2015 Core Set,132,Near Mint,English,0,0,0,0,0,0,0,Rare,$0.30,$0.34
1,1,"Kangee, Aerie Keeper",Invasion,262,Near Mint,English,0,0,0,0,0,0,0,Rare,$0.55,$0.54
1,1,Karakas,Eternal Masters,222,Near Mint,English,0,0,0,0,0,0,0,MythicRare,$68.25,$74.26
1,1,Karakas,Legends,209,Played,English,0,0,0,0,0,0,0,Uncommon,$102.85,$114.18
17,8,"Karametra, God of Harvests",Born of the Gods,94,Near Mint,English,0,0,0,0,0,0,0,MythicRare,$3.25,$3.43
2,2,Karma,Fourth Edition,43,Near Mint,English,0,0,0,0,0,0,0,Uncommon,$0.15,$0.19
4,4,Karma,Revised Edition,105,Near Mint,English,0,0,0,0,0,0,0,Uncommon,$0.15,$0.16
1,1,Karplusan Forest,Classic Sixth Edition,115,Near Mint,English,0,0,0,0,0,0,0,Rare,$6.50,$6.95
1,1,Karplusan Forest,Ice Age,197,Near Mint,English,0,0,0,0,0,0,0,Rare,$7.25,$7.33
1,1,"Karrthus, Tyrant of Jund",Alara Reborn,167,Near Mint,English,0,0,0,0,0,0,0,MythicRare,$14.25,$14.75
4,4,Kavu Aggressor,Invasion,8,Near Mint,English,0,0,0,0,0,0,0,Common,$0.15,$0.15
5,5,Kavu Chameleon,Invasion,187,Near Mint,English,0,0,0,0,0,0,0,Uncommon,$0.15,$0.18
4,4,Kavu Climber,Invasion,124,Near Mint,English,0,0,0,0,0,0,0,Common,$0.10,$0.14
5,5,Kavu Glider,Apocalypse,135,Near Mint,English,0,0,0,0,0,0,0,Common,$0.15,$0.15
7,7,Kavu Howler,Apocalypse,102,Near Mint,English,0,0,0,0,0,0,0,Uncommon,$0.15,$0.18
1,1,Kavu Monarch,Invasion,61,Near Mint,English,0,0,0,0,0,0,0,Rare,$0.30,$0.37
5,5,Kavu Recluse,Planeshift,7,Near Mint,English,0,0,0,0,0,0,0,Common,$0.10,$0.14
2,2,Kavu Runner,Invasion,143,Near Mint,English,0,0,0,0,0,0,0,Uncommon,$0.15,$0.18
4,4,Kavu Scout,Invasion,126,Near Mint,English,0,0,0,0,0,0,0,Common,$0.10,$0.14
1,1,Kavu Titan,Invasion,154,Near Mint,English,0,0,0,0,0,0,0,Rare,$0.75,$0.83
1,1,Keeper of the Beasts,Exodus,68,Near Mint,English,0,0,0,0,0,0,0,Uncommon,$0.15,$0.18
1,1,Keeper of the Flame,Exodus,135,Near Mint,English,0,0,0,0,0,0,0,Uncommon,$0.15,$0.20
2,2,Keeper of the Mind,Exodus,169,Near Mint,English,0,0,0,0,0,0,0,Uncommon,$0.15,$0.19
4,4,Keepers of the Faith,Legends,169,Near Mint,English,0,0,0,0,0,0,0,Common,$0.15,$0.19
4,4,Keldon Battlewagon,Prophecy,11,Near Mint,English,0,0,0,0,0,0,0,Rare,$0.30,$0.28
8,8,Keldon Mantle,Planeshift,8,Near Mint,English,0,0,0,0,0,0,0,Common,$0.10,$0.14
2,2,Keldon Necropolis,Invasion,132,Near Mint,English,0,0,0,0,0,0,0,Rare,$0.30,$0.36
1,1,Kelsinko Ranger,Ice Age,137,Near Mint,English,0,0,0,0,0,0,0,Common,$0.10,$0.14
19,8,"Kemba, Kha Regent",Scars of Mirrodin,236,Near Mint,English,0,0,0,0,0,0,0,Rare,$0.45,$0.41
15,8,"Keranos, God of Storms",Journey into Nyx,280,Near Mint,English,0,0,0,0,0,0,0,MythicRare,$11.00,$11.72
41,8,Kessig Cagebreakers,Innistrad,116,Near Mint,English,0,0,0,0,0,0,0,Rare,$0.30,$0.31
1,1,Kessig Wolf Run,Innistrad,138,Near Mint,English,0,0,0,0,0,0,0,Rare,$2.25,$2.28
1,1,Kezzerdrix,Tempest,148,Near Mint,English,0,0,0,0,0,0,0,Rare,$0.30,$0.29
36,8,Kheru Lich Lord,Khans of Tarkir,228,Near Mint,English,0,0,0,0,0,0,0,Rare,$0.30,$0.28
30,8,Kheru Spellsnatcher,Khans of Tarkir,102,Near Mint,English,0,0,0,0,0,0,0,Rare,$0.30,$0.27
3,3,"Kiki-Jiki, Mirror Breaker",Modern Masters 2015 Edition,131,Near Mint,English,0,0,0,0,0,0,0,MythicRare,$14.75,$16.13
2,2,Kill Switch,Nemesis,30,Near Mint,English,0,0,0,0,0,0,0,Rare,$0.30,$0.38
1,1,Killer Whale,Exodus,242,Near Mint,English,0,0,0,0,0,0,0,Uncommon,$0.15,$0.20
11,8,Killing Wave,Avacyn Restored,18,Near Mint,English,0,0,0,0,0,0,0,Rare,$0.90,$0.92
1,1,King Cheetah,Visions,136,Near Mint,English,0,0,0,0,0,0,0,Common,$0.15,$0.15
1,1,King Crab,Urza's Legacy,121,Near Mint,English,0,0,0,0,0,0,0,Uncommon,$0.15,$0.18
13,8,"King Macar, the Gold-Cursed",Journey into Nyx,137,Near Mint,English,0,0,0,0,0,0,0,Rare,$0.30,$0.27
34,8,"Kiora, Master of the Depths",Battle for Zendikar,142,Near Mint,English,0,0,0,0,0,0,0,MythicRare,$2.75,$3.03
8,8,"Kiora, the Crashing Wave",Born of the Gods,165,Near Mint,English,0,0,0,0,0,0,0,MythicRare,$2.75,$2.98
1,1,"Kira, Great Glass-Spinner",Betrayers of Kamigawa,100,Near Mint,English,0,0,0,0,0,0,0,Rare,$16.50,$15.66
2,2,"Kira, Great Glass-Spinner",Modern Masters,131,Near Mint,English,0,0,0,0,0,0,0,Rare,$15.50,$15.66
1,1,Kismet,Fourth Edition,12,Near Mint,English,0,0,0,0,0,0,0,Uncommon,$0.15,$0.24
1,1,Kitchen Finks,Shadowmoor,115,Near Mint,English,0,0,0,0,0,0,0,Uncommon,$14.75,$14.97
2,2,Kitchen Finks,Modern Masters,56,Near Mint,English,0,0,0,0,0,0,0,Uncommon,$14.50,$14.15
2,2,Kithkin Armor,Weatherlight,57,Near Mint,English,0,0,0,0,0,0,0,Common,$0.15,$0.16
2,2,Kjeldoran Dead,Ice Age,34,Near Mint,English,0,0,0,0,0,0,0,Common,$0.15,$0.16
1,1,Kjeldoran Guard,Ice Age,106,Near Mint,English,0,0,0,0,0,0,0,Common,$0.10,$0.14
1,1,Kjeldoran Warrior,Ice Age,130,Near Mint,English,0,0,0,0,0,0,0,Common,$0.10,$0.14
1,1,Knight of the Mists,Visions,139,Near Mint,English,0,0,0,0,0,0,0,Common,$0.15,$0.15
1,1,Knight of the Reliquary,Conflux,46,Near Mint,English,0,0,0,0,0,0,0,Rare,$11.00,$11.67
9,8,Knight of the White Orchid,Magic Origins,95,Near Mint,English,0,0,0,0,0,0,0,Rare,$3.25,$3.31
1,1,Knight of Valor,Visions,58,Near Mint,English,0,0,0,0,0,0,0,Common,$0.15,$0.15
1,1,Knights of Thorn,The Dark,37,Near Mint,English,0,0,0,0,0,0,0,Rare,$0.90,$0.87
7,7,Knowledge Pool,Mirrodin Besieged,137,Near Mint,English,0,0,0,0,0,0,0,Rare,$0.30,$0.28
1,1,Knowledge Vault,Legends,221,Near Mint,English,0,0,0,0,0,0,0,Rare,$3.50,$4.05
44,8,"Kolaghan, the Storm's Fury",Fate Reforged,31,Near Mint,English,0,0,0,0,0,0,0,Rare,$0.55,$0.56
5,5,Kolaghan's Command,Dragons of Tarkir,90,Near Mint,English,0,0,0,0,0,0,0,Rare,$8.75,$9.41
1,1,Kookus,Visions,130,Near Mint,English,0,0,0,0,0,0,0,Rare,$0.30,$0.32
2,2,Kor Haven,Nemesis,282,Near Mint,English,0,0,0,0,0,0,0,Rare,$7.25,$7.30
2,2,Kor Spiritdancer,Planechase 2012,65,Near Mint,English,0,0,0,0,0,0,0,Rare,$13.25,$13.34
4,4,Kor Spiritdancer,Rise of the Eldrazi,211,Near Mint,English,0,0,0,0,0,0,0,Rare,$12.00,$12.77
1,1,Kormus Bell,Revised Edition,180,Near Mint,English,0,0,0,0,0,0,0,Rare,$0.30,$0.30
1,1,Koskun Keep,Homelands,14,Near Mint,English,0,0,0,0,0,0,0,Uncommon,$0.15,$0.21
26,8,"Kothophed, Soul Hoarder",Magic Origins,88,Near Mint,English,0,0,0,0,0,0,0,Rare,$0.45,$0.41
3,3,"Kozilek, Butcher of Truth",Modern Masters 2015 Edition,251,Near Mint,English,0,0,0,0,0,0,0,MythicRare,$20.00,$20.86
12,8,"Kozilek, the Great Distortion",Oath of the Gatewatch,314,Near Mint,English,0,0,0,0,0,0,0,MythicRare,$4.75,$5.02
4,4,Kris Mage,Mercadian Masques,26,Near Mint,English,0,0,0,0,0,0,0,Common,$0.10,$0.14
1,1,Krovikan Sorcerer,Ice Age,89,Near Mint,English,0,0,0,0,0,0,0,Common,$0.10,$0.14
4,4,Krovikan Vampire,Ice Age,149,Near Mint,English,0,0,0,0,0,0,0,Uncommon,$0.25,$0.29
3,3,Kruin Outlaw,Innistrad,100,Near Mint,English,0,0,0,0,0,0,0,Rare,$2.00,$1.99
15,8,"Kruphix, God of Horizons",Journey into Nyx,177,Near Mint,English,0,0,0,0,0,0,0,MythicRare,$6.25,$6.55
2,2,Kry Shield,Legends,49,Near Mint,English,0,0,0,0,0,0,0,Uncommon,$0.25,$0.39
2,2,Kudzu,Revised Edition,182,Near Mint,English,0,0,0,0,0,0,0,Rare,$0.30,$0.31
1,1,Kukemssa Pirates,Mirage,183,Near Mint,English,0,0,0,0,0,0,0,Rare,$0.30,$0.39
3,3,Kuldotha Forgemaster,Scars of Mirrodin,30,Near Mint,English,0,0,0,0,0,0,0,Rare,$2.25,$2.26
11,8,Kuldotha Phoenix,Scars of Mirrodin,146,Near Mint,English,0,0,0,0,0,0,0,Rare,$0.30,$0.28
3,3,"Kurkesh, Onakke Ancient",Magic 2015 Core Set,117,Near Mint,English,0,0,0,0,0,0,0,Rare,$0.30,$0.27
1,1,Kyren Archive,Mercadian Masques,118,Near Mint,English,0,0,0,0,0,0,0,Rare,$0.30,$0.29
4,4,Kyren Glider,Mercadian Masques,42,Near Mint,English,0,0,0,0,0,0,0,Common,$0.10,$0.14
2,2,Kyren Legate,Mercadian Masques,14,Near Mint,English,0,0,0,0,0,0,0,Uncommon,$0.15,$0.21
1,1,Kyren Negotiations,Mercadian Masques,138,Near Mint,English,0,0,0,0,0,0,0,Uncommon,$0.15,$0.22
4,4,Kyren Sniper,Mercadian Masques,182,Near Mint,English,0,0,0,0,0,0,0,Common,$0.10,$0.14
1,1,Kyren Toy,Mercadian Masques,180,Near Mint,English,0,0,0,0,0,0,0,Rare,$0.30,$0.37
1,1,"Kytheon, Hero of Akros",Magic Origins,121,Near Mint,English,0,0,0,0,0,0,0,Rare,$10.93,$10.02
1,1,"Kytheon, Hero of Akros",Magic Origins,222,Near Mint,Japanese,0,0,0,0,0,0,0,MythicRare,$11.88,$10.02
41,8,Kytheon's Irregulars,Magic Origins,38,Near Mint,Korean,0,0,0,0,0,0,0,MythicRare,$0.30,$0.27
1,1,Lab Rats,Stronghold,155,Near Mint,English,0,0,0,0,0,0,0,Common,$0.15,$0.18
6,6,Laboratory Maniac,Innistrad,92,Near Mint,English,0,0,0,0,0,0,0,Rare,$3.00,$3.09
50,8,Labyrinth Champion,Theros,83,Near Mint,English,0,0,0,0,0,0,0,Rare,$0.30,$0.27
7,7,Laccolith Grunt,Nemesis,213,Near Mint,English,0,0,0,0,0,0,0,Common,$0.10,$0.14
8,8,Laccolith Rig,Nemesis,146,Near Mint,English,0,0,0,0,0,0,0,Common,$0.10,$0.14
1,1,Laccolith Titan,Nemesis,26,Near Mint,English,0,0,0,0,0,0,0,Rare,$0.30,$0.32
2,2,Laccolith Warrior,Nemesis,141,Near Mint,English,0,0,0,0,0,0,0,Uncommon,$0.15,$0.21
10,8,Laccolith Whelp,Nemesis,195,Near Mint,English,0,0,0,0,0,0,0,Common,$0.10,$0.14
1,1,Lady Caleria,Legends,31,Near Mint,English,0,0,0,0,0,0,0,Rare,$3.75,$4.56
2,2,Lance,Revised Edition,109,Near Mint,English,0,0,0,0,0,0,0,Uncommon,$0.15,$0.16
2,2,Land Cap,Ice Age,304,Near Mint,English,0,0,0,0,0,0,0,Rare,$0.30,$0.32
4,4,Land Grant,Mercadian Masques,40,Near Mint,English,0,0,0,0,0,0,0,Common,$0.25,$0.38
5,5,Land Leeches,The Dark,118,Near Mint,English,0,0,0,0,0,0,0,Common,$0.10,$0.14
2,2,Land Tax,Fourth Edition,104,Near Mint,English,0,0,0,0,0,0,0,Rare,$13.25,$13.36
3,3,Land's Edge,Legends,108,Near Mint,English,0,0,0,0,0,0,0,Rare,$10.75,$14.03
1,1,Languish,Magic Origins,123,Near Mint,English,0,0,0,0,0,0,0,Rare,$5.25,$5.51
26,8,Lantern Scout,Battle for Zendikar,85,Near Mint,English,0,0,0,0,0,0,0,Rare,$0.75,$0.76
1,1,Lapis Lazuli Talisman,Ice Age,127,Near Mint,English,0,0,0,0,0,0,0,Uncommon,$0.15,$0.19
1,1,Larceny,Mercadian Masques,9,Near Mint,English,0,0,0,0,0,0,0,Uncommon,$0.15,$0.21
7,7,Lashknife,Nemesis,165,Near Mint,English,0,0,0,0,0,0,0,Common,$0.10,$0.14
3,3,Lashknife Barrier,Planeshift,79,Near Mint,English,0,0,0,0,0,0,0,Uncommon,$0.15,$0.21
4,4,Lashwrithe,New Phyrexia,158,Near Mint,English,0,0,0,0,0,0,0,Rare,$0.45,$0.47
2,2,Last Breath,Mercadian Masques,283,Near Mint,English,0,0,0,0,0,0,0,Uncommon,$0.25,$0.25
4,4,Last Caress,Apocalypse,104,Near Mint,English,0,0,0,0,0,0,0,Common,$0.10,$0.14
6,6,Latulla's Orders,Prophecy,3,Near Mint,English,0,0,0,0,0,0,0,Common,$0.10,$0.14
2,2,Launch,Urza's Saga,112,Near Mint,English,0,0,0,0,0,0,0,Common,$0.15,$0.16
11,8,Launch the Fleet,Journey into Nyx,38,Near Mint,English,0,0,0,0,0,0,0,Rare,$0.65,$0.67
4,4,Lava Axe,Urza's Legacy,80,Near Mint,English,0,0,0,0,0,0,0,Common,$0.15,$0.15
6,6,Lava Zombie,Planeshift,3,Near Mint,English,0,0,0,0,0,0,0,Common,$0.10,$0.14
46,8,Lavinia of the Tenth,Dragon's Maze,247,Near Mint,English,0,0,0,0,0,0,0,Rare,$0.30,$0.25
12,8,Lawbringer,Nemesis,216,Near Mint,English,0,0,0,0,0,0,0,Common,$0.10,$0.14
4,4,Lay of the Land,Apocalypse,148,Near Mint,English,0,0,0,0,0,0,0,Common,$0.15,$0.16
7,7,"Lazav, Dimir Mastermind",Gatecrash,166,Near Mint,English,0,0,0,0,0,0,0,MythicRare,$2.50,$2.73
1,1,Lead-Belly Chimera,Visions,148,Near Mint,English,0,0,0,0,0,0,0,Uncommon,$0.15,$0.20
2,2,Leap,Stronghold,39,Near Mint,English,0,0,0,0,0,0,0,Common,$0.10,$0.14
1,1,Leering Gargoyle,Mirage,69,Near Mint,English,0,0,0,0,0,0,0,Rare,$0.30,$0.31
11,8,Legion's Initiative,Dragon's Maze,71,Near Mint,English,0,0,0,0,0,0,0,MythicRare,$1.50,$1.60
2,2,Legions of Lim-Dûl,Ice Age,234,Near Mint,English,0,0,0,0,0,0,0,Common,$0.10,$0.11
10,8,Leonin Arbiter,Scars of Mirrodin,52,Near Mint,English,0,0,0,0,0,0,0,Rare,$4.75,$4.73
1,1,Lesser Gargadon,Prophecy,148,Near Mint,English,0,0,0,0,0,0,0,Uncommon,$0.15,$0.20
1,1,Lesser Werewolf,Legends,121,Near Mint,English,0,0,0,0,0,0,0,Uncommon,$0.50,$0.71
1,1,Lesser Werewolf,Legends,120,Good (Lightly Played),English,0,0,0,0,0,0,0,Uncommon,$0.50,$0.71
1,1,Leviathan,The Dark,38,Near Mint,English,0,0,0,0,0,0,0,Rare,$0.90,$0.90
1,1,Levitation,Urza's Legacy,184,Near Mint,English,0,0,0,0,0,0,0,Uncommon,$0.15,$0.18
1,1,Ley Line,Mercadian Masques,8,Near Mint,English,0,0,0,0,0,0,0,Uncommon,$0.15,$0.18
4,4,Library of Leng,Revised Edition,190,Near Mint,English,0,0,0,0,0,0,0,Uncommon,$0.25,$0.30
1,1,Lich,Unlimited Edition,152,Near Mint,English,0,0,0,0,0,0,0,Rare,$29.00,$31.36
4,4,Liege of the Hollows,Weatherlight,123,Near Mint,English,0,0,0,0,0,0,0,Rare,$0.75,$0.83
7,7,Life // Death,Apocalypse,229,Near Mint,English,0,0,0,0,0,0,0,Uncommon,$0.25,$0.26
5,5,Life Chisel,Legends,50,Near Mint,English,0,0,0,0,0,0,0,Uncommon,$0.75,$0.84
1,1,Life Matrix,Legends,216,Near Mint,English,0,0,0,0,0,0,0,Rare,$3.25,$3.72
5,5,Life's Finale,New Phyrexia,247,Near Mint,English,0,0,0,0,0,0,0,Rare,$1.75,$1.74
13,8,Life's Legacy,Magic 2015 Core Set,3,Near Mint,English,0,0,0,0,0,0,0,Rare,$0.30,$0.39
10,8,Lifebane Zombie,Magic 2014 Core Set,265,Near Mint,English,0,0,0,0,0,0,0,Rare,$0.55,$0.57
3,3,Lifeforce,Revised Edition,138,Near Mint,English,0,0,0,0,0,0,0,Uncommon,$0.15,$0.19
1,1,Lifelace,Fourth Edition,12,Near Mint,English,0,0,0,0,0,0,0,Rare,$0.30,$0.27
2,2,Lifeline,Urza's Saga,73,Near Mint,English,0,0,0,0,0,0,0,Rare,$4.00,$3.77
2,2,Lifetap,Revised Edition,139,Near Mint,English,0,0,0,0,0,0,0,Uncommon,$0.15,$0.16
8,8,Lightbringer,Nemesis,236,Near Mint,English,0,0,0,0,0,0,0,Common,$0.10,$0.14
2,2,Lightning Bolt,Revised Edition,65,Near Mint,English,0,0,0,0,0,0,0,Common,$2.25,$2.46
4,4,Lightning Bolt,Revised Edition,31,Near Mint,English,0,0,0,0,0,0,0,Common,$2.25,$2.46
4,4,Lightning Bolt,Fourth Edition,69,Near Mint,English,0,0,0,0,0,0,0,Common,$2.25,$2.22
1,1,Lightning Elemental,Tempest,189,Near Mint,English,0,0,0,0,0,0,0,Common,$0.10,$0.14
4,4,Lightning Hounds,Mercadian Masques,4,Near Mint,English,0,0,0,0,0,0,0,Common,$0.10,$0.14
1,1,Lightning Reflexes,Mirage,237,Near Mint,English,0,0,0,0,0,0,0,Common,$0.10,$0.13
18,8,Liliana's Reaver,Magic 2014 Core Set,32,Near Mint,English,0,0,0,0,0,0,0,Rare,$0.55,$0.53
1,1,Lilting Refrain,Urza's Saga,140,Near Mint,English,0,0,0,0,0,0,0,Uncommon,$0.15,$0.24
1,1,Lim-Dûl's Cohort,Ice Age,238,Near Mint,English,0,0,0,0,0,0,0,Common,$0.10,$0.10
1,1,"Lin Sivvi, Defiant Hero",Nemesis,123,Near Mint,English,0,0,0,0,0,0,0,Rare,$1.00,$1.23
10,8,"Linvala, the Preserver",Oath of the Gatewatch,247,Near Mint,English,0,0,0,0,0,0,0,MythicRare,$2.75,$2.93
3,3,Livewire Lash,Scars of Mirrodin,158,Near Mint,English,0,0,0,0,0,0,0,Rare,$0.45,$0.40
4,4,Living Airship,Apocalypse,141,Near Mint,English,0,0,0,0,0,0,0,Common,$0.15,$0.15
1,1,Living Armor,The Dark,137,Good (Lightly Played),English,0,0,0,0,0,0,0,Uncommon,$0.15,$0.18
2,2,Living Armor,The Dark,101,Near Mint,English,0,0,0,0,0,0,0,Uncommon,$0.15,$0.18
1,1,Living End,Time Spiral,302,Near Mint,English,0,0,0,0,0,0,0,Rare,$14.00,$14.92
33,8,Living Lore,Dragons of Tarkir,225,Near Mint,English,0,0,0,0,0,0,0,Rare,$0.30,$0.33
1,1,Living Plane,Legends,128,Near Mint,English,0,0,0,0,0,0,0,Rare,$50.00,$47.00
3,3,Living Wall,Revised Edition,101,Near Mint,English,0,0,0,0,0,0,0,Uncommon,$0.15,$0.23
4,4,Llanowar Cavalry,Invasion,130,Near Mint,English,0,0,0,0,0,0,0,Common,$0.10,$0.14
4,4,Llanowar Dead,Apocalypse,80,Near Mint,English,0,0,0,0,0,0,0,Common,$0.15,$0.18
1,1,Llanowar Druid,Weatherlight,9,Near Mint,English,0,0,0,0,0,0,0,Common,$0.15,$0.18
3,3,Llanowar Elite,Invasion,128,Near Mint,English,0,0,0,0,0,0,0,Common,$0.15,$0.16
1,1,Llanowar Elves,Classic Sixth Edition,94,Near Mint,English,0,0,0,0,0,0,0,Common,$0.15,$0.22
14,8,Llanowar Elves,Revised Edition,68,Near Mint,English,0,0,0,0,0,0,0,Common,$0.15,$0.19
4,4,Llanowar Knight,Invasion,319,Near Mint,English,0,0,0,0,0,0,0,Common,$0.10,$0.14
1,1,Llanowar Sentinel,Weatherlight,39,Near Mint,English,0,0,0,0,0,0,0,Common,$0.15,$0.16
3,3,Llanowar Vanguard,Invasion,175,Near Mint,English,0,0,0,0,0,0,0,Common,$0.10,$0.14
6,6,Llanowar Wastes,Magic 2015 Core Set,46,Near Mint,English,0,0,0,0,0,0,0,Rare,$2.00,$2.25
28,8,Llanowar Wastes,Magic Origins,107,Near Mint,English,0,0,0,0,0,0,0,Rare,$1.75,$1.82
1,1,Lobotomy,Invasion,135,Near Mint,English,0,0,0,0,0,0,0,Uncommon,$0.25,$0.26
39,8,Lone Revenant,Avacyn Restored,190,Near Mint,English,0,0,0,0,0,0,0,Rare,$0.30,$0.30
2,2,Lone Wolf,Urza's Legacy,121,Near Mint,English,0,0,0,0,0,0,0,Uncommon,$0.15,$0.18
1,1,Longbow Archer,Visions,25,Near Mint,English,0,0,0,0,0,0,0,Uncommon,$0.25,$0.31
1,1,Looming Shade,Urza's Saga,102,Near Mint,English,0,0,0,0,0,0,0,Common,$0.10,$0.14
1,1,Lord of Atlantis,Revised Edition,141,Near Mint,English,0,0,0,0,0,0,0,Rare,$5.00,$4.82
1,1,Lord of Extinction,Alara Reborn,212,Near Mint,English,0,0,0,0,0,0,0,MythicRare,$16.25,$16.80
6,6,Lord of the Unreal,Magic 2012,114,Near Mint,English,0,0,0,0,0,0,0,Rare,$0.90,$0.87
2,2,Lord of the Void,Gatecrash,279,Near Mint,English,0,0,0,0,0,0,0,MythicRare,$4.00,$4.02
34,8,Lost in the Woods,Dark Ascension,260,Near Mint,English,0,0,0,0,0,0,0,Rare,$0.30,$0.25
1,1,Lost Soul,Legends,11,Near Mint,English,0,0,0,0,0,0,0,Common,$0.15,$0.19
1,1,Lost Soul,Fourth Edition,69,Near Mint,English,0,0,0,0,0,0,0,Common,$0.15,$0.16
1,1,Lost Soul,Classic Sixth Edition,203,Near Mint,English,0,0,0,0,0,0,0,Common,$0.15,$0.16
39,8,Lotleth Troll,Return to Ravnica,40,Near Mint,English,0,0,0,0,0,0,0,Rare,$0.65,$0.74
2,2,Lotus Cobra,Zendikar,75,Near Mint,English,0,0,0,0,0,0,0,MythicRare,$14.50,$15.54
1,1,Lowland Basilisk,Stronghold,162,Near Mint,English,0,0,0,0,0,0,0,Common,$0.15,$0.15
37,8,Loxodon Smiter,Return to Ravnica,77,Near Mint,English,0,0,0,0,0,0,0,Rare,$2.25,$2.43
12,8,Ludevic's Test Subject,Innistrad,117,Near Mint,English,0,0,0,0,0,0,0,Rare,$0.30,$0.31
1,1,Lull,Urza's Saga,185,Near Mint,English,0,0,0,0,0,0,0,Common,$0.15,$0.17
88,8,Lumbering Falls,Battle for Zendikar,71,Near Mint,English,0,0,0,0,0,0,0,Rare,$1.50,$1.75
1,1,Lumbering Satyr,Mercadian Masques,88,Near Mint,English,0,0,0,0,0,0,0,Uncommon,$0.15,$0.18
22,8,Luminate Primordial,Gatecrash,177,Near Mint,English,0,0,0,0,0,0,0,Rare,$0.30,$0.30
43,8,Lunar Mystic,Avacyn Restored,78,Near Mint,English,0,0,0,0,0,0,0,Rare,$0.30,$0.34
4,4,Lunge,Mercadian Masques,134,Near Mint,English,0,0,0,0,0,0,0,Common,$0.10,$0.14
1,1,Lure,Mercadian Masques,220,Near Mint,English,0,0,0,0,0,0,0,Uncommon,$0.15,$0.18
8,8,Lure,Revised Edition,172,Near Mint,English,0,0,0,0,0,0,0,Uncommon,$0.15,$0.16
1,1,Lurker,The Dark,67,Near Mint,English,0,0,0,0,0,0,0,Rare,$0.30,$0.38
1,1,Lurking Evil,Urza's Saga,44,Near Mint,English,0,0,0,0,0,0,0,Rare,$0.30,$0.32
1,1,Lux Cannon,Scars of Mirrodin,93,Near Mint,English,0,0,0,0,0,0,0,MythicRare,$3.00,$3.07
2,2,Maelstrom Pulse,Modern Masters,127,Near Mint,English,0,0,0,0,0,0,0,Rare,$14.75,$14.22
1,1,Maelstrom Wanderer,Eternal Masters,130,Near Mint,English,0,0,0,0,0,0,0,MythicRare,$11.00,$11.49
1,1,Mage il-Vec,Exodus,19,Near Mint,English,0,0,0,0,0,0,0,Common,$0.15,$0.15
30,8,Mage-Ring Responder,Magic Origins,45,Near Mint,English,0,0,0,0,0,0,0,Rare,$0.30,$0.29
2,2,Mageta's Boon,Prophecy,236,Near Mint,English,0,0,0,0,0,0,0,Common,$0.10,$0.14
9,8,Maggot Carrier,Planeshift,47,Near Mint,English,0,0,0,0,0,0,0,Common,$0.10,$0.14
4,4,Maggot Therapy,Mercadian Masques,4,Near Mint,English,0,0,0,0,0,0,0,Common,$0.10,$0.14
1,1,Magical Hack,Fourth Edition,23,Near Mint,English,0,0,0,0,0,0,0,Rare,$0.30,$0.29
3,3,Magical Hack,Revised Edition,22,Near Mint,English,0,0,0,0,0,0,0,Rare,$0.30,$0.29
1,1,Magistrate's Veto,Mercadian Masques,12,Near Mint,English,0,0,0,0,0,0,0,Uncommon,$0.15,$0.19
8,8,Magma Burst,Planeshift,231,Near Mint,English,0,0,0,0,0,0,0,Common,$0.10,$0.14
1,1,Magma Mine,Visions,114,Near Mint,English,0,0,0,0,0,0,0,Uncommon,$0.15,$0.17
30,8,Magmaquake,Magic 2013,24,Near Mint,English,0,0,0,0,0,0,0,Rare,$0.30,$0.30
11,8,Magnetic Mine,Mirrodin Besieged,68,Near Mint,English,0,0,0,0,0,0,0,Rare,$0.30,$0.31
1,1,Magnetic Mountain,Revised Edition,108,Near Mint,English,0,0,0,0,0,0,0,Rare,$0.30,$0.29
2,2,Mahamoti Djinn,Fourth Edition,226,Near Mint,English,0,0,0,0,0,0,0,Rare,$0.30,$0.28
9,8,Mahamoti Djinn,Magic Origins,199,Near Mint,English,0,0,0,0,0,0,0,Rare,$0.45,$0.49
10,8,Mahamoti Djinn,Magic 2015 Core Set,102,Near Mint,English,0,0,0,0,0,0,0,Rare,$0.30,$0.30
7,7,Malicious Advice,Planeshift,3,Near Mint,English,0,0,0,0,0,0,0,Common,$0.10,$0.14
1,1,Malignus,Avacyn Restored,25,Near Mint,English,0,0,0,0,0,0,0,MythicRare,$2.25,$2.28
2,2,Man-o'-War,Visions,259,Near Mint,English,0,0,0,0,0,0,0,Common,$0.25,$0.26
57,8,Mana Bloom,Return to Ravnica,82,Near Mint,English,0,0,0,0,0,0,0,Rare,$0.30,$0.30
2,2,Mana Breach,Exodus,58,Near Mint,English,0,0,0,0,0,0,0,Uncommon,$0.15,$0.22
3,3,Mana Cache,Nemesis,71,Near Mint,English,0,0,0,0,0,0,0,Rare,$0.30,$0.36
1,1,Mana Chains,Weatherlight,2,Near Mint,English,0,0,0,0,0,0,0,Common,$0.10,$0.14
1,1,Mana Clash,The Dark,18,Good (Lightly Played),English,0,0,0,0,0,0,0,Rare,$0.45,$0.48
1,1,Mana Clash,The Dark,150,Near Mint,English,0,0,0,0,0,0,0,Rare,$0.45,$0.48
3,3,Mana Confluence,Journey into Nyx,162,Near Mint,English,0,0,0,0,0,0,0,Rare,$4.50,$4.84
1,1,Mana Crypt,Eternal Masters,223,Near Mint,English,0,0,0,0,0,0,0,MythicRare,$85.75,$93.02
2,2,Mana Cylix,Planeshift,58,Near Mint,English,0,0,0,0,0,0,0,Uncommon,$0.15,$0.22
1,1,Mana Drain,Legends,291,Played,English,0,0,0,0,0,0,0,Uncommon,$174.89,$217.00
1,1,Mana Drain,Legends,197,Good (Lightly Played),English,0,0,0,0,0,0,0,Uncommon,$190.32,$217.00
4,4,Mana Flare,Revised Edition,47,Near Mint,English,0,0,0,0,0,0,0,Rare,$2.00,$2.11
1,1,Mana Maze,Invasion,220,Near Mint,English,0,0,0,0,0,0,0,Rare,$0.45,$0.46
1,1,Mana Short,Revised Edition,41,Near Mint,English,0,0,0,0,0,0,0,Rare,$0.65,$0.69
1,1,Mana Short,Revised Edition,231,Played,English,0,0,0,0,0,0,0,Rare,$0.65,$0.69
2,2,Mana Vapors,Prophecy,15,Near Mint,English,0,0,0,0,0,0,0,Uncommon,$0.15,$0.23
1,1,Mana Vault,Revised Edition,85,Near Mint,English,0,0,0,0,0,0,0,Rare,$10.18,$10.41
4,4,Mana Vault,Revised Edition,221,Good (Lightly Played),English,0,signed,0,0,0,0,0,Rare,$11.00,$10.41
1,1,Mana Vortex,The Dark,221,Good (Lightly Played),English,0,0,0,0,0,0,0,Rare,$3.70,$4.40
2,2,Mana Vortex,The Dark,314,Near Mint,English,0,0,0,0,0,0,0,Rare,$4.00,$4.40
2,2,Manabarbs,Revised Edition,42,Near Mint,English,0,0,0,0,0,0,0,Rare,$0.30,$0.32
12,8,Manabarbs,Magic 2012,15,Near Mint,English,0,0,0,0,0,0,0,Rare,$0.30,$0.30
1,1,Manabond,Exodus,56,Near Mint,English,0,0,0,0,0,0,0,Rare,$4.50,$4.40
4,4,Manacles of Decay,Apocalypse,29,Near Mint,English,0,0,0,0,0,0,0,Common,$0.10,$0.14
33,8,Managorger Hydra,Magic Origins,98,Near Mint,English,0,0,0,0,0,0,0,Rare,$1.50,$1.73
1,1,Mangara's Equity,Mirage,96,Near Mint,English,0,0,0,0,0,0,0,Uncommon,$0.15,$0.18
1,1,Maniacal Rage,Exodus,26,Near Mint,English,0,0,0,0,0,0,0,Common,$0.15,$0.15
4,4,Maniacal Rage,Invasion,5,Near Mint,English,0,0,0,0,0,0,0,Common,$0.10,$0.14
4,4,Manipulate Fate,Invasion,264,Near Mint,English,0,0,0,0,0,0,0,Uncommon,$0.50,$0.43
34,8,Manor Gargoyle,Innistrad,72,Near Mint,English,0,0,0,0,0,0,0,Rare,$0.30,$0.26
55,8,Mantis Rider,Khans of Tarkir,29,Near Mint,English,0,0,0,0,0,0,0,Rare,$0.45,$0.47
1,1,Marble Diamond,Mirage,99,Near Mint,English,0,0,0,0,0,0,0,Uncommon,$0.15,$0.22
1,1,Marble Priest,Legends,265,Good (Lightly Played),English,0,0,0,0,0,0,0,Uncommon,$0.25,$0.36
44,8,March from the Tomb,Battle for Zendikar,175,Near Mint,English,0,0,0,0,0,0,0,Rare,$0.30,$0.37
1,1,March of Souls,Planeshift,309,Near Mint,English,0,0,0,0,0,0,0,Rare,$0.65,$0.61
35,8,Mardu Ascendancy,Khans of Tarkir,103,Near Mint,English,0,0,0,0,0,0,0,Rare,$0.30,$0.34
33,8,Mardu Strike Leader,Fate Reforged,104,Near Mint,English,0,0,0,0,0,0,0,Rare,$0.65,$0.63
14,8,Markov Blademaster,Dark Ascension,97,Near Mint,English,0,0,0,0,0,0,0,Rare,$0.65,$0.69
14,8,Markov Dreadknight,Shadows over Innistrad,85,Near Mint,English,0,0,0,0,0,0,0,Rare,$0.30,$0.28
3,3,Marsh Boa,Prophecy,221,Near Mint,English,0,0,0,0,0,0,0,Common,$0.15,$0.15
2,2,Marsh Crocodile,Planeshift,222,Near Mint,English,0,0,0,0,0,0,0,Uncommon,$0.15,$0.22
1,1,Marsh Flats,Zendikar,192,Near Mint,English,0,0,0,0,0,0,0,Rare,$44.25,$43.99
5,5,Marsh Gas,The Dark,6,Near Mint,English,0,0,0,0,0,0,0,Common,$0.10,$0.14
7,7,Marsh Goblins,The Dark,47,Near Mint,English,0,0,0,0,0,0,0,Common,$0.10,$0.14
5,5,Marsh Viper,The Dark,3,Near Mint,English,0,0,0,0,0,0,0,Common,$0.10,$0.14
62,8,Martial Law,Return to Ravnica,245,Near Mint,English,0,0,0,0,0,0,0,Rare,$0.30,$0.28
1,1,Martyr's Cry,The Dark,99,Near Mint,English,0,0,0,0,0,0,0,Rare,$0.65,$0.71
7,7,Martyrs' Tomb,Apocalypse,64,Near Mint,English,0,0,0,0,0,0,0,Uncommon,$0.15,$0.17
1,1,Mask of the Mimic,Stronghold,36,Near Mint,English,0,0,0,0,0,0,0,Uncommon,$0.25,$0.29
12,8,Mass Calcify,Magic 2015 Core Set,75,Near Mint,English,0,0,0,0,0,0,0,Rare,$0.30,$0.27
4,4,Massacre,Nemesis,309,Near Mint,English,0,0,0,0,0,0,0,Uncommon,$0.35,$0.55
1,1,Master of Arms,Weatherlight,57,Near Mint,English,0,0,0,0,0,0,0,Uncommon,$0.15,$0.20
1,1,Master of Etherium,Duel Decks: Elspeth vs. Tezzeret,143,Near Mint,English,0,0,0,0,0,0,0,Rare,$11.75,$11.17
33,8,Master of Pearls,Khans of Tarkir,129,Near Mint,English,0,0,0,0,0,0,0,Rare,$0.30,$0.27
13,8,Master of Predicaments,Magic 2015 Core Set,78,Near Mint,English,0,0,0,0,0,0,0,Rare,$0.15,$0.23
19,8,Master of the Feast,Journey into Nyx,116,Near Mint,English,0,0,0,0,0,0,0,Rare,$1.00,$1.09
10,8,Master of the Pearl Trident,Magic 2013,305,Near Mint,English,0,0,0,0,0,0,0,Rare,$7.00,$7.66
1,1,Master of the Wild Hunt,Magic 2010,225,Played,English,0,0,0,0,0,0,0,MythicRare,$11.48,$14.55
1,1,Master of the Wild Hunt,Magic 2010,19,Near Mint,English,0,0,0,0,0,0,0,MythicRare,$13.50,$14.55
9,8,Master of Waves,Theros,126,Near Mint,English,0,0,0,0,0,0,0,MythicRare,$4.00,$4.33
34,8,Mastery of the Unseen,Fate Reforged,51,Near Mint,English,0,0,0,0,0,0,0,Rare,$0.45,$0.40
36,8,Matter Reshaper,Oath of the Gatewatch,356,Near Mint,English,0,0,0,0,0,0,0,Rare,$4.00,$3.50
1,1,Maze of Ith,The Dark,50,Near Mint,English,0,0,0,0,0,0,0,Rare,$18.70,$23.97
1,1,Maze of Ith,The Dark,225,Good (Lightly Played),English,0,0,0,0,0,0,0,Uncommon,$20.35,$23.97
2,2,Maze of Ith,The Dark,182,Played,English,0,signed,0,0,0,0,0,Uncommon,$18.70,$23.97
3,3,Maze of Ith,Eternal Masters,54,Played,English,0,0,0,0,0,0,0,Uncommon,$13.50,$14.85
13,8,Maze's End,Dragon's Maze,250,Near Mint,English,0,0,0,0,0,0,0,MythicRare,$0.99,$0.98
42,8,Meandering Towershell,Khans of Tarkir,107,Near Mint,English,0,0,0,0,0,0,0,Rare,$0.30,$0.26
26,8,Medomai the Ageless,Theros,31,Near Mint,English,0,0,0,0,0,0,0,MythicRare,$0.99,$0.83
1,1,Meekstone,Revised Edition,76,Near Mint,English,0,0,0,0,0,0,0,Rare,$1.50,$1.49
13,8,Megantic Sliver,Magic 2014 Core Set,30,Near Mint,English,0,0,0,0,0,0,0,Rare,$0.65,$0.70
1,1,Melee,Ice Age,245,Near Mint,English,0,0,0,0,0,0,0,Uncommon,$0.15,$0.17
15,8,"Melek, Izzet Paragon",Dragon's Maze,149,Near Mint,English,0,0,0,0,0,0,0,Rare,$0.30,$0.31
62,8,Meletis Charlatan,Theros,252,Near Mint,English,0,0,0,0,0,0,0,Rare,$0.15,$0.24
2,2,"Melira, Sylvok Outcast",New Phyrexia,131,Near Mint,English,0,0,0,0,0,0,0,Rare,$8.75,$9.17
1,1,Memoricide,Scars of Mirrodin,27,Near Mint,English,0,0,0,0,0,0,0,Rare,$0.30,$0.35
1,1,Memory Lapse,Mirage,188,Near Mint,English,0,0,0,0,0,0,0,Common,$0.15,$0.19
13,8,Mentor of the Meek,Innistrad,332,Near Mint,English,0,0,0,0,0,0,0,Rare,$1.00,$1.03
1,1,Mercadia's Downfall,Mercadian Masques,129,Near Mint,English,0,0,0,0,0,0,0,Uncommon,$0.15,$0.17
1,1,Mercadian Bazaar,Mercadian Masques,113,Near Mint,English,0,0,0,0,0,0,0,Uncommon,$0.25,$0.30
1,1,Mercenary Informer,Prophecy,13,Near Mint,English,0,0,0,0,0,0,0,Rare,$0.30,$0.35
45,8,Merciless Eviction,Gatecrash,115,Near Mint,English,0,0,0,0,0,0,0,Rare,$0.90,$0.99
36,8,Mercurial Chemister,Return to Ravnica,26,Near Mint,English,0,0,0,0,0,0,0,Rare,$0.30,$0.27
2,2,Mercurial Pretender,Magic 2015 Core Set,10,Near Mint,English,0,0,0,0,0,0,0,Rare,$0.15,$0.24
3,3,Merfolk Assassin,The Dark,74,Near Mint,English,0,0,0,0,0,0,0,Uncommon,$0.35,$0.52
4,4,Merfolk Looter,Exodus,81,Near Mint,English,0,0,0,0,0,0,0,Common,$0.15,$0.16
4,4,Merfolk of the Pearl Trident,Revised Edition,81,Near Mint,English,0,0,0,0,0,0,0,Common,$0.15,$0.15
1,1,Merfolk Raiders,Mirage,9,Near Mint,English,0,0,0,0,0,0,0,Common,$0.10,$0.14
6,6,Merseine,Fallen Empires,159,Near Mint,English,0,0,0,0,0,0,0,Common,$0.10,$0.14
6,6,Merseine,Fallen Empires,21,Near Mint,English,0,0,0,0,0,0,0,Common,$0.15,$0.17
6,6,Merseine,Fallen Empires,89,Near Mint,English,0,0,0,0,0,0,0,Common,$0.15,$0.17
7,7,Merseine,Fallen Empires,244,Near Mint,English,0,0,0,0,0,0,0,Common,$0.15,$0.17
5,5,Mesa Enchantress,Magic 2012,27,Near Mint,English,0,0,0,0,0,0,0,Rare,$0.30,$0.31
1,1,Mesa Falcon,Classic Sixth Edition,97,Near Mint,English,0,0,0,0,0,0,0,Common,$0.10,$0.14
9,8,Mesa Pegasus,Revised Edition,60,Near Mint,English,0,0,0,0,0,0,0,Common,$0.10,$0.14
1,1,Mesmeric Orb,Mirrodin,126,Near Mint,English,0,0,0,0,0,0,0,Rare,$12.00,$11.72
2,2,Metalworker,Urza's Destiny,133,Near Mint,Japanese,0,0,0,0,0,0,0,Rare,$44.85,$37.46
1,1,Metathran Transport,Invasion,55,Near Mint,English,0,0,0,0,0,0,0,Uncommon,$0.15,$0.18
4,4,Metathran Zombie,Invasion,62,Near Mint,English,0,0,0,0,0,0,0,Common,$0.15,$0.15
1,1,Meteor Crater,Planeshift,37,Near Mint,English,0,0,0,0,0,0,0,Rare,$1.50,$1.43
2,2,Meteor Shower,Ice Age,57,Near Mint,English,0,0,0,0,0,0,0,Common,$0.10,$0.14
1,1,Midnight Ritual,Mercadian Masques,25,Near Mint,English,0,0,0,0,0,0,0,Rare,$0.30,$0.30
2,2,Might Weaver,Invasion,18,Near Mint,English,0,0,0,0,0,0,0,Uncommon,$0.15,$0.18
1,1,Mightstone,Antiquities,89,Played,English,0,0,0,0,0,0,0,Uncommon,$0.35,$0.59
2,2,Mijae Djinn,Revised Edition,267,Near Mint,English,0,0,0,0,0,0,0,Rare,$0.30,$0.36
2,2,"Mikaeus, the Lunarch",Innistrad,29,Near Mint,English,0,0,0,0,0,0,0,MythicRare,$3.50,$3.66
1,1,Millstone,Revised Edition,154,Near Mint,English,0,0,0,0,0,0,0,Rare,$0.45,$0.42
2,2,Mimic Vat,Scars of Mirrodin,53,Near Mint,English,0,0,0,0,0,0,0,Rare,$3.00,$3.41
29,8,"Mina and Denn, Wildborn",Oath of the Gatewatch,93,Near Mint,English,0,0,0,0,0,0,0,Rare,$0.55,$0.56
2,2,"Minamo, School at Water's Edge",Champions of Kamigawa,57,Near Mint,English,0,0,0,0,0,0,0,Rare,$24.25,$23.46
1,1,Mind Bomb,The Dark,263,Near Mint,English,0,0,0,0,0,0,0,Rare,$0.65,$0.63
4,4,Mind Extraction,Apocalypse,238,Near Mint,English,0,0,0,0,0,0,0,Common,$0.10,$0.14
1,1,Mind Games,Stronghold,366,Near Mint,English,0,0,0,0,0,0,0,Common,$0.15,$0.16
7,7,Mind Grind,Gatecrash,218,Near Mint,English,0,0,0,0,0,0,0,Rare,$2.00,$2.05
2,2,Mind Maggots,Exodus,186,Near Mint,English,0,0,0,0,0,0,0,Uncommon,$0.15,$0.18
1,1,Mind Over Matter,Exodus,114,Near Mint,English,0,0,0,0,0,0,0,Rare,$13.50,$13.29
1,1,Mind Peel,Stronghold,16,Near Mint,English,0,0,0,0,0,0,0,Uncommon,$0.15,$0.23
2,2,Mind Ravel,Ice Age,135,Near Mint,English,0,0,0,0,0,0,0,Common,$0.10,$0.14
6,6,Mind Slash,Nemesis,77,Near Mint,English,0,0,0,0,0,0,0,Uncommon,$0.50,$0.42
6,6,Mind Swords,Nemesis,46,Near Mint,English,0,0,0,0,0,0,0,Common,$0.10,$0.14
2,2,Mind Twist,Revised Edition,142,Near Mint,English,0,0,0,0,0,0,0,Rare,$2.75,$2.69
6,6,Mind Unbound,Magic 2012,356,Near Mint,English,0,0,0,0,0,0,0,Rare,$0.30,$0.29
2,2,Mindless Automaton,Exodus,356,Near Mint,English,0,0,0,0,0,0,0,Rare,$0.30,$0.34
13,8,Mindreaver,Born of the Gods,356,Near Mint,English,0,0,0,0,0,0,0,Rare,$0.30,$0.26
26,8,Mindshrieker,Innistrad,45,Near Mint,English,0,0,0,0,0,0,0,Rare,$0.30,$0.37
1,1,Mindslaver,Scars of Mirrodin,37,Near Mint,English,0,0,0,0,0,0,0,MythicRare,$5.00,$4.99
12,8,Mindsparker,Magic 2014 Core Set,131,Near Mint,English,0,0,0,0,0,0,0,Rare,$0.30,$0.34
5,5,Mindstab Thrull,Fallen Empires,128,Near Mint,English,0,0,0,0,0,0,0,Common,$0.15,$0.18
5,5,Mindstab Thrull,Fallen Empires,82,Near Mint,English,0,0,0,0,0,0,0,Common,$0.15,$0.17
8,8,Mindstab Thrull,Fallen Empires,173,Near Mint,English,0,0,0,0,0,0,0,Common,$0.15,$0.17
60,8,Mindswipe,Khans of Tarkir,133,Near Mint,English,0,0,0,0,0,0,0,Rare,$0.30,$0.29
13,8,Mindwrack Demon,Shadows over Innistrad,165,Near Mint,English,0,0,0,0,0,0,0,MythicRare,$2.50,$2.78
1,1,Mine Bearer,Prophecy,57,Near Mint,English,0,0,0,0,0,0,0,Common,$0.10,$0.14
7,7,Minotaur Illusionist,Apocalypse,284,Near Mint,English,0,0,0,0,0,0,0,Uncommon,$0.15,$0.17
4,4,Minotaur Tactician,Apocalypse,57,Near Mint,English,0,0,0,0,0,0,0,Common,$0.10,$0.14
7,7,Miracle Worker,The Dark,75,Near Mint,English,0,0,0,0,0,0,0,Common,$0.10,$0.14
6,6,Mire Kavu,Planeshift,22,Near Mint,English,0,0,0,0,0,0,0,Common,$0.10,$0.14
15,8,"Mirko Vosk, Mind Drinker",Dragon's Maze,204,Near Mint,English,0,0,0,0,0,0,0,Rare,$0.90,$0.95
4,4,Mirran Crusader,Mirrodin Besieged,119,Near Mint,English,0,0,0,0,0,0,0,Rare,$1.50,$1.61
12,8,Mirror Mockery,Dragons of Tarkir,43,Near Mint,English,0,0,0,0,0,0,0,Rare,$0.45,$0.46
29,8,Mirror-Mad Phantasm,Innistrad,194,Near Mint,English,0,0,0,0,0,0,0,MythicRare,$0.99,$0.70
5,5,Mirrorpool,Oath of the Gatewatch,172,Near Mint,English,0,0,0,0,0,0,0,MythicRare,$2.00,$2.55
1,1,Mirrorwood Treefolk,Planeshift,61,Near Mint,English,0,0,0,0,0,0,0,Uncommon,$0.15,$0.18
8,8,Mirrorworks,Mirrodin Besieged,78,Near Mint,English,0,0,0,0,0,0,0,Rare,$1.75,$1.67
1,1,Miscalculation,Urza's Legacy,148,Near Mint,English,0,0,0,0,0,0,0,Common,$0.15,$0.23
1,1,Mischievous Poltergeist,Weatherlight,100,Near Mint,English,0,0,0,0,0,0,0,Uncommon,$0.15,$0.21
1,1,Misdirection,Mercadian Masques,58,Near Mint,English,0,0,0,0,0,0,0,Rare,$5.00,$5.62
1,1,Mishra's Factory,Antiquities,160,Near Mint,English,0,0,0,0,0,0,0,Rare,$0.00,$20.28
1,1,Mishra's Factory,Antiquities,58,Played,English,0,0,0,0,0,0,0,Rare,$0.00,$20.28
1,1,Mishra's Factory,Antiquities,26,Good (Lightly Played),English,0,0,0,0,0,0,0,Rare,$0.00,$50.00
1,1,Mishra's Factory,Antiquities,138,Played,English,0,0,0,0,0,0,0,Rare,$0.00,$12.00
1,1,Mishra's Factory,Antiquities,172,Played,English,0,0,0,0,0,0,0,Uncommon,$0.00,$69.00
2,2,Mishra's Factory,Fourth Edition,53,Near Mint,English,0,0,0,0,0,0,0,Uncommon,$1.75,$1.77
1,1,Mishra's Helix,Urza's Saga,142,Near Mint,English,0,0,0,0,0,0,0,Rare,$1.25,$1.32
1,1,Mishra's Workshop,Antiquities,110,Good (Lightly Played),English,0,0,0,0,0,0,0,Rare,$925.00,$975.60
3,3,Misshapen Fiend,Mercadian Masques,88,Near Mint,English,0,0,0,0,0,0,0,Common,$0.10,$0.14
4,4,Misstep,Mercadian Masques,56,Near Mint,English,0,0,0,0,0,0,0,Common,$0.10,$0.14
45,8,Mistcutter Hydra,Theros,112,Near Mint,English,0,0,0,0,0,0,0,Rare,$0.55,$0.50
17,8,Misthollow Griffin,Avacyn Restored,35,Near Mint,English,0,0,0,0,0,0,0,MythicRare,$0.99,$0.93
1,1,Misty Rainforest,Zendikar,125,Near Mint,English,0,0,0,0,0,0,0,Rare,$56.00,$57.14
14,8,Mitotic Manipulation,Mirrodin Besieged,80,Near Mint,English,0,0,0,0,0,0,0,Rare,$0.30,$0.27
25,8,Mizzium Meddler,Magic Origins,119,Near Mint,English,0,0,0,0,0,0,0,Rare,$0.45,$0.46
26,8,Mizzium Mortars,Return to Ravnica,68,Near Mint,English,0,0,0,0,0,0,0,Rare,$0.45,$0.45
1,1,Mob Justice,Stronghold,149,Near Mint,English,0,0,0,0,0,0,0,Common,$0.15,$0.16
17,8,Mob Rule,Fate Reforged,81,Near Mint,English,0,0,0,0,0,0,0,Rare,$0.30,$0.28
1,1,Mobile Fort,Urza's Saga,149,Near Mint,English,0,0,0,0,0,0,0,Uncommon,$0.15,$0.20
6,6,Mogg Alarm,Nemesis,79,Near Mint,English,0,0,0,0,0,0,0,Uncommon,$0.15,$0.24
3,3,Mogg Bombers,Stronghold,143,Near Mint,English,0,0,0,0,0,0,0,Common,$0.15,$0.15
1,1,Mogg Flunkies,Stronghold,150,Near Mint,English,0,0,0,0,0,0,0,Common,$0.15,$0.15
1,1,Mogg Hollows,Tempest,174,Near Mint,English,0,0,0,0,0,0,0,Uncommon,$0.15,$0.17
3,3,Mogg Jailer,Planeshift,177,Near Mint,English,0,0,0,0,0,0,0,Uncommon,$0.15,$0.18
1,1,Mogg Maniac,Stronghold,36,Near Mint,English,0,0,0,0,0,0,0,Uncommon,$0.85,$0.91
4,4,Mogg Salvage,Nemesis,122,Near Mint,English,0,0,0,0,0,0,0,Uncommon,$0.15,$0.20
1,1,Mogg Sentry,Planeshift,82,Near Mint,English,0,0,0,0,0,0,0,Rare,$0.30,$0.31
5,5,Mogg Toady,Nemesis,57,Near Mint,English,0,0,0,0,0,0,0,Common,$0.10,$0.14
3,3,Moggcatcher,Nemesis,209,Near Mint,English,0,0,0,0,0,0,0,Rare,$5.00,$5.17
17,8,"Mogis, God of Slaughter",Born of the Gods,55,Near Mint,English,0,0,0,0,0,0,0,MythicRare,$5.00,$5.17
38,8,Moldgraf Monstrosity,Innistrad,98,Near Mint,English,0,0,0,0,0,0,0,Rare,$0.30,$0.35
1,1,Mole Worms,Ice Age,163,Near Mint,English,0,0,0,0,0,0,0,Uncommon,$0.15,$0.18
27,8,Molten Primordial,Gatecrash,108,Near Mint,English,0,0,0,0,0,0,0,Rare,$0.30,$0.26
11,8,Molten Psyche,Scars of Mirrodin,276,Near Mint,English,0,0,0,0,0,0,0,Rare,$0.30,$0.37
18,8,Molten Vortex,Magic Origins,29,Near Mint,English,0,0,0,0,0,0,0,Rare,$0.55,$0.53
10,8,Moltensteel Dragon,New Phyrexia,142,Near Mint,English,0,0,0,0,0,0,0,Rare,$0.55,$0.50
1,1,Molting Harpy,Mercadian Masques,162,Near Mint,English,0,0,0,0,0,0,0,Uncommon,$0.15,$0.18
4,4,Moment of Silence,Mercadian Masques,246,Near Mint,English,0,0,0,0,0,0,0,Common,$0.15,$0.16
27,8,Monastery Siege,Fate Reforged,264,Near Mint,English,0,0,0,0,0,0,0,Rare,$0.65,$0.63
10,8,Monastery Swiftspear,Khans of Tarkir,240,Near Mint,English,0,0,0,0,0,0,0,Uncommon,$2.25,$2.21
30,8,Mondronen Shaman,Dark Ascension,214,Near Mint,English,0,0,0,0,0,0,0,Rare,$0.45,$0.44
2,2,Monk Realist,Urza's Saga,106,Near Mint,English,0,0,0,0,0,0,0,Common,$0.15,$0.15
2,2,Monomania,Magic 2012,282,Near Mint,English,0,0,0,0,0,0,0,Rare,$0.30,$0.28
4,4,Mons's Goblin Raiders,Revised Edition,58,Near Mint,English,0,0,0,0,0,0,0,Common,$0.10,$0.14
1,1,Moonlit Wake,Mercadian Masques,101,Near Mint,English,0,0,0,0,0,0,0,Uncommon,$0.15,$0.22
2,2,Moonveil Dragon,Dark Ascension,165,Near Mint,English,0,0,0,0,0,0,0,MythicRare,$2.25,$2.28
33,8,Moorland Haunt,Innistrad,112,Near Mint,English,0,0,0,0,0,0,0,Rare,$0.30,$0.28
7,7,Morale,The Dark,89,Near Mint,English,0,0,0,0,0,0,0,Common,$0.10,$0.14
1,1,Morgue Thrull,Stronghold,131,Near Mint,English,0,0,0,0,0,0,0,Common,$0.15,$0.15
6,6,Morgue Toad,Planeshift,66,Near Mint,English,0,0,0,0,0,0,0,Common,$0.10,$0.14
2,2,Mortal Wound,Visions,62,Near Mint,English,0,0,0,0,0,0,0,Common,$0.15,$0.15
1,1,Mortuary,Stronghold,47,Near Mint,English,0,0,0,0,0,0,0,Rare,$0.30,$0.36
1,1,Moss Diamond,Classic Sixth Edition,21,Near Mint,English,0,0,0,0,0,0,0,Uncommon,$0.25,$0.26
2,2,Moss Monster,Legends,62,Near Mint,English,0,0,0,0,0,0,0,Common,$0.15,$0.19
11,8,Mossdog,Nemesis,230,Near Mint,English,0,0,0,0,0,0,0,Common,$0.10,$0.14
2,2,Mountain,Unhinged,230,Near Mint,English,0,0,0,0,0,0,0,BasicLand,$0.00,$6.38
1,1,Mountain Goat,Ice Age,102,Near Mint,English,0,0,0,0,0,0,0,Common,$0.15,$0.15
1,1,Mountain Goat,Classic Sixth Edition,178,Near Mint,English,0,0,0,0,0,0,0,Common,$0.15,$0.15
2,2,Mountain Stronghold,Legends,169,Near Mint,English,0,0,0,0,0,0,0,Uncommon,$0.35,$0.56
1,1,Mountain Yeti,Legends,122,Near Mint,English,0,0,0,0,0,0,0,Uncommon,$0.50,$0.40
4,4,Mournful Zombie,Apocalypse,298,Near Mint,English,0,0,0,0,0,0,0,Common,$0.10,$0.14
4,4,Mourning,Invasion,91,Near Mint,English,0,0,0,0,0,0,0,Common,$0.15,$0.15
2,2,Mox Opal,Scars of Mirrodin,317,Near Mint,English,0,0,0,0,0,0,0,MythicRare,$39.25,$39.15
1,1,Mtenda Lion,Mirage,62,Near Mint,English,0,0,0,0,0,0,0,Common,$0.10,$0.14
2,2,Mulch,Stronghold,187,Near Mint,English,0,0,0,0,0,0,0,Common,$0.15,$0.18
2,2,Multani's Acolyte,Urza's Legacy,189,Near Mint,English,0,0,0,0,0,0,0,Common,$0.15,$0.19
1,1,Multani's Harmony,Planeshift,80,Near Mint,English,0,0,0,0,0,0,0,Uncommon,$0.15,$0.21
64,8,"Munda, Ambush Leader",Battle for Zendikar,222,Near Mint,English,0,0,0,0,0,0,0,Rare,$0.30,$0.29
20,8,Munda's Vanguard,Oath of the Gatewatch,48,Near Mint,English,0,0,0,0,0,0,0,Rare,$0.30,$0.31
1,1,Mundungu,Visions,111,Near Mint,English,0,0,0,0,0,0,0,Uncommon,$0.25,$0.29
2,2,Murderous Betrayal,Nemesis,31,Near Mint,English,0,0,0,0,0,0,0,Rare,$0.30,$0.31
5,5,Murk Dwellers,The Dark,80,Near Mint,English,0,0,0,0,0,0,0,Common,$0.10,$0.14
1,1,Muscle Sliver,Tempest,294,Near Mint,English,0,0,0,0,0,0,0,Common,$0.60,$0.76
2,2,Mutagenic Growth,New Phyrexia,87,Near Mint,English,0,0,0,0,0,0,0,Common,$0.40,$0.74
1,1,Mutavault,Magic 2014 Core Set,33,Near Mint,English,0,0,0,0,0,0,0,Rare,$12.75,$14.22
3,3,Mutavault,Morningtide,171,Near Mint,English,0,0,0,0,0,0,0,Rare,$15.75,$16.30
23,8,Mutilate,Magic 2013,19,Near Mint,English,0,0,0,0,0,0,0,Rare,$0.55,$0.59
4,4,Muzzle,Mercadian Masques,49,Near Mint,English,0,0,0,0,0,0,0,Common,$0.10,$0.14
1,1,Mycosynth Golem,Fifth Dawn,22,Good (Lightly Played),English,0,0,0,0,0,0,0,Rare,$10.41,$12.38
1,1,Mycosynth Golem,Fifth Dawn,224,Played,English,0,0,0,0,0,0,0,Rare,$11.33,$12.38
1,1,Mycosynth Lattice,Darksteel,135,Good (Lightly Played),English,0,0,0,0,0,0,0,Rare,$19.89,$21.51
8,8,Myr Battlesphere,Scars of Mirrodin,325,Near Mint,English,0,0,0,0,0,0,0,Rare,$0.65,$0.67
9,8,Myr Propagator,Scars of Mirrodin,178,Near Mint,English,0,0,0,0,0,0,0,Rare,$0.30,$0.34
10,8,Myr Reservoir,Scars of Mirrodin,43,Near Mint,English,0,0,0,0,0,0,0,Rare,$0.55,$0.56
8,8,Myr Superion,New Phyrexia,108,Near Mint,English,0,0,0,0,0,0,0,Rare,$1.75,$1.77
11,8,Myr Turbine,Mirrodin Besieged,202,Near Mint,English,0,0,0,0,0,0,0,Rare,$1.25,$1.33
11,8,Myr Welder,Mirrodin Besieged,180,Near Mint,English,0,0,0,0,0,0,0,Rare,$0.30,$0.31
50,8,Mystic Genesis,Gatecrash,184,Near Mint,English,0,0,0,0,0,0,0,Rare,$0.15,$0.24
1,1,Mystic Veil,Visions,179,Near Mint,English,0,0,0,0,0,0,0,Common,$0.15,$0.17
1,1,Mystical Tutor,Classic Sixth Edition,207,Near Mint,English,0,0,0,0,0,0,0,Uncommon,$6.50,$6.98
45,8,Myth Realized,Dragons of Tarkir,265,Near Mint,English,0,0,0,0,0,0,0,Rare,$0.65,$0.65
1,1,Nacre Talisman,Ice Age,97,Near Mint,English,0,0,0,0,0,0,0,Uncommon,$0.15,$0.17
5,5,"Nahiri, the Harbinger",Shadows over Innistrad,48,Near Mint,English,0,0,0,0,0,0,0,MythicRare,$23.50,$25.05
4,4,Nakaya Shade,Prophecy,157,Near Mint,English,0,0,0,0,0,0,0,Uncommon,$0.15,$0.20
4,4,Nalathni Dragon,Media Inserts,130,Near Mint,English,0,0,0,0,0,0,0,Special,#N/A,$0.77
2,2,Nameless Race,The Dark,118,Near Mint,English,0,0,0,0,0,0,0,Rare,$0.45,$0.41
1,1,Narset Transcendent,Dragons of Tarkir,105,Near Mint,English,0,0,0,0,0,0,0,MythicRare,$8.50,$8.79
28,8,"Narset, Enlightened Master",Khans of Tarkir,82,Near Mint,English,0,0,0,0,0,0,0,MythicRare,$0.99,$0.91
1,1,Natural Affinity,Mercadian Masques,39,Near Mint,English,0,0,0,0,0,0,0,Rare,$0.45,$0.41
2,2,Natural Emergence,Planeshift,191,Near Mint,English,0,0,0,0,0,0,0,Rare,$0.30,$0.32
3,3,Natural Order,Eternal Masters,54,Near Mint,English,0,0,0,0,0,0,0,MythicRare,$24.75,$26.23
1,1,Nature's Kiss,Weatherlight,217,Near Mint,English,0,0,0,0,0,0,0,Common,$0.10,$0.14
2,2,Nausea,Exodus,133,Near Mint,English,0,0,0,0,0,0,0,Common,$0.15,$0.15
4,4,Necra Disciple,Apocalypse,99,Near Mint,English,0,0,0,0,0,0,0,Common,$0.15,$0.15
7,7,Necra Sanctuary,Apocalypse,147,Near Mint,English,0,0,0,0,0,0,0,Uncommon,$0.15,$0.17
5,5,Necrite,Fallen Empires,100,Near Mint,English,0,0,0,0,0,0,0,Common,$0.15,$0.15
6,6,Necrite,Fallen Empires,90,Near Mint,English,0,0,0,0,0,0,0,Common,$0.15,$0.18
8,8,Necrite,Fallen Empires,60,Near Mint,English,0,0,0,0,0,0,0,Common,$0.15,$0.18
1,1,Necrologia,Exodus,190,Near Mint,English,0,0,0,0,0,0,0,Uncommon,$0.15,$0.20
7,7,Necromancer's Stockpile,Magic 2015 Core Set,138,Near Mint,English,0,0,0,0,0,0,0,Rare,$0.30,$0.27
23,8,Necromaster Dragon,Dragons of Tarkir,187,Near Mint,English,0,0,0,0,0,0,0,Rare,$0.30,$0.33
2,2,Necropolis,The Dark,185,Near Mint,English,0,0,0,0,0,0,0,Uncommon,$0.15,$0.22
49,8,Necropolis Fiend,Khans of Tarkir,183,Near Mint,English,0,0,0,0,0,0,0,Rare,$0.30,$0.27
21,8,Necropolis Regent,Return to Ravnica,45,Near Mint,English,0,0,0,0,0,0,0,MythicRare,$2.00,$2.14
3,3,Necropotence,Ice Age,53,Near Mint,English,0,0,0,0,0,0,0,Rare,$9.00,$8.90
1,1,Necrosavant,Visions,219,Near Mint,English,0,0,0,0,0,0,0,Rare,$0.30,$0.29
12,8,Necrotic Ooze,Scars of Mirrodin,301,Near Mint,English,0,0,0,0,0,0,0,Rare,$1.50,$1.49
31,8,Needle Spires,Oath of the Gatewatch,38,Near Mint,English,0,0,0,0,0,0,0,Rare,$1.50,$1.82
4,4,"Nefarox, Overlord of Grixis",Magic 2013,266,Near Mint,English,0,0,0,0,0,0,0,Rare,$0.65,$0.67
1,1,"Nemata, Grove Guardian",Planeshift,27,Near Mint,English,0,0,0,0,0,0,0,Rare,$1.50,$1.46
20,8,Nephalia Drownyard,Innistrad,41,Near Mint,English,0,0,0,0,0,0,0,Rare,$0.45,$0.45
18,8,Nephalia Moondrakes,Shadows over Innistrad,56,Near Mint,English,0,0,0,0,0,0,0,Rare,$0.30,$0.27
4,4,Nessian Wilds Ravager,Born of the Gods,142,Near Mint,English,0,0,0,0,0,0,0,Rare,$0.30,$0.26
5,5,Nesting Wurm,Nemesis,176,Near Mint,English,0,0,0,0,0,0,0,Uncommon,$0.15,$0.20
1,1,Nether Spirit,Mercadian Masques,153,Near Mint,English,0,0,0,0,0,0,0,Rare,$2.50,$2.61
1,1,Nether Void,Legends,108,Near Mint,English,0,0,0,0,0,0,0,Rare,$367.50,$294.88
5,5,Netter en-Dal,Nemesis,20,Near Mint,English,0,0,0,0,0,0,0,Common,$0.10,$0.14
1,1,Nettling Imp,Unlimited Edition,36,Near Mint,English,0,0,0,0,0,0,0,Uncommon,$0.75,$0.81
7,7,Nettling Imp,Revised Edition,56,Near Mint,English,0,0,0,0,0,0,0,Uncommon,$0.15,$0.22
39,8,Nevermore,Innistrad,195,Near Mint,English,0,0,0,0,0,0,0,Rare,$0.75,$0.75
1,1,Nevinyrral's Disk,Fourth Edition,69,Near Mint,English,0,0,0,0,0,0,0,Rare,$1.14,$2.72
1,1,Nevinyrral's Disk,Fourth Edition,142,Poor,English,0,0,0,0,0,0,0,Rare,$1.49,$2.72
1,1,Nevinyrral's Disk,Fourth Edition,141,Played,English,0,0,0,0,0,0,0,Rare,$1.62,$2.72
1,1,Nevinyrral's Disk,Revised Edition,82,Good (Lightly Played),English,0,0,0,0,0,0,0,Rare,$2.00,$2.31
1,1,Niall Silvain,The Dark,99,Near Mint,English,0,0,0,0,0,0,0,Rare,$0.55,$0.50
7,7,Night // Day,Apocalypse,56,Near Mint,English,0,0,0,0,0,0,0,Uncommon,$0.15,$0.18
1,1,Night of Souls' Betrayal,Champions of Kamigawa,109,Near Mint,English,0,0,0,0,0,0,0,Rare,$10.75,$9.62
4,4,Night Soil,Fallen Empires,65,Near Mint,English,0,0,0,0,0,0,0,Common,$0.15,$0.18
7,7,Night Soil,Fallen Empires,57,Near Mint,English,0,0,0,0,0,0,0,Common,$0.15,$0.16
7,7,Night Soil,Fallen Empires,151,Near Mint,English,0,0,0,0,0,0,0,Common,$0.15,$0.18
67,8,Nighthowler,Theros,44,Near Mint,English,0,0,0,0,0,0,0,Rare,$0.30,$0.29
7,7,Nightmare,Magic 2014 Core Set,151,Near Mint,English,0,0,0,0,0,0,0,Rare,$0.30,$0.28
7,7,Nightmare,Magic 2015 Core Set,32,Near Mint,English,0,0,0,0,0,0,0,Rare,$0.30,$0.32
8,8,Nightmare,Magic Origins,184,Near Mint,English,0,0,0,0,0,0,0,Rare,$0.45,$0.44
4,4,Nightscape Apprentice,Invasion,191,Near Mint,English,0,0,0,0,0,0,0,Common,$0.10,$0.14
2,2,Nightscape Battlemage,Planeshift,89,Near Mint,English,0,0,0,0,0,0,0,Uncommon,$0.15,$0.21
8,8,Nightscape Familiar,Planeshift,193,Near Mint,English,0,0,0,0,0,0,0,Common,$0.15,$0.21
13,8,Nightveil Specter,Gatecrash,113,Near Mint,English,0,0,0,0,0,0,0,Rare,$0.90,$0.97
4,4,Nightwind Glider,Mercadian Masques,231,Near Mint,English,0,0,0,0,0,0,0,Common,$0.10,$0.14
2,2,Nimbus Maze,Future Sight,137,Near Mint,English,0,0,0,0,0,0,0,Rare,$29.00,$29.14
1,1,"Nissa, Voice of Zendikar",Oath of the Gatewatch,74,Near Mint,English,0,0,0,0,0,0,0,Rare,$11.50,$12.26
1,1,"Nissa, Worldwaker",Magic 2015 Core Set,178,Near Mint,English,0,0,0,0,0,0,0,Rare,$10.00,$10.25
52,8,Nissa's Renewal,Battle for Zendikar,138,Near Mint,English,0,0,0,0,0,0,0,MythicRare,$0.90,$0.98
16,8,Nissa's Revelation,Magic Origins,14,Near Mint,English,0,0,0,0,0,0,0,MythicRare,$0.30,$0.39
10,8,"Niv-Mizzet, Dracogenius",Return to Ravnica,31,Near Mint,English,0,0,0,0,0,0,0,MythicRare,$1.50,$1.55
62,8,Nivmagus Elemental,Return to Ravnica,203,Near Mint,English,0,0,0,0,0,0,0,Rare,$0.45,$0.45
1,1,No Mercy,Urza's Legacy,110,Near Mint,English,0,0,0,0,0,0,0,Rare,$10.75,$10.52
2,2,No Rest for the Wicked,Urza's Saga,108,Near Mint,English,0,0,0,0,0,0,0,Uncommon,$0.15,$0.23
1,1,Noble Benefactor,Weatherlight,84,Near Mint,English,0,0,0,0,0,0,0,Uncommon,$0.25,$0.26
2,2,Noble Hierarch,Modern Masters 2015 Edition,206,Near Mint,English,0,0,0,0,0,0,0,Rare,$49.75,$49.27
2,2,Noble Purpose,Mercadian Masques,170,Near Mint,English,0,0,0,0,0,0,0,Uncommon,$0.50,$0.43
4,4,Noble Stand,Nemesis,128,Near Mint,English,0,0,0,0,0,0,0,Uncommon,$0.15,$0.21
4,4,Nomadic Elf,Invasion,39,Near Mint,English,0,0,0,0,0,0,0,Common,$0.10,$0.14
2,2,Norn's Annex,New Phyrexia,248,Near Mint,English,0,0,0,0,0,0,0,Rare,$3.00,$3.04
1,1,Norritt,Ice Age,59,Near Mint,English,0,0,0,0,0,0,0,Common,$0.15,$0.16
35,8,Notion Thief,Dragon's Maze,45,Near Mint,English,0,0,0,0,0,0,0,Rare,$0.75,$0.76
1,1,Nova Pentacle,Legends,33,Good (Lightly Played),English,0,0,0,0,0,0,0,Rare,$4.63,$5.47
4,4,Noxious Vapors,Planeshift,59,Near Mint,English,0,0,0,0,0,0,0,Uncommon,$0.15,$0.18
41,8,"Noyan Dar, Roil Shaper",Battle for Zendikar,200,Near Mint,English,0,0,0,0,0,0,0,Rare,$0.30,$0.32
1,1,Null Rod,Weatherlight,105,Near Mint,English,0,0,0,0,0,0,0,Rare,$31.50,$31.96
6,6,"Nykthos, Shrine to Nyx",Theros,162,Near Mint,English,0,0,0,0,0,0,0,Rare,$6.50,$6.92
20,8,"Nylea, God of the Hunt",Theros,77,Near Mint,English,0,0,0,0,0,0,0,MythicRare,$5.00,$4.94
4,4,Oasis,Fourth Edition,72,Near Mint,English,0,0,0,0,0,0,0,Uncommon,$0.15,$0.19
25,8,Oath of Chandra,Oath of the Gatewatch,17,Near Mint,English,0,0,0,0,0,0,0,Rare,$0.30,$0.29
29,8,Oath of Gideon,Oath of the Gatewatch,44,Near Mint,English,0,0,0,0,0,0,0,Rare,$0.55,$0.53
25,8,Oath of Jace,Oath of the Gatewatch,151,Near Mint,English,0,0,0,0,0,0,0,Rare,$0.90,$0.85
1,1,Oath of Mages,Exodus,43,Near Mint,English,0,0,0,0,0,0,0,Rare,$0.30,$0.31
8,8,Oath of Nissa,Oath of the Gatewatch,127,Near Mint,English,0,0,0,0,0,0,0,Rare,$3.00,$3.06
24,8,Oath of the Ancient Wood,Magic 2014 Core Set,88,Near Mint,English,0,0,0,0,0,0,0,Rare,$0.30,$0.26
7,7,Ob Nixilis Reignited,Battle for Zendikar,86,Near Mint,English,0,0,0,0,0,0,0,MythicRare,$6.25,$6.55
11,8,"Ob Nixilis, Unshackled",Magic 2015 Core Set,165,Near Mint,English,0,0,0,0,0,0,0,Rare,$2.25,$2.08
1,1,Obelisk of Undoing,Chronicles,234,Near Mint,English,0,0,0,0,0,0,0,Rare,$0.30,$0.25
10,8,Obelisk of Urd,Magic 2015 Core Set,155,Near Mint,English,0,0,0,0,0,0,0,Rare,$2.50,$2.35
4,4,Obliterate,Invasion,44,Near Mint,English,0,0,0,0,0,0,0,Rare,$3.25,$3.26
28,8,Oblivion Sower,Battle for Zendikar,108,Near Mint,English,0,0,0,0,0,0,0,MythicRare,$1.75,$1.91
1,1,Oblivion Stone,Mirrodin,145,Good (Lightly Played),English,0,0,0,0,0,0,0,Rare,$26.50,$26.88
2,2,Oblivion Stone,Commander,115,Near Mint,English,0,0,0,0,0,0,0,Rare,$24.28,$26.42
2,2,"Oboro, Palace in the Clouds",Saviors of Kamigawa,87,Near Mint,English,0,0,0,0,0,0,0,Rare,$21.25,$21.29
30,8,Obscuring Aether,Dragons of Tarkir,49,Near Mint,English,0,0,0,0,0,0,0,Rare,$0.30,$0.33
1,1,Obsianus Golem,Fourth Edition,130,Near Mint,English,0,0,0,0,0,0,0,Uncommon,$0.15,$0.17
2,2,Obsianus Golem,Revised Edition,82,Near Mint,English,0,0,0,0,0,0,0,Uncommon,$0.15,$0.16
4,4,Obsidian Acolyte,Invasion,26,Near Mint,English,0,0,0,0,0,0,0,Common,$0.15,$0.19
3,3,"Obzedat, Ghost Council",Gatecrash,30,Near Mint,English,0,0,0,0,0,0,0,Rare,$3.50,$3.71
54,8,Obzedat's Aid,Dragon's Maze,216,Near Mint,English,0,0,0,0,0,0,0,MythicRare,$0.30,$0.33
7,7,"Odric, Lunarch Marshal",Shadows over Innistrad,20,Near Mint,English,0,0,0,0,0,0,0,Rare,$0.55,$0.56
13,8,"Odric, Master Tactician",Magic 2013,175,Near Mint,English,0,0,0,0,0,0,0,Rare,$1.50,$1.56
7,7,Off Balance,Nemesis,58,Near Mint,English,0,0,0,0,0,0,0,Common,$0.10,$0.14
10,8,Ogre Battledriver,Magic 2014 Core Set,154,Near Mint,English,0,0,0,0,0,0,0,Rare,$0.30,$0.27
1,1,Ogre Shaman,Exodus,223,Near Mint,English,0,0,0,0,0,0,0,Rare,$0.30,$0.30
31,8,Ogre Slumlord,Gatecrash,90,Near Mint,English,0,0,0,0,0,0,0,Rare,$0.45,$0.47
1,1,Ogre Taskmaster,Mercadian Masques,26,Near Mint,English,0,0,0,0,0,0,0,Uncommon,$0.15,$0.17
24,8,Ojutai Exemplars,Dragons of Tarkir,119,Near Mint,English,0,0,0,0,0,0,0,MythicRare,$1.00,$1.11
39,8,"Ojutai, Soul of Winter",Fate Reforged,166,Near Mint,English,0,0,0,0,0,0,0,Rare,$0.30,$0.32
21,8,Ojutai's Command,Dragons of Tarkir,178,Near Mint,English,0,0,0,0,0,0,0,Rare,$1.75,$1.85
3,3,Olivia Voldaren,Innistrad,94,Near Mint,English,0,0,0,0,0,0,0,MythicRare,$9.25,$10.49
4,4,"Olivia, Mobilized for War",Shadows over Innistrad,279,Near Mint,English,0,0,0,0,0,0,0,MythicRare,$5.25,$5.45
10,8,Omen Machine,New Phyrexia,185,Near Mint,English,0,0,0,0,0,0,0,Rare,$0.30,$0.29
22,8,"Omnath, Locus of Rage",Battle for Zendikar,39,Near Mint,English,0,0,0,0,0,0,0,MythicRare,$1.50,$1.74
3,3,Onslaught,Exodus,32,Near Mint,English,0,0,0,0,0,0,0,Common,$0.15,$0.16
1,1,Onulet,Revised Edition,113,Near Mint,English,0,0,0,0,0,0,0,Uncommon,$0.30,$0.29
1,1,Onulet,Antiquities,170,Near Mint,English,0,0,0,0,0,0,0,Rare,$0.50,$0.41
50,8,Ooze Flux,Gatecrash,30,Near Mint,English,0,0,0,0,0,0,0,Rare,$0.30,$0.32
3,3,Opal Caryatid,Urza's Saga,76,Near Mint,English,0,0,0,0,0,0,0,Common,$0.10,$0.14
3,3,Opal Champion,Urza's Legacy,3,Near Mint,English,0,0,0,0,0,0,0,Common,$0.10,$0.14
1,1,Opal Gargoyle,Urza's Saga,95,Near Mint,English,0,0,0,0,0,0,0,Common,$0.10,$0.14
1,1,Opal Titan,Urza's Saga,60,Near Mint,English,0,0,0,0,0,0,0,Rare,$0.30,$0.31
1,1,Opportunity,Urza's Legacy,233,Near Mint,English,0,0,0,0,0,0,0,Uncommon,$0.15,$0.20
4,4,Opt,Invasion,9,Near Mint,English,0,0,0,0,0,0,0,Common,$0.15,$0.21
16,8,Oracle of Bones,Born of the Gods,131,Near Mint,English,0,0,0,0,0,0,0,Rare,$0.15,$0.24
1,1,Oracle's Attendants,Nemesis,90,Near Mint,English,0,0,0,0,0,0,0,Rare,$0.30,$0.30
42,8,Oran-Rief Hydra,Battle for Zendikar,140,Near Mint,English,0,0,0,0,0,0,0,Rare,$0.30,$0.30
4,4,Oraxid,Nemesis,119,Near Mint,English,0,0,0,0,0,0,0,Common,$0.10,$0.14
22,8,Orbs of Warding,Magic Origins,67,Near Mint,English,0,0,0,0,0,0,0,Rare,$0.45,$0.48
4,4,Orc General,The Dark,99,Near Mint,English,0,0,0,0,0,0,0,Uncommon,$0.15,$0.17
1,1,Orcish Artillery,Classic Sixth Edition,81,Near Mint,English,0,0,0,0,0,0,0,Uncommon,$0.15,$0.20
6,6,Orcish Captain,Fallen Empires,83,Near Mint,English,0,0,0,0,0,0,0,Uncommon,$0.15,$0.18
1,1,Orcish Farmer,Ice Age,4,Near Mint,English,0,0,0,0,0,0,0,Common,$0.10,$0.14
1,1,Orcish Librarian,Ice Age,187,Near Mint,English,0,0,0,0,0,0,0,Rare,$0.30,$0.27
1,1,Orcish Lumberjack,Ice Age,174,Near Mint,English,0,0,0,0,0,0,0,Common,$0.15,$0.15
1,1,Orcish Mine,Homelands,84,Near Mint,English,0,0,0,0,0,0,0,Uncommon,$0.15,$0.21
1,1,Orcish Oriflamme,Fourth Edition,86,Near Mint,English,0,0,0,0,0,0,0,Uncommon,$0.15,$0.19
5,5,Orcish Oriflamme,Revised Edition,82,Near Mint,English,0,0,0,0,0,0,0,Uncommon,$0.15,$0.16
6,6,Orcish Spy,Fallen Empires,117,Near Mint,English,0,0,0,0,0,0,0,Common,$0.10,$0.14
6,6,Orcish Spy,Fallen Empires,83,Near Mint,English,0,0,0,0,0,0,0,Common,$0.15,$0.17
6,6,Orcish Spy,Fallen Empires,84,Near Mint,English,0,0,0,0,0,0,0,Common,$0.15,$0.17
5,5,Orcish Veteran,Fallen Empires,118,Near Mint,English,0,0,0,0,0,0,0,Common,$0.10,$0.14
5,5,Orcish Veteran,Fallen Empires,85,Near Mint,English,0,0,0,0,0,0,0,Common,$0.15,$0.17
6,6,Orcish Veteran,Fallen Empires,86,Near Mint,English,0,0,0,0,0,0,0,Common,$0.15,$0.17
7,7,Orcish Veteran,Fallen Empires,132,Near Mint,English,0,0,0,0,0,0,0,Common,$0.15,$0.17
7,7,Order // Chaos,Apocalypse,295,Near Mint,English,0,0,0,0,0,0,0,Uncommon,$0.15,$0.20
3,3,Order of Leitbur,Fallen Empires,176,Near Mint,English,0,0,0,0,0,0,0,Common,$0.15,$0.20
3,3,Order of Leitbur,Fallen Empires,187,Near Mint,English,0,0,0,0,0,0,0,Common,$0.15,$0.21
4,4,Order of Leitbur,Fallen Empires,248,Near Mint,English,0,0,0,0,0,0,0,Common,$0.15,$0.20
3,3,Order of the Ebon Hand,Fallen Empires,102,Near Mint,English,0,0,0,0,0,0,0,Common,$0.15,$0.19
5,5,Order of the Ebon Hand,Fallen Empires,230,Near Mint,English,0,0,0,0,0,0,0,Common,$0.15,$0.19
8,8,Order of the Ebon Hand,Fallen Empires,114,Near Mint,English,0,0,0,0,0,0,0,Common,$0.15,$0.20
1,1,Order of the White Shield,Ice Age,111,Near Mint,English,0,0,0,0,0,0,0,Uncommon,$0.25,$0.25
2,2,Ordered Migration,Invasion,40,Near Mint,English,0,0,0,0,0,0,0,Uncommon,$0.15,$0.18
2,2,Orgg,Fallen Empires,119,Near Mint,English,0,0,0,0,0,0,0,Rare,$0.30,$0.25
4,4,Orim's Cure,Mercadian Masques,4,Near Mint,English,0,0,0,0,0,0,0,Common,$0.10,$0.14
4,4,Orim's Thunder,Apocalypse,69,Near Mint,English,0,0,0,0,0,0,0,Common,$0.15,$0.15
3,3,Orim's Touch,Invasion,88,Near Mint,English,0,0,0,0,0,0,0,Common,$0.10,$0.14
1,1,Ornithopter,Antiquities,33,Good (Lightly Played),English,0,0,0,0,0,0,0,Common,$1.49,$2.03
1,1,Ornithopter,Antiquities,277,Played,English,0,0,0,0,0,0,0,Common,$1.62,$2.03
3,3,Ornithopter,Revised Edition,225,Near Mint,English,0,0,0,0,0,0,0,Uncommon,$0.25,$0.32
1,1,Orzhov Pontiff,Guildpact,265,Near Mint,English,0,0,0,0,0,0,0,Rare,$12.25,$12.18
1,1,Osai Vultures,Legends,53,Near Mint,English,0,0,0,0,0,0,0,Common,$0.15,$0.19
1,1,Ostracize,Urza's Legacy,104,Near Mint,English,0,0,0,0,0,0,0,Common,$0.15,$0.16
24,8,Otherworld Atlas,Avacyn Restored,204,Near Mint,English,0,0,0,0,0,0,0,Rare,$0.45,$0.43
1,1,Oubliette,Arabian Nights,163,Near Mint,English,0,0,0,0,0,0,0,Common,$27.75,$28.48
3,3,Oubliette,Arabian Nights,34,Good (Lightly Played),English,0,0,0,0,0,0,0,Common,$25.67,$27.82
3,3,Outbreak,Prophecy,34,Near Mint,English,0,0,0,0,0,0,0,Uncommon,$0.15,$0.22
41,8,Outland Colossus,Magic Origins,110,Near Mint,English,0,0,0,0,0,0,0,Rare,$0.30,$0.26
36,8,Outpost Siege,Fate Reforged,117,Near Mint,English,0,0,0,0,0,0,0,Rare,$0.65,$0.69
1,1,Overabundance,Invasion,84,Near Mint,English,0,0,0,0,0,0,0,Rare,$0.30,$0.35
1,1,Overgrown Tomb,Return to Ravnica,26,Near Mint,English,0,0,0,0,0,0,0,Rare,$8.75,$8.90
1,1,Overgrowth,Stronghold,224,Near Mint,English,0,0,0,0,0,0,0,Common,$0.25,$0.25
1,1,Overlaid Terrain,Nemesis,222,Near Mint,English,0,0,0,0,0,0,0,Rare,$0.30,$0.30
4,4,Overload,Invasion,92,Near Mint,English,0,0,0,0,0,0,0,Common,$0.10,$0.14
3,3,Overrun,Tempest,155,Played,English,0,0,0,0,0,0,0,Uncommon,$0.25,$0.31
18,8,Overwhelming Denial,Oath of the Gatewatch,156,Near Mint,English,0,0,0,0,0,0,0,Rare,$0.30,$0.35
1,1,Pacifism,Urza's Saga,78,Near Mint,English,0,0,0,0,0,0,0,Common,$0.10,$0.14
1,1,Pacifism,Tempest,140,Near Mint,English,0,0,0,0,0,0,0,Common,$0.15,$0.17
1,1,Pacifism,Classic Sixth Edition,58,Near Mint,English,0,0,0,0,0,0,0,Common,$0.15,$0.18
2,2,Pacifism,Mirage,35,Near Mint,English,0,0,0,0,0,0,0,Common,$0.15,$0.16
1,1,Pack Hunt,Nemesis,205,Near Mint,English,0,0,0,0,0,0,0,Rare,$0.45,$0.46
12,8,Pack Rat,Return to Ravnica,120,Near Mint,English,0,0,0,0,0,0,0,Rare,$2.00,$1.98
2,2,Pain // Suffering,Invasion,58,Near Mint,English,0,0,0,0,0,0,0,Uncommon,$0.15,$0.20
26,8,Pain Seer,Born of the Gods,11,Near Mint,English,0,0,0,0,0,0,0,Rare,$0.30,$0.31
1,1,Painful Memories,Classic Sixth Edition,272,Near Mint,English,0,0,0,0,0,0,0,Common,$0.15,$0.15
3,3,Painful Quandary,Scars of Mirrodin,128,Near Mint,English,0,0,0,0,0,0,0,Rare,$2.75,$2.79
33,8,Painful Truths,Battle for Zendikar,244,Near Mint,English,0,0,0,0,0,0,0,Rare,$0.90,$0.94
2,2,Painter's Servant,Shadowmoor,143,Near Mint,English,0,0,0,0,0,0,0,Rare,$20.00,$20.19
34,8,Palace Siege,Fate Reforged,17,Near Mint,English,0,0,0,0,0,0,0,Rare,$0.45,$0.46
3,3,Pale Moon,Nemesis,116,Near Mint,English,0,0,0,0,0,0,0,Rare,$1.25,$1.22
3,3,Palinchron,Urza's Legacy,43,Near Mint,English,0,0,0,0,0,0,0,Rare,$20.75,$20.88
57,8,Palisade Giant,Return to Ravnica,254,Near Mint,English,0,0,0,0,0,0,0,Rare,$0.30,$0.30
1,1,Panacea,Mercadian Masques,140,Near Mint,English,0,0,0,0,0,0,0,Uncommon,$0.15,$0.17
2,2,Pangosaur,Mercadian Masques,222,Near Mint,English,0,0,0,0,0,0,0,Rare,$0.30,$0.33
5,5,Panic Attack,Prophecy,214,Near Mint,English,0,0,0,0,0,0,0,Common,$0.10,$0.14
1,1,Panther Warriors,Classic Sixth Edition,94,Near Mint,English,0,0,0,0,0,0,0,Common,$0.10,$0.14
8,8,Parallax Dementia,Nemesis,94,Near Mint,English,0,0,0,0,0,0,0,Common,$0.10,$0.14
1,1,Parallax Inhibitor,Nemesis,164,Near Mint,English,0,0,0,0,0,0,0,Rare,$0.30,$0.31
2,2,Parallax Tide,Nemesis,43,Near Mint,English,0,0,0,0,0,0,0,Rare,$0.90,$0.89
2,2,Parallax Wave,Nemesis,38,Near Mint,English,0,0,0,0,0,0,0,Rare,$2.75,$2.81
1,1,Parallel Lives,Innistrad,167,Near Mint,English,0,0,0,0,0,0,0,Rare,$7.25,$7.45
4,4,Paralyze,Revised Edition,6,Near Mint,English,0,0,0,0,0,0,0,Common,$0.10,$0.14
1,1,Parapet,Visions,348,Near Mint,English,0,0,0,0,0,0,0,Common,$0.15,$0.15
2,2,Parch,Urza's Legacy,221,Near Mint,English,0,0,0,0,0,0,0,Common,$0.15,$0.15
9,8,Part the Waterveil,Battle for Zendikar,81,Near Mint,English,0,0,0,0,0,0,0,MythicRare,$4.00,$4.39
1,1,Part Water,Legends,86,Near Mint,English,0,0,0,0,0,0,0,Uncommon,$0.25,$0.36
9,8,Past in Flames,Innistrad,330,Near Mint,English,0,0,0,0,0,0,0,MythicRare,$9.00,$9.36
1,1,Patagia Golem,Mirage,221,Near Mint,English,0,0,0,0,0,0,0,Uncommon,$0.15,$0.17
16,8,Path of Bravery,Magic 2014 Core Set,119,Near Mint,English,0,0,0,0,0,0,0,Rare,$0.45,$0.47
2,2,Path of Peace,Urza's Saga,98,Near Mint,English,0,0,0,0,0,0,0,Common,$0.15,$0.15
1,1,Path to Exile,Conflux,82,Near Mint,English,0,0,0,0,0,0,0,Uncommon,$9.94,$10.74
1,1,Path to Exile,Conflux,83,Near Mint,English,0,0,0,0,0,0,0,Uncommon,$10.75,$10.74
3,3,Path to Exile,Modern Masters,130,Good (Lightly Played),English,0,0,0,0,0,0,0,Uncommon,$11.00,$10.91
1,1,Patriarch's Bidding,Onslaught,77,Good (Lightly Played),English,0,0,0,0,0,0,0,Rare,$10.41,$11.35
1,1,Peace and Quiet,Urza's Legacy,63,Near Mint,English,0,0,0,0,0,0,0,Uncommon,$0.15,$0.17
5,5,Peace of Mind,Exodus,152,Near Mint,English,0,0,0,0,0,0,0,Uncommon,$0.15,$0.20
1,1,Peace Talks,Visions,152,Near Mint,English,0,0,0,0,0,0,0,Uncommon,$0.15,$0.21
38,8,Pearl Lake Ancient,Khans of Tarkir,51,Near Mint,English,0,0,0,0,0,0,0,MythicRare,$0.99,$0.71
5,5,Pearled Unicorn,Revised Edition,260,Near Mint,English,0,0,0,0,0,0,0,Common,$0.10,$0.14
2,2,Peat Bog,Mercadian Masques,139,Near Mint,English,0,0,0,0,0,0,0,Common,$0.15,$0.16
1,1,Pegasus Charger,Urza's Saga,276,Near Mint,English,0,0,0,0,0,0,0,Common,$0.15,$0.15
1,1,Pegasus Refuge,Tempest,194,Near Mint,English,0,0,0,0,0,0,0,Rare,$0.30,$0.29
1,1,Pegasus Stampede,Exodus,274,Near Mint,English,0,0,0,0,0,0,0,Uncommon,$0.15,$0.19
1,1,Pendelhaven,Legends,62,Played,English,0,0,0,0,0,0,0,Uncommon,$13.18,$17.48
1,1,Pendelhaven,"Time Spiral ""Timeshifted""",77,Near Mint,English,0,0,0,0,0,0,0,Special,$13.75,$13.91
2,2,Pendrell Drake,Urza's Saga,176,Near Mint,English,0,0,0,0,0,0,0,Common,$0.10,$0.14
1,1,Pendrell Flux,Urza's Saga,9,Near Mint,English,0,0,0,0,0,0,0,Common,$0.10,$0.14
10,8,Pentavus,Magic 2012,268,Near Mint,English,0,0,0,0,0,0,0,Rare,$0.30,$0.26
4,4,Penumbra Bobcat,Apocalypse,253,Near Mint,English,0,0,0,0,0,0,0,Common,$0.15,$0.15
7,7,Penumbra Kavu,Apocalypse,247,Near Mint,English,0,0,0,0,0,0,0,Uncommon,$0.15,$0.17
1,1,People of the Woods,The Dark,101,Near Mint,English,0,0,0,0,0,0,0,Uncommon,$0.15,$0.21
2,2,People of the Woods,The Dark,39,Good (Lightly Played),English,0,0,0,0,0,0,0,Uncommon,$0.15,$0.21
4,4,Perilous Vault,Magic 2015 Core Set,48,Near Mint,English,0,0,0,0,0,0,0,MythicRare,$2.00,$2.26
14,8,Perplexing Chimera,Born of the Gods,357,Near Mint,English,0,0,0,0,0,0,0,Rare,$0.30,$0.31
7,7,Personal Sanctuary,Magic 2012,22,Near Mint,English,0,0,0,0,0,0,0,Rare,$0.30,$0.28
1,1,Pestilence,Classic Sixth Edition,317,Near Mint,English,0,0,0,0,0,0,0,Common,$0.15,$0.24
4,4,Pestilence,Revised Edition,165,Near Mint,English,0,0,0,0,0,0,0,Uncommon,$0.15,$0.16
1,1,Pestilence Rats,Ice Age,100,Near Mint,English,0,0,0,0,0,0,0,Common,$0.15,$0.17
5,5,Phantasmal Forces,Revised Edition,100,Near Mint,English,0,0,0,0,0,0,0,Uncommon,$0.15,$0.17
1,1,Phantasmal Terrain,Fourth Edition,129,Near Mint,English,0,0,0,0,0,0,0,Common,$0.10,$0.13
1,1,Phantasmal Terrain,Classic Sixth Edition,95,Near Mint,English,0,0,0,0,0,0,0,Common,$0.10,$0.14
7,7,Phantasmal Terrain,Invasion,48,Near Mint,English,0,0,0,0,0,0,0,Common,$0.10,$0.14
3,3,Phantom Monster,Revised Edition,19,Near Mint,English,0,0,0,0,0,0,0,Uncommon,$0.15,$0.16
17,8,"Pharika, God of Affliction",Journey into Nyx,87,Near Mint,English,0,0,0,0,0,0,0,MythicRare,$2.50,$2.62
25,8,"Phenax, God of Deception",Born of the Gods,143,Near Mint,English,0,0,0,0,0,0,0,MythicRare,$5.25,$5.45
12,8,Pheres-Band Warchief,Journey into Nyx,89,Near Mint,English,0,0,0,0,0,0,0,Rare,$0.30,$0.31
22,8,Phylactery Lich,Magic 2013,182,Near Mint,English,0,0,0,0,0,0,0,Rare,$0.30,$0.34
2,2,Phyrexian Altar,Invasion,139,Near Mint,English,0,0,0,0,0,0,0,Rare,$28.00,$27.07
4,4,Phyrexian Battleflies,Invasion,48,Near Mint,English,0,0,0,0,0,0,0,Common,$0.10,$0.14
7,7,Phyrexian Bloodstock,Planeshift,58,Near Mint,English,0,0,0,0,0,0,0,Common,$0.10,$0.14
2,2,Phyrexian Broodlings,Urza's Legacy,126,Near Mint,English,0,0,0,0,0,0,0,Common,$0.15,$0.15
7,7,Phyrexian Crusader,Mirrodin Besieged,303,Near Mint,English,0,0,0,0,0,0,0,Rare,$5.75,$5.95
2,2,Phyrexian Debaser,Urza's Legacy,7,Near Mint,English,0,0,0,0,0,0,0,Common,$0.15,$0.15
2,2,Phyrexian Delver,Invasion,31,Near Mint,English,0,0,0,0,0,0,0,Rare,$0.30,$0.32
1,1,Phyrexian Dreadnought,Mirage,151,Near Mint,English,0,0,0,0,0,0,0,Rare,$16.50,$16.15
6,6,Phyrexian Driver,Nemesis,152,Near Mint,English,0,0,0,0,0,0,0,Common,$0.10,$0.14
7,7,Phyrexian Gargantua,Apocalypse,32,Near Mint,English,0,0,0,0,0,0,0,Uncommon,$0.15,$0.19
1,1,Phyrexian Ghoul,Urza's Saga,105,Near Mint,English,0,0,0,0,0,0,0,Common,$0.15,$0.19
3,3,Phyrexian Gremlins,Antiquities,141,Near Mint,English,0,0,0,0,0,0,0,Common,$0.25,$0.26
8,8,Phyrexian Hydra,Mirrodin Besieged,45,Near Mint,English,0,0,0,0,0,0,0,Rare,$0.55,$0.55
1,1,Phyrexian Infiltrator,Invasion,23,Near Mint,English,0,0,0,0,0,0,0,Rare,$0.30,$0.29
11,8,Phyrexian Ingester,New Phyrexia,15,Near Mint,English,0,0,0,0,0,0,0,Rare,$0.30,$0.30
1,1,Phyrexian Lens,Invasion,148,Near Mint,English,0,0,0,0,0,0,0,Rare,$0.30,$0.29
1,1,Phyrexian Metamorph,New Phyrexia,119,Near Mint,English,0,0,0,0,0,0,0,Rare,$6.50,$6.60
1,1,Phyrexian Obliterator,New Phyrexia,106,Near Mint,English,0,0,0,0,0,0,0,MythicRare,$31.50,$31.80
1,1,Phyrexian Plaguelord,Urza's Legacy,91,Near Mint,English,0,0,0,0,0,0,0,Rare,$0.30,$0.33
1,1,Phyrexian Processor,Urza's Saga,37,Near Mint,English,0,0,0,0,0,0,0,Rare,$1.75,$1.72
4,4,Phyrexian Prowler,Nemesis,324,Near Mint,English,0,0,0,0,0,0,0,Uncommon,$0.15,$0.21
4,4,Phyrexian Rager,Apocalypse,247,Near Mint,English,0,0,0,0,0,0,0,Common,$0.15,$0.17
6,6,Phyrexian Reaper,Invasion,109,Near Mint,English,0,0,0,0,0,0,0,Common,$0.15,$0.15
10,8,Phyrexian Rebirth,Mirrodin Besieged,138,Near Mint,English,0,0,0,0,0,0,0,Rare,$0.65,$0.74
1,1,Phyrexian Reclamation,Urza's Legacy,236,Near Mint,English,0,0,0,0,0,0,0,Uncommon,$0.50,$0.40
1,1,Phyrexian Revoker,Mirrodin Besieged,103,Near Mint,English,0,0,0,0,0,0,0,Rare,$1.25,$1.24
26,8,Phyrexian Revoker,Magic 2015 Core Set,49,Near Mint,English,0,0,0,0,0,0,0,Rare,$1.25,$1.15
1,1,Phyrexian Scuta,Planeshift,76,Near Mint,English,0,0,0,0,0,0,0,Rare,$0.55,$0.50
3,3,Phyrexian Slayer,Invasion,147,Near Mint,English,0,0,0,0,0,0,0,Common,$0.10,$0.14
1,1,Phyrexian Swarmlord,New Phyrexia,136,Near Mint,English,0,0,0,0,0,0,0,Rare,$0.45,$0.47
1,1,Phyrexian Tower,Urza's Saga,228,Near Mint,English,0,0,0,0,0,0,0,Rare,$26.75,$27.77
2,2,Phyrexian Tyranny,Planeshift,52,Near Mint,English,0,0,0,0,0,0,0,Rare,$2.50,$2.39
9,8,Phyrexian Unlife,New Phyrexia,284,Near Mint,English,0,0,0,0,0,0,0,Rare,$2.75,$2.59
10,8,Phyrexian Vatmother,Mirrodin Besieged,74,Near Mint,English,0,0,0,0,0,0,0,Rare,$0.30,$0.34
2,2,Phyrexian Walker,Visions,189,Near Mint,English,0,0,0,0,0,0,0,Common,$0.40,$0.42
3,3,Phytotitan,Magic 2015 Core Set,206,Near Mint,English,0,0,0,0,0,0,0,Rare,$0.30,$0.27
10,8,Pia and Kiran Nalaar,Magic Origins,93,Near Mint,English,0,0,0,0,0,0,0,Rare,$1.75,$2.34
1,1,Piety,Fourth Edition,20,Near Mint,English,0,0,0,0,0,0,0,Common,$0.15,$0.15
5,5,Pikemen,The Dark,58,Near Mint,English,0,0,0,0,0,0,0,Common,$0.10,$0.14
4,4,Pincer Spider,Invasion,148,Near Mint,English,0,0,0,0,0,0,0,Common,$0.10,$0.14
1,1,Pincher Beetles,Tempest,215,Near Mint,English,0,0,0,0,0,0,0,Common,$0.10,$0.14
4,4,Pious Warrior,Mercadian Masques,167,Near Mint,English,0,0,0,0,0,0,0,Common,$0.15,$0.15
2,2,Pirate Ship,Revised Edition,27,Near Mint,English,0,0,0,0,0,0,0,Rare,$0.30,$0.30
3,3,Pit Raptor,Prophecy,111,Near Mint,English,0,0,0,0,0,0,0,Uncommon,$0.15,$0.19
1,1,Pit Scorpion,Legends,131,Good (Lightly Played),English,0,0,0,0,0,0,0,Common,$0.15,$0.17
3,3,Pit Scorpion,Legends,12,Near Mint,English,0,0,0,0,0,0,0,Common,$0.15,$0.17
1,1,Pit Spawn,Exodus,267,Near Mint,English,0,0,0,0,0,0,0,Rare,$0.65,$0.72
1,1,Pit Trap,Ice Age,146,Near Mint,English,0,0,0,0,0,0,0,Uncommon,$0.15,$0.17
19,8,Pithing Needle,Return to Ravnica,105,Near Mint,English,0,0,0,0,0,0,0,Rare,$2.50,$2.56
24,8,Pitiless Horde,Dragons of Tarkir,227,Near Mint,English,0,0,0,0,0,0,0,Rare,$0.30,$0.39
5,5,Plague Fiend,Prophecy,273,Near Mint,English,0,0,0,0,0,0,0,Common,$0.10,$0.14
12,8,Plague Rats,Revised Edition,237,Near Mint,English,0,0,0,0,0,0,0,Common,$0.10,$0.14
2,2,Plague Spitter,Invasion,9,Near Mint,English,0,0,0,0,0,0,0,Uncommon,$0.25,$0.34
5,5,Plague Spores,Invasion,1,Near Mint,English,0,0,0,0,0,0,0,Common,$0.10,$0.14
11,8,Plague Witch,Nemesis,177,Near Mint,English,0,0,0,0,0,0,0,Common,$0.10,$0.14
1,1,Plains,Mercadian Masques,225,Near Mint,English,0,0,0,0,0,0,0,BasicLand,#N/A,$0.21
1,1,Plains,Invasion,326,Near Mint,English,0,0,0,0,0,0,0,BasicLand,#N/A,$0.27
1,1,Plains,Invasion,317,Near Mint,English,0,0,0,0,0,0,0,BasicLand,#N/A,$0.28
4,4,Plains,Unhinged,281,Near Mint,English,0,0,0,0,0,0,0,BasicLand,$0.00,$6.34
14,8,Planar Cleansing,Magic 2014 Core Set,215,Near Mint,English,0,0,0,0,0,0,0,Rare,$0.30,$0.34
25,8,Planar Cleansing,Magic 2013,156,Near Mint,English,0,0,0,0,0,0,0,Rare,$0.30,$0.37
50,8,Planar Outburst,Battle for Zendikar,99,Near Mint,English,0,0,0,0,0,0,0,Rare,$0.65,$0.63
1,1,Planar Overlay,Planeshift,248,Near Mint,English,0,0,0,0,0,0,0,Rare,$0.30,$0.29
2,2,Planar Portal,Invasion,139,Near Mint,English,0,0,0,0,0,0,0,Rare,$4.25,$4.18
1,1,Planeswalker's Favor,Planeshift,148,Near Mint,English,0,0,0,0,0,0,0,Rare,$0.30,$0.29
1,1,Planeswalker's Scorn,Planeshift,217,Near Mint,English,0,0,0,0,0,0,0,Rare,$0.30,$0.29
30,8,Plasm Capture,Dragon's Maze,92,Near Mint,English,0,0,0,0,0,0,0,Rare,$0.30,$0.37
2,2,Plateau,Revised Edition,167,Good (Lightly Played),English,0,0,0,0,0,0,0,Rare,$56.10,$64.64
2,2,Plateau,Revised Edition,228,Played,English,0,0,0,0,0,0,0,Rare,$61.05,$64.64
2,2,Plated Rootwalla,Exodus,28,Near Mint,English,0,0,0,0,0,0,0,Common,$0.10,$0.14
4,4,Plea for Guidance,Born of the Gods,24,Near Mint,English,0,0,0,0,0,0,0,Rare,$0.30,$0.27
1,1,Pledge of Loyalty,Invasion,55,Near Mint,English,0,0,0,0,0,0,0,Uncommon,$0.15,$0.18
35,8,Polis Crusher,Theros,20,Near Mint,English,0,0,0,0,0,0,0,Rare,$0.15,$0.23
9,8,Pollen Remedy,Planeshift,153,Near Mint,English,0,0,0,0,0,0,0,Common,$0.10,$0.14
4,4,Polluted Delta,Khans of Tarkir,227,Near Mint,English,0,0,0,0,0,0,0,Rare,$17.25,$18.36
9,8,"Polukranos, World Eater",Theros,120,Near Mint,English,0,0,0,0,0,0,0,MythicRare,$1.00,$1.10
17,8,Polymorphist's Jest,Magic 2015 Core Set,124,Near Mint,English,0,0,0,0,0,0,0,Rare,$1.25,$1.31
10,8,Polymorphous Rush,Journey into Nyx,269,Near Mint,English,0,0,0,0,0,0,0,Rare,$0.30,$0.26
41,8,Pontiff of Blight,Dragon's Maze,128,Near Mint,English,0,0,0,0,0,0,0,Rare,$0.30,$0.29
4,4,Port Inspector,Mercadian Masques,252,Near Mint,English,0,0,0,0,0,0,0,Common,$0.10,$0.14
15,8,Port Town,Shadows over Innistrad,329,Near Mint,English,0,0,0,0,0,0,0,Rare,$2.00,$2.50
3,3,Portent,Ice Age,62,Near Mint,English,0,0,0,0,0,0,0,Common,$0.15,$0.17
61,8,Possibility Storm,Dragon's Maze,24,Near Mint,English,0,0,0,0,0,0,0,Rare,$0.30,$0.36
1,1,Pouncing Jaguar,Urza's Saga,11,Near Mint,English,0,0,0,0,0,0,0,Common,$0.15,$0.16
4,4,Pouncing Kavu,Invasion,79,Near Mint,English,0,0,0,0,0,0,0,Common,$0.15,$0.17
5,5,Power Armor,Invasion,104,Near Mint,English,0,0,0,0,0,0,0,Uncommon,$0.15,$0.18
1,1,Power Artifact,Antiquities,117,Near Mint,English,0,0,0,0,0,0,0,Uncommon,$34.00,$44.43
1,1,Power Artifact,Antiquities,117,Played,English,0,0,0,0,0,0,0,Uncommon,$40.00,$44.43
6,6,Power Leak,Revised Edition,191,Near Mint,English,0,0,0,0,0,0,0,Common,$0.15,$0.15
1,1,Power Matrix,Mercadian Masques,23,Near Mint,English,0,0,0,0,0,0,0,Rare,$1.50,$1.47
3,3,Power Sink,Urza's Saga,87,Near Mint,English,0,0,0,0,0,0,0,Common,$0.15,$0.15
6,6,Power Sink,Revised Edition,84,Near Mint,English,0,0,0,0,0,0,0,Common,$0.15,$0.16
1,1,Power Surge,Revised Edition,16,Near Mint,English,0,0,0,0,0,0,0,Rare,$0.30,$0.32
1,1,Power Taint,Urza's Saga,135,Near Mint,English,0,0,0,0,0,0,0,Common,$0.15,$0.15
1,1,Pradesh Gypsies,Classic Sixth Edition,250,Near Mint,English,0,0,0,0,0,0,0,Uncommon,$0.15,$0.15
2,2,Pradesh Gypsies,Legends,31,Near Mint,English,0,0,0,0,0,0,0,Common,$0.25,$0.35
3,3,Praetor's Grasp,New Phyrexia,203,Near Mint,English,0,0,0,0,0,0,0,Rare,$0.65,$0.65
28,8,Prairie Stream,Battle for Zendikar,125,Near Mint,English,0,0,0,0,0,0,0,Rare,$3.00,$3.31
1,1,Preacher,The Dark,220,Near Mint,English,0,0,0,0,0,0,0,Rare,$5.25,$5.88
2,2,Preacher,The Dark,211,Near Mint,English,0,0,0,0,0,0,0,Rare,$5.25,$5.88
15,8,Precinct Captain,Return to Ravnica,268,Near Mint,English,0,0,0,0,0,0,0,Rare,$0.65,$0.60
9,8,Precursor Golem,Scars of Mirrodin,25,Near Mint,English,0,0,0,0,0,0,0,Rare,$0.30,$0.27
6,6,Predator Ooze,Dark Ascension,35,Near Mint,English,0,0,0,0,0,0,0,Rare,$2.50,$2.60
2,2,"Predator, Flagship",Nemesis,29,Near Mint,English,0,0,0,0,0,0,0,Rare,$0.90,$0.96
2,2,Predatory Hunger,Exodus,293,Near Mint,English,0,0,0,0,0,0,0,Common,$0.15,$0.18
43,8,Predatory Rampage,Magic 2013,26,Near Mint,English,0,0,0,0,0,0,0,Rare,$0.30,$0.25
6,6,Preeminent Captain,Magic 2015 Core Set,33,Near Mint,English,0,0,0,0,0,0,0,Rare,$0.65,$0.67
1,1,Presence of the Master,Urza's Saga,130,Good (Lightly Played),English,0,0,0,0,0,0,0,Uncommon,$0.15,$0.21
1,1,Presence of the Master,Legends,312,Near Mint,English,0,0,0,0,0,0,0,Uncommon,$1.39,$1.50
1,1,Pretender's Claim,Mercadian Masques,132,Near Mint,English,0,0,0,0,0,0,0,Uncommon,$0.15,$0.18
2,2,Price of Progress,Exodus,112,Near Mint,English,0,0,0,0,0,0,0,Uncommon,$4.75,$4.60
26,8,Priest of the Blood Rite,Magic Origins,121,Near Mint,English,0,0,0,0,0,0,0,Rare,$0.55,$0.51
3,3,Priest of Titania,Urza's Saga,225,Near Mint,English,0,0,0,0,0,0,0,Common,$2.25,$2.29
1,1,Primal Clay,Revised Edition,37,Near Mint,English,0,0,0,0,0,0,0,Uncommon,$0.30,$0.29
1,1,Primal Clay,Antiquities,74,Good (Lightly Played),English,0,0,0,0,0,0,0,Uncommon,$0.50,$0.40
3,3,Primal Clay,Antiquities,217,Near Mint,English,0,0,0,0,0,0,0,Rare,$0.50,$0.40
3,3,Primal Growth,Planeshift,248,Near Mint,English,0,0,0,0,0,0,0,Common,$0.15,$0.18
23,8,Primal Surge,Avacyn Restored,293,Near Mint,English,0,0,0,0,0,0,0,MythicRare,$1.50,$1.62
11,8,Prime Speaker Zegana,Gatecrash,72,Near Mint,English,0,0,0,0,0,0,0,MythicRare,$1.50,$1.42
3,3,Primeval Bounty,Magic 2014 Core Set,23,Near Mint,English,0,0,0,0,0,0,0,MythicRare,$4.50,$4.64
1,1,Primeval Shambler,Mercadian Masques,77,Near Mint,English,0,0,0,0,0,0,0,Uncommon,$0.15,$0.17
3,3,Primeval Titan,Magic 2012,21,Near Mint,English,0,0,0,0,0,0,0,MythicRare,$8.75,$8.98
8,8,Primordial Hydra,Magic 2013,305,Near Mint,English,0,0,0,0,0,0,0,MythicRare,$7.00,$7.43
36,8,Prism Array,Battle for Zendikar,64,Near Mint,English,0,0,0,0,0,0,0,Rare,$0.30,$0.25
1,1,Prismatic Omen,Shadowmoor,40,Near Mint,English,0,0,0,0,0,0,0,Rare,$15.00,$15.60
1,1,Prismatic Ward,Ice Age,51,Near Mint,English,0,0,0,0,0,0,0,Common,$0.10,$0.14
4,4,Prison Barricade,Invasion,51,Near Mint,English,0,0,0,0,0,0,0,Common,$0.10,$0.14
30,8,Pristine Skywise,Dragons of Tarkir,103,Near Mint,English,0,0,0,0,0,0,0,Rare,$0.30,$0.32
1,1,Privileged Position,Ravnica: City of Guilds,66,Near Mint,English,0,0,0,0,0,0,0,Rare,$13.25,$13.16
18,8,Prized Amalgam,Shadows over Innistrad,216,Near Mint,English,0,0,0,0,0,0,0,Rare,$2.50,$2.32
4,4,Probe,Invasion,71,Near Mint,English,0,0,0,0,0,0,0,Common,$0.15,$0.18
3,3,Prodigal Sorcerer,Revised Edition,254,Good (Lightly Played),English,0,0,0,0,0,0,0,Common,$0.15,$0.15
5,5,Prodigal Sorcerer,Revised Edition,321,Near Mint,English,0,0,0,0,0,0,0,Common,$0.15,$0.15
23,8,Profaner of the Dead,Dragons of Tarkir,16,Near Mint,English,0,0,0,0,0,0,0,Rare,$0.30,$0.38
23,8,Profound Journey,Dragons of Tarkir,181,Near Mint,English,0,0,0,0,0,0,0,Rare,$0.30,$0.32
1,1,Progenitor Mimic,Dragon's Maze,253,Near Mint,English,0,0,0,0,0,0,0,MythicRare,$4.25,$4.31
39,8,Prognostic Sphinx,Theros,35,Near Mint,English,0,0,0,0,0,0,0,Rare,$0.30,$0.36
4,4,Prohibit,Invasion,80,Near Mint,English,0,0,0,0,0,0,0,Common,$0.15,$0.17
18,8,Prophet of Kruphix,Theros,51,Near Mint,English,0,0,0,0,0,0,0,Rare,$1.50,$1.51
23,8,Prophetic Flamespeaker,Journey into Nyx,121,Near Mint,English,0,0,0,0,0,0,0,MythicRare,$1.00,$1.14
4,4,Protective Sphere,Invasion,50,Near Mint,English,0,0,0,0,0,0,0,Common,$0.10,$0.14
8,8,Prototype Portal,Scars of Mirrodin,163,Near Mint,English,0,0,0,0,0,0,0,Rare,$1.25,$1.30
1,1,Psychic Allergy,The Dark,151,Near Mint,English,0,0,0,0,0,0,0,Rare,$0.45,$0.44
49,8,Psychic Intrusion,Theros,81,Near Mint,English,0,0,0,0,0,0,0,Rare,$0.15,$0.23
1,1,Psychic Purge,Legends,260,Near Mint,English,0,0,0,0,0,0,0,Common,$0.25,$0.33
11,8,Psychic Surgery,New Phyrexia,234,Near Mint,English,0,0,0,0,0,0,0,Rare,$0.30,$0.30
4,4,Psychic Venom,Revised Edition,177,Good (Lightly Played),English,0,0,0,0,0,0,0,Common,$0.15,$0.15
6,6,Psychic Venom,Revised Edition,101,Near Mint,English,0,0,0,0,0,0,0,Common,$0.15,$0.15
1,1,Psychosis Crawler,Mirrodin Besieged,104,Near Mint,English,0,0,0,0,0,0,0,Rare,$0.90,$0.87
2,2,Puffer Extract,Mercadian Masques,40,Near Mint,English,0,0,0,0,0,0,0,Uncommon,$0.15,$0.17
1,1,Pulse of Llanowar,Invasion,248,Near Mint,English,0,0,0,0,0,0,0,Uncommon,$0.15,$0.23
1,1,Pulverize,Mercadian Masques,46,Near Mint,English,0,0,0,0,0,0,0,Rare,$0.55,$0.53
1,1,Puppet Master,Legends,104,Good (Lightly Played),English,0,0,0,0,0,0,0,Uncommon,$0.25,$0.35
2,2,Puppet Master,Legends,139,Near Mint,English,0,0,0,0,0,0,0,Uncommon,$0.25,$0.35
1,1,Puppet's Verdict,Mercadian Masques,125,Near Mint,English,0,0,0,0,0,0,0,Rare,$1.50,$1.44
1,1,Pure Reflection,Invasion,72,Near Mint,English,0,0,0,0,0,0,0,Rare,$0.30,$0.29
1,1,Purelace,Revised Edition,196,Near Mint,English,0,0,0,0,0,0,0,Rare,$0.30,$0.29
11,8,"Purphoros, God of the Forge",Theros,132,Near Mint,English,0,0,0,0,0,0,0,MythicRare,$8.75,$8.77
1,1,Purraj of Urborg,Mirage,123,Near Mint,English,0,0,0,0,0,0,0,Rare,$0.30,$0.34
1,1,Putrefaction,Mercadian Masques,12,Near Mint,English,0,0,0,0,0,0,0,Uncommon,$0.15,$0.18
11,8,Putrefax,Scars of Mirrodin,207,Near Mint,English,0,0,0,0,0,0,0,Rare,$0.30,$0.30
4,4,Putrid Warrior,Apocalypse,61,Near Mint,English,0,0,0,0,0,0,0,Common,$0.10,$0.14
5,5,Pygmy Kavu,Planeshift,61,Near Mint,English,0,0,0,0,0,0,0,Common,$0.10,$0.14
1,1,Pygmy Pyrosaur,Urza's Legacy,215,Near Mint,English,0,0,0,0,0,0,0,Common,$0.15,$0.15
1,1,Pygmy Razorback,Prophecy,76,Near Mint,English,0,0,0,0,0,0,0,Common,$0.10,$0.14
1,1,Pygmy Troll,Exodus,62,Near Mint,English,0,0,0,0,0,0,0,Common,$0.15,$0.15
2,2,Pyknite,Ice Age,261,Near Mint,English,0,0,0,0,0,0,0,Common,$0.10,$0.14
1,1,Pyre Zombie,Invasion,120,Near Mint,English,0,0,0,0,0,0,0,Rare,$0.45,$0.43
43,8,Pyrewild Shaman,Dragon's Maze,209,Near Mint,English,0,0,0,0,0,0,0,Rare,$0.30,$0.32
1,1,Pyric Salamander,Mirage,84,Near Mint,English,0,0,0,0,0,0,0,Common,$0.10,$0.14
1,1,Pyroblast,Ice Age,179,Near Mint,English,0,0,0,0,0,0,0,Common,$1.75,$1.64
2,2,Pyroblast,Ice Age,179,Near Mint,English,0,0,0,0,0,0,0,Common,$1.75,$1.64
1,1,Pyroclasm,Ice Age,7,Near Mint,English,0,0,0,0,0,0,0,Uncommon,$0.75,$0.75
12,8,Pyromancer's Gauntlet,Magic 2014 Core Set,210,Near Mint,English,0,0,0,0,0,0,0,Rare,$0.30,$0.25
5,5,Pyromancer's Goggles,Magic Origins,77,Near Mint,English,0,0,0,0,0,0,0,MythicRare,$4.00,$5.04
1,1,Pyromancy,Urza's Legacy,98,Near Mint,English,0,0,0,0,0,0,0,Rare,$0.30,$0.31
1,1,Pyrotechnics,Legends,132,Near Mint,English,0,0,0,0,0,0,0,Common,$0.15,$0.19
1,1,Pyrotechnics,Classic Sixth Edition,276,Good (Lightly Played),English,0,0,0,0,0,0,0,Common,$0.15,$0.15
3,3,Pyrotechnics,Legends,188,Near Mint,English,0,0,0,0,0,0,0,Common,$0.15,$0.19
1,1,Python,Classic Sixth Edition,133,Near Mint,English,0,0,0,0,0,0,0,Common,$0.10,$0.14
2,2,Python,Visions,102,Near Mint,English,0,0,0,0,0,0,0,Common,$0.15,$0.15
54,8,Pyxis of Pandemonium,Theros,15,Near Mint,English,0,0,0,0,0,0,0,Rare,$0.15,$0.24
1,1,Quagmire,Legends,74,Near Mint,English,0,0,0,0,0,0,0,Uncommon,$0.50,$0.42
5,5,Quagmire Druid,Apocalypse,176,Near Mint,English,0,0,0,0,0,0,0,Common,$0.15,$0.15
1,1,Quagmire Lamprey,Mercadian Masques,173,Near Mint,English,0,0,0,0,0,0,0,Uncommon,$0.15,$0.18
28,8,Quarantine Field,Battle for Zendikar,24,Near Mint,English,0,0,0,0,0,0,0,MythicRare,$1.25,$1.33
1,1,Questing Phelddagrif,Planeshift,174,Near Mint,English,0,0,0,0,0,0,0,Rare,$0.90,$0.89
6,6,Quicken,Magic 2014 Core Set,65,Near Mint,English,0,0,0,0,0,0,0,Rare,$1.00,$1.04
2,2,Quicksilver Amulet,Magic 2012,76,Near Mint,English,0,0,0,0,0,0,0,Rare,$9.50,$9.76
4,4,Quicksilver Dagger,Apocalypse,174,Near Mint,English,0,0,0,0,0,0,0,Common,$0.15,$0.16
4,4,Quicksilver Gargantuan,Scars of Mirrodin,26,Near Mint,English,0,0,0,0,0,0,0,MythicRare,$0.99,$0.93
1,1,Quicksilver Wall,Prophecy,59,Near Mint,English,0,0,0,0,0,0,0,Uncommon,$0.15,$0.20
40,8,Quirion Dryad,Magic 2013,168,Near Mint,English,0,0,0,0,0,0,0,Rare,$0.30,$0.29
4,4,Quirion Elves,Invasion,74,Near Mint,English,0,0,0,0,0,0,0,Common,$0.15,$0.18
10,8,Quirion Explorer,Planeshift,238,Near Mint,English,0,0,0,0,0,0,0,Common,$0.10,$0.14
1,1,Quirion Ranger,Visions,68,Near Mint,English,0,0,0,0,0,0,0,Common,$2.00,$1.75
4,4,Quirion Sentinel,Invasion,100,Near Mint,English,0,0,0,0,0,0,0,Common,$0.10,$0.14
3,3,Quirion Trailblazer,Invasion,71,Near Mint,English,0,0,0,0,0,0,0,Common,$0.15,$0.15
1,1,Rabid Rats,Stronghold,101,Near Mint,English,0,0,0,0,0,0,0,Common,$0.10,$0.14
3,3,Rabid Wolverines,Exodus,102,Near Mint,English,0,0,0,0,0,0,0,Common,$0.10,$0.14
6,6,Rackling,Nemesis,255,Near Mint,English,0,0,0,0,0,0,0,Uncommon,$0.15,$0.23
74,8,Radiant Flames,Battle for Zendikar,33,Near Mint,English,0,0,0,0,0,0,0,Rare,$0.55,$0.59
1,1,Radiant Kavu,Planeshift,233,Near Mint,English,0,0,0,0,0,0,0,Rare,$0.30,$0.29
18,8,Radiant Purge,Dragons of Tarkir,100,Near Mint,English,0,0,0,0,0,0,0,Rare,$0.55,$0.55
2,2,Radiant's Judgment,Urza's Legacy,222,Near Mint,English,0,0,0,0,0,0,0,Common,$0.15,$0.16
1,1,Radjan Spirit,Fourth Edition,239,Good (Lightly Played),English,0,0,0,0,0,0,0,Uncommon,$0.15,$0.18
1,1,Radjan Spirit,Legends,64,Near Mint,English,0,0,0,0,0,0,0,Uncommon,$0.50,$0.42
2,2,Rag Man,The Dark,31,Near Mint,English,0,0,0,0,0,0,0,Rare,$0.45,$0.43
1,1,Rage Weaver,Invasion,72,Near Mint,English,0,0,0,0,0,0,0,Uncommon,$0.15,$0.18
25,8,Rageblood Shaman,Theros,124,Near Mint,English,0,0,0,0,0,0,0,Rare,$0.30,$0.33
1,1,Raging Goblin,Exodus,159,Near Mint,English,0,0,0,0,0,0,0,Common,$0.15,$0.16
1,1,Raging Kavu,Invasion,125,Near Mint,English,0,0,0,0,0,0,0,Rare,$0.30,$0.33
4,4,Raging Ravine,Worldwake,165,Near Mint,English,0,0,0,0,0,0,0,Rare,$15.75,$16.25
1,1,Raging Spirit,Mirage,103,Near Mint,English,0,0,0,0,0,0,0,Common,$0.10,$0.14
7,7,Raiding Party,Fallen Empires,213,Near Mint,English,0,0,0,0,0,0,0,Uncommon,$0.15,$0.18
1,1,Rain of Filth,Urza's Saga,80,Near Mint,English,0,0,0,0,0,0,0,Uncommon,$0.50,$0.42
3,3,Rainbow Crow,Invasion,17,Near Mint,English,0,0,0,0,0,0,0,Uncommon,$0.15,$0.18
1,1,Rainbow Vale,Fallen Empires,203,Near Mint,English,0,0,0,0,0,0,0,Rare,$0.90,$0.88
1,1,Raise Dead,Fourth Edition,178,Good (Lightly Played),English,0,0,0,0,0,0,0,Common,$0.10,$0.14
1,1,Raise Dead,Revised Edition,164,Near Mint,English,0,0,0,0,0,0,0,Common,$0.15,$0.15
5,5,Raise Dead,Revised Edition,19,Near Mint,English,0,0,0,0,0,0,0,Common,$0.15,$0.15
4,4,Raka Disciple,Apocalypse,120,Near Mint,English,0,0,0,0,0,0,0,Common,$0.10,$0.14
7,7,Raka Sanctuary,Apocalypse,176,Near Mint,English,0,0,0,0,0,0,0,Uncommon,$0.15,$0.17
11,8,"Rakdos, Lord of Riots",Return to Ravnica,278,Near Mint,English,0,0,0,0,0,0,0,MythicRare,$2.25,$2.49
14,8,Rakdos's Return,Return to Ravnica,158,Near Mint,English,0,0,0,0,0,0,0,MythicRare,$1.25,$1.39
67,8,Rakshasa Deathdealer,Khans of Tarkir,126,Near Mint,English,0,0,0,0,0,0,0,Rare,$0.30,$0.39
23,8,Rakshasa Vizier,Khans of Tarkir,127,Near Mint,English,0,0,0,0,0,0,0,Rare,$0.30,$0.28
2,2,Rally,Ice Age,124,Near Mint,English,0,0,0,0,0,0,0,Common,$0.10,$0.14
22,8,Rally the Ancestors,Fate Reforged,166,Near Mint,English,0,0,0,0,0,0,0,Rare,$0.75,$0.76
1,1,Ramirez DePietro,Legends,102,Good (Lightly Played),English,0,0,0,0,0,0,0,Uncommon,$0.69,$1.01
1,1,Ramosian Captain,Mercadian Masques,122,Near Mint,English,0,0,0,0,0,0,0,Uncommon,$0.15,$0.19
1,1,Ramosian Commander,Mercadian Masques,323,Near Mint,English,0,0,0,0,0,0,0,Uncommon,$0.15,$0.21
4,4,Ramosian Lieutenant,Mercadian Masques,65,Near Mint,English,0,0,0,0,0,0,0,Common,$0.15,$0.18
4,4,Ramosian Rally,Mercadian Masques,63,Near Mint,English,0,0,0,0,0,0,0,Common,$0.15,$0.16
4,4,Ramosian Sergeant,Mercadian Masques,37,Near Mint,English,0,0,0,0,0,0,0,Common,$0.15,$0.16
1,1,Ramosian Sky Marshal,Mercadian Masques,128,Near Mint,English,0,0,0,0,0,0,0,Rare,$0.30,$0.32
5,5,Rampant Elephant,Invasion,138,Near Mint,English,0,0,0,0,0,0,0,Common,$0.10,$0.14
4,4,Rampart Crawler,Mercadian Masques,7,Near Mint,English,0,0,0,0,0,0,0,Common,$0.10,$0.14
3,3,Rancor,Urza's Legacy,288,Near Mint,English,0,0,0,0,0,0,0,Common,$2.75,$2.97
1,1,Rappelling Scouts,Mercadian Masques,129,Near Mint,English,0,0,0,0,0,0,0,Rare,$0.30,$0.31
1,1,Rashka the Slayer,Homelands,109,Near Mint,English,0,0,0,0,0,0,0,Uncommon,$0.15,$0.20
1,1,Ratchet Bomb,Scars of Mirrodin,95,Near Mint,English,0,0,0,0,0,0,0,Rare,$1.00,$1.08
8,8,Ratchet Bomb,Magic 2014 Core Set,75,Near Mint,English,0,0,0,0,0,0,0,Rare,$1.00,$1.02
3,3,Rath's Edge,Nemesis,130,Near Mint,English,0,0,0,0,0,0,0,Rare,$0.30,$0.33
3,3,Rathi Assassin,Nemesis,132,Near Mint,English,0,0,0,0,0,0,0,Rare,$0.30,$0.37
4,4,Rathi Fiend,Nemesis,192,Near Mint,English,0,0,0,0,0,0,0,Uncommon,$0.15,$0.21
7,7,Rathi Intimidator,Nemesis,9,Near Mint,English,0,0,0,0,0,0,0,Common,$0.10,$0.14
2,2,Rattlechains,Shadows over Innistrad,176,Near Mint,English,0,0,0,0,0,0,0,Rare,$5.50,$4.40
37,8,Rattleclaw Mystic,Khans of Tarkir,164,Near Mint,English,0,0,0,0,0,0,0,Rare,$0.75,$0.82
35,8,Ravenous Demon,Dark Ascension,163,Near Mint,English,0,0,0,0,0,0,0,Rare,$0.30,$0.32
2,2,Ravenous Rats,Invasion,102,Near Mint,English,0,0,0,0,0,0,0,Common,$0.15,$0.17
2,2,Ravenous Skirge,Urza's Saga,64,Near Mint,English,0,0,0,0,0,0,0,Common,$0.15,$0.15
1,1,Ray of Command,Ice Age,70,Near Mint,English,0,0,0,0,0,0,0,Common,$0.15,$0.16
2,2,Raze,Urza's Saga,141,Near Mint,English,0,0,0,0,0,0,0,Common,$0.15,$0.21
2,2,Razing Snidd,Planeshift,144,Near Mint,English,0,0,0,0,0,0,0,Uncommon,$0.15,$0.17
1,1,Razor Pendulum,Mirage,164,Near Mint,English,0,0,0,0,0,0,0,Rare,$0.30,$0.31
4,4,Razorfin Hunter,Apocalypse,77,Near Mint,English,0,0,0,0,0,0,0,Common,$0.15,$0.19
4,4,Razorfoot Griffin,Invasion,27,Near Mint,English,0,0,0,0,0,0,0,Common,$0.10,$0.14
5,5,Razorverge Thicket,Scars of Mirrodin,164,Near Mint,English,0,0,0,0,0,0,0,Rare,$8.25,$8.71
39,8,Ready // Willing,Dragon's Maze,165,Near Mint,English,0,0,0,0,0,0,0,Rare,$0.30,$0.26
38,8,Reality Smasher,Oath of the Gatewatch,75,Near Mint,English,0,0,0,0,0,0,0,Rare,$4.00,$4.19
1,1,Reality Twist,Ice Age,25,Near Mint,English,0,0,0,0,0,0,0,Rare,$0.30,$0.33
31,8,Realmwright,Gatecrash,78,Near Mint,English,0,0,0,0,0,0,0,Rare,$0.15,$0.24
1,1,Reanimate,Tempest,95,Near Mint,English,0,0,0,0,0,0,0,Uncommon,$9.25,$9.15
26,8,Reap Intellect,Dragon's Maze,77,Near Mint,English,0,0,0,0,0,0,0,MythicRare,$0.99,$0.71
2,2,Reaper from the Abyss,Innistrad,28,Near Mint,English,0,0,0,0,0,0,0,MythicRare,$1.25,$1.48
34,8,Reaper of the Wilds,Theros,26,Near Mint,English,0,0,0,0,0,0,0,Rare,$0.30,$0.35
3,3,Reaping the Rewards,Exodus,232,Near Mint,English,0,0,0,0,0,0,0,Common,$0.10,$0.14
1,1,Rebuild,Urza's Legacy,5,Near Mint,English,0,0,0,0,0,0,0,Uncommon,$0.25,$0.26
1,1,Recall,Legends,35,Good (Lightly Played),English,0,0,0,0,0,0,0,Rare,$25.90,$32.17
1,1,Reckless Assault,Invasion,27,Near Mint,English,0,0,0,0,0,0,0,Rare,$0.30,$0.28
6,6,Reckless Ogre,Exodus,27,Near Mint,English,0,0,0,0,0,0,0,Common,$0.15,$0.15
4,4,Reckless Spite,Invasion,27,Near Mint,English,0,0,0,0,0,0,0,Uncommon,$0.15,$0.20
2,2,Reclaim,Exodus,220,Near Mint,English,0,0,0,0,0,0,0,Common,$0.15,$0.15
4,4,Recoil,Invasion,12,Near Mint,English,0,0,0,0,0,0,0,Common,$0.15,$0.17
4,4,Reconstruction,Revised Edition,137,Near Mint,English,0,0,0,0,0,0,0,Common,$0.15,$0.15
4,4,Recover,Invasion,62,Near Mint,English,0,0,0,0,0,0,0,Common,$0.10,$0.14
1,1,Red Elemental Blast,Revised Edition,121,Near Mint,English,0,0,0,0,0,0,0,Common,$0.15,$0.20
7,7,Red Elemental Blast,Revised Edition,115,Near Mint,English,0,0,0,0,0,0,0,Common,$0.15,$0.20
1,1,Red Mana Battery,Legends,247,Near Mint,English,0,0,0,0,0,0,0,Uncommon,$0.50,$0.73
10,8,Red Sun's Zenith,Mirrodin Besieged,120,Near Mint,English,0,0,0,0,0,0,0,Rare,$0.55,$0.57
2,2,Red Ward,Revised Edition,58,Near Mint,English,0,0,0,0,0,0,0,Uncommon,$0.15,$0.17
4,4,Redirect,Magic 2013,22,Near Mint,English,0,0,0,0,0,0,0,Rare,$0.45,$0.49
6,6,Redirect,Magic 2012,270,Near Mint,English,0,0,0,0,0,0,0,Rare,$0.30,$0.37
1,1,Redwood Treefolk,Weatherlight,5,Near Mint,English,0,0,0,0,0,0,0,Common,$0.10,$0.14
1,1,Redwood Treefolk,Classic Sixth Edition,5,Near Mint,English,0,0,0,0,0,0,0,Common,$0.10,$0.14
4,4,Reef Shaman,Apocalypse,249,Near Mint,English,0,0,0,0,0,0,0,Common,$0.15,$0.16
4,4,Reflecting Mirror,The Dark,54,Near Mint,English,0,0,0,0,0,0,0,Uncommon,$0.15,$0.22
3,3,Reflexes,Urza's Saga,106,Near Mint,English,0,0,0,0,0,0,0,Common,$0.15,$0.15
17,8,Reforge the Soul,Avacyn Restored,173,Near Mint,English,0,0,0,0,0,0,0,Rare,$2.50,$2.62
4,4,Refreshing Rain,Nemesis,134,Near Mint,English,0,0,0,0,0,0,0,Uncommon,$0.15,$0.23
2,2,Regal Force,Eventide,46,Near Mint,English,0,0,0,0,0,0,0,Rare,$11.75,$11.32
1,1,Regeneration,Classic Sixth Edition,209,Good (Lightly Played),English,0,0,0,0,0,0,0,Common,$0.10,$0.14
1,1,Regeneration,Unlimited Edition,4,Near Mint,English,0,0,0,0,0,0,0,Common,$0.25,$0.28
6,6,Regeneration,Revised Edition,3,Near Mint,English,0,0,0,0,0,0,0,Common,$0.10,$0.14
4,4,Regrowth,Revised Edition,50,Near Mint,English,0,0,0,0,0,0,0,Uncommon,$1.25,$1.24
2,2,Reiterate,Time Spiral,77,Near Mint,English,0,0,0,0,0,0,0,Rare,$9.50,$9.51
4,4,Rejuvenation Chamber,Nemesis,28,Near Mint,English,0,0,0,0,0,0,0,Uncommon,$0.15,$0.20
1,1,Relearn,Weatherlight,13,Near Mint,English,0,0,0,0,0,0,0,Uncommon,$0.15,$0.23
1,1,Relentless Assault,Visions,113,Near Mint,English,0,0,0,0,0,0,0,Rare,$0.45,$0.46
5,5,Relentless Dead,Shadows over Innistrad,133,Near Mint,English,0,0,0,0,0,0,0,MythicRare,$12.25,$13.42
1,1,Relic Barrier,Legends,92,Near Mint,English,0,0,0,0,0,0,0,Uncommon,$3.00,$3.13
3,3,Relic Bind,Legends,195,Near Mint,English,0,0,0,0,0,0,0,Uncommon,$0.25,$0.39
25,8,Relic Seeker,Magic Origins,34,Near Mint,English,0,0,0,0,0,0,0,Rare,$0.65,$0.60
1,1,Remedy,Classic Sixth Edition,110,Near Mint,English,0,0,0,0,0,0,0,Common,$0.10,$0.14
2,2,Remedy,Visions,107,Near Mint,English,0,0,0,0,0,0,0,Common,$0.15,$0.15
29,8,Remorseless Punishment,Oath of the Gatewatch,258,Near Mint,English,0,0,0,0,0,0,0,Rare,$0.30,$0.32
5,5,Remote Farm,Mercadian Masques,181,Near Mint,English,0,0,0,0,0,0,0,Common,$0.15,$0.17
2,2,Remote Isle,Urza's Saga,117,Near Mint,English,0,0,0,0,0,0,0,Common,$0.15,$0.20
1,1,Remove Enchantments,Legends,17,Near Mint,English,0,0,0,0,0,0,0,Common,$0.15,$0.23
2,2,Remove Soul,Legends,14,Near Mint,English,0,0,0,0,0,0,0,Common,$0.15,$0.20
3,3,Remove Soul,Legends,29,Good (Lightly Played),English,0,0,0,0,0,0,0,Common,$0.15,$0.20
19,8,Render Silent,Dragon's Maze,204,Near Mint,English,0,0,0,0,0,0,0,Rare,$0.90,$0.86
48,8,Renegade Krasis,Dragon's Maze,150,Near Mint,English,0,0,0,0,0,0,0,Rare,$0.45,$0.47
1,1,Renegade Warlord,Tempest,14,Near Mint,English,0,0,0,0,0,0,0,Uncommon,$0.15,$0.17
1,1,Renounce,Mercadian Masques,46,Near Mint,English,0,0,0,0,0,0,0,Uncommon,$0.15,$0.23
42,8,Renounce the Guilds,Dragon's Maze,131,Near Mint,English,0,0,0,0,0,0,0,Rare,$0.30,$0.32
1,1,Repopulate,Urza's Legacy,73,Near Mint,English,0,0,0,0,0,0,0,Common,$0.15,$0.15
3,3,Repulse,Invasion,76,Near Mint,English,0,0,0,0,0,0,0,Common,$0.15,$0.17
31,8,Requiem Angel,Dark Ascension,33,Near Mint,English,0,0,0,0,0,0,0,Rare,$0.30,$0.34
3,3,Rescind,Urza's Saga,206,Near Mint,English,0,0,0,0,0,0,0,Common,$0.15,$0.15
3,3,Resistance Fighter,Visions,99,Near Mint,English,0,0,0,0,0,0,0,Common,$0.15,$0.15
7,7,Resolute Archangel,Magic 2015 Core Set,13,Near Mint,English,0,0,0,0,0,0,0,Rare,$0.45,$0.49
1,1,Respite,Tempest,209,Near Mint,English,0,0,0,0,0,0,0,Common,$0.15,$0.18
24,8,Rest in Peace,Return to Ravnica,24,Near Mint,English,0,0,0,0,0,0,0,Rare,$4.50,$4.52
1,1,Restless Dead,Mirage,321,Near Mint,English,0,0,0,0,0,0,0,Common,$0.10,$0.14
15,8,Restoration Angel,Avacyn Restored,179,Near Mint,English,0,0,0,0,0,0,0,Rare,$11.25,$11.82
4,4,Restrain,Invasion,35,Near Mint,English,0,0,0,0,0,0,0,Common,$0.15,$0.15
7,7,Resurrection,Revised Edition,331,Near Mint,English,0,0,0,0,0,0,0,Uncommon,$0.15,$0.23
1,1,Retaliation,Urza's Saga,227,Near Mint,English,0,0,0,0,0,0,0,Uncommon,$0.15,$0.18
7,7,Rethink,Prophecy,225,Near Mint,English,0,0,0,0,0,0,0,Common,$0.15,$0.16
32,8,Retribution of the Ancients,Khans of Tarkir,15,Near Mint,English,0,0,0,0,0,0,0,Rare,$0.30,$0.27
1,1,Retromancer,Urza's Saga,78,Near Mint,English,0,0,0,0,0,0,0,Common,$0.15,$0.15
13,8,Return to the Ranks,Magic 2015 Core Set,74,Near Mint,English,0,0,0,0,0,0,0,Rare,$1.00,$1.13
2,2,Reveille Squad,Prophecy,132,Near Mint,English,0,0,0,0,0,0,0,Uncommon,$0.15,$0.24
12,8,Revel of the Fallen God,Journey into Nyx,229,Near Mint,English,0,0,0,0,0,0,0,Rare,$0.15,$0.24
1,1,Revelation,Legends,43,Near Mint,English,0,0,0,0,0,0,0,Rare,$2.50,$2.44
26,8,Revenge of the Hunted,Avacyn Restored,23,Near Mint,English,0,0,0,0,0,0,0,Rare,$0.30,$0.39
3,3,Reverberate,Magic 2013,225,Near Mint,English,0,0,0,0,0,0,0,Rare,$0.65,$0.66
10,8,Reverberate,Magic 2012,115,Near Mint,English,0,0,0,0,0,0,0,Rare,$0.65,$0.63
4,4,Revered Elder,Mercadian Masques,199,Near Mint,English,0,0,0,0,0,0,0,Common,$0.10,$0.14
35,8,Reverent Hunter,Theros,25,Near Mint,English,0,0,0,0,0,0,0,Rare,$0.30,$0.27
1,1,Reverent Mantra,Mercadian Masques,159,Near Mint,English,0,0,0,0,0,0,0,Rare,$0.45,$0.41
8,8,Reverent Silence,Nemesis,249,Near Mint,English,0,0,0,0,0,0,0,Common,$0.15,$0.21
1,1,Reverse Damage,Revised Edition,25,Near Mint,English,0,0,0,0,0,0,0,Rare,$0.30,$0.35
1,1,Reverse Polarity,Antiquities,287,Near Mint,English,0,0,0,0,0,0,0,Common,$0.15,$0.19
1,1,Reverse Polarity,Revised Edition,19,Near Mint,English,0,0,0,0,0,0,0,Uncommon,$0.15,$0.16
1,1,Revive,Mercadian Masques,31,Near Mint,English,0,0,0,0,0,0,0,Uncommon,$0.15,$0.20
4,4,Reviving Dose,Invasion,58,Near Mint,English,0,0,0,0,0,0,0,Common,$0.10,$0.14
2,2,Reviving Vapors,Invasion,17,Near Mint,English,0,0,0,0,0,0,0,Uncommon,$0.15,$0.18
2,2,Rewards of Diversity,Invasion,281,Near Mint,English,0,0,0,0,0,0,0,Uncommon,$0.15,$0.20
2,2,Rewind,Urza's Saga,81,Near Mint,English,0,0,0,0,0,0,0,Common,$0.25,$0.29
3,3,Rhox,Nemesis,270,Near Mint,English,0,0,0,0,0,0,0,Rare,$0.30,$0.37
2,2,Rhox Faithmender,Magic 2013,24,Near Mint,English,0,0,0,0,0,0,0,Rare,$4.50,$4.44
2,2,Rhystic Cave,Prophecy,281,Near Mint,English,0,0,0,0,0,0,0,Uncommon,$0.15,$0.24
4,4,Rhystic Circle,Prophecy,197,Near Mint,English,0,0,0,0,0,0,0,Common,$0.10,$0.14
2,2,Rhystic Deluge,Prophecy,96,Near Mint,English,0,0,0,0,0,0,0,Common,$0.15,$0.15
4,4,Rhystic Lightning,Prophecy,116,Near Mint,English,0,0,0,0,0,0,0,Common,$0.10,$0.14
2,2,Rhystic Scrying,Prophecy,62,Near Mint,English,0,0,0,0,0,0,0,Uncommon,$0.15,$0.22
3,3,Rhystic Shield,Prophecy,208,Near Mint,English,0,0,0,0,0,0,0,Common,$0.10,$0.14
4,4,Rhystic Study,Prophecy,55,Near Mint,English,0,0,0,0,0,0,0,Common,$4.50,$4.35
1,1,Rhystic Syphon,Prophecy,10,Near Mint,English,0,0,0,0,0,0,0,Uncommon,$0.15,$0.20
2,2,Rib Cage Spider,Prophecy,2,Near Mint,English,0,0,0,0,0,0,0,Common,$0.10,$0.14
6,6,Ribbon Snake,Prophecy,327,Near Mint,English,0,0,0,0,0,0,0,Common,$0.10,$0.14
31,8,Riders of Gavony,Avacyn Restored,124,Near Mint,English,0,0,0,0,0,0,0,Rare,$0.30,$0.37
5,5,Ridgeline Rager,Prophecy,200,Near Mint,English,0,0,0,0,0,0,0,Common,$0.10,$0.14
1,1,Righteous Aura,Mercadian Masques,21,Near Mint,English,0,0,0,0,0,0,0,Common,$0.15,$0.22
2,2,Righteous Aura,Visions,11,Near Mint,English,0,0,0,0,0,0,0,Uncommon,$0.15,$0.16
56,8,Righteous Authority,Return to Ravnica,198,Near Mint,English,0,0,0,0,0,0,0,Rare,$0.30,$0.25
2,2,Righteous Indignation,Mercadian Masques,104,Near Mint,English,0,0,0,0,0,0,0,Uncommon,$0.15,$0.17
1,1,Ring of Immortals,Legends,121,Near Mint,English,0,0,0,0,0,0,0,Rare,$5.09,$5.92
1,1,Ring of Immortals,Legends,49,Good (Lightly Played),English,0,0,0,0,0,0,0,Rare,$5.50,$5.92
2,2,Ring of Renewal,Fallen Empires,57,Near Mint,English,0,0,0,0,0,0,0,Rare,$0.30,$0.32
1,1,Ring of Three Wishes,Magic 2014 Core Set,9,Near Mint,English,0,0,0,0,0,0,0,MythicRare,$3.25,$3.45
5,5,Riptide,The Dark,64,Near Mint,English,0,0,0,0,0,0,0,Common,$0.10,$0.14
1,1,Riptide Crab,Invasion,81,Near Mint,English,0,0,0,0,0,0,0,Uncommon,$0.15,$0.18
1,1,Rise of the Dark Realms,Magic 2014 Core Set,12,Near Mint,English,0,0,0,0,0,0,0,MythicRare,$6.75,$6.55
3,3,Rishadan Airship,Mercadian Masques,60,Near Mint,English,0,0,0,0,0,0,0,Common,$0.15,$0.16
4,4,Rishadan Cutpurse,Mercadian Masques,148,Near Mint,English,0,0,0,0,0,0,0,Common,$0.15,$0.16
2,2,Rishadan Footpad,Mercadian Masques,29,Near Mint,English,0,0,0,0,0,0,0,Uncommon,$0.25,$0.31
1,1,Rishadan Pawnshop,Mercadian Masques,219,Near Mint,English,0,0,0,0,0,0,0,Rare,$0.30,$0.30
1,1,Rishadan Port,Mercadian Masques,51,Near Mint,English,0,0,0,0,0,0,0,Rare,$114.50,$119.63
2,2,Rising Waters,Nemesis,101,Near Mint,English,0,0,0,0,0,0,0,Rare,$0.75,$0.75
41,8,Rite of Ruin,Avacyn Restored,11,Near Mint,English,0,0,0,0,0,0,0,Rare,$0.30,$0.29
7,7,Rites of Flourishing,Magic 2012,120,Near Mint,English,0,0,0,0,0,0,0,Rare,$1.25,$1.26
2,2,Rith's Attendant,Invasion,148,Near Mint,English,0,0,0,0,0,0,0,Uncommon,$0.15,$0.18
1,1,Rith's Charm,Planeshift,14,Near Mint,English,0,0,0,0,0,0,0,Uncommon,$0.15,$0.21
4,4,Rith's Grove,Planeshift,29,Near Mint,English,0,0,0,0,0,0,0,Uncommon,$0.50,$0.44
1,1,Riven Turnbull,Legends,103,Good (Lightly Played),English,0,0,0,0,0,0,0,Uncommon,$0.50,$0.73
1,1,River Boa,Classic Sixth Edition,152,Near Mint,English,0,0,0,0,0,0,0,Common,$0.25,$0.29
4,4,River Boa,Visions,184,Near Mint,English,0,0,0,0,0,0,0,Uncommon,$0.15,$0.19
2,2,River Delta,Ice Age,12,Near Mint,English,0,0,0,0,0,0,0,Rare,$0.30,$0.33
4,4,River Merfolk,Fallen Empires,71,Near Mint,English,0,0,0,0,0,0,0,Rare,$0.30,$0.33
1,1,Robber Fly,Mercadian Masques,184,Near Mint,English,0,0,0,0,0,0,0,Uncommon,$0.15,$0.18
4,4,Robe of Mirrors,Exodus,103,Near Mint,English,0,0,0,0,0,0,0,Common,$0.15,$0.16
3,3,Roc of Kher Ridges,Revised Edition,193,Near Mint,English,0,0,0,0,0,0,0,Rare,$0.30,$0.32
1,1,Rock Badger,Mercadian Masques,153,Near Mint,English,0,0,0,0,0,0,0,Uncommon,$0.15,$0.17
2,2,Rock Hydra,Revised Edition,110,Near Mint,English,0,0,0,0,0,0,0,Rare,$0.30,$0.39
2,2,Rock Slide,Visions,63,Near Mint,English,0,0,0,0,0,0,0,Common,$0.15,$0.15
1,1,Rod of Ruin,Classic Sixth Edition,110,Near Mint,English,0,0,0,0,0,0,0,Uncommon,$0.15,$0.20
2,2,Rod of Ruin,Revised Edition,63,Good (Lightly Played),English,0,0,0,0,0,0,0,Uncommon,$0.15,$0.16
2,2,Rod of Ruin,Revised Edition,138,Near Mint,English,0,0,0,0,0,0,0,Uncommon,$0.15,$0.16
1,1,"Rofellos, Llanowar Emissary",Urza's Destiny,236,Good (Lightly Played),English,0,0,0,0,0,0,0,Rare,$13.88,$15.60
6,6,Rogue Kavu,Invasion,111,Near Mint,English,0,0,0,0,0,0,0,Common,$0.15,$0.15
1,1,Rohgahh of Kher Keep,Legends,222,Near Mint,English,0,0,0,0,0,0,0,Rare,$8.50,$10.15
14,8,Rooftop Storm,Innistrad,22,Near Mint,English,0,0,0,0,0,0,0,Rare,$0.90,$0.89
2,2,Root Cage,Prophecy,112,Near Mint,English,0,0,0,0,0,0,0,Uncommon,$0.15,$0.20
9,8,Root Greevil,Planeshift,85,Near Mint,English,0,0,0,0,0,0,0,Common,$0.10,$0.14
4,4,Rootbound Crag,Magic 2012,242,Near Mint,English,0,0,0,0,0,0,0,Rare,$1.75,$1.83
15,8,Rootbound Crag,Magic 2013,23,Near Mint,English,0,0,0,0,0,0,0,Rare,$2.00,$1.86
4,4,Rootwater Alligator,Exodus,110,Near Mint,English,0,0,0,0,0,0,0,Common,$0.15,$0.15
9,8,Rootwater Commando,Nemesis,160,Near Mint,English,0,0,0,0,0,0,0,Common,$0.10,$0.14
1,1,Rootwater Hunter,Tempest,64,Near Mint,English,0,0,0,0,0,0,0,Common,$0.15,$0.16
2,2,Rootwater Mystic,Exodus,141,Near Mint,English,0,0,0,0,0,0,0,Common,$0.15,$0.15
1,1,Rootwater Thief,Nemesis,271,Near Mint,English,0,0,0,0,0,0,0,Rare,$1.25,$1.28
4,4,Rouse,Mercadian Masques,177,Near Mint,English,0,0,0,0,0,0,0,Common,$0.15,$0.16
17,8,Rubblebelt Raiders,Gatecrash,259,Near Mint,English,0,0,0,0,0,0,0,Rare,$0.30,$0.28
48,8,Rubblehulk,Gatecrash,243,Near Mint,English,0,0,0,0,0,0,0,Rare,$0.30,$0.26
1,1,Rubinia Soulsinger,Chronicles,61,Near Mint,English,0,0,0,0,0,0,0,Rare,$0.30,$0.35
1,1,Rubinia Soulsinger,Legends,304,Near Mint,English,0,0,0,0,0,0,0,Rare,$6.00,$6.82
3,3,Ruham Djinn,Invasion,183,Near Mint,English,0,0,0,0,0,0,0,Uncommon,$0.15,$0.20
1,1,Ruination,Stronghold,102,Near Mint,English,0,0,0,0,0,0,0,Rare,$0.90,$0.98
53,8,Ruinous Path,Battle for Zendikar,205,Near Mint,English,0,0,0,0,0,0,0,Rare,$1.50,$1.73
32,8,Ruins of Oran-Rief,Oath of the Gatewatch,138,Near Mint,English,0,0,0,0,0,0,0,Rare,$0.45,$0.47
6,6,Ruins of Trokair,Fallen Empires,113,Near Mint,English,0,0,0,0,0,0,0,Uncommon,$0.15,$0.20
1,1,Rukh Egg,Arabian Nights,280,Near Mint,English,0,0,0,0,0,0,0,Common,$2.08,$2.24
1,1,Rukh Egg,Arabian Nights,144,Good (Lightly Played),English,0,0,0,0,0,0,0,Common,$2.25,$2.24
2,2,Rukh Egg,Arabian Nights,37,Heavily Played,English,0,0,0,0,0,0,0,Common,$2.08,$2.24
1,1,Rune of Protection: Artifacts,Urza's Saga,152,Near Mint,English,0,0,0,0,0,0,0,Uncommon,$0.25,$0.26
1,1,Rune of Protection: Black,Urza's Saga,61,Near Mint,English,0,0,0,0,0,0,0,Common,$0.15,$0.15
1,1,Rune of Protection: Green,Urza's Saga,114,Near Mint,English,0,0,0,0,0,0,0,Common,$0.15,$0.15
2,2,Rune of Protection: Red,Urza's Saga,115,Near Mint,English,0,0,0,0,0,0,0,Common,$0.15,$0.23
1,1,Rune of Protection: White,Urza's Saga,116,Near Mint,English,0,0,0,0,0,0,0,Common,$0.15,$0.15
39,8,Runechanter's Pike,Innistrad,96,Near Mint,English,0,0,0,0,0,0,0,Rare,$0.45,$0.40
1,1,Runed Arch,Ice Age,108,Near Mint,English,0,0,0,0,0,0,0,Rare,$0.30,$0.28
4,4,Runesword,The Dark,65,Near Mint,English,0,0,0,0,0,0,0,Uncommon,$0.15,$0.21
5,5,Rupture,Nemesis,144,Near Mint,English,0,0,0,0,0,0,0,Uncommon,$0.15,$0.21
30,8,"Ruric Thar, the Unbowed",Dragon's Maze,262,Near Mint,English,0,0,0,0,0,0,0,Rare,$0.45,$0.41
7,7,Rushing River,Planeshift,154,Near Mint,English,0,0,0,0,0,0,0,Common,$0.15,$0.16
4,4,Rushwood Dryad,Mercadian Masques,51,Near Mint,English,0,0,0,0,0,0,0,Common,$0.10,$0.14
1,1,Rushwood Elemental,Mercadian Masques,175,Near Mint,English,0,0,0,0,0,0,0,Rare,$0.90,$0.92
1,1,Rushwood Grove,Mercadian Masques,227,Near Mint,English,0,0,0,0,0,0,0,Uncommon,$0.25,$0.27
4,4,Rushwood Herbalist,Mercadian Masques,126,Near Mint,English,0,0,0,0,0,0,0,Common,$0.10,$0.14
2,2,Rushwood Legate,Mercadian Masques,154,Near Mint,English,0,0,0,0,0,0,0,Uncommon,$0.15,$0.22
4,4,Rust,Legends,117,Near Mint,English,0,0,0,0,0,0,0,Common,$0.15,$0.18
7,7,Rusting Golem,Nemesis,190,Near Mint,English,0,0,0,0,0,0,0,Uncommon,$0.15,$0.21
1,1,Saber Ants,Mercadian Masques,112,Near Mint,English,0,0,0,0,0,0,0,Uncommon,$0.25,$0.25
1,1,Sabertooth Wyvern,Exodus,103,Near Mint,English,0,0,0,0,0,0,0,Uncommon,$0.15,$0.18
1,1,Sabretooth Tiger,Classic Sixth Edition,178,Near Mint,English,0,0,0,0,0,0,0,Common,$0.10,$0.14
4,4,Sacred Prey,Mercadian Masques,63,Near Mint,English,0,0,0,0,0,0,0,Common,$0.10,$0.14
1,1,Sacrifice,Unlimited Edition,90,Near Mint,English,0,0,0,0,0,0,0,Uncommon,$0.35,$0.56
3,3,Sacrifice,Revised Edition,191,Near Mint,English,0,0,0,0,0,0,0,Uncommon,$0.15,$0.20
3,3,Safe Haven,The Dark,118,Near Mint,English,0,0,0,0,0,0,0,Rare,$0.90,$0.86
11,8,Sage of Ancient Lore,Shadows over Innistrad,157,Near Mint,English,0,0,0,0,0,0,0,Rare,$0.30,$0.36
8,8,Sage of Hours,Journey into Nyx,96,Near Mint,English,0,0,0,0,0,0,0,MythicRare,$2.50,$2.76
1,1,Sage of Lat-Nam,Antiquities,192,Near Mint,English,0,0,0,0,0,0,0,Common,$0.15,$0.22
28,8,Sage of the Inward Eye,Khans of Tarkir,137,Near Mint,English,0,0,0,0,0,0,0,Rare,$0.30,$0.25
2,2,Sage Owl,Weatherlight,130,Near Mint,English,0,0,0,0,0,0,0,Common,$0.10,$0.14
22,8,Sage-Eye Avengers,Fate Reforged,61,Near Mint,English,0,0,0,0,0,0,0,Rare,$0.30,$0.28
45,8,Sagu Mauler,Khans of Tarkir,236,Near Mint,English,0,0,0,0,0,0,0,Rare,$0.30,$0.34
1,1,Sailmonger,Mercadian Masques,193,Near Mint,English,0,0,0,0,0,0,0,Uncommon,$0.15,$0.18
2,2,Salt Flats,Tempest,51,Near Mint,English,0,0,0,0,0,0,0,Rare,$0.75,$0.76
2,2,Salt Marsh,Invasion,71,Near Mint,English,0,0,0,0,0,0,0,Uncommon,$0.25,$0.35
1,1,Samite Archer,Invasion,151,Near Mint,English,0,0,0,0,0,0,0,Uncommon,$0.15,$0.20
1,1,Samite Blessing,Stronghold,148,Near Mint,English,0,0,0,0,0,0,0,Common,$0.10,$0.14
1,1,Samite Healer,Classic Sixth Edition,130,Near Mint,English,0,0,0,0,0,0,0,Common,$0.10,$0.14
12,8,Samite Healer,Revised Edition,133,Near Mint,English,0,0,0,0,0,0,0,Common,$0.10,$0.14
2,2,Samite Ministration,Invasion,145,Near Mint,English,0,0,0,0,0,0,0,Uncommon,$0.15,$0.18
7,7,Samite Pilgrim,Planeshift,162,Near Mint,English,0,0,0,0,0,0,0,Common,$0.10,$0.14
2,2,Samite Sanctuary,Prophecy,246,Near Mint,English,0,0,0,0,0,0,0,Rare,$0.30,$0.31
1,1,Sanctum Custodian,Urza's Saga,194,Near Mint,English,0,0,0,0,0,0,0,Common,$0.15,$0.15
11,8,Sanctum of Ugin,Battle for Zendikar,275,Near Mint,English,0,0,0,0,0,0,0,Rare,$1.25,$1.21
2,2,Sand Silos,Fallen Empires,50,Near Mint,English,0,0,0,0,0,0,0,Rare,$0.65,$0.60
3,3,Sandbar Crocodile,Mirage,139,Near Mint,English,0,0,0,0,0,0,0,Common,$0.10,$0.14
1,1,Sandbar Merfolk,Urza's Saga,80,Near Mint,English,0,0,0,0,0,0,0,Common,$0.15,$0.16
20,8,Sands of Delirium,Magic 2013,137,Near Mint,English,0,0,0,0,0,0,0,Rare,$0.75,$0.77
26,8,Sandsteppe Mastodon,Fate Reforged,27,Near Mint,English,0,0,0,0,0,0,0,Rare,$0.30,$0.25
6,6,Sandstone Needle,Mercadian Masques,186,Near Mint,English,0,0,0,0,0,0,0,Common,$0.15,$0.21
2,2,Sandstorm,Fourth Edition,3,Near Mint,English,0,0,0,0,0,0,0,Common,$0.10,$0.14
3,3,Sangromancer,Mirrodin Besieged,248,Near Mint,English,0,0,0,0,0,0,0,Rare,$2.00,$1.93
11,8,Sanguine Bond,Magic 2014 Core Set,347,Near Mint,English,0,0,0,0,0,0,0,Rare,$0.00,$2.61
1,1,Sapphire Leech,Invasion,33,Near Mint,English,0,0,0,0,0,0,0,Rare,$0.30,$0.29
1,1,Saprazzan Bailiff,Mercadian Masques,109,Near Mint,English,0,0,0,0,0,0,0,Rare,$0.30,$0.28
2,2,Saprazzan Breaker,Mercadian Masques,62,Near Mint,English,0,0,0,0,0,0,0,Uncommon,$0.15,$0.17
1,1,Saprazzan Cove,Mercadian Masques,169,Near Mint,English,0,0,0,0,0,0,0,Uncommon,$0.25,$0.36
1,1,Saprazzan Legate,Mercadian Masques,66,Near Mint,English,0,0,0,0,0,0,0,Uncommon,$0.15,$0.18
4,4,Saprazzan Outrigger,Mercadian Masques,168,Near Mint,English,0,0,0,0,0,0,0,Common,$0.10,$0.14
4,4,Saprazzan Raider,Mercadian Masques,8,Near Mint,English,0,0,0,0,0,0,0,Common,$0.10,$0.14
5,5,Saprazzan Skerry,Mercadian Masques,217,Near Mint,English,0,0,0,0,0,0,0,Common,$0.15,$0.19
2,2,Saproling Burst,Nemesis,179,Near Mint,English,0,0,0,0,0,0,0,Rare,$0.75,$0.79
1,1,Saproling Infestation,Invasion,73,Near Mint,English,0,0,0,0,0,0,0,Rare,$0.30,$0.30
1,1,Saproling Symbiosis,Invasion,99,Near Mint,English,0,0,0,0,0,0,0,Rare,$3.00,$3.06
5,5,Sarkhan Unbroken,Dragons of Tarkir,220,Near Mint,English,0,0,0,0,0,0,0,MythicRare,$4.75,$5.20
25,8,"Sarkhan, the Dragonspeaker",Khans of Tarkir,97,Near Mint,English,0,0,0,0,0,0,0,MythicRare,$2.50,$2.66
9,8,Satyr Firedancer,Born of the Gods,57,Near Mint,English,0,0,0,0,0,0,0,Rare,$0.65,$0.62
2,2,Savaen Elves,The Dark,46,Good (Lightly Played),English,0,0,0,0,0,0,0,Common,$0.10,$0.14
4,4,Savaen Elves,The Dark,121,Near Mint,English,0,0,0,0,0,0,0,Common,$0.10,$0.14
4,4,Savage Gorilla,Apocalypse,189,Near Mint,English,0,0,0,0,0,0,0,Common,$0.15,$0.15
60,8,Savage Knuckleblade,Khans of Tarkir,294,Near Mint,English,0,0,0,0,0,0,0,Rare,$0.30,$0.38
4,4,Savage Offensive,Invasion,119,Near Mint,English,0,0,0,0,0,0,0,Common,$0.10,$0.14
20,8,Savage Summoning,Magic 2014 Core Set,80,Near Mint,English,0,0,0,0,0,0,0,Rare,$0.30,$0.29
5,5,Savageborn Hydra,Dragon's Maze,144,Near Mint,English,0,0,0,0,0,0,0,MythicRare,$2.25,$2.34
1,1,Savannah,Revised Edition,112,Good (Lightly Played),English,0,0,0,0,0,0,0,Rare,$80.94,$84.61
3,3,Savannah,Revised Edition,118,Near Mint,English,0,0,0,0,0,0,0,Rare,$87.50,$84.61
1,1,Sawtooth Loon,Planeshift,67,Near Mint,English,0,0,0,0,0,0,0,Uncommon,$0.15,$0.18
24,8,Scab-Clan Berserker,Magic Origins,45,Near Mint,English,0,0,0,0,0,0,0,Rare,$0.55,$0.58
1,1,Scald,Urza's Saga,195,Near Mint,English,0,0,0,0,0,0,0,Uncommon,$0.15,$0.20
1,1,Scalding Tarn,Zendikar,156,Near Mint,English,0,0,0,0,0,0,0,Rare,$87.75,$87.39
1,1,Scalebane's Elite,Visions,145,Near Mint,English,0,0,0,0,0,0,0,Uncommon,$0.15,$0.17
1,1,Scaled Wurm,Classic Sixth Edition,132,Near Mint,English,0,0,0,0,0,0,0,Common,$0.10,$0.14
2,2,Scandalmonger,Mercadian Masques,81,Near Mint,English,0,0,0,0,0,0,0,Uncommon,$0.15,$0.18
2,2,Scapeshift,Morningtide,202,Near Mint,English,0,0,0,0,0,0,0,Rare,$40.75,$40.46
1,1,Scare Tactics,Exodus,196,Near Mint,English,0,0,0,0,0,0,0,Common,$0.15,$0.15
1,1,Scarecrow,The Dark,95,Near Mint,English,0,0,0,0,0,0,0,Uncommon,$0.25,$0.30
4,4,Scarred Puma,Invasion,118,Near Mint,English,0,0,0,0,0,0,0,Common,$0.15,$0.15
3,3,Scarwood Bandits,The Dark,189,Near Mint,English,0,0,0,0,0,0,0,Rare,$0.55,$0.57
9,8,Scarwood Goblins,The Dark,58,Near Mint,English,0,0,0,0,0,0,0,Common,$0.10,$0.14
3,3,Scarwood Hag,The Dark,119,Near Mint,English,0,0,0,0,0,0,0,Uncommon,$0.15,$0.23
1,1,Scathe Zombies,Classic Sixth Edition,16,Near Mint,English,0,0,0,0,0,0,0,Common,$0.10,$0.14
5,5,Scathe Zombies,Revised Edition,306,Near Mint,English,0,0,0,0,0,0,0,Common,$0.10,$0.14
56,8,Scatter to the Winds,Battle for Zendikar,46,Near Mint,English,0,0,0,0,0,0,0,Rare,$0.55,$0.57
4,4,Scavenged Weaponry,Invasion,85,Near Mint,English,0,0,0,0,0,0,0,Common,$0.10,$0.14
7,7,Scavenger Folk,The Dark,30,Near Mint,English,0,0,0,0,0,0,0,Common,$0.10,$0.14
1,1,Scavenging Ghoul,Revised Edition,120,Near Mint,English,0,0,0,0,0,0,0,Uncommon,$0.15,$0.15
2,2,Scavenging Ooze,Magic 2014 Core Set,235,Near Mint,English,0,0,0,0,0,0,0,Rare,$6.75,$7.19
2,2,School of Piranha,Exodus,102,Near Mint,English,0,0,0,0,0,0,0,Common,$0.10,$0.14
62,8,Scion of Vitu-Ghazi,Dragon's Maze,147,Near Mint,English,0,0,0,0,0,0,0,Rare,$0.30,$0.29
1,1,Scorched Ruins,Weatherlight,170,Near Mint,English,0,0,0,0,0,0,0,Rare,$10.75,$10.55
7,7,Scorching Lava,Invasion,121,Near Mint,English,0,0,0,0,0,0,0,Common,$0.15,$0.15
1,1,Scoria Cat,Prophecy,122,Near Mint,English,0,0,0,0,0,0,0,Uncommon,$0.15,$0.20
4,4,Scourge of Fleets,Journey into Nyx,73,Near Mint,English,0,0,0,0,0,0,0,Rare,$0.30,$0.32
15,8,Scourge of Skola Vale,Born of the Gods,120,Near Mint,English,0,0,0,0,0,0,0,Rare,$0.30,$0.33
14,8,Scourge Wolf,Shadows over Innistrad,257,Near Mint,English,0,0,0,0,0,0,0,Rare,$0.30,$0.39
1,1,Scouting Trek,Invasion,153,Near Mint,English,0,0,0,0,0,0,0,Uncommon,$0.25,$0.32
12,8,Scrambleverse,Magic 2012,79,Near Mint,English,0,0,0,0,0,0,0,Rare,$0.30,$0.28
2,2,Scrap,Urza's Saga,68,Near Mint,English,0,0,0,0,0,0,0,Common,$0.15,$0.16
17,8,Scroll of the Masters,Fate Reforged,36,Near Mint,English,0,0,0,0,0,0,0,Rare,$0.30,$0.30
2,2,Scrubland,Revised Edition,153,Played,English,0,0,0,0,0,0,0,Rare,$66.94,$76.94
2,2,Scrubland,Revised Edition,55,Good (Lightly Played),English,0,0,0,0,0,0,0,Rare,$72.84,$76.94
2,2,Scrubland,Revised Edition,55,Near Mint,English,0,0,0,0,0,0,0,Rare,$78.75,$76.94
9,8,Scryb Sprites,Revised Edition,110,Near Mint,English,0,0,0,0,0,0,0,Common,$0.10,$0.14
22,8,Scuttling Doom Engine,Magic 2015 Core Set,141,Near Mint,English,0,0,0,0,0,0,0,Rare,$0.45,$0.45
22,8,Sea Gate Wreckage,Oath of the Gatewatch,197,Near Mint,English,0,0,0,0,0,0,0,Rare,$1.00,$1.03
1,1,Sea Kings' Blessing,Legends,208,Good (Lightly Played),English,0,0,0,0,0,0,0,Uncommon,$0.50,$0.43
5,5,Sea Serpent,Revised Edition,58,Near Mint,English,0,0,0,0,0,0,0,Common,$0.10,$0.14
7,7,Sea Snidd,Planeshift,58,Near Mint,English,0,0,0,0,0,0,0,Common,$0.10,$0.14
3,3,Seachrome Coast,Scars of Mirrodin,127,Near Mint,English,0,0,0,0,0,0,0,Rare,$5.25,$5.83
7,7,Seal of Cleansing,Nemesis,69,Near Mint,English,0,0,0,0,0,0,0,Common,$0.15,$0.19
5,5,Seal of Doom,Nemesis,69,Near Mint,English,0,0,0,0,0,0,0,Common,$0.15,$0.15
5,5,Seal of Fire,Nemesis,242,Near Mint,English,0,0,0,0,0,0,0,Common,$0.15,$0.19
7,7,Seal of Removal,Nemesis,12,Near Mint,English,0,0,0,0,0,0,0,Common,$0.15,$0.21
6,6,Seal of Strength,Nemesis,107,Near Mint,English,0,0,0,0,0,0,0,Common,$0.15,$0.18
33,8,Séance,Dark Ascension,188,Near Mint,English,0,0,0,0,0,0,0,Rare,$0.45,$0.49
51,8,Search the City,Return to Ravnica,38,Near Mint,English,0,0,0,0,0,0,0,Rare,$0.30,$0.25
2,2,Searing Rays,Invasion,162,Near Mint,English,0,0,0,0,0,0,0,Uncommon,$0.15,$0.18
2,2,Searing Spear Askari,Mirage,3,Near Mint,English,0,0,0,0,0,0,0,Common,$0.10,$0.14
3,3,Seashell Cameo,Invasion,135,Near Mint,English,0,0,0,0,0,0,0,Uncommon,$0.15,$0.18
7,7,Seasinger,Fallen Empires,256,Near Mint,English,0,0,0,0,0,0,0,Uncommon,$0.15,$0.21
2,2,Season of the Witch,The Dark,187,Good (Lightly Played),English,0,0,0,0,0,0,0,Rare,$0.90,$0.97
1,1,Seasoned Marshal,Urza's Saga,67,Near Mint,English,0,0,0,0,0,0,0,Uncommon,$0.15,$0.18
4,4,Seasons Past,Shadows over Innistrad,180,Near Mint,English,0,0,0,0,0,0,0,MythicRare,$2.25,$2.77
1,1,Second Chance,Urza's Legacy,132,Near Mint,English,0,0,0,0,0,0,0,Rare,$0.45,$0.42
10,8,Second Harvest,Shadows over Innistrad,238,Near Mint,English,0,0,0,0,0,0,0,Rare,$0.55,$0.54
3,3,Secure the Wastes,Dragons of Tarkir,26,Near Mint,English,0,0,0,0,0,0,0,Rare,$5.25,$6.16
1,1,Security Detail,Mercadian Masques,15,Near Mint,English,0,0,0,0,0,0,0,Rare,$0.30,$0.29
2,2,Sedge Troll,Revised Edition,308,Near Mint,English,0,0,0,0,0,0,0,Rare,$0.30,$0.36
8,8,See the Unwritten,Khans of Tarkir,19,Near Mint,English,0,0,0,0,0,0,0,MythicRare,$0.99,$0.94
1,1,Seedborn Muse,Legions,84,Near Mint,English,0,0,0,0,0,0,0,Rare,$17.64,$20.78
1,1,Seedborn Muse,Legions,226,Played,English,0,0,0,0,0,0,0,Rare,$20.75,$20.78
1,1,Seedling Charm,Mirage,184,Near Mint,English,0,0,0,0,0,0,0,Common,$0.10,$0.14
2,2,Seer's Vision,Invasion,106,Near Mint,English,0,0,0,0,0,0,0,Uncommon,$0.15,$0.18
1,1,Seething Anger,Stronghold,149,Near Mint,English,0,0,0,0,0,0,0,Common,$0.15,$0.15
1,1,Seismic Assault,Exodus,217,Near Mint,English,0,0,0,0,0,0,0,Rare,$1.75,$1.79
1,1,Seizures,Ice Age,234,Near Mint,English,0,0,0,0,0,0,0,Common,$0.10,$0.14
6,6,Semblance Anvil,Scars of Mirrodin,78,Near Mint,English,0,0,0,0,0,0,0,Rare,$1.00,$1.15
1,1,Sen Triplets,Alara Reborn,56,Near Mint,Chinese,0,0,0,0,0,0,0,MythicRare,$22.56,$23.88
1,1,Sensei's Divining Top,Champions of Kamigawa,96,Near Mint,English,0,0,0,0,0,0,0,Uncommon,$23.50,$23.13
1,1,Sentinel,Legends,165,Good (Lightly Played),English,0,0,0,0,0,0,0,Rare,$2.54,$2.64
1,1,Sentinel,Legends,143,Near Mint,English,0,0,0,0,0,0,0,Rare,$2.75,$2.64
19,8,Sepulchral Primordial,Gatecrash,151,Near Mint,English,0,0,0,0,0,0,0,Rare,$0.45,$0.41
12,8,Seraph of the Sword,Magic 2014 Core Set,210,Near Mint,English,0,0,0,0,0,0,0,Rare,$0.75,$0.77
1,1,Serendib Efreet,Revised Edition,153,Near Mint,English,0,0,0,0,0,0,0,Rare,$0.75,$0.81
2,2,Serene Heart,Mirage,19,Near Mint,English,0,0,0,0,0,0,0,Common,$0.15,$0.15
1,1,Serpent Generator,Chronicles,69,Near Mint,English,0,0,0,0,0,0,0,Rare,$0.45,$0.44
1,1,Serpent Warrior,Stronghold,33,Near Mint,English,0,0,0,0,0,0,0,Common,$0.15,$0.15
4,4,Serpentine Kavu,Invasion,10,Near Mint,English,0,0,0,0,0,0,0,Common,$0.10,$0.14
35,8,Serpentine Spike,Battle for Zendikar,261,Near Mint,English,0,0,0,0,0,0,0,Rare,$0.30,$0.26
2,2,Serra Angel,Revised Edition,151,Near Mint,English,0,0,0,0,0,0,0,Uncommon,$0.50,$0.41
5,5,Serra Avatar,Magic 2013,115,Near Mint,English,0,0,0,0,0,0,0,MythicRare,$1.25,$1.16
7,7,Serra Avenger,Magic 2013,328,Near Mint,English,0,0,0,0,0,0,0,Rare,$2.00,$2.14
1,1,Serra Paladin,Homelands,118,Near Mint,English,0,0,0,0,0,0,0,Common,$0.15,$0.16
3,3,Serra Zealot,Urza's Saga,45,Near Mint,English,0,0,0,0,0,0,0,Common,$0.10,$0.14
1,1,Serra's Embrace,Urza's Saga,17,Near Mint,English,0,0,0,0,0,0,0,Uncommon,$0.15,$0.22
1,1,Servant of Volrath,Tempest,8,Near Mint,English,0,0,0,0,0,0,0,Common,$0.10,$0.14
11,8,Setessan Tactics,Journey into Nyx,184,Near Mint,English,0,0,0,0,0,0,0,Rare,$0.45,$0.42
4,4,Sever Soul,Mercadian Masques,237,Near Mint,English,0,0,0,0,0,0,0,Common,$0.10,$0.14
28,8,Sever the Bloodline,Innistrad,98,Near Mint,English,0,0,0,0,0,0,0,Rare,$0.30,$0.32
1,1,Sewer Rats,Mirage,162,Near Mint,English,0,0,0,0,0,0,0,Common,$0.10,$0.14
4,4,Sewers of Estark,Media Inserts,91,Near Mint,English,0,0,0,0,0,0,0,Special,#N/A,$0.65
2,2,Shackles,Exodus,340,Near Mint,English,0,0,0,0,0,0,0,Common,$0.15,$0.15
4,4,Shackles,Invasion,296,Near Mint,English,0,0,0,0,0,0,0,Common,$0.15,$0.15
1,1,Shadow Guildmage,Mirage,92,Near Mint,English,0,0,0,0,0,0,0,Common,$0.10,$0.14
7,7,Shadowborn Apostle,Magic 2014 Core Set,194,Near Mint,English,0,0,0,0,0,0,0,Common,$1.75,$1.65
5,5,Shadowborn Demon,Magic 2014 Core Set,20,Near Mint,English,0,0,0,0,0,0,0,MythicRare,$0.99,$0.99
10,8,Shaman of Forgotten Ways,Dragons of Tarkir,187,Near Mint,English,0,0,0,0,0,0,0,MythicRare,$2.25,$2.54
28,8,Shaman of the Great Hunt,Fate Reforged,191,Near Mint,English,0,0,0,0,0,0,0,MythicRare,$0.99,$0.97
19,8,Shamanic Revelation,Fate Reforged,243,Near Mint,English,0,0,0,0,0,0,0,Rare,$0.30,$0.31
1,1,Shambling Strider,Ice Age,57,Near Mint,English,0,0,0,0,0,0,0,Common,$0.10,$0.14
48,8,Shambling Vent,Battle for Zendikar,85,Near Mint,English,0,0,0,0,0,0,0,Rare,$3.25,$3.53
4,4,Shape Anew,Scars of Mirrodin,73,Near Mint,English,0,0,0,0,0,0,0,Rare,$0.90,$0.85
1,1,Shapeshifter,Antiquities,83,Near Mint,English,0,0,0,0,0,0,0,Rare,$1.50,$2.08
3,3,Shardless Agent,Planechase 2012,126,Near Mint,English,0,0,0,0,0,0,0,Uncommon,$12.00,$12.37
1,1,Shatter,Tempest,38,Near Mint,English,0,0,0,0,0,0,0,Common,$0.10,$0.14
1,1,Shatter,Classic Sixth Edition,53,Near Mint,English,0,0,0,0,0,0,0,Common,$0.10,$0.14
10,8,Shatter,Revised Edition,147,Near Mint,English,0,0,0,0,0,0,0,Common,$0.10,$0.13
1,1,Shattered Crypt,Weatherlight,240,Near Mint,English,0,0,0,0,0,0,0,Common,$0.10,$0.14
1,1,Shattering Pulse,Exodus,67,Near Mint,English,0,0,0,0,0,0,0,Common,$0.15,$0.23
4,4,Shatterstorm,Revised Edition,231,Near Mint,English,0,0,0,0,0,0,0,Uncommon,$1.25,$1.48
1,1,Shelkin Brownie,Legends,40,Near Mint,English,0,0,0,0,0,0,0,Common,$0.15,$0.19
1,1,Sheltered Valley,Alliances,62,Near Mint,English,0,0,0,0,0,0,0,Rare,$0.30,$0.32
1,1,"Sheoldred, Whispering One",New Phyrexia,50,Good (Lightly Played),English,0,0,0,0,0,0,0,MythicRare,$17.34,$19.17
1,1,Shield Bearer,Ice Age,54,Near Mint,English,0,0,0,0,0,0,0,Common,$0.10,$0.14
3,3,Shield Dancer,Prophecy,8,Near Mint,English,0,0,0,0,0,0,0,Uncommon,$0.15,$0.21
5,5,Shield Mate,Exodus,24,Near Mint,English,0,0,0,0,0,0,0,Common,$0.15,$0.16
4,4,Shield of Duty and Reason,Apocalypse,192,Near Mint,English,0,0,0,0,0,0,0,Common,$0.10,$0.14
6,6,Shield of the Avatar,Magic 2015 Core Set,25,Near Mint,English,0,0,0,0,0,0,0,Rare,$0.15,$0.23
4,4,Shifting Sky,Planeshift,17,Near Mint,English,0,0,0,0,0,0,0,Uncommon,$0.15,$0.22
1,1,Shifting Wall,Stronghold,110,Near Mint,English,0,0,0,0,0,0,0,Uncommon,$0.50,$0.41
25,8,Shimian Specter,Magic 2013,134,Near Mint,English,0,0,0,0,0,0,0,Rare,$0.30,$0.30
2,2,Shimmer Myr,Mirrodin Besieged,78,Near Mint,English,0,0,0,0,0,0,0,Rare,$1.25,$1.21
4,4,Shimmering Mirage,Apocalypse,101,Near Mint,English,0,0,0,0,0,0,0,Common,$0.15,$0.15
4,4,Shimmering Wings,Invasion,64,Near Mint,English,0,0,0,0,0,0,0,Common,$0.15,$0.15
60,8,Shipbreaker Kraken,Theros,31,Near Mint,English,0,0,0,0,0,0,0,Rare,$0.15,$0.23
1,1,Shivan Dragon,Fourth Edition,213,Good (Lightly Played),English,0,0,0,0,0,0,0,Rare,$0.75,$0.76
1,1,Shivan Dragon,Revised Edition,216,Played,English,0,0,0,0,0,0,0,Rare,$0.93,$1.04
1,1,Shivan Dragon,Revised Edition,55,Near Mint,English,0,0,0,0,0,0,0,Rare,$1.00,$1.04
2,2,Shivan Dragon,Revised Edition,47,Near Mint,English,0,0,0,0,0,0,0,Rare,$0.85,$1.04
3,3,Shivan Dragon,Magic 2014 Core Set,37,Near Mint,English,0,0,0,0,0,0,0,Rare,$0.30,$0.26
5,5,Shivan Dragon,Magic 2015 Core Set,17,Near Mint,English,0,0,0,0,0,0,0,Rare,$0.30,$0.31
6,6,Shivan Dragon,Magic Origins,32,Near Mint,English,0,0,0,0,0,0,0,Rare,$0.45,$0.49
4,4,Shivan Emissary,Invasion,134,Near Mint,English,0,0,0,0,0,0,0,Uncommon,$0.15,$0.18
1,1,Shivan Harvest,Invasion,302,Near Mint,English,0,0,0,0,0,0,0,Uncommon,$0.25,$0.32
1,1,Shivan Oasis,Invasion,196,Near Mint,English,0,0,0,0,0,0,0,Uncommon,$0.25,$0.27
1,1,Shivan Raptor,Urza's Saga,149,Near Mint,English,0,0,0,0,0,0,0,Uncommon,$0.15,$0.20
4,4,Shivan Reef,Magic Origins,217,Near Mint,English,0,0,0,0,0,0,0,Rare,$2.75,$2.97
4,4,Shivan Reef,Magic 2015 Core Set,140,Near Mint,English,0,0,0,0,0,0,0,Rare,$3.00,$3.27
1,1,Shivan Wurm,Planeshift,264,Near Mint,English,0,0,0,0,0,0,0,Rare,$1.00,$1.04
4,4,Shivan Zombie,Invasion,138,Near Mint,English,0,0,0,0,0,0,0,Common,$0.10,$0.14
4,4,Shock Troops,Mercadian Masques,54,Near Mint,English,0,0,0,0,0,0,0,Common,$0.10,$0.14
10,8,Shorecrasher Elemental,Dragons of Tarkir,163,Near Mint,English,0,0,0,0,0,0,0,MythicRare,$0.75,$1.01
4,4,Shoreline Raider,Invasion,186,Near Mint,English,0,0,0,0,0,0,0,Common,$0.15,$0.15
2,2,Shoving Match,Mercadian Masques,257,Near Mint,English,0,0,0,0,0,0,0,Uncommon,$0.15,$0.17
1,1,Show and Tell,Urza's Saga,17,Near Mint,English,0,0,0,0,0,0,0,Rare,$57.00,$59.53
2,2,Shower of Sparks,Urza's Saga,15,Near Mint,English,0,0,0,0,0,0,0,Common,$0.15,$0.15
8,8,Shriek of Dread,Planeshift,91,Near Mint,English,0,0,0,0,0,0,0,Common,$0.10,$0.14
2,2,Shrieking Drake,Visions,67,Near Mint,English,0,0,0,0,0,0,0,Common,$0.15,$0.18
3,3,Shrieking Mogg,Nemesis,199,Near Mint,English,0,0,0,0,0,0,0,Rare,$0.30,$0.37
23,8,Shrine of the Forsaken Gods,Battle for Zendikar,229,Near Mint,English,0,0,0,0,0,0,0,Rare,$1.00,$1.14
2,2,Shrink,Homelands,66,Near Mint,English,0,0,0,0,0,0,0,Common,$0.15,$0.15
32,8,"Shu Yun, the Silent Tempest",Fate Reforged,29,Near Mint,English,0,0,0,0,0,0,0,Rare,$0.30,$0.33
2,2,Sick and Tired,Urza's Legacy,223,Near Mint,English,0,0,0,0,0,0,0,Common,$0.15,$0.15
1,1,Sicken,Urza's Saga,204,Near Mint,English,0,0,0,0,0,0,0,Common,$0.15,$0.15
33,8,"Sidisi, Brood Tyrant",Khans of Tarkir,123,Near Mint,English,0,0,0,0,0,0,0,MythicRare,$0.99,$0.90
15,8,"Sidisi, Undead Vizier",Dragons of Tarkir,107,Near Mint,English,0,0,0,0,0,0,0,Rare,$3.25,$3.29
4,4,Siege Dragon,Magic 2015 Core Set,114,Near Mint,English,0,0,0,0,0,0,0,Rare,$0.30,$0.25
45,8,Siege Rhino,Khans of Tarkir,84,Near Mint,English,0,0,0,0,0,0,0,Rare,$1.50,$1.51
47,8,Sifter of Skulls,Oath of the Gatewatch,86,Near Mint,English,0,0,0,0,0,0,0,Rare,$0.30,$0.30
14,8,"Sigarda, Heron's Grace",Shadows over Innistrad,203,Near Mint,English,0,0,0,0,0,0,0,MythicRare,$2.00,$2.39
22,8,Sigil of the Empty Throne,Magic Origins,195,Near Mint,English,0,0,0,0,0,0,0,Rare,$0.65,$0.74
41,8,Signal the Clans,Gatecrash,80,Near Mint,English,0,0,0,0,0,0,0,Rare,$0.30,$0.27
6,6,Silence,Magic 2014 Core Set,159,Near Mint,English,0,0,0,0,0,0,0,Rare,$1.00,$1.06
20,8,Silence the Believers,Journey into Nyx,66,Near Mint,English,0,0,0,0,0,0,0,Rare,$0.30,$0.35
2,2,Silent Attendant,Urza's Saga,258,Near Mint,English,0,0,0,0,0,0,0,Common,$0.15,$0.15
20,8,Silent Sentinel,Born of the Gods,155,Near Mint,English,0,0,0,0,0,0,0,Rare,$0.30,$0.28
1,1,Silhouette,Legends,111,Near Mint,English,0,0,0,0,0,0,0,Uncommon,$0.35,$0.50
7,7,Silkenfist Fighter,Nemesis,91,Near Mint,English,0,0,0,0,0,0,0,Common,$0.10,$0.14
4,4,Silkenfist Order,Nemesis,174,Near Mint,English,0,0,0,0,0,0,0,Uncommon,$0.15,$0.20
38,8,Silklash Spider,Magic 2013,278,Near Mint,English,0,0,0,0,0,0,0,Rare,$0.30,$0.30
3,3,Silt Crawler,Prophecy,219,Near Mint,English,0,0,0,0,0,0,0,Common,$0.10,$0.14
25,8,Silumgar Assassin,Dragons of Tarkir,26,Near Mint,English,0,0,0,0,0,0,0,Rare,$0.30,$0.33
48,8,"Silumgar, the Drifting Death",Fate Reforged,32,Near Mint,English,0,0,0,0,0,0,0,Rare,$0.45,$0.48
34,8,Silumgar's Command,Dragons of Tarkir,52,Near Mint,English,0,0,0,0,0,0,0,Rare,$0.65,$0.63
8,8,Silver Drake,Planeshift,64,Near Mint,English,0,0,0,0,0,0,0,Common,$0.10,$0.14
24,8,Silverblade Paladin,Avacyn Restored,238,Near Mint,English,0,0,0,0,0,0,0,Rare,$0.55,$0.57
14,8,Silverfur Partisan,Shadows over Innistrad,276,Near Mint,English,0,0,0,0,0,0,0,Rare,$0.90,$0.92
4,4,Silverglade Elemental,Mercadian Masques,163,Near Mint,English,0,0,0,0,0,0,0,Common,$0.15,$0.16
1,1,Silverglade Pathfinder,Mercadian Masques,156,Near Mint,English,0,0,0,0,0,0,0,Uncommon,$0.15,$0.22
2,2,Simian Grunts,Urza's Legacy,6,Near Mint,English,0,0,0,0,0,0,0,Common,$0.10,$0.14
42,8,Simic Manipulator,Gatecrash,29,Near Mint,English,0,0,0,0,0,0,0,Rare,$0.30,$0.30
1,1,Simoon,Visions,73,Near Mint,English,0,0,0,0,0,0,0,Uncommon,$0.15,$0.20
2,2,Simulacrum,Revised Edition,145,Near Mint,English,0,0,0,0,0,0,0,Uncommon,$0.15,$0.20
11,8,Sin Prodder,Shadows over Innistrad,121,Near Mint,English,0,0,0,0,0,0,0,Rare,$0.99,$1.00
1,1,Sindbad,Fourth Edition,126,Near Mint,English,0,0,0,0,0,0,0,Uncommon,$0.15,$0.18
9,8,Singe,Planeshift,125,Near Mint,English,0,0,0,0,0,0,0,Common,$0.10,$0.14
4,4,Sinister Strength,Planeshift,100,Near Mint,English,0,0,0,0,0,0,0,Common,$0.15,$0.17
3,3,Sinkhole,Eternal Masters,95,Near Mint,English,0,0,0,0,0,0,0,Rare,$11.25,$13.61
3,3,Sinkhole,Unlimited Edition,74,Near Mint,English,0,0,0,0,0,0,0,Common,$21.00,$24.05
37,8,Sire of Insanity,Dragon's Maze,25,Near Mint,English,0,0,0,0,0,0,0,Rare,$0.30,$0.28
36,8,Sire of Stagnation,Battle for Zendikar,67,Near Mint,English,0,0,0,0,0,0,0,MythicRare,$1.00,$1.16
3,3,Siren's Call,Unlimited Edition,74,Near Mint,English,0,0,0,0,0,0,0,Uncommon,$0.50,$0.47
6,6,Siren's Call,Revised Edition,214,Near Mint,English,0,0,0,0,0,0,0,Uncommon,$0.15,$0.17
5,5,Sisay's Ingenuity,Planeshift,120,Near Mint,English,0,0,0,0,0,0,0,Common,$0.10,$0.14
2,2,Sisay's Ring,Visions,226,Near Mint,English,0,0,0,0,0,0,0,Common,$0.15,$0.17
1,1,Sisters of the Flame,The Dark,163,Good (Lightly Played),English,0,0,0,0,0,0,0,Uncommon,$0.15,$0.21
4,4,Sivvi's Ruse,Nemesis,217,Near Mint,English,0,0,0,0,0,0,0,Uncommon,$0.15,$0.22
3,3,Sivvi's Valor,Nemesis,15,Near Mint,English,0,0,0,0,0,0,0,Rare,$0.30,$0.32
3,3,Sizzle,Mercadian Masques,106,Near Mint,English,0,0,0,0,0,0,0,Common,$0.15,$0.16
8,8,Skaab Ruinator,Innistrad,163,Near Mint,English,0,0,0,0,0,0,0,MythicRare,$1.25,$1.34
66,8,Skarrg Goliath,Gatecrash,15,Near Mint,English,0,0,0,0,0,0,0,Rare,$0.30,$0.26
1,1,Skeleton Ship,Ice Age,50,Near Mint,English,0,0,0,0,0,0,0,Rare,$0.65,$0.64
3,3,Skinshifter,Magic 2012,174,Near Mint,English,0,0,0,0,0,0,0,Rare,$0.55,$0.53
18,8,Skirsdag High Priest,Innistrad,216,Near Mint,English,0,0,0,0,0,0,0,Rare,$0.55,$0.50
2,2,"Skithiryx, the Blight Dragon",Scars of Mirrodin,284,Near Mint,English,0,0,0,0,0,0,0,MythicRare,$11.50,$11.34
3,3,Skittering Skirge,Urza's Saga,63,Near Mint,English,0,0,0,0,0,0,0,Common,$0.15,$0.15
3,3,Skittish Kavu,Invasion,176,Near Mint,English,0,0,0,0,0,0,0,Uncommon,$0.15,$0.18
1,1,Skizzik,Invasion,298,Near Mint,English,0,0,0,0,0,0,0,Rare,$0.75,$0.83
4,4,Skulking Fugitive,Mercadian Masques,121,Near Mint,English,0,0,0,0,0,0,0,Common,$0.10,$0.14
4,4,Skull of Orm,The Dark,122,Good (Lightly Played),English,0,0,0,0,0,0,0,Uncommon,$0.50,$0.48
1,1,Skull of Ramos,Mercadian Masques,196,Near Mint,English,0,0,0,0,0,0,0,Rare,$0.65,$0.64
3,3,Skullcrack,Gatecrash,273,Near Mint,English,0,0,0,0,0,0,0,Uncommon,$1.00,$1.01
3,3,Sky Weaver,Invasion,250,Near Mint,English,0,0,0,0,0,0,0,Uncommon,$0.15,$0.18
15,8,Skybind,Journey into Nyx,161,Near Mint,English,0,0,0,0,0,0,0,Rare,$0.30,$0.25
25,8,Skylasher,Dragon's Maze,40,Near Mint,English,0,0,0,0,0,0,0,Rare,$0.45,$0.47
1,1,Skyshaper,Exodus,176,Near Mint,English,0,0,0,0,0,0,0,Uncommon,$0.15,$0.19
1,1,Skyship Weatherlight,Planeshift,23,Near Mint,English,0,0,0,0,0,0,0,Rare,$0.90,$0.95
1,1,Skyshroud Archer,Stronghold,240,Near Mint,English,0,0,0,0,0,0,0,Common,$0.15,$0.15
2,2,Skyshroud Behemoth,Nemesis,17,Near Mint,English,0,0,0,0,0,0,0,Rare,$0.30,$0.31
3,3,Skyshroud Blessing,Planeshift,217,Near Mint,English,0,0,0,0,0,0,0,Uncommon,$0.15,$0.18
9,8,Skyshroud Claim,Nemesis,206,Near Mint,English,0,0,0,0,0,0,0,Common,$1.75,$1.90
1,1,Skyshroud Condor,Tempest,9,Near Mint,English,0,0,0,0,0,0,0,Uncommon,$0.15,$0.21
6,6,Skyshroud Cutter,Nemesis,122,Near Mint,English,0,0,0,0,0,0,0,Common,$0.10,$0.14
1,1,Skyshroud Elite,Exodus,197,Near Mint,English,0,0,0,0,0,0,0,Uncommon,$0.25,$0.36
2,2,Skyshroud Falcon,Stronghold,170,Near Mint,English,0,0,0,0,0,0,0,Common,$0.15,$0.15
1,1,Skyshroud Forest,Tempest,95,Near Mint,English,0,0,0,0,0,0,0,Rare,$0.65,$0.74
2,2,Skyshroud Poacher,Nemesis,315,Near Mint,English,0,0,0,0,0,0,0,Rare,$2.50,$2.41
4,4,Skyshroud Ridgeback,Nemesis,124,Near Mint,English,0,0,0,0,0,0,0,Common,$0.10,$0.14
4,4,Skyshroud Sentinel,Nemesis,125,Near Mint,English,0,0,0,0,0,0,0,Common,$0.10,$0.14
1,1,Skyshroud Troopers,Stronghold,5,Near Mint,English,0,0,0,0,0,0,0,Common,$0.15,$0.15
9,8,Slag Fiend,New Phyrexia,13,Near Mint,English,0,0,0,0,0,0,0,Rare,$0.30,$0.27
13,8,Slagstorm,Mirrodin Besieged,66,Near Mint,English,0,0,0,0,0,0,0,Rare,$0.45,$0.40
1,1,Slaughter,Exodus,205,Near Mint,English,0,0,0,0,0,0,0,Uncommon,$0.15,$0.24
34,8,Slaughter Games,Return to Ravnica,330,Near Mint,English,0,0,0,0,0,0,0,Rare,$0.65,$0.64
1,1,Slaughter Pact,Future Sight,78,Near Mint,English,0,0,0,0,0,0,0,Rare,$9.50,$9.55
1,1,Slay,Planeshift,78,Near Mint,English,0,0,0,0,0,0,0,Uncommon,$0.15,$0.17
15,8,Slayer's Plate,Shadows over Innistrad,115,Near Mint,English,0,0,0,0,0,0,0,Rare,$0.30,$0.27
23,8,Slayers' Stronghold,Avacyn Restored,34,Near Mint,English,0,0,0,0,0,0,0,Rare,$0.55,$0.50
1,1,Sleeper Agent,Urza's Saga,49,Near Mint,English,0,0,0,0,0,0,0,Rare,$0.30,$0.39
4,4,Sleeper's Guile,Urza's Legacy,211,Near Mint,English,0,0,0,0,0,0,0,Common,$0.15,$0.15
1,1,Sleeper's Robe,Invasion,198,Near Mint,English,0,0,0,0,0,0,0,Uncommon,$0.25,$0.26
5,5,Sleeping Potion,Planeshift,126,Near Mint,English,0,0,0,0,0,0,0,Common,$0.10,$0.14
8,8,Slimy Kavu,Invasion,10,Near Mint,English,0,0,0,0,0,0,0,Common,$0.10,$0.14
8,8,Slingshot Goblin,Planeshift,246,Near Mint,English,0,0,0,0,0,0,0,Common,$0.10,$0.14
2,2,Slinking Serpent,Invasion,97,Near Mint,English,0,0,0,0,0,0,0,Uncommon,$0.15,$0.18
1,1,Slippery Karst,Urza's Saga,35,Near Mint,English,0,0,0,0,0,0,0,Common,$0.15,$0.17
4,4,Sliver Hive,Magic 2015 Core Set,225,Near Mint,English,0,0,0,0,0,0,0,Rare,$4.75,$5.01
1,1,Sliver Hivelord,Magic 2015 Core Set,283,Near Mint,Japanese,0,0,0,0,0,0,0,MythicRare,$11.21,$9.44
1,1,Slow Motion,Urza's Legacy,82,Near Mint,English,0,0,0,0,0,0,0,Common,$0.15,$0.16
1,1,Sluggishness,Urza's Legacy,186,Near Mint,English,0,0,0,0,0,0,0,Common,$0.15,$0.15
13,8,Slumbering Dragon,Magic 2013,72,Near Mint,English,0,0,0,0,0,0,0,Rare,$2.00,$2.00
4,4,Smash,Apocalypse,112,Near Mint,English,0,0,0,0,0,0,0,Common,$0.15,$0.15
1,1,Smite,Stronghold,221,Near Mint,English,0,0,0,0,0,0,0,Common,$0.10,$0.14
28,8,Smoldering Marsh,Battle for Zendikar,40,Near Mint,English,0,0,0,0,0,0,0,Rare,$2.75,$3.12
67,8,Smothering Abomination,Battle for Zendikar,214,Near Mint,English,0,0,0,0,0,0,0,Rare,$0.30,$0.39
3,3,Snag,Prophecy,123,Near Mint,English,0,0,0,0,0,0,0,Uncommon,$0.15,$0.20
1,1,Snake Pit,Mercadian Masques,162,Near Mint,English,0,0,0,0,0,0,0,Uncommon,$0.15,$0.24
1,1,Snap,Urza's Legacy,156,Near Mint,English,0,0,0,0,0,0,0,Common,$2.50,$2.46
4,4,Sneak Attack,Eternal Masters,110,Near Mint,English,0,0,0,0,0,0,0,MythicRare,$24.50,$25.61
11,8,Sneaky Homunculus,Nemesis,287,Near Mint,English,0,0,0,0,0,0,0,Common,$0.10,$0.14
4,4,Snorting Gahr,Mercadian Masques,238,Near Mint,English,0,0,0,0,0,0,0,Common,$0.10,$0.14
1,1,Snow Devil,Ice Age,234,Near Mint,English,0,0,0,0,0,0,0,Common,$0.10,$0.14
1,1,Snow Fortress,Ice Age,322,Near Mint,English,0,0,0,0,0,0,0,Rare,$0.30,$0.30
1,1,Snow Hound,Ice Age,241,Near Mint,English,0,0,0,0,0,0,0,Uncommon,$0.15,$0.19
1,1,Snowfall,Ice Age,59,Near Mint,English,0,0,0,0,0,0,0,Common,$0.10,$0.14
4,4,Snuff Out,Mercadian Masques,199,Near Mint,English,0,0,0,0,0,0,0,Common,$0.25,$0.28
1,1,Sol Ring,Revised Edition,56,Good (Lightly Played),English,0,0,0,0,0,0,0,Uncommon,$3.93,$4.08
3,3,Sol Ring,Revised Edition,253,Near Mint,English,0,0,0,0,0,0,0,Uncommon,$4.25,$4.08
1,1,Soldevi Excavations,Alliances,47,Near Mint,English,0,0,0,0,0,0,0,Rare,$7.50,$2.43
1,1,Soldevi Simulacrum,Ice Age,16,Near Mint,English,0,0,0,0,0,0,0,Uncommon,$0.15,$0.17
31,8,Soldier of the Pantheon,Theros,30,Near Mint,English,0,0,0,0,0,0,0,Rare,$0.30,$0.39
1,1,Solemn Simulacrum,Magic 2012,85,Near Mint,English,0,0,0,0,0,0,0,Rare,$4.00,$4.07
4,4,Solfatara,Visions,136,Near Mint,English,0,0,0,0,0,0,0,Common,$0.15,$0.15
1,1,Soltari Priest,Tempest,120,Near Mint,English,0,0,0,0,0,0,0,Uncommon,$0.50,$0.60
2,2,Soltari Visionary,Exodus,193,Near Mint,English,0,0,0,0,0,0,0,Common,$0.15,$0.21
30,8,Somberwald Sage,Avacyn Restored,85,Near Mint,English,0,0,0,0,0,0,0,Rare,$1.50,$1.45
1,1,Song of Blood,Visions,124,Near Mint,English,0,0,0,0,0,0,0,Common,$0.15,$0.15
3,3,Sonic Burst,Exodus,32,Near Mint,English,0,0,0,0,0,0,0,Common,$0.15,$0.15
4,4,Soothing Balm,Mercadian Masques,247,Near Mint,English,0,0,0,0,0,0,0,Common,$0.15,$0.15
2,2,Soothsaying,Mercadian Masques,86,Near Mint,English,0,0,0,0,0,0,0,Uncommon,$1.50,$1.60
1,1,Sorceress Queen,Revised Edition,67,Near Mint,English,0,0,0,0,0,0,0,Rare,$0.45,$0.48
4,4,"Sorin, Grim Nemesis",Shadows over Innistrad,133,Near Mint,English,0,0,0,0,0,0,0,Rare,$8.75,$9.51
1,1,"Sorin, Lord of Innistrad",Dark Ascension,87,Near Mint,English,0,0,0,0,0,0,0,MythicRare,$6.50,$6.85
14,8,"Sorin, Solemn Visitor",Khans of Tarkir,38,Near Mint,English,0,0,0,0,0,0,0,MythicRare,$4.75,$5.26
1,1,Sorin's Vengeance,Magic 2012,195,Near Mint,English,0,0,0,0,0,0,0,MythicRare,$1.25,$1.20
5,5,Sorrow's Path,The Dark,298,Near Mint,English,0,0,0,0,0,0,0,Rare,$0.75,$0.80
2,2,Soul Barrier,Ice Age,142,Near Mint,English,0,0,0,0,0,0,0,Uncommon,$0.15,$0.21
1,1,Soul Burn,Ice Age,179,Near Mint,English,0,0,0,0,0,0,0,Common,$0.10,$0.14
5,5,Soul Burn,Invasion,229,Near Mint,English,0,0,0,0,0,0,0,Common,$0.15,$0.16
3,3,Soul Channeling,Mercadian Masques,181,Near Mint,English,0,0,0,0,0,0,0,Common,$0.10,$0.14
8,8,Soul Charmer,Prophecy,97,Near Mint,English,0,0,0,0,0,0,0,Common,$0.10,$0.14
10,8,Soul Conduit,New Phyrexia,247,Near Mint,English,0,0,0,0,0,0,0,Rare,$0.30,$0.31
9,8,Soul Exchange,Fallen Empires,303,Near Mint,English,0,0,0,0,0,0,0,Uncommon,$0.25,$0.27
4,4,Soul Kiss,Ice Age,226,Near Mint,English,0,0,0,0,0,0,0,Common,$0.10,$0.12
5,5,Soul Link,Apocalypse,21,Near Mint,English,0,0,0,0,0,0,0,Common,$0.15,$0.21
1,1,Soul Net,Revised Edition,223,Good (Lightly Played),English,0,0,0,0,0,0,0,Uncommon,$0.15,$0.16
1,1,Soul Net,Unlimited Edition,244,Played,English,0,0,0,0,0,0,0,Uncommon,$0.35,$0.53
5,5,Soul of Innistrad,Magic 2015 Core Set,34,Near Mint,English,0,0,0,0,0,0,0,MythicRare,$1.00,$1.14
4,4,Soul of New Phyrexia,Magic 2015 Core Set,78,Near Mint,English,0,0,0,0,0,0,0,MythicRare,$2.50,$2.60
6,6,Soul of Ravnica,Magic 2015 Core Set,232,Near Mint,English,0,0,0,0,0,0,0,MythicRare,$0.99,$0.64
9,8,Soul of Shandalar,Magic 2015 Core Set,157,Near Mint,English,0,0,0,0,0,0,0,MythicRare,$0.99,$0.75
27,8,Soul of the Harvest,Avacyn Restored,188,Near Mint,English,0,0,0,0,0,0,0,Rare,$0.45,$0.49
7,7,Soul of Theros,Magic 2015 Core Set,125,Near Mint,English,0,0,0,0,0,0,0,MythicRare,$0.99,$0.99
10,8,Soul of Zendikar,Magic 2015 Core Set,36,Near Mint,English,0,0,0,0,0,0,0,MythicRare,$0.99,$0.64
59,8,Soul Ransom,Gatecrash,14,Near Mint,English,0,0,0,0,0,0,0,Rare,$0.30,$0.30
3,3,Soul Strings,Prophecy,241,Near Mint,English,0,0,0,0,0,0,0,Common,$0.10,$0.14
14,8,Soul Swallower,Shadows over Innistrad,250,Near Mint,English,0,0,0,0,0,0,0,Rare,$0.30,$0.29
3,3,Soul Warden,Exodus,298,Near Mint,English,0,0,0,0,0,0,0,Common,$0.75,$0.90
37,8,Soulblade Djinn,Magic Origins,120,Near Mint,English,0,0,0,0,0,0,0,Rare,$0.30,$0.27
22,8,Soulfire Grand Master,Fate Reforged,79,Near Mint,English,0,0,0,0,0,0,0,MythicRare,$3.00,$3.69
36,8,Soulflayer,Fate Reforged,86,Near Mint,English,0,0,0,0,0,0,0,Rare,$0.30,$0.31
2,2,Soulshriek,Mirage,245,Near Mint,English,0,0,0,0,0,0,0,Common,$0.10,$0.13
48,8,Spark Trooper,Gatecrash,87,Near Mint,English,0,0,0,0,0,0,0,Rare,$0.30,$0.33
1,1,Sparring Golem,Invasion,58,Near Mint,English,0,0,0,0,0,0,0,Uncommon,$0.15,$0.18
1,1,Spatial Binding,Mirage,133,Near Mint,English,0,0,0,0,0,0,0,Uncommon,$0.15,$0.17
5,5,Spawn of Thraxes,Journey into Nyx,213,Near Mint,English,0,0,0,0,0,0,0,Rare,$0.30,$0.26
5,5,Spawning Pool,Urza's Legacy,24,Near Mint,English,0,0,0,0,0,0,0,Uncommon,$0.25,$0.25
56,8,Spear of Heliod,Theros,326,Near Mint,English,0,0,0,0,0,0,0,Rare,$0.65,$0.65
4,4,Specter's Wail,Mercadian Masques,3,Near Mint,English,0,0,0,0,0,0,0,Common,$0.10,$0.14
1,1,Spectra Ward,Magic 2015 Core Set,269,Near Mint,English,0,0,0,0,0,0,0,Rare,$0.65,$0.64
1,1,Spectral Bears,Homelands,103,Near Mint,English,0,0,0,0,0,0,0,Uncommon,$0.15,$0.21
1,1,Spectral Shield,Ice Age,100,Near Mint,English,0,0,0,0,0,0,0,Uncommon,$0.15,$0.19
1,1,Spell Blast,Unlimited Edition,23,Near Mint,English,0,0,0,0,0,0,0,Common,$0.25,$0.27
7,7,Spell Blast,Revised Edition,163,Near Mint,English,0,0,0,0,0,0,0,Common,$0.15,$0.15
2,2,Spellskite,Modern Masters 2015 Edition,25,Near Mint,English,0,0,0,0,0,0,0,Rare,$27.75,$27.41
26,8,Spelltwine,Magic 2013,82,Near Mint,English,0,0,0,0,0,0,0,Rare,$0.30,$0.28
48,8,Sphinx of the Chimes,Return to Ravnica,83,Near Mint,English,0,0,0,0,0,0,0,Rare,$0.30,$0.25
14,8,Sphinx of the Final Word,Oath of the Gatewatch,34,Near Mint,English,0,0,0,0,0,0,0,MythicRare,$1.25,$1.61
10,8,Sphinx of Uthuun,Magic 2012,46,Near Mint,English,0,0,0,0,0,0,0,Rare,$0.30,$0.28
29,8,Sphinx of Uthuun,Magic 2013,46,Near Mint,English,0,0,0,0,0,0,0,Rare,$0.30,$0.34
3,3,Sphinx's Revelation,Return to Ravnica,86,Near Mint,English,0,0,0,0,0,0,0,MythicRare,$6.25,$6.18
2,2,Spider Climb,Visions,189,Near Mint,English,0,0,0,0,0,0,0,Common,$0.15,$0.15
3,3,Spidersilk Armor,Mercadian Masques,122,Near Mint,English,0,0,0,0,0,0,0,Common,$0.75,$0.87
1,1,Spike Breeder,Stronghold,224,Near Mint,English,0,0,0,0,0,0,0,Rare,$0.30,$0.32
1,1,Spike Cannibal,Exodus,105,Near Mint,English,0,0,0,0,0,0,0,Uncommon,$0.15,$0.23
2,2,Spike Colony,Stronghold,133,Near Mint,English,0,0,0,0,0,0,0,Common,$0.10,$0.14
2,2,Spike Drone,Tempest,5,Near Mint,English,0,0,0,0,0,0,0,Common,$0.10,$0.14
1,1,Spike Rogue,Exodus,107,Near Mint,English,0,0,0,0,0,0,0,Uncommon,$0.15,$0.20
1,1,Spike Weaver,Exodus,24,Near Mint,English,0,0,0,0,0,0,0,Rare,$4.75,$4.86
2,2,Spike Worker,Stronghold,108,Near Mint,English,0,0,0,0,0,0,0,Common,$0.15,$0.15
9,8,Spikeshot Elder,Scars of Mirrodin,48,Near Mint,English,0,0,0,0,0,0,0,Rare,$0.30,$0.36
3,3,Spiketail Hatchling,Prophecy,12,Near Mint,English,0,0,0,0,0,0,0,Common,$0.15,$0.16
1,1,Spindrift Drake,Stronghold,210,Near Mint,English,0,0,0,0,0,0,0,Common,$0.10,$0.14
8,8,Spine of Ish Sah,Mirrodin Besieged,30,Near Mint,English,0,0,0,0,0,0,0,Rare,$0.30,$0.36
1,1,Spined Fluke,Urza's Saga,138,Near Mint,English,0,0,0,0,0,0,0,Uncommon,$0.15,$0.21
1,1,Spined Sliver,Stronghold,23,Near Mint,English,0,0,0,0,0,0,0,Uncommon,$0.25,$0.26
2,2,Spined Wurm,Stronghold,212,Near Mint,English,0,0,0,0,0,0,0,Common,$0.15,$0.15
10,8,Spineless Thug,Nemesis,7,Near Mint,English,0,0,0,0,0,0,0,Common,$0.10,$0.14
2,2,Spire Owl,Urza's Saga,218,Near Mint,English,0,0,0,0,0,0,0,Common,$0.15,$0.15
38,8,Spirit Away,Avacyn Restored,30,Near Mint,English,0,0,0,0,0,0,0,Rare,$0.30,$0.29
3,3,Spirit Bonds,Magic 2015 Core Set,149,Near Mint,English,0,0,0,0,0,0,0,Rare,$0.30,$0.37
1,1,Spirit en-Kor,Stronghold,239,Near Mint,English,0,0,0,0,0,0,0,Common,$0.10,$0.14
1,1,Spirit Link,Fourth Edition,11,Near Mint,English,0,0,0,0,0,0,0,Uncommon,$0.25,$0.30
1,1,Spirit of Resistance,Invasion,113,Near Mint,English,0,0,0,0,0,0,0,Rare,$0.65,$0.66
2,2,Spirit of the Labyrinth,Born of the Gods,19,Near Mint,English,0,0,0,0,0,0,0,Rare,$0.90,$0.88
2,2,Spirit Shackle,Legends,249,Near Mint,English,0,0,0,0,0,0,0,Common,$0.15,$0.19
2,2,Spirit Shield,Fallen Empires,45,Near Mint,English,0,0,0,0,0,0,0,Rare,$0.30,$0.31
1,1,Spirit Weaver,Invasion,139,Near Mint,English,0,0,0,0,0,0,0,Uncommon,$0.15,$0.18
1,1,Spiritual Asylum,Nemesis,187,Near Mint,English,0,0,0,0,0,0,0,Rare,$0.45,$0.46
4,4,Spite // Malice,Invasion,39,Near Mint,English,0,0,0,0,0,0,0,Uncommon,$0.15,$0.20
4,4,Spiteful Bully,Nemesis,86,Near Mint,English,0,0,0,0,0,0,0,Common,$0.10,$0.14
2,2,Spitting Slug,The Dark,181,Near Mint,English,0,0,0,0,0,0,0,Uncommon,$0.15,$0.18
3,3,Spitting Spider,Prophecy,166,Near Mint,English,0,0,0,0,0,0,0,Uncommon,$0.15,$0.20
27,8,Splinterfright,Innistrad,69,Near Mint,English,0,0,0,0,0,0,0,Rare,$0.30,$0.37
6,6,Spore Cloud,Fallen Empires,259,Near Mint,English,0,0,0,0,0,0,0,Common,$0.15,$0.18
6,6,Spore Cloud,Fallen Empires,328,Near Mint,English,0,0,0,0,0,0,0,Common,$0.15,$0.16
7,7,Spore Cloud,Fallen Empires,36,Near Mint,English,0,0,0,0,0,0,0,Common,$0.15,$0.18
6,6,Spore Flower,Fallen Empires,61,Near Mint,English,0,0,0,0,0,0,0,Uncommon,$0.25,$0.34
6,6,Spore Frog,Prophecy,248,Near Mint,English,0,0,0,0,0,0,0,Common,$0.50,$0.53
3,3,Spur Grappler,Prophecy,86,Near Mint,English,0,0,0,0,0,0,0,Common,$0.10,$0.14
4,4,Squall,Mercadian Masques,182,Near Mint,English,0,0,0,0,0,0,0,Common,$0.10,$0.14
1,1,Squallmonger,Mercadian Masques,16,Near Mint,English,0,0,0,0,0,0,0,Uncommon,$0.15,$0.18
1,1,Squandered Resources,Visions,227,Near Mint,English,0,0,0,0,0,0,0,Rare,$6.50,$6.25
4,4,Squee's Embrace,Apocalypse,254,Near Mint,English,0,0,0,0,0,0,0,Common,$0.15,$0.18
7,7,Squee's Revenge,Apocalypse,206,Near Mint,English,0,0,0,0,0,0,0,Uncommon,$0.15,$0.23
4,4,Squire,The Dark,19,Near Mint,English,0,0,0,0,0,0,0,Common,$0.10,$0.14
9,8,Staff of Nin,Magic 2013,228,Near Mint,English,0,0,0,0,0,0,0,Rare,$0.99,$1.00
1,1,Staff of Zegon,Antiquities,16,Good (Lightly Played),English,0,0,0,0,0,0,0,Common,$0.15,$0.19
1,1,Staff of Zegon,Antiquities,82,Near Mint,English,0,0,0,0,0,0,0,Common,$0.15,$0.19
13,8,Stain the Mind,Magic 2015 Core Set,89,Near Mint,English,0,0,0,0,0,0,0,Rare,$0.30,$0.31
1,1,Stalking Stones,Tempest,104,Near Mint,English,0,0,0,0,0,0,0,Uncommon,$0.15,$0.22
1,1,Stalking Tiger,Mirage,20,Near Mint,English,0,0,0,0,0,0,0,Common,$0.10,$0.14
1,1,Stamina,Mercadian Masques,128,Near Mint,English,0,0,0,0,0,0,0,Uncommon,$0.15,$0.18
3,3,Stampede Driver,Nemesis,88,Near Mint,English,0,0,0,0,0,0,0,Uncommon,$0.15,$0.21
2,2,Stampeding Wildebeests,Visions,199,Near Mint,English,0,0,0,0,0,0,0,Uncommon,$0.15,$0.20
3,3,Stand // Deliver,Invasion,107,Near Mint,English,0,0,0,0,0,0,0,Uncommon,$0.15,$0.21
4,4,Standard Bearer,Apocalypse,126,Near Mint,English,0,0,0,0,0,0,0,Common,$0.25,$0.27
4,4,Standing Stones,The Dark,83,Near Mint,English,0,0,0,0,0,0,0,Uncommon,$0.15,$0.22
2,2,Standing Troops,Exodus,188,Near Mint,English,0,0,0,0,0,0,0,Common,$0.15,$0.15
1,1,Star Compass,Planeshift,87,Near Mint,English,0,0,0,0,0,0,0,Uncommon,$0.25,$0.30
19,8,Starfield of Nyx,Magic Origins,83,Near Mint,English,0,0,0,0,0,0,0,MythicRare,$2.50,$2.51
1,1,Startled Awake,Shadows over Innistrad,48,Near Mint,English,0,0,0,0,0,0,0,MythicRare,$2.75,$2.93
1,1,Stasis,Revised Edition,84,Good (Lightly Played),English,0,0,0,0,0,0,0,Rare,$1.28,$1.54
1,1,Stasis,Revised Edition,344,Played,English,0,0,0,0,0,0,0,Rare,$1.39,$1.54
1,1,Statecraft,Mercadian Masques,111,Near Mint,English,0,0,0,0,0,0,0,Rare,$4.00,$1.57
2,2,Steadfast Guard,Mercadian Masques,133,Near Mint,English,0,0,0,0,0,0,0,Common,$0.15,$0.15
1,1,Steal Artifact,Unlimited Edition,121,Good (Lightly Played),English,0,0,0,0,0,0,0,Uncommon,$0.50,$0.72
3,3,Steal Artifact,Revised Edition,23,Near Mint,English,0,0,0,0,0,0,0,Uncommon,$0.15,$0.17
5,5,Steal Strength,Prophecy,137,Near Mint,English,0,0,0,0,0,0,0,Common,$0.10,$0.14
65,8,Steam Augury,Theros,18,Near Mint,English,0,0,0,0,0,0,0,Rare,$0.15,$0.23
6,6,Steel Hellkite,Scars of Mirrodin,170,Near Mint,English,0,0,0,0,0,0,0,Rare,$1.00,$1.01
7,7,Steel Leaf Paladin,Planeshift,4,Near Mint,English,0,0,0,0,0,0,0,Common,$0.10,$0.14
1,1,Steel Overseer,Duel Decks: Elspeth vs. Tezzeret,306,Near Mint,English,0,0,0,0,0,0,0,Rare,$14.00,$14.68
38,8,Stensia Bloodhall,Innistrad,84,Near Mint,English,0,0,0,0,0,0,0,Rare,$0.30,$0.26
4,4,Stinging Barrier,Mercadian Masques,64,Near Mint,English,0,0,0,0,0,0,0,Common,$0.10,$0.14
42,8,Stolen Goods,Avacyn Restored,65,Near Mint,English,0,0,0,0,0,0,0,Rare,$0.30,$0.27
24,8,Stolen Identity,Gatecrash,192,Near Mint,English,0,0,0,0,0,0,0,Rare,$0.45,$0.42
1,1,Stone Calendar,The Dark,26,Near Mint,English,0,0,0,0,0,0,0,Rare,$2.50,$2.34
2,2,Stone Calendar,The Dark,302,Good (Lightly Played),English,0,0,0,0,0,0,0,Rare,$2.31,$2.34
1,1,Stone Giant,Revised Edition,106,Near Mint,English,0,0,0,0,0,0,0,Uncommon,$0.15,$0.16
24,8,Stone Haven Outfitter,Oath of the Gatewatch,193,Near Mint,English,0,0,0,0,0,0,0,Rare,$0.45,$0.45
9,8,Stone Kavu,Planeshift,65,Near Mint,English,0,0,0,0,0,0,0,Common,$0.10,$0.14
1,1,Stone Rain,Fourth Edition,13,Played,English,0,0,0,0,0,0,0,Common,$0.15,$0.17
1,1,Stone Rain,Ice Age,17,Near Mint,English,0,0,0,0,0,0,0,Common,$0.15,$0.15
1,1,Stone Rain,Mirage,18,Near Mint,English,0,0,0,0,0,0,0,Common,$0.15,$0.17
1,1,Stone Rain,Tempest,226,Near Mint,English,0,0,0,0,0,0,0,Common,$0.15,$0.18
3,3,Stone Rain,Revised Edition,57,Near Mint,English,0,0,0,0,0,0,0,Common,$0.15,$0.15
4,4,Stone Rain,Mercadian Masques,65,Near Mint,English,0,0,0,0,0,0,0,Common,$0.15,$0.18
6,6,Stone Rain,Revised Edition,17,Near Mint,English,0,0,0,0,0,0,0,Common,$0.15,$0.15
36,8,Stoneforge Masterwork,Oath of the Gatewatch,16,Near Mint,English,0,0,0,0,0,0,0,Rare,$0.90,$0.94
1,1,Stoneforge Mystic,Worldwake,183,Near Mint,Spanish,0,0,0,0,0,0,0,Rare,$17.10,$20.32
3,3,Stoneforge Mystic,Worldwake,133,Near Mint,English,0,0,0,0,0,0,0,Rare,$18.00,$20.32
20,8,Stony Silence,Innistrad,83,Near Mint,English,0,0,0,0,0,0,0,Rare,$10.00,$10.60
1,1,Storm Front,Tempest,94,Near Mint,English,0,0,0,0,0,0,0,Uncommon,$0.15,$0.17
1,1,Storm Seeker,Legends,43,Played,English,0,0,0,0,0,0,0,Uncommon,$1.28,$1.77
1,1,Storm World,Legends,296,Near Mint,English,0,0,0,0,0,0,0,Rare,$22.20,$23.30
1,1,Storm World,Legends,184,Good (Lightly Played),English,0,0,0,0,0,0,0,Rare,$24.00,$23.30
24,8,Stormbreath Dragon,Theros,191,Near Mint,English,0,0,0,0,0,0,0,MythicRare,$2.25,$2.41
5,5,Stormscape Apprentice,Invasion,93,Near Mint,English,0,0,0,0,0,0,0,Common,$0.15,$0.16
6,6,Stormscape Battlemage,Planeshift,145,Near Mint,English,0,0,0,0,0,0,0,Uncommon,$0.15,$0.22
8,8,Stormscape Familiar,Planeshift,250,Near Mint,English,0,0,0,0,0,0,0,Common,$0.15,$0.17
9,8,Stormtide Leviathan,Magic 2015 Core Set,154,Near Mint,English,0,0,0,0,0,0,0,Rare,$0.30,$0.30
22,8,Stormtide Leviathan,Magic 2013,71,Near Mint,English,0,0,0,0,0,0,0,Rare,$0.30,$0.38
5,5,Stormwatch Eagle,Prophecy,171,Near Mint,English,0,0,0,0,0,0,0,Common,$0.10,$0.14
2,2,Story Circle,Mercadian Masques,175,Near Mint,English,0,0,0,0,0,0,0,Uncommon,$0.50,$0.72
3,3,Strafe,Planeshift,342,Near Mint,English,0,0,0,0,0,0,0,Uncommon,$0.15,$0.18
7,7,Strata Scythe,Scars of Mirrodin,152,Near Mint,English,0,0,0,0,0,0,0,Rare,$0.30,$0.31
2,2,Stratadon,Planeshift,230,Near Mint,English,0,0,0,0,0,0,0,Uncommon,$0.15,$0.21
18,8,Stratus Dancer,Dragons of Tarkir,72,Near Mint,English,0,0,0,0,0,0,0,Rare,$1.00,$1.09
1,1,Stream of Life,Fourth Edition,151,Near Mint,English,0,0,0,0,0,0,0,Common,$0.15,$0.16
11,8,Stream of Life,Revised Edition,63,Near Mint,English,0,0,0,0,0,0,0,Common,$0.10,$0.14
5,5,Strength of Night,Apocalypse,6,Near Mint,English,0,0,0,0,0,0,0,Common,$0.10,$0.14
4,4,Strength of Unity,Invasion,297,Near Mint,English,0,0,0,0,0,0,0,Common,$0.15,$0.15
17,8,Strionic Resonator,Magic 2014 Core Set,24,Near Mint,English,0,0,0,0,0,0,0,Rare,$2.50,$2.58
1,1,Strip Mine,Antiquities,245,Near Mint,English,0,0,0,0,0,0,0,Rare,$0.00,$14.24
2,2,Strip Mine,Antiquities,51,Near Mint,English,0,0,0,0,0,0,0,Rare,$0.00,$8.25
3,3,Striped Bears,Weatherlight,318,Near Mint,English,0,0,0,0,0,0,0,Common,$0.15,$0.16
1,1,Stroke of Genius,Urza's Saga,229,Near Mint,English,0,0,0,0,0,0,0,Rare,$2.13,$2.45
3,3,Stroke of Genius,Urza's Saga,139,Played,English,0,signed,0,0,0,0,0,Rare,$2.50,$2.45
27,8,Stromkirk Noble,Innistrad,229,Near Mint,English,0,0,0,0,0,0,0,Rare,$0.75,$0.82
2,2,Strongarm Thug,Mercadian Masques,12,Near Mint,English,0,0,0,0,0,0,0,Uncommon,$0.15,$0.21
2,2,Stronghold Biologist,Nemesis,180,Near Mint,English,0,0,0,0,0,0,0,Uncommon,$0.15,$0.21
4,4,Stronghold Discipline,Nemesis,6,Near Mint,English,0,0,0,0,0,0,0,Common,$0.10,$0.14
1,1,Stronghold Gambit,Nemesis,274,Near Mint,English,0,0,0,0,0,0,0,Rare,$1.00,$1.13
4,4,Stronghold Machinist,Nemesis,75,Near Mint,English,0,0,0,0,0,0,0,Uncommon,$0.15,$0.21
4,4,Stronghold Zeppelin,Nemesis,147,Near Mint,English,0,0,0,0,0,0,0,Uncommon,$0.15,$0.21
4,4,Stuffy Doll,Magic 2013,87,Near Mint,English,0,0,0,0,0,0,0,Rare,$2.25,$2.21
4,4,Stun,Invasion,78,Near Mint,English,0,0,0,0,0,0,0,Common,$0.15,$0.15
1,1,Stupor,Mirage,88,Near Mint,English,0,0,0,0,0,0,0,Uncommon,$0.25,$0.28
44,8,Sturmgeist,Innistrad,135,Near Mint,English,0,0,0,0,0,0,0,Rare,$0.30,$0.30
1,1,Subdue,Legends,8,Near Mint,English,0,0,0,0,0,0,0,Common,$0.15,$0.19
3,3,Submerge,Nemesis,215,Near Mint,English,0,0,0,0,0,0,0,Uncommon,$1.75,$2.07
1,1,Subterranean Hangar,Mercadian Masques,89,Near Mint,English,0,0,0,0,0,0,0,Uncommon,$0.25,$0.27
1,1,Subversion,Urza's Legacy,177,Near Mint,English,0,0,0,0,0,0,0,Rare,$0.75,$0.84
21,8,Sudden Disappearance,Dark Ascension,104,Near Mint,English,0,0,0,0,0,0,0,Rare,$0.30,$0.28
5,5,Sulfur Falls,Innistrad,248,Near Mint,English,0,0,0,0,0,0,0,Rare,$9.00,$9.60
8,8,Sulfur Vent,Invasion,31,Near Mint,English,0,0,0,0,0,0,0,Common,$0.15,$0.17
50,8,Sultai Ascendancy,Khans of Tarkir,306,Near Mint,English,0,0,0,0,0,0,0,Rare,$0.30,$0.28
1,1,Summer Bloom,Classic Sixth Edition,255,Near Mint,English,0,0,0,0,0,0,0,Uncommon,$2.00,$2.48
1,1,Summer Bloom,Visions,136,Near Mint,English,0,0,0,0,0,0,0,Uncommon,$2.25,$2.06
2,2,Summoner's Pact,Future Sight,240,Near Mint,English,0,0,0,0,0,0,0,Rare,$11.75,$11.97
3,3,Summoner's Pact,Modern Masters,223,Near Mint,English,0,0,0,0,0,0,0,Rare,$11.25,$11.27
1,1,Sun Titan,Magic 2012,224,Near Mint,English,0,0,0,0,0,0,0,MythicRare,$2.50,$2.64
3,3,Sunblast Angel,Scars of Mirrodin,222,Near Mint,English,0,0,0,0,0,0,0,Rare,$0.65,$0.73
25,8,Sunbringer's Touch,Dragons of Tarkir,114,Near Mint,English,0,0,0,0,0,0,0,Rare,$0.30,$0.34
1,1,Sundial of the Infinite,Magic 2012,266,Near Mint,English,0,0,0,0,0,0,0,Rare,$0.55,$0.55
1,1,Sunglasses of Urza,Revised Edition,50,Near Mint,English,0,0,0,0,0,0,0,Rare,$0.30,$0.30
1,1,Sunken City,Fourth Edition,123,Near Mint,English,0,0,0,0,0,0,0,Common,$0.15,$0.15
5,5,Sunken City,The Dark,17,Near Mint,English,0,0,0,0,0,0,0,Common,$0.15,$0.15
32,8,Sunken Hollow,Battle for Zendikar,225,Near Mint,English,0,0,0,0,0,0,0,Rare,$2.50,$2.75
1,1,Sunken Hope,Planeshift,58,Near Mint,English,0,0,0,0,0,0,0,Rare,$0.30,$0.31
2,2,Sunken Ruins,Shadowmoor,24,Near Mint,English,0,0,0,0,0,0,0,Rare,$16.25,$17.24
1,1,Sunpetal Grove,Magic 2013,275,Near Mint,English,0,0,0,0,0,0,0,Rare,$2.25,$2.32
4,4,Sunscape Apprentice,Invasion,66,Near Mint,English,0,0,0,0,0,0,0,Common,$0.15,$0.15
2,2,Sunscape Battlemage,Planeshift,90,Near Mint,English,0,0,0,0,0,0,0,Uncommon,$0.15,$0.22
6,6,Sunscape Familiar,Planeshift,126,Near Mint,English,0,0,0,0,0,0,0,Common,$0.15,$0.21
1,1,Sunscape Master,Invasion,50,Near Mint,English,0,0,0,0,0,0,0,Rare,$0.30,$0.34
25,8,Sunscorch Regent,Dragons of Tarkir,40,Near Mint,English,0,0,0,0,0,0,0,Rare,$0.65,$0.68
34,8,Supplant Form,Fate Reforged,59,Near Mint,English,0,0,0,0,0,0,0,Rare,$0.30,$0.29
7,7,Suppress,Apocalypse,159,Near Mint,English,0,0,0,0,0,0,0,Uncommon,$0.15,$0.17
27,8,Supreme Verdict,Return to Ravnica,304,Near Mint,English,0,0,0,0,0,0,0,Rare,$6.00,$6.04
1,1,Suq'Ata Assassin,Visions,90,Near Mint,English,0,0,0,0,0,0,0,Uncommon,$0.25,$0.30
1,1,Suq'Ata Lancer,Visions,250,Near Mint,English,0,0,0,0,0,0,0,Common,$0.15,$0.15
1,1,Surgical Extraction,New Phyrexia,200,Near Mint,English,0,0,0,0,0,0,0,Rare,$6.75,$6.70
3,3,Surprise Deployment,Planeshift,6,Near Mint,English,0,0,0,0,0,0,0,Uncommon,$0.15,$0.17
33,8,Surrak Dragonclaw,Khans of Tarkir,269,Near Mint,English,0,0,0,0,0,0,0,MythicRare,$0.99,$0.93
29,8,"Surrak, the Hunt Caller",Dragons of Tarkir,111,Near Mint,English,0,0,0,0,0,0,0,Rare,$0.55,$0.58
1,1,Sustainer of the Realm,Urza's Legacy,143,Near Mint,English,0,0,0,0,0,0,0,Uncommon,$0.15,$0.21
1,1,Sustenance,Mercadian Masques,137,Near Mint,English,0,0,0,0,0,0,0,Uncommon,$0.15,$0.18
8,8,Sutured Ghoul,Magic 2012,115,Near Mint,English,0,0,0,0,0,0,0,Rare,$0.30,$0.29
5,5,Svyelunite Priest,Fallen Empires,319,Near Mint,English,0,0,0,0,0,0,0,Uncommon,$0.15,$0.17
7,7,Svyelunite Temple,Fallen Empires,260,Near Mint,English,0,0,0,0,0,0,0,Uncommon,$0.15,$0.24
1,1,Swamp,Unhinged,1,Near Mint,English,0,0,0,0,0,0,0,BasicLand,$0.00,$9.52
1,1,Swamp Mosquito,Alliances,23,Near Mint,English,0,0,0,0,0,0,0,Common,$0.15,$0.17
1,1,Swamp Mosquito,Alliances,41,Near Mint,English,0,0,0,0,0,0,0,Common,$0.15,$0.18
88,8,Swan Song,Theros,201,Near Mint,English,0,0,0,0,0,0,0,Rare,$1.25,$1.19
2,2,Swat,Urza's Legacy,106,Near Mint,English,0,0,0,0,0,0,0,Common,$0.15,$0.15
2,2,Sway of Illusion,Invasion,264,Near Mint,English,0,0,0,0,0,0,0,Uncommon,$0.15,$0.21
2,2,Sword Dancer,Prophecy,7,Near Mint,English,0,0,0,0,0,0,0,Uncommon,$0.15,$0.20
14,8,Sword of the Animist,Magic Origins,164,Near Mint,English,0,0,0,0,0,0,0,Rare,$2.00,$2.30
2,2,Sword of the Meek,Future Sight,70,Near Mint,English,0,0,0,0,0,0,0,Uncommon,$10.75,$11.74
3,3,Sword of the Meek,Future Sight,86,Near Mint,Italian,0,0,0,0,0,0,0,Uncommon,$10.21,$11.74
1,1,Swords to Plowshares,Revised Edition,163,Near Mint,English,0,0,0,0,0,0,0,Uncommon,$2.50,$2.75
1,1,Swords to Plowshares,Ice Age,160,Near Mint,English,0,0,0,0,0,0,0,Uncommon,$2.75,$2.73
1,1,Sylvan Advocate,Oath of the Gatewatch,16,Near Mint,Russian,0,0,0,0,0,0,0,Rare,$6.88,$6.01
5,5,Sylvan Advocate,Oath of the Gatewatch,154,Near Mint,English,0,0,0,0,0,0,0,Rare,$5.50,$6.01
10,8,Sylvan Caryatid,Theros,139,Near Mint,English,0,0,0,0,0,0,0,Rare,$2.00,$2.24
2,2,Sylvan Library,Fifth Edition,57,Near Mint,English,0,0,0,0,0,0,0,Rare,$20.75,$21.28
3,3,Sylvan Library,Eternal Masters,223,Near Mint,English,0,0,0,0,0,0,0,Rare,$18.00,$19.20
7,7,Sylvan Messenger,Apocalypse,137,Near Mint,English,0,0,0,0,0,0,0,Uncommon,$0.50,$0.65
25,8,Sylvan Primordial,Gatecrash,91,Near Mint,English,0,0,0,0,0,0,0,Rare,$0.55,$0.50
2,2,Symbiosis,Urza's Saga,320,Near Mint,English,0,0,0,0,0,0,0,Common,$0.15,$0.15
1,1,Syphon Sliver,Magic 2014 Core Set,117,Near Mint,English,0,0,0,0,0,0,0,Rare,$2.25,$2.35
1,1,Syphon Soul,Classic Sixth Edition,83,Near Mint,English,0,0,0,0,0,0,0,Common,$0.15,$0.19
4,4,Syphon Soul,Legends,171,Near Mint,English,0,0,0,0,0,0,0,Common,$0.15,$0.19
1,1,Tablet of Epityr,Antiquities,13,Near Mint,English,0,0,0,0,0,0,0,Common,$0.15,$0.19
2,2,"Tahngarth, Talruum Hero",Planeshift,36,Near Mint,English,0,0,0,0,0,0,0,Common,$0.65,$0.73
4,4,Tahngarth's Glare,Apocalypse,54,Near Mint,English,0,0,0,0,0,0,0,Rare,$0.10,$0.14
1,1,Taiga,Revised Edition,283,Near Mint,English,0,0,0,0,0,0,0,Rare,$80.94,$83.34
3,3,Taiga,Revised Edition,123,Good (Lightly Played),English,0,0,0,0,0,0,0,Rare,$87.50,$83.34
15,8,Tainted Remedy,Magic Origins,230,Near Mint,English,0,0,0,0,0,0,0,Rare,$0.90,$0.90
4,4,Tainted Well,Invasion,81,Near Mint,English,0,0,0,0,0,0,0,Common,$0.10,$0.14
17,8,"Tajic, Blade of the Legion",Dragon's Maze,75,Near Mint,English,0,0,0,0,0,0,0,Rare,$0.75,$0.75
29,8,Talent of the Telepath,Magic Origins,93,Near Mint,English,0,0,0,0,0,0,0,Rare,$0.55,$0.58
4,4,"Talrand, Sky Summoner",Magic 2013,198,Near Mint,English,0,0,0,0,0,0,0,Rare,$1.25,$1.27
3,3,Talruum Champion,Visions,35,Near Mint,English,0,0,0,0,0,0,0,Common,$0.15,$0.15
1,1,Talruum Minotaur,Classic Sixth Edition,31,Near Mint,English,0,0,0,0,0,0,0,Common,$0.10,$0.14
1,1,Talruum Piper,Visions,36,Near Mint,English,0,0,0,0,0,0,0,Uncommon,$0.15,$0.17
1,1,"Tamiyo, the Moon Sage",Avacyn Restored,111,Near Mint,English,0,0,0,0,0,0,0,Rare,$18.04,$20.05
1,1,"Tamiyo, the Moon Sage",Avacyn Restored,224,Good (Lightly Played),English,0,0,0,0,0,0,0,MythicRare,$19.50,$20.05
2,2,"Tamiyo, the Moon Sage",Avacyn Restored,44,Near Mint,English,0,0,0,0,0,0,0,MythicRare,$22.43,$20.05
9,8,Tamiyo's Journal,Shadows over Innistrad,15,Near Mint,Japanese,0,0,0,0,0,0,0,MythicRare,$0.65,$0.61
2,2,Tangle,Invasion,39,Near Mint,English,0,0,0,0,0,0,0,Uncommon,$2.00,$2.10
1,1,Tangle Kelp,The Dark,139,Near Mint,English,0,0,0,0,0,0,0,Uncommon,$0.15,$0.20
2,2,Tangle Kelp,The Dark,37,Good (Lightly Played),English,0,0,0,0,0,0,0,Uncommon,$0.15,$0.20
2,2,Tangle Wire,Nemesis,253,Near Mint,English,0,0,0,0,0,0,0,Rare,$4.25,$4.32
1,1,Tarmogoyf,Future Sight,118,Near Mint,English,0,0,0,0,0,0,0,MythicRare,$164.25,$168.93
1,1,Tarmogoyf,Modern Masters,162,Near Mint,English,0,0,0,0,0,0,0,MythicRare,$275.00,$139.48
2,2,Tarmogoyf,Modern Masters 2015 Edition,148,Near Mint,English,0,0,0,0,0,0,0,Rare,$135.00,$134.92
2,2,Tarpan,Ice Age,106,Near Mint,English,0,0,0,0,0,0,0,Common,$0.10,$0.14
41,8,"Tasigur, the Golden Fang",Fate Reforged,36,Near Mint,English,0,0,0,0,0,0,0,Rare,$2.75,$2.85
2,2,Task Force,Mercadian Masques,241,Near Mint,English,0,0,0,0,0,0,0,Common,$0.15,$0.17
1,1,Task Mage Assembly,Prophecy,280,Near Mint,English,0,0,0,0,0,0,0,Rare,$0.30,$0.31
1,1,Tawnos's Weaponry,Antiquities,91,Poor,English,0,0,0,0,0,0,0,Uncommon,$0.25,$0.38
1,1,Tectonic Break,Mercadian Masques,272,Near Mint,English,0,0,0,0,0,0,0,Rare,$0.45,$0.45
1,1,Tectonic Instability,Invasion,64,Near Mint,English,0,0,0,0,0,0,0,Rare,$0.30,$0.31
1,1,"Teferi, Mage of Zhalfir",Time Spiral,17,Near Mint,English,0,0,0,0,0,0,0,Uncommon,$13.75,$13.60
1,1,Teferi's Care,Invasion,255,Near Mint,English,0,0,0,0,0,0,0,Common,$0.15,$0.18
2,2,Teferi's Curse,Mirage,137,Near Mint,English,0,0,0,0,0,0,0,Common,$0.10,$0.14
2,2,Teferi's Drake,Mirage,134,Near Mint,English,0,0,0,0,0,0,0,Rare,$0.10,$0.14
2,2,Teferi's Isle,Mirage,32,Near Mint,English,0,0,0,0,0,0,0,Rare,$0.90,$0.92
3,3,Teferi's Puzzle Box,Visions,108,Near Mint,English,0,0,0,0,0,0,0,Rare,$2.75,$2.81
1,1,Teferi's Response,Invasion,134,Near Mint,English,0,0,0,0,0,0,0,Rare,$0.90,$0.90
1,1,Teleport,Chronicles,48,Near Mint,English,0,0,0,0,0,0,0,Rare,$0.30,$0.26
9,8,Tempered Steel,Scars of Mirrodin,126,Near Mint,English,0,0,0,0,0,0,0,Rare,$1.50,$1.50
1,1,Tempest Drake,Visions,194,Near Mint,English,0,0,0,0,0,0,0,Uncommon,$0.15,$0.17
28,8,Temple of Abandon,Theros,78,Near Mint,English,0,0,0,0,0,0,0,Rare,$0.75,$0.77
21,8,Temple of Deceit,Theros,166,Near Mint,English,0,0,0,0,0,0,0,Rare,$1.75,$1.73
16,8,Temple of Enlightenment,Born of the Gods,32,Near Mint,English,0,0,0,0,0,0,0,Rare,$2.25,$2.34
9,8,Temple of Epiphany,Journey into Nyx,262,Near Mint,English,0,0,0,0,0,0,0,Rare,$3.00,$3.13
20,8,Temple of Malady,Journey into Nyx,22,Near Mint,English,0,0,0,0,0,0,0,Rare,$2.00,$2.16
8,8,Temple of Malice,Born of the Gods,20,Near Mint,English,0,0,0,0,0,0,0,Rare,$1.75,$1.68
26,8,Temple of Mystery,Theros,327,Near Mint,English,0,0,0,0,0,0,0,Rare,$1.00,$1.05
4,4,Temple of Plenty,Born of the Gods,20,Near Mint,English,0,0,0,0,0,0,0,Rare,$1.75,$1.84
33,8,Temple of Silence,Theros,104,Near Mint,English,0,0,0,0,0,0,0,Rare,$1.50,$1.50
23,8,Temple of Triumph,Theros,109,Near Mint,English,0,0,0,0,0,0,0,Rare,$0.90,$0.92
1,1,Temporal Distortion,Invasion,148,Near Mint,English,0,0,0,0,0,0,0,Rare,$0.30,$0.34
4,4,Temporal Spring,Apocalypse,135,Near Mint,English,0,0,0,0,0,0,0,Common,$0.10,$0.14
23,8,Temporal Trespass,Fate Reforged,275,Near Mint,English,0,0,0,0,0,0,0,MythicRare,$1.50,$1.49
64,8,Temur Ascendancy,Khans of Tarkir,48,Near Mint,English,0,0,0,0,0,0,0,Rare,$0.30,$0.28
29,8,Temur War Shaman,Fate Reforged,85,Near Mint,English,0,0,0,0,0,0,0,Rare,$0.30,$0.28
1,1,Tendo Ice Bridge,Betrayers of Kamigawa,96,Good (Lightly Played),English,0,0,0,0,0,0,0,Rare,$11.33,$13.21
2,2,Teremko Griffin,Mirage,171,Near Mint,English,0,0,0,0,0,0,0,Common,$0.15,$0.15
3,3,Terminal Moraine,Planeshift,19,Near Mint,English,0,0,0,0,0,0,0,Uncommon,$0.15,$0.20
6,6,Terminate,Planeshift,97,Near Mint,English,0,0,0,0,0,0,0,Common,$2.75,$2.62
14,8,Terminus,Avacyn Restored,58,Near Mint,English,0,0,0,0,0,0,0,Rare,$3.25,$3.30
5,5,Terra Stomper,Magic 2015 Core Set,94,Near Mint,English,0,0,0,0,0,0,0,Rare,$0.55,$0.55
8,8,Terra Stomper,Magic Origins,21,Near Mint,English,0,0,0,0,0,0,0,Rare,$0.65,$0.72
10,8,Terrain Generator,Nemesis,209,Near Mint,English,0,0,0,0,0,0,0,Uncommon,$2.00,$2.14
1,1,Territorial Dispute,Mercadian Masques,116,Near Mint,English,0,0,0,0,0,0,0,Rare,$0.30,$0.29
1,1,Terror,Fourth Edition,93,Good (Lightly Played),English,0,0,0,0,0,0,0,Common,$0.15,$0.15
1,1,Terror,Classic Sixth Edition,149,Near Mint,English,0,0,0,0,0,0,0,Common,$0.15,$0.19
3,3,Terror,Revised Edition,19,Near Mint,English,0,0,0,0,0,0,0,Common,$0.15,$0.15
1,1,Tetravus,Antiquities,134,Good (Lightly Played),English,0,0,0,0,0,0,0,Rare,$18.96,$25.25
41,8,"Teysa, Envoy of Ghosts",Dragon's Maze,41,Near Mint,English,0,0,0,0,0,0,0,Rare,$0.30,$0.35
1,1,"Tezzeret, Agent of Bolas",Mirrodin Besieged,115,Near Mint,Chinese,0,0,0,0,0,0,0,MythicRare,$23.04,$26.34
1,1,"Tezzeret, Agent of Bolas",Mirrodin Besieged,102,Near Mint,English,0,0,0,0,0,0,0,MythicRare,$24.25,$26.34
1,1,Thalakos Scout,Exodus,7,Near Mint,English,0,0,0,0,0,0,0,Common,$0.15,$0.15
7,7,"Thalia, Guardian of Thraben",Dark Ascension,373,Near Mint,English,0,0,0,0,0,0,0,Rare,$9.00,$9.18
9,8,Thalia's Lieutenant,Shadows over Innistrad,76,Near Mint,English,0,0,0,0,0,0,0,Rare,$3.50,$3.64
5,5,Thallid,Fallen Empires,207,Near Mint,English,0,0,0,0,0,0,0,Common,$0.15,$0.19
6,6,Thallid,Fallen Empires,137,Near Mint,English,0,0,0,0,0,0,0,Common,$0.15,$0.19
6,6,Thallid,Fallen Empires,182,Near Mint,English,0,0,0,0,0,0,0,Common,$0.15,$0.19
7,7,Thallid,Fallen Empires,138,Near Mint,English,0,0,0,0,0,0,0,Common,$0.15,$0.15
10,8,Thallid Devourer,Fallen Empires,279,Near Mint,English,0,0,0,0,0,0,0,Uncommon,$0.25,$0.25
8,8,"Thassa, God of the Sea",Theros,144,Near Mint,English,0,0,0,0,0,0,0,MythicRare,$5.75,$5.89
4,4,The Chain Veil,Magic 2015 Core Set,36,Near Mint,English,0,0,0,0,0,0,0,MythicRare,$1.75,$1.81
1,1,The Fallen,The Dark,20,Good (Lightly Played),English,0,0,0,0,0,0,0,Uncommon,$0.15,$0.23
2,2,The Fallen,The Dark,279,Near Mint,English,0,0,0,0,0,0,0,Uncommon,$0.15,$0.23
21,8,The Gitrog Monster,Shadows over Innistrad,25,Near Mint,English,0,0,0,0,0,0,0,MythicRare,$3.25,$3.94
15,8,The Great Aurora,Magic Origins,153,Near Mint,English,0,0,0,0,0,0,0,MythicRare,$1.75,$1.82
2,2,The Rack,Revised Edition,159,Near Mint,English,0,0,0,0,0,0,0,Uncommon,$2.25,$2.19
1,1,The Tabernacle at Pendrell Vale,Legends,169,Good (Lightly Played),English,0,0,0,0,0,0,0,Rare,"$1,202.50","$1,429.34"
3,3,Theft of Dreams,Exodus,83,Near Mint,English,0,0,0,0,0,0,0,Common,$0.15,$0.15
8,8,Thelon's Chant,Fallen Empires,208,Near Mint,English,0,0,0,0,0,0,0,Uncommon,$0.15,$0.17
3,3,Thelon's Curse,Fallen Empires,307,Near Mint,English,0,0,0,0,0,0,0,Rare,$0.30,$0.30
8,8,Thelonite Druid,Fallen Empires,280,Near Mint,English,0,0,0,0,0,0,0,Uncommon,$0.15,$0.18
1,1,Thelonite Monk,Fallen Empires,42,Near Mint,English,0,0,0,0,0,0,0,Rare,$0.30,$0.32
4,4,Thermal Glider,Mercadian Masques,104,Near Mint,English,0,0,0,0,0,0,0,Common,$0.10,$0.14
6,6,Thespian's Stage,Gatecrash,97,Near Mint,English,0,0,0,0,0,0,0,Rare,$2.75,$2.94
1,1,Thicket Basilisk,Unlimited Edition,71,Near Mint,English,0,0,0,0,0,0,0,Uncommon,$0.35,$0.58
5,5,Thicket Basilisk,Revised Edition,38,Near Mint,English,0,0,0,0,0,0,0,Uncommon,$0.15,$0.17
6,6,Thing in the Ice,Shadows over Innistrad,37,Near Mint,English,0,0,0,0,0,0,0,Rare,$4.50,$5.02
1,1,Thirst,Mirage,134,Near Mint,English,0,0,0,0,0,0,0,Common,$0.10,$0.14
15,8,Thopter Assembly,Mirrodin Besieged,311,Near Mint,English,0,0,0,0,0,0,0,Rare,$0.55,$0.52
26,8,Thopter Spy Network,Magic Origins,129,Near Mint,English,0,0,0,0,0,0,0,Rare,$0.90,$0.85
2,2,Thorn of Amethyst,Lorwyn,42,Near Mint,English,0,0,0,0,0,0,0,Rare,$16.50,$16.63
6,6,Thorn Thallid,Fallen Empires,39,Near Mint,English,0,0,0,0,0,0,0,Common,$0.15,$0.17
6,6,Thorn Thallid,Fallen Empires,42,Near Mint,English,0,0,0,0,0,0,0,Common,$0.15,$0.18
7,7,Thorn Thallid,Fallen Empires,40,Near Mint,English,0,0,0,0,0,0,0,Common,$0.15,$0.18
9,8,Thorn Thallid,Fallen Empires,41,Near Mint,English,0,0,0,0,0,0,0,Common,$0.15,$0.18
3,3,Thorncaster Sliver,Magic 2014 Core Set,42,Near Mint,English,0,0,0,0,0,0,0,Rare,$0.65,$0.73
3,3,Thornscape Apprentice,Invasion,43,Near Mint,English,0,0,0,0,0,0,0,Common,$0.15,$0.15
2,2,Thornscape Battlemage,Planeshift,44,Near Mint,English,0,0,0,0,0,0,0,Uncommon,$0.15,$0.18
8,8,Thornscape Familiar,Planeshift,45,Near Mint,English,0,0,0,0,0,0,0,Common,$0.15,$0.15
1,1,Thornscape Master,Invasion,68,Near Mint,English,0,0,0,0,0,0,0,Rare,$0.30,$0.32
1,1,Thornwind Faeries,Urza's Legacy,46,Near Mint,English,0,0,0,0,0,0,0,Common,$0.15,$0.19
12,8,Thought-Knot Seer,Oath of the Gatewatch,1,Near Mint,English,0,0,0,0,0,0,0,Rare,$6.50,$6.84
1,1,Thoughtlace,Revised Edition,62,Near Mint,English,0,0,0,0,0,0,0,Rare,$0.30,$0.27
4,4,Thoughtseize,Theros,223,Near Mint,English,0,0,0,0,0,0,0,Rare,$14.25,$15.12
39,8,Thousand Winds,Khans of Tarkir,306,Near Mint,English,0,0,0,0,0,0,0,Rare,$0.30,$0.28
1,1,Thraben Doomsayer,Dark Ascension,30,Near Mint,English,0,0,0,0,0,0,0,Rare,$0.90,$0.98
1,1,Thran Quarry,Urza's Saga,32,Near Mint,English,0,0,0,0,0,0,0,Rare,$2.25,$2.22
1,1,Thran Turbine,Urza's Saga,211,Near Mint,English,0,0,0,0,0,0,0,Uncommon,$0.25,$0.31
1,1,Thran War Machine,Urza's Legacy,107,Near Mint,English,0,0,0,0,0,0,0,Uncommon,$0.15,$0.18
1,1,Threads of Disloyalty,Betrayers of Kamigawa,137,Near Mint,English,0,0,0,0,0,0,0,Rare,$9.02,$10.55
3,3,Threads of Disloyalty,Betrayers of Kamigawa,80,Good (Lightly Played),English,0,0,0,0,0,0,0,Rare,$9.75,$10.55
5,5,Thresher Beast,Prophecy,23,Near Mint,English,0,0,0,0,0,0,0,Common,$0.15,$0.17
5,5,Thrive,Prophecy,107,Near Mint,English,0,0,0,0,0,0,0,Common,$0.15,$0.16
1,1,Throne of Bone,Revised Edition,8,Good (Lightly Played),English,0,0,0,0,0,0,0,Uncommon,$0.15,$0.16
8,8,Throne of Empires,Magic 2012,65,Near Mint,English,0,0,0,0,0,0,0,Rare,$0.30,$0.31
4,4,Thrull Champion,Fallen Empires,49,Near Mint,English,0,0,0,0,0,0,0,Rare,$0.30,$0.38
6,6,Thrull Retainer,Fallen Empires,182,Near Mint,English,0,0,0,0,0,0,0,Uncommon,$0.15,$0.18
1,1,Thrull Surgeon,Exodus,95,Near Mint,English,0,0,0,0,0,0,0,Common,$0.10,$0.14
5,5,Thrull Wizard,Fallen Empires,136,Near Mint,English,0,0,0,0,0,0,0,Uncommon,$0.15,$0.18
29,8,Thunderbreak Regent,Dragons of Tarkir,119,Near Mint,English,0,0,0,0,0,0,0,Rare,$1.75,$2.17
4,4,Thunderclap,Mercadian Masques,90,Near Mint,English,0,0,0,0,0,0,0,Common,$0.10,$0.14
1,1,Thundering Giant,Urza's Saga,147,Near Mint,English,0,0,0,0,0,0,0,Uncommon,$0.15,$0.18
5,5,Thunderscape Apprentice,Invasion,140,Near Mint,English,0,0,0,0,0,0,0,Common,$0.10,$0.14
2,2,Thunderscape Battlemage,Planeshift,84,Near Mint,English,0,0,0,0,0,0,0,Uncommon,$0.15,$0.21
8,8,Thunderscape Familiar,Planeshift,108,Near Mint,English,0,0,0,0,0,0,0,Common,$0.15,$0.15
1,1,Thwart,Mercadian Masques,173,Near Mint,English,0,0,0,0,0,0,0,Uncommon,$0.85,$0.88
1,1,Ticking Gnomes,Urza's Legacy,297,Near Mint,English,0,0,0,0,0,0,0,Uncommon,$0.15,$0.18
4,4,Tidal Bore,Mercadian Masques,140,Near Mint,English,0,0,0,0,0,0,0,Common,$0.10,$0.14
7,7,Tidal Courier,Apocalypse,80,Near Mint,English,0,0,0,0,0,0,0,Uncommon,$0.15,$0.19
4,4,Tidal Flats,Fallen Empires,110,Near Mint,English,0,0,0,0,0,0,0,Common,$0.15,$0.15
6,6,Tidal Flats,Fallen Empires,251,Near Mint,English,0,0,0,0,0,0,0,Common,$0.15,$0.19
7,7,Tidal Flats,Fallen Empires,251,Near Mint,English,0,0,0,0,0,0,0,Common,$0.15,$0.19
7,7,Tidal Influence,Fallen Empires,104,Near Mint,English,0,0,0,0,0,0,0,Uncommon,$0.15,$0.17
1,1,Tidal Surge,Classic Sixth Edition,4,Near Mint,English,0,0,0,0,0,0,0,Common,$0.10,$0.14
2,2,Tidal Surge,Stronghold,177,Near Mint,English,0,0,0,0,0,0,0,Common,$0.15,$0.15
5,5,Tidal Visionary,Invasion,178,Near Mint,English,0,0,0,0,0,0,0,Common,$0.15,$0.16
2,2,Tidal Warrior,Stronghold,269,Near Mint,English,0,0,0,0,0,0,0,Common,$0.15,$0.17
1,1,Tidal Wave,Mirage,20,Near Mint,English,0,0,0,0,0,0,0,Uncommon,$0.15,$0.18
27,8,Tidebinder Mage,Magic 2014 Core Set,72,Near Mint,English,0,0,0,0,0,0,0,Rare,$0.90,$0.89
4,4,Tiger Claws,Mercadian Masques,239,Near Mint,English,0,0,0,0,0,0,0,Common,$0.10,$0.14
1,1,Tigereye Cameo,Invasion,80,Near Mint,English,0,0,0,0,0,0,0,Uncommon,$0.15,$0.18
1,1,Timber Wolves,Revised Edition,117,Near Mint,English,0,0,0,0,0,0,0,Rare,$0.30,$0.31
2,2,Timberline Ridge,Ice Age,15,Near Mint,English,0,0,0,0,0,0,0,Rare,$0.30,$0.31
1,1,Time Elemental,Legends,227,Near Mint,English,0,0,0,0,0,0,0,Rare,$17.25,$17.18
9,8,Time Reversal,Magic 2012,270,Near Mint,English,0,0,0,0,0,0,0,MythicRare,$0.99,$0.95
1,1,Time Warp,Magic 2010,317,Near Mint,English,0,0,0,0,0,0,0,MythicRare,$18.00,$18.45
1,1,Timetwister,Unlimited Edition,29,Played,English,0,0,0,0,0,0,0,Rare,$714.43,$702.52
1,1,Timid Drake,Mercadian Masques,141,Near Mint,English,0,0,0,0,0,0,0,Uncommon,$0.15,$0.18
1,1,Tin-Wing Chimera,Visions,22,Near Mint,English,0,0,0,0,0,0,0,Uncommon,$0.15,$0.21
8,8,Tinder Farm,Invasion,22,Near Mint,English,0,0,0,0,0,0,0,Common,$0.15,$0.17
3,3,Tinder Wall,Ice Age,338,Near Mint,English,0,0,0,0,0,0,0,Common,$0.25,$0.29
3,3,Tireless Tracker,Shadows over Innistrad,83,Near Mint,English,0,0,0,0,0,0,0,Rare,$5.00,$5.15
10,8,Titan Forge,Mirrodin Besieged,242,Near Mint,English,0,0,0,0,0,0,0,Rare,$0.65,$0.67
49,8,Titan of Eternal Fire,Theros,138,Near Mint,English,0,0,0,0,0,0,0,Rare,$0.15,$0.23
1,1,Titania's Boon,Urza's Saga,112,Near Mint,English,0,0,0,0,0,0,0,Uncommon,$0.15,$0.18
1,1,Titania's Song,Revised Edition,63,Near Mint,English,0,0,0,0,0,0,0,Uncommon,$0.30,$0.29
3,3,Titania's Song,Antiquities,51,Near Mint,English,0,0,0,0,0,0,0,Rare,$0.50,$0.42
3,3,Tivadar's Crusade,The Dark,91,Near Mint,English,0,0,0,0,0,0,0,Uncommon,$0.50,$0.66
12,8,To the Slaughter,Shadows over Innistrad,31,Near Mint,English,0,0,0,0,0,0,0,Rare,$0.75,$0.82
1,1,Tolaria,Legends,131,Near Mint,English,0,0,0,0,0,0,0,Uncommon,$0.50,$0.73
1,1,Tolaria,Legends,237,Played,English,0,0,0,0,0,0,0,Uncommon,$0.50,$0.73
1,1,Tolaria,Legends,71,Good (Lightly Played),English,0,0,0,0,0,0,0,Uncommon,$0.50,$0.73
1,1,Tolarian Academy,Urza's Saga,140,Near Mint,English,0,0,0,0,0,0,0,Rare,$44.00,$39.69
2,2,Tolarian Drake,Weatherlight,6,Near Mint,English,0,0,0,0,0,0,0,Common,$0.10,$0.14
2,2,Tolarian Emissary,Invasion,343,Near Mint,English,0,0,0,0,0,0,0,Uncommon,$0.15,$0.18
1,1,Tolarian Winds,Urza's Saga,343,Near Mint,English,0,0,0,0,0,0,0,Common,$0.15,$0.15
1,1,Tonic Peddler,Mercadian Masques,377,Near Mint,English,0,0,0,0,0,0,0,Uncommon,$0.15,$0.18
1,1,Tooth and Nail,Mirrodin,114,Near Mint,English,0,0,0,0,0,0,0,Rare,$22.00,$21.27
4,4,Topple,Nemesis,134,Near Mint,English,0,0,0,0,0,0,0,Common,$0.10,$0.14
1,1,Tor Giant,Ice Age,7,Near Mint,English,0,0,0,0,0,0,0,Common,$0.10,$0.14
3,3,Torment,Stronghold,252,Near Mint,English,0,0,0,0,0,0,0,Common,$0.15,$0.15
1,1,Tormod's Crypt,Chronicles,255,Near Mint,English,0,0,0,0,0,0,0,Common,$0.25,$0.27
1,1,Tormod's Crypt,The Dark,164,Played,English,0,0,0,0,0,0,0,Uncommon,$1.49,$1.90
1,1,Tormod's Crypt,The Dark,122,Good (Lightly Played),English,0,0,0,0,0,0,0,Uncommon,$1.62,$1.90
1,1,Tormod's Crypt,The Dark,162,Near Mint,English,0,0,0,0,0,0,0,Uncommon,$1.75,$1.90
4,4,Torpor Orb,New Phyrexia,31,Near Mint,English,0,0,0,0,0,0,0,Rare,$3.50,$3.53
11,8,Torrent Elemental,Fate Reforged,113,Near Mint,English,0,0,0,0,0,0,0,MythicRare,$0.99,$0.84
1,1,Torture,Homelands,111,Near Mint,English,0,0,0,0,0,0,0,Common,$0.15,$0.18
1,1,Torture,Homelands,236,Near Mint,English,0,0,0,0,0,0,0,Common,$0.15,$0.17
1,1,Tortured Existence,Stronghold,42,Near Mint,English,0,0,0,0,0,0,0,Common,$0.25,$0.27
1,1,Touch of Death,Ice Age,47,Near Mint,English,0,0,0,0,0,0,0,Common,$0.10,$0.14
32,8,Touch of the Eternal,Magic 2013,122,Near Mint,English,0,0,0,0,0,0,0,Rare,$0.30,$0.29
1,1,Touch of Vitae,Ice Age,236,Near Mint,English,0,0,0,0,0,0,0,Uncommon,$0.15,$0.17
9,8,Tourach's Chant,Fallen Empires,20,Near Mint,English,0,0,0,0,0,0,0,Uncommon,$0.15,$0.18
5,5,Tourach's Gate,Fallen Empires,225,Near Mint,English,0,0,0,0,0,0,0,Rare,$0.30,$0.30
4,4,Tower Drake,Invasion,4,Near Mint,English,0,0,0,0,0,0,0,Common,$0.10,$0.14
10,8,Tower of Calamities,Scars of Mirrodin,51,Near Mint,English,0,0,0,0,0,0,0,Rare,$0.30,$0.31
4,4,Tower of Coireall,The Dark,60,Near Mint,English,0,0,0,0,0,0,0,Uncommon,$0.15,$0.22
2,2,Tower of the Magistrate,Mercadian Masques,48,Near Mint,English,0,0,0,0,0,0,0,Rare,$2.75,$3.89
1,1,Toymaker,Mercadian Masques,253,Near Mint,English,0,0,0,0,0,0,0,Uncommon,$0.15,$0.17
1,1,Tracker,The Dark,186,Good (Lightly Played),English,0,signed,0,0,0,0,0,Rare,$0.65,$0.60
1,1,Trade Routes,Mercadian Masques,22,Near Mint,English,0,0,0,0,0,0,0,Rare,$0.45,$0.44
16,8,Trading Post,Magic 2014 Core Set,119,Near Mint,English,0,0,0,0,0,0,0,Rare,$0.30,$0.31
32,8,Trading Post,Magic 2013,118,Near Mint,English,0,0,0,0,0,0,0,Rare,$0.30,$0.32
22,8,Tragic Arrogance,Magic Origins,63,Near Mint,English,0,0,0,0,0,0,0,Rare,$0.90,$0.99
1,1,Tragic Poet,Urza's Legacy,124,Near Mint,English,0,0,0,0,0,0,0,Common,$0.15,$0.15
30,8,Trail of Mystery,Khans of Tarkir,322,Near Mint,English,0,0,0,0,0,0,0,Rare,$0.30,$0.29
45,8,Trait Doctoring,Dragon's Maze,118,Near Mint,English,0,0,0,0,0,0,0,Rare,$0.30,$0.26
2,2,Tranquil Domain,Mirage,60,Near Mint,English,0,0,0,0,0,0,0,Common,$0.10,$0.14
4,4,Tranquil Path,Apocalypse,27,Near Mint,English,0,0,0,0,0,0,0,Common,$0.15,$0.15
2,2,Tranquility,Mercadian Masques,136,Near Mint,English,0,0,0,0,0,0,0,Common,$0.10,$0.14
3,3,Tranquility,Revised Edition,59,Near Mint,English,0,0,0,0,0,0,0,Common,$0.10,$0.13
5,5,Tranquility,Invasion,252,Near Mint,English,0,0,0,0,0,0,0,Common,$0.15,$0.15
1,1,Transmogrifying Licid,Exodus,140,Near Mint,English,0,0,0,0,0,0,0,Uncommon,$0.15,$0.18
1,1,Transmutation,Legends,60,Played,English,0,0,0,0,0,0,0,Common,$0.15,$0.19
2,2,Transmute Artifact,Antiquities,281,Played,English,0,0,0,0,0,0,0,Uncommon,$52.70,$58.85
27,8,Trap Essence,Khans of Tarkir,18,Near Mint,English,0,0,0,0,0,0,0,Rare,$0.30,$0.26
1,1,Trap Runner,Mercadian Masques,220,Near Mint,English,0,0,0,0,0,0,0,Uncommon,$0.15,$0.21
5,5,Traumatize,Magic 2014 Core Set,162,Near Mint,English,0,0,0,0,0,0,0,Rare,$1.75,$1.84
4,4,Traveler's Cloak,Invasion,109,Near Mint,English,0,0,0,0,0,0,0,Common,$0.15,$0.15
7,7,Traverse the Ulvenwald,Shadows over Innistrad,218,Near Mint,English,0,0,0,0,0,0,0,Rare,$2.00,$2.13
30,8,Treacherous Pit-Dweller,Avacyn Restored,52,Near Mint,English,0,0,0,0,0,0,0,Rare,$0.30,$0.31
1,1,Treasure Hunter,Exodus,266,Near Mint,English,0,0,0,0,0,0,0,Uncommon,$0.15,$0.18
49,8,Treasury Thrull,Gatecrash,15,Near Mint,English,0,0,0,0,0,0,0,Rare,$0.15,$0.24
2,2,Treefolk Healer,Invasion,21,Near Mint,English,0,0,0,0,0,0,0,Uncommon,$0.15,$0.18
2,2,Treefolk Mystic,Urza's Legacy,128,Near Mint,English,0,0,0,0,0,0,0,Common,$0.15,$0.16
9,8,Treetop Bracers,Nemesis,141,Near Mint,English,0,0,0,0,0,0,0,Common,$0.10,$0.14
3,3,Treetop Rangers,Urza's Saga,72,Near Mint,English,0,0,0,0,0,0,0,Common,$0.15,$0.15
2,2,Treetop Village,Urza's Legacy,43,Near Mint,English,0,0,0,0,0,0,0,Uncommon,$2.75,$2.69
1,1,Tremor,Classic Sixth Edition,10,Near Mint,English,0,0,0,0,0,0,0,Common,$0.10,$0.14
4,4,Tremor,Mercadian Masques,12,Near Mint,English,0,0,0,0,0,0,0,Common,$0.15,$0.15
1,1,Trench Wurm,Invasion,13,Near Mint,English,0,0,0,0,0,0,0,Uncommon,$0.15,$0.21
3,3,Trenching Steed,Prophecy,12,Near Mint,English,0,0,0,0,0,0,0,Common,$0.10,$0.14
2,2,Treva's Attendant,Invasion,14,Near Mint,English,0,0,0,0,0,0,0,Uncommon,$0.15,$0.19
1,1,Treva's Charm,Planeshift,15,Near Mint,English,0,0,0,0,0,0,0,Uncommon,$0.15,$0.20
1,1,Treva's Ruins,Planeshift,29,Near Mint,English,0,0,0,0,0,0,0,Uncommon,$0.50,$0.68
57,8,Triad of Fates,Theros,152,Near Mint,English,0,0,0,0,0,0,0,Rare,$0.30,$0.27
4,4,Tribal Flames,Invasion,150,Near Mint,English,0,0,0,0,0,0,0,Common,$0.15,$0.17
8,8,Trickster Mage,Nemesis,270,Near Mint,English,0,0,0,0,0,0,0,Common,$0.10,$0.14
1,1,Trinisphere,Darksteel,24,Near Mint,English,0,0,0,0,0,0,0,Rare,$15.00,$14.00
2,2,Triskaidekaphobia,Shadows over Innistrad,78,Near Mint,English,0,0,0,0,0,0,0,Rare,$1.25,$1.27
1,1,Troll-Horn Cameo,Invasion,150,Near Mint,English,0,0,0,0,0,0,0,Uncommon,$0.15,$0.18
9,8,Tromokratis,Born of the Gods,191,Near Mint,English,0,0,0,0,0,0,0,Rare,$0.30,$0.25
1,1,Tropical Island,Revised Edition,209,Good (Lightly Played),English,0,0,0,0,0,0,0,Rare,$201.88,$227.21
1,1,Tropical Island,Unlimited Edition,166,Near Mint,English,0,0,0,0,0,0,0,Rare,$305.25,$322.04
3,3,Tropical Island,Revised Edition,378,Played,English,0,0,0,0,0,0,0,Rare,$237.50,$227.21
1,1,Tropical Storm,Mirage,170,Near Mint,English,0,0,0,0,0,0,0,Uncommon,$0.15,$0.17
3,3,"Trostani, Selesnya's Voice",Return to Ravnica,162,Near Mint,English,0,0,0,0,0,0,0,MythicRare,$3.50,$3.60
5,5,Troubled Healer,Prophecy,11,Near Mint,English,0,0,0,0,0,0,0,Common,$0.10,$0.14
2,2,True Conviction,Scars of Mirrodin,276,Near Mint,English,0,0,0,0,0,0,0,Rare,$1.50,$1.48
3,3,True-Name Nemesis,Commander 2013,86,Near Mint,English,0,0,0,0,0,0,0,Rare,$13.00,$13.14
2,2,Tsabo's Decree,Invasion,88,Near Mint,English,0,0,0,0,0,0,0,Rare,$0.65,$0.72
1,1,Tsabo's Web,Invasion,229,Near Mint,English,0,0,0,0,0,0,0,Rare,$0.75,$0.75
1,1,Tsunami,Fourth Edition,42,Near Mint,English,0,0,0,0,0,0,0,Uncommon,$0.15,$0.19
2,2,Tsunami,Revised Edition,109,Near Mint,English,0,0,0,0,0,0,0,Uncommon,$0.15,$0.18
1,1,Tundra,Revised Edition,171,Good (Lightly Played),English,0,0,0,0,0,0,0,Rare,$183.18,$203.76
1,1,Tundra,Revised Edition,44,Heavily Played,English,0,0,0,0,0,0,0,Rare,$215.50,$203.76
1,1,Tundra,Unlimited Edition,254,Near Mint,English,0,0,0,0,0,0,0,Rare,$371.62,$400.81
1,1,Tundra,Unlimited Edition,119,Played,English,0,0,0,0,0,0,0,Rare,$371.62,$400.81
4,4,Tundra Kavu,Apocalypse,23,Near Mint,English,0,0,0,0,0,0,0,Common,$0.15,$0.15
1,1,Tundra Wolves,Classic Sixth Edition,65,Played,English,0,0,0,0,0,0,0,Common,$0.10,$0.14
3,3,Tundra Wolves,Legends,91,Near Mint,English,0,0,0,0,0,0,0,Common,$0.15,$0.20
13,8,Tunnel Ignus,Scars of Mirrodin,157,Near Mint,English,0,0,0,0,0,0,0,Rare,$0.30,$0.28
3,3,Turf Wound,Invasion,144,Near Mint,English,0,0,0,0,0,0,0,Common,$0.15,$0.15
1,1,Twiddle,Unlimited Edition,155,Good (Lightly Played),English,0,0,0,0,0,0,0,Common,$0.25,$0.29
2,2,Twiddle,Unlimited Edition,284,Near Mint,English,0,0,0,0,0,0,0,Common,$0.25,$0.29
1,1,Twilight Mire,Eventide,289,Near Mint,English,0,0,0,0,0,0,0,Rare,$37.00,$38.17
1,1,Twilight's Call,Invasion,94,Near Mint,English,0,0,0,0,0,0,0,Rare,$0.65,$0.67
14,8,Twinflame,Journey into Nyx,291,Near Mint,English,0,0,0,0,0,0,0,Rare,$0.30,$0.29
59,8,"Tymaret, the Murder King",Theros,88,Near Mint,English,0,0,0,0,0,0,0,Rare,$0.30,$0.25
41,8,Tyrant of Discord,Avacyn Restored,201,Near Mint,English,0,0,0,0,0,0,0,Rare,$0.30,$0.32
28,8,Tyrant of Valakut,Oath of the Gatewatch,138,Near Mint,English,0,0,0,0,0,0,0,Rare,$0.30,$0.28
5,5,"Ugin, the Spirit Dragon",Fate Reforged,135,Near Mint,English,0,0,0,0,0,0,0,Rare,$22.75,$24.60
33,8,Ugin's Insight,Battle for Zendikar,34,Near Mint,English,0,0,0,0,0,0,0,MythicRare,$0.30,$0.31
87,8,Ugin's Nexus,Khans of Tarkir,50,Near Mint,English,0,0,0,0,0,0,0,MythicRare,$0.99,$0.69
1,1,Uktabi Efreet,Weatherlight,145,Near Mint,English,0,0,0,0,0,0,0,Common,$0.15,$0.15
1,1,"Ulamog, the Ceaseless Hunger",Battle for Zendikar,60,Near Mint,English,0,0,0,0,0,0,0,MythicRare,$12.50,$12.49
1,1,"Ulamog, the Infinite Gyre",Rise of the Eldrazi,111,Near Mint,English,0,0,0,0,0,0,0,MythicRare,$18.00,$18.48
2,2,"Ulamog, the Infinite Gyre",Modern Masters 2015 Edition,166,Near Mint,English,0,0,0,0,0,0,0,MythicRare,$15.75,$16.61
7,7,Ulvenwald Hydra,Shadows over Innistrad,276,Near Mint,English,0,0,0,0,0,0,0,MythicRare,$2.00,$2.30
37,8,Ulvenwald Tracker,Avacyn Restored,216,Near Mint,English,0,0,0,0,0,0,0,Rare,$0.65,$0.60
8,8,Unbreathing Horde,Innistrad,247,Near Mint,English,0,0,0,0,0,0,0,Rare,$1.00,$1.06
1,1,Uncle Istvan,The Dark,105,Near Mint,English,0,0,0,0,0,0,0,Uncommon,$0.25,$0.33
14,8,Undead Alchemist,Innistrad,176,Near Mint,English,0,0,0,0,0,0,0,Rare,$0.90,$0.89
56,8,Undercity Plague,Gatecrash,146,Near Mint,English,0,0,0,0,0,0,0,Rare,$0.15,$0.24
1,1,Underground River,Ice Age,154,Near Mint,English,0,0,0,0,0,0,0,Rare,$4.75,$4.75
1,1,Underground Sea,Revised Edition,26,Heavily Played,English,0,0,0,0,0,0,0,Rare,$304.94,$368.24
1,1,Underground Sea,Revised Edition,114,Heavily Played,English,0,0,0,0,0,0,0,Rare,$331.84,$368.24
1,1,Underground Sea,Revised Edition,116,Played,English,0,0,0,0,0,0,0,Rare,$331.84,$368.24
1,1,Underground Sea,Unlimited Edition,54,Good (Lightly Played),English,0,0,0,0,0,0,0,Rare,$553.15,$601.19
43,8,Undergrowth Champion,Battle for Zendikar,137,Near Mint,English,0,0,0,0,0,0,0,MythicRare,$1.50,$1.75
1,1,Undermine,Invasion,35,Near Mint,English,0,0,0,0,0,0,0,Rare,$2.00,$2.07
4,4,Undertaker,Mercadian Masques,147,Near Mint,English,0,0,0,0,0,0,0,Common,$0.15,$0.16
1,1,Undertow,Legends,37,Near Mint,English,0,0,0,0,0,0,0,Uncommon,$0.25,$0.39
17,8,Underworld Cerberus,Theros,136,Near Mint,English,0,0,0,0,0,0,0,MythicRare,$0.99,$0.75
24,8,Underworld Connections,Return to Ravnica,324,Near Mint,English,0,0,0,0,0,0,0,Rare,$0.55,$0.54
1,1,Undo,Visions,148,Near Mint,English,0,0,0,0,0,0,0,Common,$0.15,$0.15
2,2,Unearth,Urza's Legacy,122,Near Mint,English,0,0,0,0,0,0,0,Common,$1.50,$1.46
1,1,Unerring Sling,Mirage,149,Near Mint,English,0,0,0,0,0,0,0,Uncommon,$0.15,$0.17
25,8,Unexpected Results,Gatecrash,72,Near Mint,English,0,0,0,0,0,0,0,Rare,$0.30,$0.29
2,2,Unholy Citadel,Legends,117,Near Mint,English,0,0,0,0,0,0,0,Uncommon,$0.50,$0.62
1,1,Unholy Strength,Revised Edition,172,Good (Lightly Played),English,0,0,0,0,0,0,0,Common,$0.10,$0.14
4,4,Unholy Strength,Revised Edition,144,Near Mint,English,0,0,0,0,0,0,0,Common,$0.10,$0.14
1,1,Unmask,Mercadian Masques,159,Near Mint,English,0,0,0,0,0,0,0,Rare,$4.50,$4.62
1,1,Unnatural Selection,Apocalypse,137,Near Mint,English,0,0,0,0,0,0,0,Rare,$0.65,$0.64
1,1,Unnerve,Urza's Saga,150,Near Mint,English,0,0,0,0,0,0,0,Common,$0.15,$0.16
1,1,Unseen Walker,Mirage,151,Near Mint,English,0,0,0,0,0,0,0,Uncommon,$0.15,$0.18
6,6,Unstable Mutation,Revised Edition,152,Near Mint,English,0,0,0,0,0,0,0,Common,$0.15,$0.15
1,1,Unsummon,Unlimited Edition,302,Good (Lightly Played),English,0,0,0,0,0,0,0,Common,$0.25,$0.30
10,8,Unsummon,Revised Edition,226,Near Mint,English,0,0,0,0,0,0,0,Common,$0.10,$0.14
1,1,Unwinding Clock,New Phyrexia,71,Near Mint,English,0,0,0,0,0,0,0,Rare,$6.00,$5.97
1,1,Unworthy Dead,Urza's Saga,153,Near Mint,English,0,0,0,0,0,0,0,Common,$0.15,$0.15
1,1,Updraft,Ice Age,154,Near Mint,English,0,0,0,0,0,0,0,Uncommon,$0.15,$0.20
1,1,Uphill Battle,Mercadian Masques,155,Near Mint,English,0,0,0,0,0,0,0,Uncommon,$0.15,$0.22
1,1,Urabrask the Hidden,New Phyrexia,210,Near Mint,English,0,0,0,0,0,0,0,MythicRare,$10.25,$10.59
2,2,Urborg,Legends,97,Good (Lightly Played),English,0,0,0,0,0,0,0,Uncommon,$3.01,$4.12
2,2,Urborg Drake,Invasion,156,Near Mint,English,0,0,0,0,0,0,0,Uncommon,$0.15,$0.18
5,5,Urborg Elf,Apocalypse,157,Near Mint,English,0,0,0,0,0,0,0,Common,$0.15,$0.18
2,2,Urborg Emissary,Invasion,158,Near Mint,English,0,0,0,0,0,0,0,Uncommon,$0.15,$0.18
4,4,Urborg Justice,Weatherlight,176,Near Mint,English,0,0,0,0,0,0,0,Rare,$0.90,$0.92
1,1,Urborg Mindsucker,Visions,299,Near Mint,English,0,0,0,0,0,0,0,Common,$0.10,$0.14
5,5,Urborg Phantom,Invasion,159,Near Mint,English,0,0,0,0,0,0,0,Common,$0.15,$0.16
1,1,Urborg Shambler,Invasion,160,Near Mint,English,0,0,0,0,0,0,0,Uncommon,$0.15,$0.18
4,4,Urborg Skeleton,Invasion,161,Near Mint,English,0,0,0,0,0,0,0,Common,$0.15,$0.15
5,5,Urborg Uprising,Apocalypse,183,Near Mint,English,0,0,0,0,0,0,0,Common,$0.15,$0.16
1,1,Urborg Volcano,Invasion,143,Near Mint,English,0,0,0,0,0,0,0,Uncommon,$0.25,$0.30
6,6,"Urborg, Tomb of Yawgmoth",Magic 2015 Core Set,84,Near Mint,English,0,0,0,0,0,0,0,Rare,$10.00,$11.58
1,1,Urza's Avenger,Fourth Edition,72,Near Mint,English,0,0,0,0,0,0,0,Rare,$0.30,$0.29
2,2,Urza's Bauble,Ice Age,9,Near Mint,English,0,0,0,0,0,0,0,Uncommon,$0.25,$0.32
1,1,Urza's Blueprints,Urza's Legacy,28,Near Mint,English,0,0,0,0,0,0,0,Rare,$0.30,$0.34
1,1,Urza's Mine,Chronicles,270,Near Mint,English,0,0,0,0,0,0,0,Uncommon,$0.00,$1.81
1,1,Urza's Mine,Antiquities,273,Near Mint,English,0,0,0,0,0,0,0,Uncommon,$0.00,$1.81
1,1,Urza's Mine,Antiquities,1,Good (Lightly Played),English,0,0,0,0,0,0,0,Common,$0.00,$1.70
1,1,Urza's Mine,Antiquities,166,Good (Lightly Played),English,0,0,0,0,0,0,0,Uncommon,$0.00,$3.21
1,1,Urza's Mine,Chronicles,9,Near Mint,English,0,0,0,0,0,0,0,Common,$0.25,$0.25
1,1,Urza's Mine,Antiquities,176,Good (Lightly Played),English,0,0,0,0,0,0,0,Uncommon,$0.90,$1.00
1,1,Urza's Miter,Antiquities,96,Near Mint,English,0,0,0,0,0,0,0,Rare,$3.00,$3.58
1,1,Urza's Power Plant,Antiquities,131,Near Mint,English,0,0,0,0,0,0,0,Uncommon,$0.00,$3.14
1,1,Urza's Power Plant,Antiquities,27,Played,English,0,0,0,0,0,0,0,Common,$0.00,$2.45
1,1,Urza's Power Plant,Antiquities,241,Good (Lightly Played),English,0,0,0,0,0,0,0,Common,$0.35,$0.50
1,1,Urza's Power Plant,Chronicles,36,Played,English,0,0,0,0,0,0,0,Uncommon,$0.50,$0.72
1,1,Urza's Power Plant,Antiquities,18,Played,English,0,0,0,0,0,0,0,Uncommon,$0.75,$0.96
1,1,Urza's Rage,Invasion,238,Near Mint,English,0,0,0,0,0,0,0,Rare,$0.90,$0.91
1,1,Urza's Tower,Antiquities,91,Played,English,0,0,0,0,0,0,0,Uncommon,$0.00,$3.50
1,1,Urza's Tower,Antiquities,188,Good (Lightly Played),English,0,0,0,0,0,0,0,Uncommon,$0.40,$0.68
1,1,Urza's Tower,Antiquities,154,Played,English,0,0,0,0,0,0,0,Common,$0.90,$1.00
2,2,Urza's Tower,Antiquities,27,Played,English,0,0,0,0,0,0,0,Uncommon,$0.00,$2.40
2,2,Uthden Troll,Revised Edition,162,Near Mint,English,0,0,0,0,0,0,0,Uncommon,$0.15,$0.16
1,1,Utopia Tree,Invasion,230,Near Mint,English,0,0,0,0,0,0,0,Rare,$1.25,$1.27
60,8,Utter End,Khans of Tarkir,281,Near Mint,English,0,0,0,0,0,0,0,Rare,$0.90,$0.85
3,3,Utvara Hellkite,Return to Ravnica,18,Near Mint,English,0,0,0,0,0,0,0,MythicRare,$4.75,$4.73
7,7,Vampire Hounds,Exodus,333,Near Mint,English,0,0,0,0,0,0,0,Common,$0.15,$0.19
1,1,Vampiric Tutor,Visions,107,Near Mint,English,0,0,0,0,0,0,0,Rare,$24.65,$28.90
2,2,Vampiric Tutor,Visions,244,Played,English,0,0,0,0,0,0,0,Rare,$26.83,$28.90
2,2,Vampiric Tutor,Visions,268,Good (Lightly Played),English,0,0,0,0,0,0,0,Rare,$29.00,$28.90
2,2,Vanishing,Visions,58,Near Mint,English,0,0,0,0,0,0,0,Common,$0.15,$0.18
1,1,Vaporous Djinn,Mirage,22,Near Mint,English,0,0,0,0,0,0,0,Uncommon,$0.15,$0.17
44,8,"Varolz, the Scar-Striped",Dragon's Maze,326,Near Mint,English,0,0,0,0,0,0,0,Rare,$0.65,$0.65
2,2,Vastwood Hydra,Magic 2014 Core Set,285,Near Mint,English,0,0,0,0,0,0,0,Rare,$0.90,$0.87
18,8,Vault of the Archangel,Dark Ascension,70,Near Mint,English,0,0,0,0,0,0,0,Rare,$2.25,$2.36
1,1,Veil of Birds,Urza's Saga,80,Near Mint,English,0,0,0,0,0,0,0,Common,$0.10,$0.14
1,1,Veiled Crocodile,Urza's Saga,28,Near Mint,English,0,0,0,0,0,0,0,Rare,$0.30,$0.30
2,2,Veiled Sentry,Urza's Saga,143,Near Mint,English,0,0,0,0,0,0,0,Uncommon,$0.25,$0.27
1,1,Veiled Serpent,Urza's Saga,183,Near Mint,English,0,0,0,0,0,0,0,Common,$0.10,$0.14
1,1,Venarian Gold,Legends,105,Near Mint,English,0,0,0,0,0,0,0,Common,$0.15,$0.19
4,4,Vendetta,Mercadian Masques,42,Near Mint,English,0,0,0,0,0,0,0,Common,$0.15,$0.16
1,1,Vendilion Clique,Modern Masters,135,Near Mint,English,0,0,0,0,0,0,0,MythicRare,$35.00,$35.68
2,2,Vendilion Clique,Morningtide,31,Near Mint,English,0,0,0,0,0,0,0,Rare,$35.25,$35.54
1,1,Venerable Monk,Stronghold,297,Near Mint,English,0,0,0,0,0,0,0,Common,$0.15,$0.15
2,2,Vengeful Pharaoh,Magic 2012,219,Near Mint,English,0,0,0,0,0,0,0,Rare,$3.50,$3.21
5,5,Venom,The Dark,93,Near Mint,English,0,0,0,0,0,0,0,Common,$0.10,$0.14
1,1,Venomous Breath,Mercadian Masques,34,Near Mint,English,0,0,0,0,0,0,0,Uncommon,$0.15,$0.18
4,4,Venomous Dragonfly,Mercadian Masques,22,Near Mint,English,0,0,0,0,0,0,0,Common,$0.15,$0.15
2,2,Venomous Fangs,Urza's Saga,138,Near Mint,English,0,0,0,0,0,0,0,Common,$0.15,$0.15
1,1,"Venser, Shaper Savant",Future Sight,91,Near Mint,English,0,0,0,0,0,0,0,Rare,$17.75,$17.79
1,1,Verdant Field,Prophecy,63,Near Mint,English,0,0,0,0,0,0,0,Uncommon,$0.15,$0.20
1,1,Verduran Emissary,Invasion,129,Near Mint,English,0,0,0,0,0,0,0,Uncommon,$0.15,$0.18
1,1,Verduran Enchantress,Revised Edition,70,Good (Lightly Played),English,0,0,0,0,0,0,0,Rare,$0.30,$0.38
1,1,Vernal Equinox,Mercadian Masques,308,Near Mint,English,0,0,0,0,0,0,0,Rare,$0.30,$0.37
47,8,Veteran Warleader,Battle for Zendikar,231,Near Mint,English,0,0,0,0,0,0,0,Rare,$0.30,$0.29
1,1,Vexing Arcanix,Ice Age,112,Near Mint,English,0,0,0,0,0,0,0,Rare,$0.30,$0.27
2,2,Viashino Bey,Urza's Legacy,75,Near Mint,English,0,0,0,0,0,0,0,Common,$0.15,$0.15
4,4,Viashino Grappler,Invasion,235,Near Mint,English,0,0,0,0,0,0,0,Common,$0.10,$0.14
1,1,Viashino Heretic,Urza's Legacy,89,Near Mint,English,0,0,0,0,0,0,0,Uncommon,$0.50,$0.48
1,1,Viashino Outrider,Urza's Saga,307,Near Mint,English,0,0,0,0,0,0,0,Common,$0.10,$0.14
3,3,Viashino Runner,Urza's Saga,231,Near Mint,English,0,0,0,0,0,0,0,Common,$0.15,$0.15
1,1,Viashino Sandscout,Urza's Legacy,79,Near Mint,English,0,0,0,0,0,0,0,Common,$0.15,$0.15
1,1,Viashino Sandswimmer,Urza's Saga,73,Near Mint,English,0,0,0,0,0,0,0,Rare,$0.30,$0.31
2,2,Viashino Warrior,Mirage,240,Near Mint,English,0,0,0,0,0,0,0,Common,$0.10,$0.14
2,2,Viashino Weaponsmith,Urza's Saga,59,Near Mint,English,0,0,0,0,0,0,0,Common,$0.15,$0.15
1,1,Vibrating Sphere,Ice Age,31,Near Mint,English,0,0,0,0,0,0,0,Rare,$0.30,$0.27
9,8,Vicious Hunger,Nemesis,97,Near Mint,English,0,0,0,0,0,0,0,Common,$0.10,$0.14
5,5,Vicious Kavu,Invasion,81,Near Mint,English,0,0,0,0,0,0,0,Uncommon,$0.15,$0.18
1,1,Victimize,Urza's Saga,70,Near Mint,English,0,0,0,0,0,0,0,Uncommon,$0.75,$0.83
4,4,Victory's Herald,Mirrodin Besieged,291,Near Mint,English,0,0,0,0,0,0,0,Rare,$0.45,$0.42
1,1,Victual Sliver,Stronghold,27,Near Mint,English,0,0,0,0,0,0,0,Uncommon,$0.25,$0.35
1,1,Vigilant Drake,Urza's Legacy,151,Near Mint,English,0,0,0,0,0,0,0,Common,$0.15,$0.15
2,2,Vigor,Lorwyn,211,Near Mint,English,0,0,0,0,0,0,0,Rare,$15.50,$15.80
4,4,Vigorous Charge,Invasion,151,Near Mint,English,0,0,0,0,0,0,0,Common,$0.15,$0.15
27,8,Vile Redeemer,Oath of the Gatewatch,119,Near Mint,English,0,0,0,0,0,0,0,Rare,$0.30,$0.35
2,2,Vile Requiem,Urza's Saga,220,Near Mint,English,0,0,0,0,0,0,0,Uncommon,$0.15,$0.22
33,8,Villainous Wealth,Khans of Tarkir,260,Near Mint,English,0,0,0,0,0,0,0,Rare,$0.30,$0.29
1,1,Vindicate,Apocalypse,84,Near Mint,English,0,0,0,0,0,0,0,Rare,$12.25,$12.82
1,1,Vindicate,Apocalypse,306,Near Mint,Japanese,0,0,0,0,0,0,0,Rare,$14.09,$12.82
4,4,Vine Dryad,Mercadian Masques,38,Near Mint,English,0,0,0,0,0,0,0,Rare,$0.55,$0.51
5,5,Vintara Elephant,Prophecy,193,Near Mint,English,0,0,0,0,0,0,0,Common,$0.10,$0.14
1,1,Vintara Snapper,Prophecy,173,Near Mint,English,0,0,0,0,0,0,0,Uncommon,$0.15,$0.21
4,4,Viseling,Nemesis,62,Near Mint,English,0,0,0,0,0,0,0,Uncommon,$0.15,$0.19
1,1,Vitalize,Classic Sixth Edition,22,Near Mint,English,0,0,0,0,0,0,0,Common,$0.15,$0.21
1,1,Vitalizing Wind,Prophecy,153,Near Mint,English,0,0,0,0,0,0,0,Rare,$0.55,$0.50
1,1,Vodalian Hypnotist,Invasion,193,Near Mint,English,0,0,0,0,0,0,0,Uncommon,$0.15,$0.18
4,4,Vodalian Knights,Fallen Empires,66,Near Mint,English,0,0,0,0,0,0,0,Rare,$0.30,$0.39
6,6,Vodalian Mage,Fallen Empires,194,Near Mint,English,0,0,0,0,0,0,0,Common,$0.15,$0.17
7,7,Vodalian Mage,Fallen Empires,61,Near Mint,English,0,0,0,0,0,0,0,Common,$0.15,$0.18
8,8,Vodalian Mage,Fallen Empires,100,Near Mint,English,0,0,0,0,0,0,0,Common,$0.15,$0.18
4,4,Vodalian Merchant,Invasion,236,Near Mint,English,0,0,0,0,0,0,0,Common,$0.10,$0.14
8,8,Vodalian Mystic,Apocalypse,69,Near Mint,English,0,0,0,0,0,0,0,Uncommon,$0.15,$0.18
4,4,Vodalian Serpent,Invasion,194,Near Mint,English,0,0,0,0,0,0,0,Common,$0.10,$0.14
1,1,Vodalian Soldiers,Classic Sixth Edition,238,Near Mint,English,0,0,0,0,0,0,0,Common,$0.10,$0.14
5,5,Vodalian Soldiers,Fallen Empires,195,Near Mint,English,0,0,0,0,0,0,0,Common,$0.10,$0.14
6,6,Vodalian Soldiers,Fallen Empires,41,Near Mint,English,0,0,0,0,0,0,0,Common,$0.15,$0.16
6,6,Vodalian Soldiers,Fallen Empires,120,Near Mint,English,0,0,0,0,0,0,0,Common,$0.15,$0.16
7,7,Vodalian Soldiers,Fallen Empires,11,Near Mint,English,0,0,0,0,0,0,0,Common,$0.15,$0.16
4,4,Vodalian War Machine,Fallen Empires,136,Near Mint,English,0,0,0,0,0,0,0,Rare,$0.30,$0.31
7,7,Vodalian Zombie,Invasion,95,Near Mint,English,0,0,0,0,0,0,0,Common,$0.15,$0.15
4,4,Voice of All,Planeshift,323,Near Mint,English,0,0,0,0,0,0,0,Uncommon,$0.50,$0.40
1,1,Voice of Grace,Urza's Saga,85,Near Mint,English,0,0,0,0,0,0,0,Uncommon,$0.15,$0.21
1,1,Voice of Resurgence,Dragon's Maze,134,Near Mint,English,0,0,0,0,0,0,0,MythicRare,$30.75,$30.84
1,1,Voice of Truth,Nemesis,41,Near Mint,English,0,0,0,0,0,0,0,Uncommon,$0.25,$0.29
25,8,Void Stalker,Magic 2013,334,Near Mint,English,0,0,0,0,0,0,0,Rare,$0.30,$0.25
30,8,Void Winnower,Battle for Zendikar,106,Near Mint,English,0,0,0,0,0,0,0,MythicRare,$2.00,$2.20
63,8,Volatile Rig,Return to Ravnica,23,Near Mint,English,0,0,0,0,0,0,0,Rare,$0.15,$0.24
2,2,Volcanic Eruption,Revised Edition,332,Near Mint,English,0,0,0,0,0,0,0,Rare,$0.30,$0.30
1,1,Volcanic Geyser,Classic Sixth Edition,96,Near Mint,English,0,0,0,0,0,0,0,Uncommon,$0.25,$0.26
1,1,Volcanic Island,Revised Edition,180,Played,English,0,0,0,0,0,0,0,Rare,$282.63,$316.59
1,1,Volcanic Island,Revised Edition,176,Played,English,0,0,0,0,0,0,0,Rare,$307.56,$316.59
1,1,Volcanic Island,Revised Edition,147,Heavily Played,English,0,0,0,0,0,0,0,Rare,$307.56,$316.59
1,1,Volcanic Island,Unlimited Edition,80,Good (Lightly Played),English,0,0,0,0,0,0,0,Rare,$414.38,$488.38
23,8,Volcanic Vision,Dragons of Tarkir,334,Near Mint,English,0,0,0,0,0,0,0,Rare,$0.30,$0.32
1,1,Volcanic Wind,Mercadian Masques,190,Near Mint,English,0,0,0,0,0,0,0,Uncommon,$0.15,$0.17
7,7,Volcano Imp,Planeshift,222,Near Mint,English,0,0,0,0,0,0,0,Common,$0.10,$0.14
4,4,Volrath the Fallen,Nemesis,153,Near Mint,English,0,0,0,0,0,0,0,Rare,$0.65,$0.69
1,1,Voodoo Doll,Chronicles,26,Near Mint,English,0,0,0,0,0,0,0,Rare,$0.30,$0.25
24,8,Vorapede,Dark Ascension,123,Near Mint,English,0,0,0,0,0,0,0,MythicRare,$1.50,$1.47
41,8,Vorel of the Hull Clade,Dragon's Maze,98,Near Mint,English,0,0,0,0,0,0,0,Rare,$0.75,$0.78
1,1,"Vorinclex, Voice of Hunger",New Phyrexia,209,Near Mint,English,0,0,0,0,0,0,0,MythicRare,$22.50,$22.16
4,4,Vraska the Unseen,Return to Ravnica,330,Near Mint,English,0,0,0,0,0,0,0,MythicRare,$4.25,$4.51
29,8,Vryn Wingmare,Magic Origins,53,Near Mint,English,0,0,0,0,0,0,0,Rare,$0.65,$0.61
2,2,Wake of Vultures,Visions,25,Near Mint,English,0,0,0,0,0,0,0,Common,$0.15,$0.15
4,4,Wall of Air,Revised Edition,11,Near Mint,English,0,0,0,0,0,0,0,Uncommon,$0.15,$0.17
5,5,Wall of Bone,Revised Edition,101,Near Mint,English,0,0,0,0,0,0,0,Uncommon,$0.15,$0.17
2,2,Wall of Brambles,Revised Edition,212,Near Mint,English,0,0,0,0,0,0,0,Uncommon,$0.15,$0.17
1,1,Wall of Caltrops,Legends,35,Near Mint,English,0,0,0,0,0,0,0,Common,$0.15,$0.23
1,1,Wall of Diffusion,Tempest,196,Near Mint,English,0,0,0,0,0,0,0,Common,$0.10,$0.14
4,4,Wall of Distortion,Mercadian Masques,267,Near Mint,English,0,0,0,0,0,0,0,Common,$0.10,$0.14
2,2,Wall of Dust,Legends,324,Near Mint,English,0,0,0,0,0,0,0,Uncommon,$0.50,$0.45
4,4,Wall of Earth,Legends,12,Near Mint,English,0,0,0,0,0,0,0,Common,$0.15,$0.21
1,1,Wall of Fire,Revised Edition,22,Near Mint,English,0,0,0,0,0,0,0,Uncommon,$0.15,$0.16
1,1,Wall of Ice,Revised Edition,22,Near Mint,English,0,0,0,0,0,0,0,Uncommon,$0.15,$0.20
1,1,Wall of Junk,Urza's Saga,82,Near Mint,English,0,0,0,0,0,0,0,Uncommon,$0.25,$0.26
1,1,Wall of Light,Legends,42,Near Mint,English,0,0,0,0,0,0,0,Uncommon,$0.75,$0.82
1,1,Wall of Nets,Exodus,115,Near Mint,English,0,0,0,0,0,0,0,Rare,$0.75,$0.76
2,2,Wall of Opposition,Chronicles,33,Near Mint,English,0,0,0,0,0,0,0,Uncommon,$0.15,$0.17
1,1,Wall of Putrid Flesh,Legends,20,Played,English,0,0,0,0,0,0,0,Uncommon,$0.75,$0.75
1,1,Wall of Razors,Stronghold,15,Near Mint,English,0,0,0,0,0,0,0,Uncommon,$0.25,$0.29
1,1,Wall of Roots,Mirage,90,Near Mint,English,0,0,0,0,0,0,0,Common,$1.50,$1.29
1,1,Wall of Shadows,Legends,15,Near Mint,English,0,0,0,0,0,0,0,Common,$0.15,$0.20
1,1,Wall of Shields,Ice Age,70,Near Mint,English,0,0,0,0,0,0,0,Uncommon,$0.15,$0.20
1,1,Wall of Spears,Antiquities,202,Near Mint,English,0,0,0,0,0,0,0,Uncommon,$0.50,$0.40
1,1,Wall of Stone,Revised Edition,33,Near Mint,English,0,0,0,0,0,0,0,Uncommon,$0.15,$0.20
1,1,Wall of Swords,Unlimited Edition,89,Near Mint,English,0,0,0,0,0,0,0,Uncommon,$0.35,$0.54
3,3,Wall of Swords,Revised Edition,103,Near Mint,English,0,0,0,0,0,0,0,Uncommon,$0.15,$0.17
1,1,Wall of Tears,Stronghold,84,Near Mint,English,0,0,0,0,0,0,0,Uncommon,$0.25,$0.32
1,1,Wall of Vapor,Chronicles,11,Near Mint,English,0,0,0,0,0,0,0,Common,$0.10,$0.13
1,1,Wall of Vapor,Legends,61,Good (Lightly Played),English,0,0,0,0,0,0,0,Common,$0.15,$0.19
3,3,Wall of Vapor,Legends,91,Near Mint,English,0,0,0,0,0,0,0,Common,$0.15,$0.19
1,1,Wall of Water,Revised Edition,80,Near Mint,English,0,0,0,0,0,0,0,Uncommon,$0.15,$0.16
1,1,Wall of Wonder,Legends,72,Near Mint,English,0,0,0,0,0,0,0,Uncommon,$0.50,$0.44
9,8,Wall of Wood,Revised Edition,197,Near Mint,English,0,0,0,0,0,0,0,Common,$0.10,$0.14
1,1,Wallop,Invasion,16,Near Mint,English,0,0,0,0,0,0,0,Uncommon,$0.15,$0.19
1,1,Wand of Denial,Classic Sixth Edition,29,Near Mint,English,0,0,0,0,0,0,0,Rare,$0.30,$0.34
1,1,Wand of Ith,The Dark,113,Near Mint,English,0,0,0,0,0,0,0,Uncommon,$0.25,$0.28
1,1,Wand of Ith,The Dark,80,Good (Lightly Played),English,0,0,0,0,0,0,0,Uncommon,$0.25,$0.28
5,5,Wandering Eye,Nemesis,240,Near Mint,English,0,0,0,0,0,0,0,Common,$0.10,$0.14
11,8,Wandering Fumarole,Oath of the Gatewatch,24,Near Mint,English,0,0,0,0,0,0,0,Rare,$2.75,$2.95
5,5,Wandering Stream,Invasion,12,Near Mint,English,0,0,0,0,0,0,0,Common,$0.10,$0.14
1,1,Wanderlust,Revised Edition,17,Near Mint,English,0,0,0,0,0,0,0,Uncommon,$0.15,$0.16
4,4,Wanderwine Hub,Lorwyn,81,Near Mint,English,0,0,0,0,0,0,0,Rare,$9.75,$9.77
4,4,War Barge,The Dark,10,Near Mint,English,0,0,0,0,0,0,0,Uncommon,$0.25,$0.26
2,2,War Cadence,Mercadian Masques,18,Near Mint,English,0,0,0,0,0,0,0,Uncommon,$0.15,$0.18
6,6,War Mammoth,Revised Edition,86,Near Mint,English,0,0,0,0,0,0,0,Common,$0.10,$0.14
1,1,War Tax,Mercadian Masques,81,Near Mint,English,0,0,0,0,0,0,0,Uncommon,$0.25,$0.34
1,1,Ward of Lights,Mirage,8,Near Mint,English,0,0,0,0,0,0,0,Common,$0.10,$0.14
41,8,Warden of the First Tree,Fate Reforged,211,Near Mint,English,0,0,0,0,0,0,0,MythicRare,$1.00,$1.06
1,1,Warmonger,Mercadian Masques,145,Near Mint,English,0,0,0,0,0,0,0,Uncommon,$0.15,$0.18
1,1,Warning,Ice Age,61,Near Mint,English,0,0,0,0,0,0,0,Common,$0.10,$0.14
1,1,Warp Artifact,Revised Edition,42,Near Mint,English,0,0,0,0,0,0,0,Rare,$0.30,$0.30
2,2,Warpath,Mercadian Masques,9,Near Mint,English,0,0,0,0,0,0,0,Uncommon,$0.15,$0.17
3,3,Warped Devotion,Planeshift,174,Near Mint,English,0,0,0,0,0,0,0,Uncommon,$0.25,$0.27
2,2,Warrior's Honor,Visions,115,Near Mint,English,0,0,0,0,0,0,0,Common,$0.15,$0.15
4,4,Warstorm Surge,Magic 2012,28,Near Mint,English,0,0,0,0,0,0,0,Rare,$0.30,$0.39
1,1,Warthog,Visions,63,Near Mint,English,0,0,0,0,0,0,0,Common,$0.15,$0.15
2,2,Wash Out,Invasion,149,Near Mint,English,0,0,0,0,0,0,0,Uncommon,$0.85,$0.85
2,2,Waste Not,Magic 2015 Core Set,157,Near Mint,English,0,0,0,0,0,0,0,Rare,$4.00,$4.06
4,4,Wasteland,Tempest,207,Near Mint,English,0,0,0,0,0,0,0,Uncommon,$52.75,$53.41
36,8,Wasteland Strangler,Battle for Zendikar,112,Near Mint,English,0,0,0,0,0,0,0,Rare,$0.65,$0.71
6,6,Water Wurm,The Dark,74,Near Mint,English,0,0,0,0,0,0,0,Common,$0.10,$0.14
2,2,Waterfront Bouncer,Mercadian Masques,140,Near Mint,English,0,0,0,0,0,0,0,Common,$0.15,$0.20
2,2,Waterspout Elemental,Planeshift,308,Near Mint,English,0,0,0,0,0,0,0,Rare,$0.30,$0.29
1,1,Wax // Wane,Invasion,149,Near Mint,English,0,0,0,0,0,0,0,Uncommon,$0.15,$0.20
3,3,Wayfaring Giant,Invasion,110,Near Mint,English,0,0,0,0,0,0,0,Uncommon,$0.15,$0.20
53,8,Wayfaring Temple,Return to Ravnica,86,Near Mint,English,0,0,0,0,0,0,0,Rare,$0.30,$0.38
1,1,Waylay,Urza's Saga,141,Near Mint,English,0,0,0,0,0,0,0,Uncommon,$0.15,$0.21
4,4,Weakness,Revised Edition,92,Near Mint,English,0,0,0,0,0,0,0,Common,$0.10,$0.14
4,4,Wear // Tear,Dragon's Maze,11,Near Mint,English,0,0,0,0,0,0,0,Uncommon,$0.00,$1.03
3,3,Weatherseed Elf,Urza's Legacy,33,Near Mint,English,0,0,0,0,0,0,0,Common,$0.15,$0.15
4,4,Weatherseed Faeries,Urza's Legacy,142,Near Mint,English,0,0,0,0,0,0,0,Common,$0.15,$0.15
17,8,Welcome to the Fold,Shadows over Innistrad,52,Near Mint,English,0,0,0,0,0,0,0,Rare,$0.30,$0.27
5,5,Welkin Hawk,Exodus,180,Near Mint,English,0,0,0,0,0,0,0,Common,$0.15,$0.15
1,1,Well-Laid Plans,Invasion,91,Near Mint,English,0,0,0,0,0,0,0,Rare,$0.30,$0.31
5,5,Westvale Abbey,Shadows over Innistrad,206,Near Mint,English,0,0,0,0,0,0,0,Rare,$5.75,$6.56
1,1,Wheel of Fortune,Revised Edition,340,Good (Lightly Played),English,0,0,0,0,0,0,0,Rare,$21.74,$23.03
3,3,Wheel of Fortune,Revised Edition,25,Near Mint,English,0,0,0,0,0,0,0,Rare,$23.50,$23.03
13,8,Whelming Wave,Born of the Gods,35,Near Mint,English,0,0,0,0,0,0,0,Rare,$0.45,$0.42
1,1,Whim of Volrath,Tempest,71,Near Mint,English,0,0,0,0,0,0,0,Rare,$0.65,$0.74
18,8,Whims of the Fates,Born of the Gods,296,Near Mint,English,0,0,0,0,0,0,0,Rare,$0.30,$0.30
6,6,Whip of Erebos,Theros,143,Near Mint,English,0,0,0,0,0,0,0,Rare,$1.75,$2.02
2,2,Whip Sergeant,Prophecy,19,Near Mint,English,0,0,0,0,0,0,0,Uncommon,$0.15,$0.20
4,4,Whip Silk,Invasion,20,Near Mint,English,0,0,0,0,0,0,0,Common,$0.15,$0.15
5,5,Whippoorwill,The Dark,87,Near Mint,English,0,0,0,0,0,0,0,Uncommon,$0.15,$0.23
5,5,Whipstitched Zombie,Prophecy,321,Near Mint,English,0,0,0,0,0,0,0,Common,$0.10,$0.14
3,3,Whiptongue Frog,Exodus,72,Near Mint,English,0,0,0,0,0,0,0,Common,$0.15,$0.15
7,7,Whirlpool Drake,Apocalypse,254,Near Mint,English,0,0,0,0,0,0,0,Uncommon,$0.15,$0.17
4,4,Whirlpool Rider,Apocalypse,23,Near Mint,English,0,0,0,0,0,0,0,Common,$0.15,$0.15
40,8,Whispering Madness,Gatecrash,296,Near Mint,English,0,0,0,0,0,0,0,Rare,$0.30,$0.27
44,8,Whisperwood Elemental,Fate Reforged,38,Near Mint,English,0,0,0,0,0,0,0,MythicRare,$0.99,$0.82
2,2,White Knight,Revised Edition,60,Near Mint,English,0,0,0,0,0,0,0,Uncommon,$0.15,$0.24
1,1,White Mana Battery,Legends,72,Near Mint,English,0,0,0,0,0,0,0,Uncommon,$0.50,$0.62
15,8,White Sun's Zenith,Mirrodin Besieged,116,Near Mint,English,0,0,0,0,0,0,0,Rare,$0.30,$0.37
4,4,White Ward,Revised Edition,60,Near Mint,English,0,0,0,0,0,0,0,Uncommon,$0.15,$0.16
1,1,Whiteout,Ice Age,60,Near Mint,English,0,0,0,0,0,0,0,Uncommon,$0.15,$0.17
1,1,Wicked Reward,Visions,246,Near Mint,English,0,0,0,0,0,0,0,Common,$0.15,$0.15
81,8,Wild Beastmaster,Return to Ravnica,141,Near Mint,English,0,0,0,0,0,0,0,Rare,$0.15,$0.24
17,8,Wild Defiance,Avacyn Restored,87,Near Mint,English,0,0,0,0,0,0,0,Rare,$2.75,$2.83
2,2,Wild Dogs,Urza's Saga,150,Near Mint,English,0,0,0,0,0,0,0,Common,$0.15,$0.15
1,1,Wild Elephant,Mirage,113,Near Mint,English,0,0,0,0,0,0,0,Common,$0.10,$0.14
1,1,Wild Growth,Classic Sixth Edition,252,Near Mint,English,0,0,0,0,0,0,0,Common,$0.15,$0.20
15,8,Wild Growth,Revised Edition,300,Near Mint,English,0,0,0,0,0,0,0,Common,$0.15,$0.15
2,2,Wild Jhovall,Mercadian Masques,113,Near Mint,English,0,0,0,0,0,0,0,Common,$0.10,$0.14
1,1,Wild Mammoth,Nemesis,111,Near Mint,English,0,0,0,0,0,0,0,Uncommon,$0.15,$0.21
3,3,Wild Might,Prophecy,137,Near Mint,English,0,0,0,0,0,0,0,Common,$0.15,$0.15
8,8,Wild Ricochet,Magic 2014 Core Set,24,Near Mint,English,0,0,0,0,0,0,0,Rare,$0.30,$0.33
22,8,Wildcall,Fate Reforged,24,Near Mint,English,0,0,0,0,0,0,0,Rare,$0.30,$0.31
33,8,Willbreaker,Magic Origins,198,Near Mint,English,0,0,0,0,0,0,0,Rare,$0.30,$0.35
1,1,Wind Drake,Tempest,113,Near Mint,English,0,0,0,0,0,0,0,Common,$0.10,$0.14
1,1,Wind Drake,Classic Sixth Edition,113,Near Mint,English,0,0,0,0,0,0,0,Common,$0.10,$0.14
1,1,Wind Shear,Visions,324,Near Mint,English,0,0,0,0,0,0,0,Uncommon,$0.15,$0.20
10,8,Windreader Sphinx,Magic 2014 Core Set,181,Near Mint,English,0,0,0,0,0,0,0,MythicRare,$0.99,$0.74
5,5,Windswept Heath,Khans of Tarkir,284,Near Mint,English,0,0,0,0,0,0,0,Rare,$12.00,$12.69
2,2,Wing Snare,Urza's Legacy,137,Near Mint,English,0,0,0,0,0,0,0,Uncommon,$0.15,$0.17
2,2,Wing Storm,Prophecy,61,Near Mint,English,0,0,0,0,0,0,0,Uncommon,$0.15,$0.20
28,8,Wingmate Roc,Khans of Tarkir,21,Near Mint,English,0,0,0,0,0,0,0,MythicRare,$1.25,$1.26
1,1,Wings of Aesthir,Ice Age,242,Near Mint,English,0,0,0,0,0,0,0,Uncommon,$0.15,$0.20
3,3,Wings of Hope,Invasion,143,Near Mint,English,0,0,0,0,0,0,0,Common,$0.10,$0.14
1,1,Winnow,Invasion,13,Near Mint,English,0,0,0,0,0,0,0,Rare,$0.30,$0.31
1,1,Wirecat,Urza's Saga,171,Near Mint,English,0,0,0,0,0,0,0,Uncommon,$0.15,$0.18
2,2,Wishmonger,Mercadian Masques,253,Near Mint,English,0,0,0,0,0,0,0,Uncommon,$0.15,$0.21
31,8,Wit's End,Magic 2013,239,Near Mint,English,0,0,0,0,0,0,0,Rare,$0.30,$0.30
1,1,Witch Hunter,The Dark,97,Good (Lightly Played),English,0,0,0,0,0,0,0,Rare,$0.65,$0.73
5,5,Witchstalker,Magic 2014 Core Set,98,Near Mint,English,0,0,0,0,0,0,0,Rare,$0.65,$0.61
3,3,Withering Boon,Mirage,96,Near Mint,English,0,0,0,0,0,0,0,Uncommon,$0.50,$0.42
1,1,Wizard Mentor,Urza's Saga,253,Near Mint,English,0,0,0,0,0,0,0,Common,$0.15,$0.15
6,6,Wizards' School,Homelands,24,Near Mint,English,0,0,0,0,0,0,0,Uncommon,$0.15,$0.20
7,7,Wolf of Devil's Breach,Shadows over Innistrad,100,Near Mint,English,0,0,0,0,0,0,0,MythicRare,$0.99,$0.97
2,2,Wolfbitten Captive,Dark Ascension,75,Near Mint,English,0,0,0,0,0,0,0,Rare,$1.25,$1.13
20,8,Wolfir Silverheart,Avacyn Restored,49,Near Mint,English,0,0,0,0,0,0,0,Rare,$0.75,$0.81
3,3,Wolverine Pack,Legends,254,Near Mint,English,0,0,0,0,0,0,0,Common,$0.15,$0.19
2,2,Wood Elves,Exodus,179,Near Mint,English,0,0,0,0,0,0,0,Common,$0.15,$0.20
10,8,Wooded Foothills,Khans of Tarkir,182,Near Mint,English,0,0,0,0,0,0,0,Rare,$15.75,$16.61
1,1,Wooden Sphere,Revised Edition,150,Near Mint,English,0,0,0,0,0,0,0,Uncommon,$0.15,$0.16
19,8,Woodland Bellower,Magic Origins,27,Near Mint,English,0,0,0,0,0,0,0,MythicRare,$1.25,$1.48
3,3,Woodland Cemetery,Innistrad,141,Near Mint,English,0,0,0,0,0,0,0,Rare,$5.50,$5.72
56,8,Woodland Wanderer,Battle for Zendikar,36,Near Mint,English,0,0,0,0,0,0,0,Rare,$0.45,$0.45
4,4,Woodripper,Nemesis,59,Near Mint,English,0,0,0,0,0,0,0,Uncommon,$0.15,$0.22
1,1,Woolly Spider,Ice Age,63,Near Mint,English,0,0,0,0,0,0,0,Common,$0.10,$0.13
5,5,Word of Binding,The Dark,151,Near Mint,English,0,0,0,0,0,0,0,Common,$0.10,$0.14
1,1,Word of Blasting,Mercadian Masques,61,Near Mint,English,0,0,0,0,0,0,0,Uncommon,$0.15,$0.17
1,1,Word of Undoing,Ice Age,290,Near Mint,English,0,0,0,0,0,0,0,Common,$0.10,$0.14
1,1,Workhorse,Exodus,192,Near Mint,English,0,0,0,0,0,0,0,Rare,$0.55,$0.50
3,3,World Breaker,Oath of the Gatewatch,234,Near Mint,English,0,0,0,0,0,0,0,MythicRare,$5.00,$5.52
3,3,Worldfire,Magic 2013,217,Near Mint,English,0,0,0,0,0,0,0,MythicRare,$1.50,$1.42
2,2,Worldly Counsel,Invasion,61,Near Mint,English,0,0,0,0,0,0,0,Common,$0.15,$0.15
1,1,Worldly Tutor,Mirage,121,Near Mint,English,0,0,0,0,0,0,0,Uncommon,$6.75,$6.72
3,3,Worldslayer,Magic 2012,37,Near Mint,English,0,0,0,0,0,0,0,Rare,$0.45,$0.45
1,1,Worms of the Earth,The Dark,166,Good (Lightly Played),English,0,0,0,0,0,0,0,Rare,$0.90,$0.99
1,1,Worms of the Earth,The Dark,167,Near Mint,English,0,0,0,0,0,0,0,Rare,$0.90,$0.99
2,2,Wormwood Treefolk,The Dark,38,Near Mint,English,0,0,0,0,0,0,0,Rare,$0.45,$0.48
1,1,Worship,Urza's Saga,110,Near Mint,English,0,0,0,0,0,0,0,Rare,$10.25,$10.67
3,3,Worship,Ninth Edition,131,Near Mint,English,0,0,0,0,0,0,0,Rare,$12.00,$12.00
6,6,Worst Fears,Journey into Nyx,71,Near Mint,English,0,0,0,0,0,0,0,MythicRare,$0.99,$0.86
56,8,Wrecking Ogre,Gatecrash,58,Near Mint,English,0,0,0,0,0,0,0,Rare,$0.15,$0.24
2,2,Wurmcoil Engine,Commander 2014,56,Near Mint,English,0,0,0,0,0,0,0,MythicRare,$16.25,$16.71
4,4,Wurmcoil Engine,Scars of Mirrodin,27,Near Mint,English,0,0,0,0,0,0,0,MythicRare,$17.50,$18.12
25,8,Xathrid Gorgon,Magic 2013,172,Near Mint,English,0,0,0,0,0,0,0,Rare,$0.30,$0.33
22,8,Xathrid Necromancer,Magic 2014 Core Set,39,Near Mint,English,0,0,0,0,0,0,0,Rare,$0.45,$0.43
12,8,"Xenagos, God of Revels",Born of the Gods,305,Near Mint,English,0,0,0,0,0,0,0,MythicRare,$7.00,$6.80
3,3,"Xenagos, the Reveler",Theros,32,Near Mint,English,0,0,0,0,0,0,0,MythicRare,$4.50,$4.82
8,8,Xenograft,New Phyrexia,40,Near Mint,English,0,0,0,0,0,0,0,Rare,$0.45,$0.40
40,8,Yasova Dragonclaw,Fate Reforged,75,Near Mint,English,0,0,0,0,0,0,0,Rare,$0.30,$0.27
4,4,Yavimaya Barbarian,Invasion,9,Near Mint,English,0,0,0,0,0,0,0,Common,$0.10,$0.14
7,7,Yavimaya Coast,Magic 2015 Core Set,30,Near Mint,English,0,0,0,0,0,0,0,Rare,$1.50,$1.54
31,8,Yavimaya Coast,Magic Origins,30,Near Mint,English,0,0,0,0,0,0,0,Rare,$1.50,$1.66
3,3,Yavimaya Granger,Urza's Legacy,60,Near Mint,English,0,0,0,0,0,0,0,Common,$0.15,$0.15
2,2,Yavimaya Kavu,Invasion,62,Near Mint,English,0,0,0,0,0,0,0,Uncommon,$0.15,$0.22
2,2,Yavimaya Wurm,Urza's Legacy,77,Near Mint,English,0,0,0,0,0,0,0,Common,$0.10,$0.14
1,1,Yawgmoth's Will,Urza's Saga,284,Near Mint,English,0,0,0,0,0,0,0,Rare,$28.50,$28.31
20,8,"Yeva, Nature's Herald",Magic 2013,327,Near Mint,English,0,0,0,0,0,0,0,Rare,$0.65,$0.69
6,6,"Yisan, the Wanderer Bard",Magic 2015 Core Set,28,Near Mint,English,0,0,0,0,0,0,0,Rare,$0.45,$0.41
1,1,Yotian Soldier,Antiquities,57,Near Mint,English,0,0,0,0,0,0,0,Common,$0.15,$0.22
2,2,Yotian Soldier,Fourth Edition,235,Near Mint,English,0,0,0,0,0,0,0,Common,$0.10,$0.14
1,1,Youthful Knight,Stronghold,69,Near Mint,English,0,0,0,0,0,0,0,Common,$0.15,$0.15
34,8,"Zada, Hedron Grinder",Battle for Zendikar,100,Near Mint,English,0,0,0,0,0,0,0,Rare,$0.65,$0.72
1,1,Zanam Djinn,Invasion,60,Near Mint,English,0,0,0,0,0,0,0,Uncommon,$0.15,$0.18
4,4,Zap,Invasion,34,Near Mint,English,0,0,0,0,0,0,0,Common,$0.10,$0.14
1,1,Zealots en-Dal,Exodus,111,Near Mint,English,0,0,0,0,0,0,0,Uncommon,$0.15,$0.18
29,8,Zealous Conscripts,Avacyn Restored,165,Near Mint,English,0,0,0,0,0,0,0,Rare,$0.75,$0.83
2,2,Zelyon Sword,Fallen Empires,46,Near Mint,English,0,0,0,0,0,0,0,Rare,$0.30,$0.34
17,8,Zendikar Resurgent,Oath of the Gatewatch,101,Near Mint,English,0,0,0,0,0,0,0,Rare,$0.65,$0.60
1,1,Zephid's Embrace,Urza's Saga,190,Near Mint,English,0,0,0,0,0,0,0,Uncommon,$0.15,$0.22
1,1,Zephyr Falcon,Fourth Edition,238,Near Mint,English,0,0,0,0,0,0,0,Common,$0.10,$0.14
6,6,Zerapa Minotaur,Prophecy,5,Near Mint,English,0,0,0,0,0,0,0,Common,$0.10,$0.14
1,1,Zhalfirin Knight,Mirage,58,Near Mint,English,0,0,0,0,0,0,0,Common,$0.10,$0.14
55,8,Zhur-Taa Ancient,Dragon's Maze,27,Near Mint,English,0,0,0,0,0,0,0,Rare,$0.30,$0.29
3,3,Zombie Apocalypse,Dark Ascension,42,Near Mint,English,0,0,0,0,0,0,0,Rare,$1.00,$1.03
4,4,Zombie Boa,Apocalypse,26,Near Mint,English,0,0,0,0,0,0,0,Common,$0.15,$0.15
1,1,Zombie Scavengers,Weatherlight,64,Near Mint,English,0,0,0,0,0,0,0,Common,$0.15,$0.15
2,2,Zuran Enchanter,Ice Age,65,Near Mint,English,0,0,0,0,0,0,0,Common,$0.10,$0.14
11,8,Zurgo Bellstriker,Dragons of Tarkir,92,Near Mint,English,0,0,0,0,0,0,0,Rare,$1.00,$1.13
