Name,Edition,Count,Condition,Rarity,Buy List Amount,Retail Amount,#N/A,#N/A,,Trade In:,#N/A
Abbey Matron,Homelands,1,Near Mint,Common,$.003,$0.15,$.003,$0.15,,,
Abbot of Keral Keep,Magic Origins,24,Near Mint,Rare,$.100,$1.75,$2.400,$42.00,,,
Abhorrent Overlord,Theros,64,Near Mint,Rare,$.050,$0.30,$3.200,$19.20,,,
Abolish,Prophecy,1,Near Mint,Uncommon,$.003,$0.15,$.003,$0.15,,,
Abomination,Legends,2,Near Mint,Uncommon,$.003,$0.50,$.006,$1.00,,,
About Face,Urza's Legacy,2,Near Mint,Common,$.003,$0.15,$.006,$0.30,,,
Abrupt Decay,Return to Ravnica,23,Near Mint,Rare,$5.500,$11.00,$126.500,$253.00,,,
Absorb,Invasion,1,Near Mint,Rare,$.750,$3.00,$.750,$3.00,,,
Abyssal Gatekeeper,Weatherlight,2,Near Mint,Common,$.003,$0.15,$.006,$0.30,,,
Abyssal Specter,Classic Sixth Edition,1,Near Mint,Uncommon,$.003,$0.25,$.003,$0.25,,,
Abzan Ascendancy,Khans of Tarkir,55,Near Mint,Rare,$.050,$0.30,$2.750,$16.50,,,
Academy Researchers,Urza's Saga,1,Near Mint,Uncommon,$.003,$0.15,$.003,$0.15,,,
Accumulated Knowledge,Nemesis,9,Near Mint,Common,$.003,$0.25,$.027,$2.25,,,
Acidic Sliver,Stronghold,1,Near Mint,Uncommon,$.003,$0.25,$.003,$0.25,,,
Acidic Soil,Urza's Saga,1,Near Mint,Uncommon,$.003,$0.25,$.003,$0.25,,,
Acridian,Urza's Saga,2,Near Mint,Common,$.003,$0.10,$.006,$0.20,,,
Active Volcano,Legends,4,Near Mint,Common,$.003,$0.15,$.012,$0.60,,,
Adarkar Sentinel,Ice Age,1,Near Mint,Uncommon,$.003,$0.15,$.003,$0.15,,,
Adarkar Unicorn,Ice Age,1,Near Mint,Common,$.003,$0.10,$.003,$0.10,,,
Adarkar Wastes,Ninth Edition,1,Near Mint,Rare,$4.000,$9.75,$4.000,$9.75,,,
Adarkar Wastes,Ice Age,1,Near Mint,Rare,$5.750,$8.00,$5.750,$8.00,,,
Adarkar Wastes,Tenth Edition,3,Near Mint,Rare,$5.000,$11.50,$15.000,$34.50,,,
Addle,Invasion,2,Near Mint,Uncommon,$.003,$0.15,$.006,$0.30,,,
Advent of the Wurm,Dragon's Maze,24,Near Mint,Rare,$.050,$0.75,$1.200,$18.00,,,
Adventurers' Guildhouse,Legends,1,Near Mint,Uncommon,$.003,$0.85,$.003,$0.85,,,
Aegis Angel,Magic 2012,4,Near Mint,Rare,$.050,$0.65,$.200,$2.60,,,
Aegis Angel,Magic 2015 Core Set,7,Near Mint,Rare,$.050,$0.45,$.350,$3.15,,,
Aegis Angel,Magic Origins,9,Near Mint,Rare,$.050,$0.55,$.450,$4.95,,,
Aegis of the Gods,Journey into Nyx,11,Near Mint,Rare,$.100,$1.00,$1.100,$11.00,,,
Aeolipile,Fallen Empires,2,Near Mint,Rare,$.050,$0.45,$.100,$0.90,,,
Aerathi Berserker,Legends,2,Near Mint,Uncommon,$.003,$0.35,$.006,$0.70,,,
Aether Barrier,Nemesis,2,Near Mint,Rare,$.050,$0.30,$.100,$0.60,,,
Aether Mutation,Apocalypse,7,Near Mint,Uncommon,$.003,$0.15,$.021,$1.05,,,
Aether Tide,Exodus,1,Near Mint,Common,$.003,$0.15,$.003,$0.15,,,
Aetherling,Dragon's Maze,33,Near Mint,Rare,$.050,$0.65,$1.650,$21.45,,,
Aetherspouts,Magic 2015 Core Set,28,Near Mint,Rare,$.050,$0.55,$1.400,$15.40,,,
Afterlife,Mercadian Masques,1,Near Mint,Uncommon,$.003,$0.15,$.003,$0.15,,,
Afterlife,Mirage,2,Near Mint,Uncommon,$.003,$0.15,$.006,$0.30,,,
Agent of Shauku,Prophecy,4,Near Mint,Common,$.003,$0.10,$.012,$0.40,,,
Agent of the Fates,Theros,50,Near Mint,Rare,$.050,$0.30,$2.500,$15.00,,,
Aggressive Mining,Magic 2015 Core Set,9,Near Mint,Rare,$.050,$0.30,$.450,$2.70,,,
Aggressive Urge,Invasion,4,Near Mint,Common,$.003,$0.10,$.012,$0.40,,,
Agonizing Demise,Invasion,4,Near Mint,Common,$.003,$0.10,$.012,$0.40,,,
Agonizing Memories,Weatherlight,1,Near Mint,Uncommon,$.003,$0.15,$.003,$0.15,,,
Air Bladder,Nemesis,13,Near Mint,Common,$.003,$0.10,$.039,$1.30,,,
Air Elemental,Revised Edition,1,Near Mint,Uncommon,$.003,$0.15,$.003,$0.15,,,
Aisling Leprechaun,Legends,1,Near Mint,Common,$.003,$0.25,$.003,$0.25,,,
"Ajani, Caller of the Pride",Magic 2013,4,Near Mint,Rare,$2.750,$5.25,$11.000,$21.00,,,
"Ajani, Mentor of Heroes",Journey into Nyx,4,Near Mint,MythicRare,$6.250,$12.50,$25.000,$50.00,,,
Ajani's Chosen,Magic 2014 Core Set,13,Near Mint,MythicRare,$.250,$0.30,$3.250,$3.90,,,
Akoum Firebird,Battle for Zendikar,36,Near Mint,MythicRare,$.250,$0.99,$9.000,$35.64,,,
Akoum Hellkite,Battle for Zendikar,35,Near Mint,Rare,$.050,$0.30,$1.750,$10.50,,,
Akroan Horse,Theros,40,Near Mint,Rare,$.050,$0.15,$2.000,$6.00,,,
Alabaster Potion,Legends,1,Good (Lightly Played),Common,$.003,$0.15,$.003,$0.15,,,
Alabaster Potion,Fourth Edition,1,Near Mint,Common,$.003,$0.15,$.003,$0.15,,,
Alabaster Wall,Mercadian Masques,4,Near Mint,Common,$.003,$0.10,$.012,$0.40,,,
Aladdin's Lamp,Revised Edition,1,Near Mint,Rare,$.050,$0.30,$.050,$0.30,,,
Albino Troll,Urza's Saga,1,Near Mint,Uncommon,$.003,$0.25,$.003,$0.25,,,
Alchemist's Refuge,Avacyn Restored,4,Near Mint,Rare,$.050,$0.90,$.200,$3.60,,,
Alchor's Tomb,Legends,1,Good (Lightly Played),Rare,$.750,$2.54,$.750,$2.54,,,
Aleatory,Mirage,1,Near Mint,Uncommon,$.003,$0.15,$.003,$0.15,,,
"Alesha, Who Smiles at Death",Fate Reforged,36,Near Mint,Rare,$.050,$0.30,$1.800,$10.80,,,
"Alexi, Zephyr Mage",Prophecy,1,Near Mint,Common,$.003,$0.45,$.003,$0.45,,,
Alexi's Cloak,Prophecy,4,Near Mint,Rare,$.050,$0.15,$.200,$0.60,,,
"Alhammarret, High Arbiter",Magic Origins,33,Near Mint,MythicRare,$.250,$0.30,$8.250,$9.90,,,
Alhammarret's Archive,Magic Origins,1,Near Mint,Rare,$1.000,$4.00,$1.000,$4.00,,,
Aligned Hedron Network,Battle for Zendikar,64,Near Mint,Rare,$.050,$0.30,$3.200,$19.20,,,
Allay,Exodus,3,Near Mint,Common,$.003,$0.15,$.009,$0.45,,,
Alley Grifters,Mercadian Masques,4,Near Mint,Common,$.003,$0.15,$.012,$0.60,,,
Allied Strategies,Planeshift,1,Near Mint,Uncommon,$.003,$0.15,$.003,$0.15,,,
Ally Encampment,Battle for Zendikar,64,Near Mint,Rare,$.050,$0.90,$3.200,$57.60,,,
Alms Beast,Gatecrash,37,Near Mint,Rare,$.050,$0.30,$1.850,$11.10,,,
Alpha Brawl,Dark Ascension,30,Near Mint,Rare,$.050,$0.30,$1.500,$9.00,,,
Alpha Kavu,Planeshift,3,Near Mint,Uncommon,$.003,$0.15,$.009,$0.45,,,
Altar of the Brood,Khans of Tarkir,9,Near Mint,Rare,$.050,$0.45,$.450,$4.05,,,
Altered Ego,Shadows over Innistrad,31,Near Mint,Rare,$.050,$0.30,$1.550,$9.30,,,
Aluren,Tempest,3,Near Mint,Rare,$7.500,$14.75,$22.500,$44.25,,,
Always Watching,Shadows over Innistrad,30,Near Mint,Rare,$.500,$2.00,$15.000,$60.00,,,
Ambush Party,Homelands,1,Near Mint,Common,$.003,$0.15,$.003,$0.15,,,
Amnesia,The Dark,1,Good (Lightly Played),Uncommon,$.003,$0.50,$.003,$0.50,,,
Amnesia,The Dark,1,Near Mint,Uncommon,$.003,$0.50,$.003,$0.50,,,
Amphibious Kavu,Planeshift,5,Near Mint,Common,$.003,$0.10,$.015,$0.50,,,
Amrou Kithkin,Fourth Edition,1,Near Mint,Common,$.003,$0.15,$.003,$0.15,,,
Amrou Kithkin,Legends,4,Near Mint,Common,$.003,$0.15,$.012,$0.60,,,
Amulet of Kroog,Antiquities,1,Played,Common,$.003,$0.15,$.003,$0.15,,,
Amulet of Unmaking,Mirage,1,Near Mint,Rare,$.050,$0.30,$.050,$0.30,,,
An-Havva Township,Homelands,4,Near Mint,Uncommon,$.003,$0.15,$.012,$0.60,,,
Ana Disciple,Apocalypse,4,Near Mint,Common,$.003,$0.10,$.012,$0.40,,,
Ana Sanctuary,Apocalypse,7,Near Mint,Uncommon,$.003,$0.15,$.021,$1.05,,,
Anaba Bodyguard,Classic Sixth Edition,1,Near Mint,Common,$.003,$0.15,$.003,$0.15,,,
Anaba Shaman,Classic Sixth Edition,1,Near Mint,Common,$.003,$0.10,$.003,$0.10,,,
Anaba Shaman,Homelands,1,Near Mint,Common,$.003,$0.15,$.003,$0.15,,,
"Anafenza, Kin-Tree Spirit",Dragons of Tarkir,31,Near Mint,Rare,$.500,$2.00,$15.500,$62.00,,,
"Anafenza, the Foremost",Khans of Tarkir,44,Near Mint,MythicRare,$.250,$1.75,$11.000,$77.00,,,
Anarchist,Exodus,1,Near Mint,Common,$.003,$0.15,$.003,$0.15,,,
Anax and Cymede,Theros,30,Near Mint,Rare,$.050,$0.30,$1.500,$9.00,,,
Ancestral Mask,Mercadian Masques,4,Near Mint,Common,$.003,$0.40,$.012,$1.60,,,
Ancestral Vision,Duel Decks: Jace vs. Chandra,1,Near Mint,Rare,$32.500,$54.34,$32.500,$54.34,,,
Ancient Hydra,Nemesis,2,Near Mint,Uncommon,$.003,$0.15,$.006,$0.30,,,
Ancient Kavu,Invasion,4,Near Mint,Common,$.003,$0.10,$.012,$0.40,,,
Ancient Spider,Planeshift,1,Near Mint,Rare,$.050,$0.30,$.050,$0.30,,,
Ancient Spring,Invasion,8,Near Mint,Common,$.003,$0.15,$.024,$1.20,,,
Angel of Deliverance,Shadows over Innistrad,14,Near Mint,Rare,$.050,$0.30,$.700,$4.20,,,
Angel of Flight Alabaster,Innistrad,44,Near Mint,Rare,$.050,$0.30,$2.200,$13.20,,,
Angel of Glory's Rise,Avacyn Restored,28,Near Mint,Rare,$.050,$0.30,$1.400,$8.40,,,
Angel of Mercy,Invasion,1,Near Mint,Uncommon,$.003,$0.15,$.003,$0.15,,,
Angel of Serenity,Return to Ravnica,15,Near Mint,MythicRare,$.250,$1.25,$3.750,$18.75,,,
Angel's Trumpet,Urza's Legacy,1,Near Mint,Uncommon,$.003,$0.25,$.003,$0.25,,,
Angelfire Crusader,Apocalypse,5,Near Mint,Common,$.003,$0.10,$.015,$0.50,,,
Angelic Captain,Battle for Zendikar,44,Near Mint,Rare,$.050,$0.30,$2.200,$13.20,,,
Angelic Curator,Urza's Legacy,2,Near Mint,Common,$.003,$0.15,$.006,$0.30,,,
Angelic Favor,Nemesis,4,Near Mint,Uncommon,$.003,$0.15,$.012,$0.60,,,
Angelic Overseer,Innistrad,1,Near Mint,MythicRare,$.500,$2.25,$.500,$2.25,,,
Angelic Page,Urza's Saga,1,Near Mint,Common,$.003,$0.15,$.003,$0.15,,,
Angelic Skirmisher,Gatecrash,8,Near Mint,Rare,$.050,$0.65,$.400,$5.20,,,
Anger of the Gods,Theros,32,Near Mint,Rare,$.500,$2.25,$16.000,$72.00,,,
Angry Mob,The Dark,2,Near Mint,Uncommon,$.003,$0.15,$.006,$0.30,,,
Anguished Unmaking,Shadows over Innistrad,17,Near Mint,Rare,$.100,$1.75,$1.700,$29.75,,,
"Animar, Soul of Elements",Commander,1,Near Mint,MythicRare,$14.500,$24.00,$14.500,$24.00,,,
Animate Artifact,Revised Edition,1,Near Mint,Uncommon,$.003,$0.15,$.003,$0.15,,,
Animate Dead,Revised Edition,3,Near Mint,Uncommon,$.250,$1.25,$.750,$3.75,,,
Animate Land,Nemesis,4,Near Mint,Uncommon,$.003,$0.15,$.012,$0.60,,,
Animist's Awakening,Magic Origins,34,Near Mint,Rare,$.050,$0.90,$1.700,$30.60,,,
Ankh of Mishra,Classic Sixth Edition,1,Near Mint,Rare,$.050,$0.75,$.050,$0.75,,,
Ankh of Mishra,Revised Edition,4,Near Mint,Rare,$.050,$0.55,$.200,$2.20,,,
Ankle Shanker,Khans of Tarkir,35,Near Mint,Rare,$.050,$0.30,$1.750,$10.50,,,
Annihilate,Invasion,3,Near Mint,Uncommon,$.003,$0.15,$.009,$0.45,,,
Annul,Urza's Saga,2,Near Mint,Common,$.003,$0.15,$.006,$0.30,,,
"Anthousa, Setessan Hero",Theros,56,Near Mint,Rare,$.050,$0.15,$2.800,$8.40,,,
Anti-Magic Aura,Legends,1,Near Mint,Common,$.003,$0.15,$.003,$0.15,,,
Apathy,Weatherlight,1,Near Mint,Common,$.003,$0.10,$.003,$0.10,,,
Apprentice Necromancer,Urza's Destiny,1,Near Mint,Rare,$.100,$1.50,$.100,$1.50,,,
Apprentice Wizard,The Dark,1,Near Mint,Common,$.003,$0.93,$.003,$0.93,,,
Apprentice Wizard,Fourth Edition,1,Good (Lightly Played),Rare,$.050,$0.15,$.050,$0.15,,,
Arachnus Spinner,Magic 2012,8,Near Mint,Rare,$.050,$0.30,$.400,$2.40,,,
Arashin Foremost,Dragons of Tarkir,27,Near Mint,Rare,$.050,$0.65,$1.350,$17.55,,,
Arashin Sovereign,Dragons of Tarkir,28,Near Mint,Rare,$.050,$0.30,$1.400,$8.40,,,
Arbiter of the Ideal,Born of the Gods,19,Near Mint,Rare,$.050,$0.30,$.950,$5.70,,,
Arbor Colossus,Theros,47,Near Mint,Rare,$.050,$0.30,$2.350,$14.10,,,
Arboria,Legends,2,Good (Lightly Played),Uncommon,$4.500,$9.02,$9.000,$18.04,,,
Arc Lightning,Urza's Saga,1,Near Mint,Common,$.003,$0.15,$.003,$0.15,,,
Arc Mage,Nemesis,5,Near Mint,Uncommon,$.003,$0.15,$.015,$0.75,,,
Arcane Melee,Avacyn Restored,38,Near Mint,Rare,$.050,$0.30,$1.900,$11.40,,,
Arcbond,Fate Reforged,33,Near Mint,Rare,$.050,$0.30,$1.650,$9.90,,,
Arcbound Ravager,Darksteel,2,Good (Lightly Played),Rare,$24.500,$40.70,$49.000,$81.40,,,
Archaeological Dig,Invasion,5,Near Mint,Uncommon,$.003,$0.25,$.015,$1.25,,,
Archangel Avacyn,Shadows over Innistrad,2,Near Mint,MythicRare,$12.500,$20.75,$25.000,$41.50,,,
Archangel of Thune,Magic 2014 Core Set,1,Near Mint,MythicRare,$13.750,$22.75,$13.750,$22.75,,,
Archangel of Tithes,Magic Origins,7,Near Mint,MythicRare,$2.500,$5.00,$17.500,$35.00,,,
Archangel's Light,Dark Ascension,13,Near Mint,MythicRare,$.250,$0.99,$3.250,$12.87,,,
Archfiend of Depravity,Fate Reforged,23,Near Mint,Rare,$.050,$0.55,$1.150,$12.65,,,
Archon of Justice,Magic 2012,9,Near Mint,Rare,$.050,$0.30,$.450,$2.70,,,
Archon of the Triumvirate,Return to Ravnica,76,Near Mint,Rare,$.050,$0.30,$3.800,$22.80,,,
Archwing Dragon,Avacyn Restored,32,Near Mint,Rare,$.050,$0.45,$1.600,$14.40,,,
Arctic Foxes,Ice Age,1,Near Mint,Common,$.003,$0.10,$.003,$0.10,,,
Arctic Merfolk,Planeshift,9,Near Mint,Common,$.003,$0.10,$.027,$0.90,,,
Arcum's Sleigh,Ice Age,1,Near Mint,Uncommon,$.003,$0.15,$.003,$0.15,,,
Arcum's Whistle,Ice Age,1,Near Mint,Uncommon,$.003,$0.15,$.003,$0.15,,,
Ardent Soldier,Invasion,4,Near Mint,Common,$.003,$0.15,$.012,$0.60,,,
Arena,Media Inserts,4,Near Mint,Special,$.250,$0.00,$1.000,$0.00,,,
Arena of the Ancients,Legends,1,Good (Lightly Played),Rare,$1.000,$4.39,$1.000,$4.39,,,
Argent Sphinx,Scars of Mirrodin,10,Near Mint,Rare,$.050,$0.30,$.500,$3.00,,,
Argivian Archaeologist,Antiquities,1,Near Mint,Rare,$9.500,$18.75,$9.500,$18.75,,,
Argivian Blacksmith,Antiquities,1,Near Mint,Common,$.003,$0.15,$.003,$0.15,,,
Argothian Pixies,Antiquities,1,Played,Common,$.003,$0.15,$.003,$0.15,,,
Argothian Swine,Urza's Saga,1,Near Mint,Common,$.003,$0.15,$.003,$0.15,,,
Argothian Treefolk,Antiquities,1,Played,Common,$.003,$0.15,$.003,$0.15,,,
Argothian Treefolk,Antiquities,2,Near Mint,Common,$.003,$0.15,$.006,$0.30,,,
Argothian Wurm,Urza's Saga,1,Near Mint,Rare,$.050,$0.75,$.050,$0.75,,,
Arlinn Kord,Shadows over Innistrad,8,Near Mint,MythicRare,$5.500,$11.00,$44.000,$88.00,,,
Armada Wurm,Return to Ravnica,23,Near Mint,MythicRare,$.250,$0.99,$5.750,$22.77,,,
Armadillo Cloak,Invasion,5,Near Mint,Common,$.003,$0.40,$.015,$2.00,,,
Armageddon Clock,Revised Edition,1,Near Mint,Rare,$.050,$0.30,$.050,$0.30,,,
Armageddon Clock,Fourth Edition,1,Near Mint,Rare,$.050,$0.30,$.050,$0.30,,,
Armor of Faith,Ice Age,2,Near Mint,Common,$.003,$0.10,$.006,$0.20,,,
Armor of Thorns,Mirage,2,Near Mint,Common,$.003,$0.10,$.006,$0.20,,,
Armor Thrull,Fallen Empires,4,Near Mint,Common,$.003,$0.15,$.012,$0.60,,,
Armor Thrull,Fallen Empires,4,Near Mint,Common,$.003,$0.15,$.012,$0.60,,,
Armor Thrull,Fallen Empires,5,Near Mint,Common,$.003,$0.15,$.015,$0.75,,,
Armor Thrull,Fallen Empires,7,Near Mint,Common,$.003,$0.10,$.021,$0.70,,,
Armored Pegasus,Classic Sixth Edition,1,Near Mint,Common,$.003,$0.15,$.003,$0.15,,,
Armorer Guildmage,Mirage,1,Near Mint,Common,$.003,$0.10,$.003,$0.10,,,
Arms Dealer,Mercadian Masques,1,Near Mint,Uncommon,$.003,$0.15,$.003,$0.15,,,
Army Ants,Visions,1,Near Mint,Uncommon,$.003,$0.15,$.003,$0.15,,,
Army of the Damned,Innistrad,3,Near Mint,MythicRare,$.750,$2.50,$2.250,$7.50,,,
Arrest,Mercadian Masques,1,Near Mint,Uncommon,$.003,$0.15,$.003,$0.15,,,
Artifact Blast,Antiquities,4,Near Mint,Common,$.003,$0.25,$.012,$1.00,,,
Artifact Mutation,Invasion,2,Near Mint,Rare,$.500,$2.00,$1.000,$4.00,,,
Artifact Possession,Antiquities,1,Good (Lightly Played),Common,$.003,$0.15,$.003,$0.15,,,
Artifact Possession,Antiquities,2,Near Mint,Common,$.003,$0.15,$.006,$0.30,,,
Artifact Ward,Antiquities,1,Good (Lightly Played),Common,$.003,$0.15,$.003,$0.15,,,
Artifact Ward,Antiquities,3,Near Mint,Common,$.003,$0.15,$.009,$0.45,,,
Artisan of Forms,Theros,60,Near Mint,Rare,$.050,$0.30,$3.000,$18.00,,,
Ascendant Evincar,Nemesis,2,Near Mint,Rare,$.100,$1.00,$.200,$2.00,,,
Asceticism,Scars of Mirrodin,2,Near Mint,Rare,$4.750,$9.50,$9.500,$19.00,,,
Ash Zealot,Return to Ravnica,32,Near Mint,Rare,$.050,$0.65,$1.600,$20.80,,,
Ashcloud Phoenix,Khans of Tarkir,11,Near Mint,MythicRare,$.250,$0.99,$2.750,$10.89,,,
Ashen Ghoul,Ice Age,1,Near Mint,Uncommon,$.003,$0.25,$.003,$0.25,,,
Ashen Rider,Theros,27,Near Mint,MythicRare,$.250,$1.25,$6.750,$33.75,,,
Ashes to Ashes,The Dark,5,Near Mint,Common,$.003,$0.25,$.015,$1.25,,,
"Ashiok, Nightmare Weaver",Theros,1,Near Mint,MythicRare,$3.500,$7.00,$3.500,$7.00,,,
Ashnod's Altar,Antiquities,1,Good (Lightly Played),Uncommon,$5.500,$10.87,$5.500,$10.87,,,
Ashnod's Transmogrant,Antiquities,1,Near Mint,Uncommon,$.003,$0.25,$.003,$0.25,,,
Assault // Battery,Invasion,1,Near Mint,Uncommon,$.003,$0.15,$.003,$0.15,,,
Assault Formation,Dragons of Tarkir,27,Near Mint,Rare,$.100,$1.25,$2.700,$33.75,,,
Assemble the Legion,Gatecrash,16,Near Mint,Rare,$.100,$1.50,$1.600,$24.00,,,
Astral Cornucopia,Born of the Gods,24,Near Mint,Rare,$.050,$0.30,$1.200,$7.20,,,
Asylum Visitor,Shadows over Innistrad,9,Near Mint,Rare,$.100,$1.00,$.900,$9.00,,,
"Atalya, Samite Master",Invasion,1,Near Mint,Rare,$.050,$0.55,$.050,$0.55,,,
"Atarka, World Render",Fate Reforged,35,Near Mint,Rare,$.050,$0.55,$1.750,$19.25,,,
Atarka's Command,Dragons of Tarkir,1,Near Mint,Rare,$3.000,$5.75,$3.000,$5.75,,,
"Athreos, God of Passage",Journey into Nyx,8,Near Mint,MythicRare,$5.750,$11.25,$46.000,$90.00,,,
Atog,Revised Edition,6,Near Mint,Common,$.003,$0.15,$.018,$0.90,,,
Aura Blast,Planeshift,7,Near Mint,Common,$.003,$0.15,$.021,$1.05,,,
Aura Flux,Urza's Legacy,2,Near Mint,Common,$.003,$0.15,$.006,$0.30,,,
Aura Fracture,Prophecy,6,Near Mint,Common,$.003,$0.10,$.018,$0.60,,,
Aura Mutation,Invasion,1,Near Mint,Rare,$.100,$1.75,$.100,$1.75,,,
Aura of Silence,Weatherlight,1,Near Mint,Uncommon,$.250,$1.50,$.250,$1.50,,,
Aura Shards,Invasion,1,Near Mint,Uncommon,$3.000,$5.75,$3.000,$5.75,,,
"Aurelia, the Warleader",Gatecrash,2,Near Mint,MythicRare,$2.250,$4.25,$4.500,$8.50,,,
Aurelia's Fury,Gatecrash,16,Near Mint,MythicRare,$.250,$1.00,$4.000,$16.00,,,
Aurochs,Ice Age,1,Near Mint,Common,$.003,$0.15,$.003,$0.15,,,
Aurora Griffin,Planeshift,8,Near Mint,Common,$.003,$0.10,$.024,$0.80,,,
Austere Command,Lorwyn,1,Near Mint,Rare,$5.250,$10.50,$5.250,$10.50,,,
"Avacyn, Angel of Hope",Avacyn Restored,2,Near Mint,Rare,$14.750,$24.75,$29.500,$49.50,,,
"Avacyn, Guardian Angel",Magic 2015 Core Set,12,Near Mint,MythicRare,$.250,$0.65,$3.000,$7.80,,,
Avacyn's Judgment,Shadows over Innistrad,19,Near Mint,Rare,$.050,$0.65,$.950,$12.35,,,
Avalanche Riders,Urza's Legacy,1,Near Mint,Uncommon,$.250,$1.25,$.250,$1.25,,,
Avalanche Tusker,Khans of Tarkir,29,Near Mint,Rare,$.050,$0.30,$1.450,$8.70,,,
Avarice Amulet,Magic 2015 Core Set,2,Near Mint,Rare,$.050,$0.15,$.100,$0.30,,,
Avaricious Dragon,Magic Origins,12,Near Mint,MythicRare,$.250,$1.50,$3.000,$18.00,,,
Avatar of Might,Prophecy,1,Near Mint,Rare,$.050,$0.65,$.050,$0.65,,,
Avatar of the Resolute,Dragons of Tarkir,67,Near Mint,Rare,$.100,$1.00,$6.700,$67.00,,,
Avatar of Will,Prophecy,1,Near Mint,Rare,$.050,$0.65,$.050,$0.65,,,
Avatar of Woe,Prophecy,2,Near Mint,Rare,$.750,$3.00,$1.500,$6.00,,,
Aven Mindcensor,Future Sight,1,Near Mint,Uncommon,$5.250,$10.50,$5.250,$10.50,,,
Avenger en-Dal,Nemesis,1,Near Mint,Rare,$.050,$0.30,$.050,$0.30,,,
Avenging Druid,Exodus,1,Near Mint,Common,$.003,$0.15,$.003,$0.15,,,
Avizoa,Weatherlight,1,Near Mint,Rare,$.050,$0.30,$.050,$0.30,,,
Avoid Fate,Legends,2,Near Mint,Common,$.050,$1.00,$.100,$2.00,,,
Awaken the Ancient,Magic 2014 Core Set,12,Near Mint,Rare,$.050,$0.30,$.600,$3.60,,,
Axelrod Gunnarson,Legends,1,Near Mint,Rare,$.500,$2.25,$.500,$2.25,,,
"Ayli, Eternal Pilgrim",Oath of the Gatewatch,44,Near Mint,Rare,$.100,$1.00,$4.400,$44.00,,,
Aysen Abbey,Homelands,6,Near Mint,Uncommon,$.003,$0.15,$.018,$0.90,,,
Aysen Bureaucrats,Homelands,1,Near Mint,Common,$.003,$0.15,$.003,$0.15,,,
Azimaet Drake,Mirage,1,Near Mint,Common,$.003,$0.10,$.003,$0.10,,,
Azor's Elocutors,Return to Ravnica,52,Near Mint,Rare,$.050,$0.30,$2.600,$15.60,,,
Back from the Brink,Innistrad,40,Near Mint,Rare,$.050,$0.30,$2.000,$12.00,,,
Backfire,Legends,1,Near Mint,Uncommon,$.003,$0.50,$.003,$0.50,,,
Backlash,Invasion,2,Near Mint,Uncommon,$.003,$0.50,$.006,$1.00,,,
Badlands,Revised Edition,1,Near Mint,Rare,$43.500,$72.38,$43.500,$72.38,,,
Badlands,Revised Edition,1,Good (Lightly Played),Rare,$47.000,$78.25,$47.000,$78.25,,,
Badlands,Revised Edition,3,Played,Rare,$40.000,$66.51,$120.000,$199.54,,,
Balance,Revised Edition,2,Near Mint,Rare,$.100,$1.25,$.200,$2.50,,,
Balduvian Conjurer,Ice Age,1,Near Mint,Uncommon,$.003,$0.15,$.003,$0.15,,,
Balduvian Horde,Classic Sixth Edition,1,Near Mint,Rare,$.050,$0.45,$.050,$0.45,,,
Balduvian Shaman,Ice Age,1,Near Mint,Common,$.003,$0.10,$.003,$0.10,,,
Balduvian Trading Post,Alliances,1,Near Mint,Rare,$.050,$0.30,$.050,$0.30,,,
Ball Lightning,The Dark,1,Played,Rare,$1.000,$4.04,$1.000,$4.04,,,
Ballista Squad,Mercadian Masques,1,Near Mint,Uncommon,$.003,$0.15,$.003,$0.15,,,
Balloon Peddler,Mercadian Masques,4,Near Mint,Common,$.003,$0.10,$.012,$0.40,,,
Balm of Restoration,Fallen Empires,1,Near Mint,Rare,$.050,$0.30,$.050,$0.30,,,
Bandage,Stronghold,2,Near Mint,Common,$.003,$0.15,$.006,$0.30,,,
Baneslayer Angel,Magic 2010,1,Near Mint,MythicRare,$5.000,$9.75,$5.000,$9.75,,,
Baneslayer Angel,Magic 2011,2,Near Mint,MythicRare,$5.000,$9.75,$10.000,$19.50,,,
Banshee,The Dark,1,Near Mint,Uncommon,$.003,$0.15,$.003,$0.15,,,
Banshee,The Dark,2,Good (Lightly Played),Uncommon,$.003,$0.15,$.006,$0.30,,,
Barbed Field,Prophecy,2,Near Mint,Uncommon,$.003,$0.15,$.006,$0.30,,,
Barbed Sextant,Ice Age,2,Near Mint,Common,$.003,$0.10,$.006,$0.20,,,
Barbed Wire,Mercadian Masques,1,Near Mint,Uncommon,$.003,$0.15,$.003,$0.15,,,
Barl's Cage,The Dark,2,Good (Lightly Played),Rare,$.050,$0.45,$.100,$0.90,,,
Barrage Tyrant,Battle for Zendikar,28,Near Mint,Rare,$.050,$0.15,$1.400,$4.20,,,
Barrin's Unmaking,Invasion,4,Near Mint,Common,$.003,$0.10,$.012,$0.40,,,
Barrow Ghoul,Weatherlight,1,Near Mint,Common,$.003,$0.10,$.003,$0.10,,,
Basal Thrull,Fallen Empires,3,Near Mint,Common,$.003,$0.15,$.009,$0.45,,,
Basal Thrull,Fallen Empires,4,Near Mint,Common,$.003,$0.15,$.012,$0.60,,,
Basal Thrull,Fallen Empires,4,Near Mint,Common,$.003,$0.15,$.012,$0.60,,,
Basal Thrull,Fallen Empires,6,Near Mint,Common,$.003,$0.15,$.018,$0.90,,,
Basalt Monolith,Revised Edition,1,Near Mint,Uncommon,$.003,$0.85,$.003,$0.85,,,
Baton of Morale,Ice Age,1,Near Mint,Uncommon,$.003,$0.15,$.003,$0.15,,,
Battering Ram,Fourth Edition,1,Good (Lightly Played),Common,$.003,$0.10,$.003,$0.10,,,
Battering Ram,Antiquities,1,Near Mint,Common,$.003,$0.15,$.003,$0.15,,,
Battle Frenzy,Ice Age,2,Near Mint,Common,$.003,$0.10,$.006,$0.20,,,
Battle of Wits,Magic 2013,39,Near Mint,Rare,$.050,$0.30,$1.950,$11.70,,,
Battle Rampart,Mercadian Masques,5,Near Mint,Common,$.003,$0.10,$.015,$0.50,,,
Battlefield Forge,Magic 2015 Core Set,9,Near Mint,Rare,$.100,$1.50,$.900,$13.50,,,
Battlefield Forge,Magic Origins,31,Near Mint,Rare,$.100,$1.25,$3.100,$38.75,,,
Battlefield Percher,Nemesis,3,Near Mint,Uncommon,$.003,$0.15,$.009,$0.45,,,
Battlefield Thaumaturge,Journey into Nyx,22,Near Mint,Rare,$.050,$0.30,$1.100,$6.60,,,
Bay Falcon,Mirage,1,Near Mint,Common,$.003,$0.15,$.003,$0.15,,,
Bayou,Revised Edition,1,Near Mint,Rare,$95.000,$158.18,$95.000,$158.18,,,
Bayou,Revised Edition,1,Good (Lightly Played),Rare,$95.000,$158.18,$95.000,$158.18,,,
Bayou,Revised Edition,2,Heavily Played,Rare,$95.000,$158.18,$190.000,$316.35,,,
Bayou,Unlimited Edition,1,Good (Lightly Played),Rare,$192.750,$275.25,$192.750,$275.25,,,
Bearer of Silence,Oath of the Gatewatch,49,Near Mint,Rare,$.050,$0.55,$2.450,$26.95,,,
Bearer of the Heavens,Journey into Nyx,8,Near Mint,Rare,$.050,$0.30,$.400,$2.40,,,
Beast Within,New Phyrexia,1,Near Mint,Uncommon,$1.250,$4.50,$1.250,$4.50,,,
Beastcaller Savant,Battle for Zendikar,29,Near Mint,Rare,$.050,$0.55,$1.450,$15.95,,,
Beasts of Bogardan,Legends,2,Near Mint,Uncommon,$.003,$0.25,$.006,$0.50,,,
Beck // Call,Dragon's Maze,51,Near Mint,Rare,$.050,$0.65,$2.550,$33.15,,,
Befoul,Urza's Saga,3,Near Mint,Common,$.003,$0.10,$.009,$0.30,,,
Beguiler of Wills,Dark Ascension,23,Near Mint,MythicRare,$.250,$0.99,$5.750,$22.77,,,
Behold the Beyond,Shadows over Innistrad,8,Near Mint,MythicRare,$.250,$1.00,$2.000,$8.00,,,
Belbe's Armor,Nemesis,5,Near Mint,Uncommon,$.003,$0.15,$.015,$0.75,,,
Belbe's Percher,Nemesis,10,Near Mint,Common,$.003,$0.10,$.030,$1.00,,,
Belbe's Portal,Nemesis,2,Near Mint,Rare,$.750,$2.50,$1.500,$5.00,,,
Benalish Emissary,Invasion,4,Near Mint,Uncommon,$.003,$0.15,$.012,$0.60,,,
Benalish Heralds,Invasion,3,Near Mint,Uncommon,$.003,$0.15,$.009,$0.45,,,
Benalish Hero,Unlimited Edition,1,Near Mint,Common,$.003,$0.25,$.003,$0.25,,,
Benalish Hero,Revised Edition,10,Near Mint,Common,$.003,$0.10,$.030,$1.00,,,
Benalish Infantry,Weatherlight,2,Near Mint,Common,$.003,$0.10,$.006,$0.20,,,
Benalish Lancer,Invasion,4,Near Mint,Common,$.003,$0.10,$.012,$0.40,,,
Benalish Missionary,Weatherlight,2,Near Mint,Common,$.003,$0.10,$.006,$0.20,,,
Benalish Trapper,Invasion,4,Near Mint,Common,$.003,$0.10,$.012,$0.40,,,
Bend or Break,Invasion,1,Near Mint,Rare,$.050,$0.30,$.050,$0.30,,,
Bequeathal,Exodus,4,Near Mint,Common,$.003,$0.15,$.012,$0.60,,,
Berserkers' Onslaught,Dragons of Tarkir,29,Near Mint,Rare,$.050,$0.30,$1.450,$8.70,,,
Betrayal,Visions,3,Near Mint,Common,$.003,$0.15,$.009,$0.45,,,
Betrothed of Fire,Weatherlight,2,Near Mint,Common,$.003,$0.10,$.006,$0.20,,,
Bident of Thassa,Theros,61,Near Mint,Rare,$.050,$0.30,$3.050,$18.30,,,
Bind,Invasion,1,Near Mint,Rare,$.050,$0.65,$.050,$0.65,,,
Biomass Mutation,Gatecrash,39,Near Mint,Rare,$.050,$0.15,$1.950,$5.85,,,
Biovisionary,Gatecrash,26,Near Mint,Rare,$.050,$0.30,$1.300,$7.80,,,
Bird Maiden,Fourth Edition,1,Near Mint,Common,$.003,$0.15,$.003,$0.15,,,
Birds of Paradise,Fourth Edition,1,Near Mint,Rare,$4.000,$8.00,$4.000,$8.00,,,
Birds of Paradise,Magic 2012,3,Near Mint,Rare,$4.000,$8.00,$12.000,$24.00,,,
Birthing Pod,New Phyrexia,2,Near Mint,Rare,$3.000,$6.00,$6.000,$12.00,,,
Black Knight,Revised Edition,1,Good (Lightly Played),Uncommon,$.003,$0.25,$.003,$0.25,,,
Black Knight,Revised Edition,1,Near Mint,Uncommon,$.003,$0.25,$.003,$0.25,,,
Black Mana Battery,Legends,2,Good (Lightly Played),Uncommon,$.003,$0.85,$.006,$1.70,,,
Black Sun's Zenith,Mirrodin Besieged,9,Near Mint,Rare,$.100,$1.75,$.900,$15.75,,,
Black Vise,Revised Edition,2,Near Mint,Uncommon,$.250,$1.50,$.500,$3.00,,,
Black Vise,Unlimited Edition,1,Near Mint,Uncommon,$3.750,$7.50,$3.750,$7.50,,,
Black Ward,Revised Edition,2,Near Mint,Uncommon,$.003,$0.15,$.006,$0.30,,,
Blade Splicer,New Phyrexia,22,Near Mint,Rare,$.500,$2.25,$11.000,$49.50,,,
Blanchwood Armor,Urza's Saga,1,Near Mint,Uncommon,$.003,$0.25,$.003,$0.25,,,
Blanchwood Treefolk,Urza's Saga,1,Near Mint,Common,$.003,$0.10,$.003,$0.10,,,
Blasphemous Act,Innistrad,23,Near Mint,Rare,$.750,$2.75,$17.250,$63.25,,,
Blasted Landscape,Urza's Saga,1,Near Mint,Uncommon,$.003,$0.85,$.003,$0.85,,,
Blaster Mage,Mercadian Masques,4,Near Mint,Common,$.003,$0.10,$.012,$0.40,,,
Blastoderm,Nemesis,6,Near Mint,Common,$.003,$0.15,$.018,$0.90,,,
Blazing Effigy,Legends,3,Near Mint,Common,$.003,$0.15,$.009,$0.45,,,
Blazing Specter,Invasion,1,Near Mint,Rare,$.050,$0.65,$.050,$0.65,,,
Blessed Reincarnation,Dragons of Tarkir,29,Near Mint,Rare,$.050,$0.30,$1.450,$8.70,,,
Blessed Wind,Prophecy,1,Near Mint,Rare,$.050,$0.30,$.050,$0.30,,,
Blessed Wine,Ice Age,2,Near Mint,Common,$.003,$0.10,$.006,$0.20,,,
Blight,Legends,2,Near Mint,Uncommon,$.250,$1.50,$.500,$3.00,,,
Blight Herder,Battle for Zendikar,55,Near Mint,Rare,$.050,$0.55,$2.750,$30.25,,,
Blighted Agent,New Phyrexia,4,Near Mint,Common,$.003,$0.75,$.012,$3.00,,,
Blighted Shaman,Mirage,1,Near Mint,Uncommon,$.003,$0.15,$.003,$0.15,,,
Blind Obedience,Gatecrash,25,Near Mint,Rare,$.500,$2.00,$12.500,$50.00,,,
Blind Seer,Invasion,1,Near Mint,Rare,$.050,$0.30,$.050,$0.30,,,
Blinding Angel,Nemesis,1,Near Mint,Rare,$.500,$2.00,$.500,$2.00,,,
Blinding Light,Invasion,1,Near Mint,Uncommon,$.003,$0.15,$.003,$0.15,,,
Blistering Barrier,Mirage,2,Near Mint,Common,$.003,$0.10,$.006,$0.20,,,
Bloated Toad,Urza's Legacy,1,Near Mint,Uncommon,$.003,$0.15,$.003,$0.15,,,
Blockade Runner,Mercadian Masques,4,Near Mint,Common,$.003,$0.10,$.012,$0.40,,,
Blood Baron of Vizkopa,Dragon's Maze,13,Near Mint,MythicRare,$.500,$2.25,$6.500,$29.25,,,
Blood Crypt,Return to Ravnica,2,Near Mint,Rare,$4.000,$7.75,$8.000,$15.50,,,
Blood Lust,Legends,2,Near Mint,Uncommon,$3.000,$5.75,$6.000,$11.50,,,
Blood Moon,The Dark,1,Near Mint,Rare,$30.750,$51.34,$30.750,$51.34,,,
Blood Moon,Chronicles,2,Good (Lightly Played),Rare,$23.500,$39.00,$47.000,$78.00,,,
Blood Moon,The Dark,2,Good (Lightly Played),Rare,$30.750,$51.34,$61.500,$102.68,,,
Blood of the Martyr,The Dark,4,Near Mint,Uncommon,$.003,$0.15,$.012,$0.60,,,
Blood Scrivener,Dragon's Maze,48,Near Mint,Rare,$.050,$0.30,$2.400,$14.40,,,
Blood-Chin Fanatic,Dragons of Tarkir,28,Near Mint,Rare,$.050,$0.30,$1.400,$8.40,,,
Bloodfire Dwarf,Apocalypse,4,Near Mint,Common,$.003,$0.10,$.012,$0.40,,,
Bloodfire Infusion,Apocalypse,4,Near Mint,Common,$.003,$0.10,$.012,$0.40,,,
Bloodfire Kavu,Apocalypse,7,Near Mint,Uncommon,$.003,$0.15,$.021,$1.05,,,
Bloodgift Demon,Innistrad,9,Near Mint,Rare,$.050,$0.55,$.450,$4.95,,,
Bloodsoaked Champion,Khans of Tarkir,43,Near Mint,Rare,$.050,$0.65,$2.150,$27.95,,,
Bloodstained Mire,Khans of Tarkir,6,Near Mint,Rare,$7.250,$14.25,$43.500,$85.50,,,
Bloodstone Cameo,Invasion,2,Near Mint,Uncommon,$.003,$0.15,$.006,$0.30,,,
Blossoming Wreath,Weatherlight,1,Near Mint,Common,$.003,$0.10,$.003,$0.10,,,
Bludgeon Brawl,New Phyrexia,12,Near Mint,Rare,$.050,$0.30,$.600,$3.60,,,
Blue Elemental Blast,Revised Edition,8,Near Mint,Common,$.003,$0.15,$.024,$1.20,,,
Blue Mana Battery,Legends,2,Good (Lightly Played),Uncommon,$.003,$0.50,$.006,$1.00,,,
Blue Sun's Zenith,Mirrodin Besieged,4,Near Mint,Rare,$.050,$0.90,$.200,$3.60,,,
Blue Ward,Revised Edition,3,Near Mint,Uncommon,$.003,$0.15,$.009,$0.45,,,
Boa Constrictor,Mercadian Masques,2,Near Mint,Uncommon,$.003,$0.15,$.006,$0.30,,,
Bog Down,Planeshift,6,Near Mint,Common,$.003,$0.10,$.018,$0.60,,,
Bog Glider,Prophecy,4,Near Mint,Common,$.003,$0.10,$.012,$0.40,,,
Bog Gnarr,Apocalypse,4,Near Mint,Common,$.003,$0.10,$.012,$0.40,,,
Bog Imp,The Dark,5,Near Mint,Common,$.003,$0.10,$.015,$0.50,,,
Bog Initiate,Invasion,4,Near Mint,Common,$.003,$0.15,$.012,$0.60,,,
Bog Raiders,Urza's Saga,1,Near Mint,Common,$.003,$0.10,$.003,$0.10,,,
Bog Rats,The Dark,6,Near Mint,Common,$.003,$0.10,$.018,$0.60,,,
Bog Smugglers,Mercadian Masques,4,Near Mint,Common,$.003,$0.10,$.012,$0.40,,,
Bog Witch,Mercadian Masques,4,Near Mint,Common,$.003,$0.15,$.012,$0.60,,,
Bog Wraith,Revised Edition,3,Near Mint,Uncommon,$.003,$0.15,$.009,$0.45,,,
Bogbrew Witch,Magic 2014 Core Set,7,Near Mint,Rare,$.050,$0.45,$.350,$3.15,,,
Boiling Blood,Weatherlight,1,Near Mint,Common,$.003,$0.15,$.003,$0.15,,,
Bola Warrior,Nemesis,10,Near Mint,Common,$.003,$0.10,$.030,$1.00,,,
Boltwing Marauder,Dragons of Tarkir,21,Near Mint,Rare,$.050,$0.30,$1.050,$6.30,,,
Bone Flute,The Dark,1,Near Mint,Uncommon,$.003,$0.15,$.003,$0.15,,,
Bone Flute,The Dark,2,Good (Lightly Played),Uncommon,$.003,$0.15,$.006,$0.30,,,
Bone Harvest,Mirage,1,Near Mint,Common,$.003,$0.15,$.003,$0.15,,,
Bone Mask,Mirage,1,Near Mint,Rare,$.050,$0.30,$.050,$0.30,,,
Bone Shaman,Ice Age,2,Near Mint,Common,$.003,$0.10,$.006,$0.20,,,
Bonescythe Sliver,Magic 2014 Core Set,6,Near Mint,Rare,$.500,$2.00,$3.000,$12.00,,,
Bonfire of the Damned,Avacyn Restored,3,Near Mint,MythicRare,$2.500,$5.00,$7.500,$15.00,,,
Book of Rass,The Dark,2,Near Mint,Uncommon,$.003,$0.15,$.006,$0.30,,,
Boomerang,Classic Sixth Edition,1,Good (Lightly Played),Common,$.003,$0.15,$.003,$0.15,,,
Boomerang,Legends,1,Near Mint,Common,$.003,$0.50,$.003,$0.50,,,
Boomerang,Legends,3,Near Mint,Common,$.003,$0.50,$.009,$1.50,,,
Boon Satyr,Theros,51,Near Mint,Rare,$.050,$0.30,$2.550,$15.30,,,
Borborygmos Enraged,Gatecrash,25,Near Mint,MythicRare,$.250,$1.00,$6.250,$25.00,,,
Boros Battleshaper,Dragon's Maze,60,Near Mint,Rare,$.050,$0.30,$3.000,$18.00,,,
Boros Charm,Gatecrash,8,Near Mint,Uncommon,$.750,$2.75,$6.000,$22.00,,,
Boros Reckoner,Gatecrash,12,Near Mint,Rare,$.750,$2.50,$9.000,$30.00,,,
"Boseiju, Who Shelters All",Champions of Kamigawa,3,Near Mint,Rare,$9.750,$19.25,$29.250,$57.75,,,
Bottle of Suleiman,Revised Edition,1,Near Mint,Rare,$.050,$0.30,$.050,$0.30,,,
Bottomless Pit,Stronghold,1,Near Mint,Uncommon,$.003,$0.25,$.003,$0.25,,,
Bottomless Vault,Fallen Empires,4,Near Mint,Rare,$.050,$0.75,$.200,$3.00,,,
Bouncing Beebles,Urza's Legacy,3,Near Mint,Common,$.003,$0.15,$.009,$0.45,,,
Bow of Nylea,Theros,37,Near Mint,Rare,$.100,$1.75,$3.700,$64.75,,,
Brain in a Jar,Shadows over Innistrad,8,Near Mint,Rare,$.050,$0.90,$.400,$7.20,,,
Braingeyser,Revised Edition,2,Near Mint,Rare,$.750,$2.50,$1.500,$5.00,,,
Braingeyser,Unlimited Edition,1,Heavily Played,Rare,$15.250,$25.50,$15.250,$25.50,,,
Braingeyser,Unlimited Edition,1,Played,Rare,$16.750,$27.75,$16.750,$27.75,,,
Brainstorm,Ice Age,1,Near Mint,Common,$.050,$1.00,$.050,$1.00,,,
Brainstorm,Mercadian Masques,6,Near Mint,Common,$.100,$1.25,$.600,$7.50,,,
Brainwash,Fourth Edition,1,Near Mint,Common,$.003,$0.15,$.003,$0.15,,,
Brainwash,The Dark,6,Near Mint,Common,$.003,$0.10,$.018,$0.60,,,
Branded Brawlers,Prophecy,1,Near Mint,Common,$.003,$0.10,$.003,$0.10,,,
Brass Herald,Apocalypse,7,Near Mint,Uncommon,$.003,$0.25,$.021,$1.75,,,
Brass Man,Revised Edition,1,Near Mint,Uncommon,$.003,$0.15,$.003,$0.15,,,
Brassclaw Orcs,Fallen Empires,2,Near Mint,Common,$.003,$0.15,$.006,$0.30,,,
Brassclaw Orcs,Fallen Empires,4,Near Mint,Common,$.003,$0.15,$.012,$0.60,,,
Brassclaw Orcs,Fallen Empires,4,Near Mint,Common,$.003,$0.15,$.012,$0.60,,,
Brassclaw Orcs,Fallen Empires,7,Near Mint,Common,$.003,$0.15,$.021,$1.05,,,
Brawl,Mercadian Masques,1,Near Mint,Rare,$.050,$0.30,$.050,$0.30,,,
Breach,Urza's Saga,4,Near Mint,Common,$.003,$0.15,$.012,$0.60,,,
Breaking // Entering,Dragon's Maze,33,Near Mint,Rare,$.050,$0.75,$1.650,$24.75,,,
Breath of Darigaaz,Invasion,2,Near Mint,Uncommon,$.003,$0.15,$.006,$0.30,,,
Breathstealer,Mirage,2,Near Mint,Common,$.003,$0.10,$.006,$0.20,,,
Breeding Pit,Fallen Empires,5,Near Mint,Uncommon,$.003,$0.25,$.015,$1.25,,,
Breezekeeper,Visions,3,Near Mint,Common,$.003,$0.15,$.009,$0.45,,,
Briar Patch,Mercadian Masques,1,Near Mint,Uncommon,$.003,$0.15,$.003,$0.15,,,
Bribery,Mercadian Masques,2,Near Mint,Rare,$9.750,$19.50,$19.500,$39.00,,,
Brilliant Halo,Urza's Saga,3,Near Mint,Common,$.003,$0.15,$.009,$0.45,,,
"Brimaz, King of Oreskos",Born of the Gods,4,Near Mint,MythicRare,$4.000,$8.00,$16.000,$32.00,,,
Brine Shaman,Ice Age,2,Near Mint,Common,$.003,$0.10,$.006,$0.20,,,
Bring to Light,Battle for Zendikar,58,Near Mint,Rare,$.050,$0.75,$2.900,$43.50,,,
Broken Fall,Tempest,1,Near Mint,Common,$.003,$0.10,$.003,$0.10,,,
Bronze Tablet,Fourth Edition,1,Near Mint,Rare,$.050,$0.30,$.050,$0.30,,,
Brood Butcher,Battle for Zendikar,58,Near Mint,Rare,$.050,$0.30,$2.900,$17.40,,,
Brothers of Fire,Fourth Edition,1,Near Mint,Uncommon,$.003,$0.10,$.003,$0.10,,,
Brothers of Fire,The Dark,4,Near Mint,Common,$.003,$0.15,$.012,$0.60,,,
Brown Ouphe,Ice Age,2,Near Mint,Common,$.003,$0.10,$.006,$0.20,,,
"Bruna, Light of Alabaster",Avacyn Restored,2,Near Mint,MythicRare,$.500,$2.00,$1.000,$4.00,,,
Brush with Death,Stronghold,2,Near Mint,Common,$.003,$0.10,$.006,$0.20,,,
Brushland,Ice Age,1,Near Mint,Rare,$3.250,$6.50,$3.250,$6.50,,,
Brutal Expulsion,Battle for Zendikar,45,Near Mint,Rare,$.050,$0.30,$2.250,$13.50,,,
Brutal Hordechief,Fate Reforged,23,Near Mint,MythicRare,$.250,$1.25,$5.750,$28.75,,,
Brutal Suppression,Prophecy,1,Near Mint,Uncommon,$.003,$0.15,$.003,$0.15,,,
Builder's Bane,Mirage,2,Near Mint,Common,$.003,$0.10,$.006,$0.20,,,
Bull Elephant,Visions,1,Near Mint,Common,$.003,$0.10,$.003,$0.10,,,
Bullwhip,Stronghold,1,Near Mint,Uncommon,$.003,$0.15,$.003,$0.15,,,
Bulwark,Urza's Saga,1,Near Mint,Rare,$.050,$0.30,$.050,$0.30,,,
Buoyancy,Mercadian Masques,4,Near Mint,Common,$.003,$0.10,$.012,$0.40,,,
Burn at the Stake,Avacyn Restored,35,Near Mint,Rare,$.050,$0.30,$1.750,$10.50,,,
Burn from Within,Shadows over Innistrad,11,Near Mint,Rare,$.050,$0.30,$.550,$3.30,,,
Burning Anger,Magic 2015 Core Set,6,Near Mint,Rare,$.050,$0.15,$.300,$0.90,,,
Burning Earth,Magic 2014 Core Set,6,Near Mint,Rare,$.050,$0.30,$.300,$1.80,,,
Burning Shield Askari,Mirage,2,Near Mint,Common,$.003,$0.10,$.006,$0.20,,,
Burrowing,Revised Edition,1,Near Mint,Uncommon,$.003,$0.15,$.003,$0.15,,,
Burst of Energy,Urza's Legacy,2,Near Mint,Common,$.003,$0.15,$.006,$0.30,,,
Butcher of the Horde,Khans of Tarkir,64,Near Mint,Rare,$.050,$0.30,$3.200,$19.20,,,
Bygone Bishop,Shadows over Innistrad,12,Near Mint,Rare,$.100,$1.50,$1.200,$18.00,,,
Cackling Counterpart,Innistrad,24,Near Mint,Rare,$.050,$0.45,$1.200,$10.80,,,
Cackling Fiend,Urza's Saga,1,Near Mint,Common,$.003,$0.15,$.003,$0.15,,,
Cackling Witch,Mercadian Masques,1,Near Mint,Uncommon,$.003,$0.15,$.003,$0.15,,,
Caged Sun,New Phyrexia,1,Near Mint,Rare,$1.000,$4.00,$1.000,$4.00,,,
Caldera Kavu,Planeshift,5,Near Mint,Common,$.003,$0.10,$.015,$0.50,,,
Caldera Lake,Tempest,1,Near Mint,Rare,$.050,$0.75,$.050,$0.75,,,
Call the Gatewatch,Oath of the Gatewatch,27,Near Mint,Rare,$.050,$0.30,$1.350,$8.10,,,
Call to the Grave,Magic 2012,1,Near Mint,Rare,$.050,$0.90,$.050,$0.90,,,
Call to the Kindred,Dark Ascension,31,Near Mint,Rare,$.050,$0.30,$1.550,$9.30,,,
Calming Licid,Stronghold,2,Near Mint,Uncommon,$.003,$0.15,$.006,$0.30,,,
Calming Verse,Prophecy,6,Near Mint,Common,$.003,$0.15,$.018,$0.90,,,
Camel,Arabian Nights,1,Near Mint,Common,$.003,$0.40,$.003,$0.40,,,
Camel,Arabian Nights,1,Good (Lightly Played),Common,$.003,$0.40,$.003,$0.40,,,
Cannibalize,Stronghold,2,Near Mint,Common,$.003,$0.15,$.006,$0.30,,,
Canopy Surge,Invasion,2,Near Mint,Uncommon,$.003,$0.15,$.006,$0.30,,,
Canopy Vista,Battle for Zendikar,43,Near Mint,Rare,$.750,$3.00,$32.250,$129.00,,,
Capashen Unicorn,Invasion,4,Near Mint,Common,$.003,$0.15,$.012,$0.60,,,
Captain of the Mists,Avacyn Restored,38,Near Mint,Rare,$.050,$0.30,$1.900,$11.40,,,
Captain of the Watch,Magic 2013,2,Near Mint,Rare,$.050,$0.65,$.100,$1.30,,,
Captain Sisay,Invasion,4,Near Mint,Rare,$1.000,$3.50,$4.000,$14.00,,,
Captain's Claws,Oath of the Gatewatch,27,Near Mint,Rare,$.050,$0.65,$1.350,$17.55,,,
Captain's Maneuver,Apocalypse,7,Near Mint,Uncommon,$.003,$0.15,$.021,$1.05,,,
Carnifex Demon,Scars of Mirrodin,10,Near Mint,Rare,$.050,$0.30,$.500,$3.00,,,
Carnival Hellsteed,Return to Ravnica,64,Near Mint,Rare,$.050,$0.30,$3.200,$19.20,,,
Carnivorous Plant,The Dark,5,Near Mint,Common,$.003,$0.10,$.015,$0.50,,,
Carnophage,Exodus,3,Near Mint,Common,$.003,$0.25,$.009,$0.75,,,
Carpet of Flowers,Urza's Saga,2,Near Mint,Uncommon,$.750,$2.50,$1.500,$5.00,,,
Carrion Wall,Nemesis,4,Near Mint,Uncommon,$.003,$0.15,$.012,$0.60,,,
Castle,Revised Edition,3,Near Mint,Uncommon,$.003,$0.15,$.009,$0.45,,,
Castle Sengir,Homelands,4,Near Mint,Uncommon,$.003,$0.15,$.012,$0.60,,,
Cat Burglar,Exodus,2,Near Mint,Common,$.003,$0.15,$.006,$0.30,,,
Cat Warriors,Classic Sixth Edition,1,Good (Lightly Played),Common,$.003,$0.10,$.003,$0.10,,,
Cat Warriors,Legends,1,Near Mint,Common,$.003,$0.15,$.003,$0.15,,,
Cat Warriors,Legends,3,Near Mint,Common,$.003,$0.15,$.009,$0.45,,,
Catalog,Urza's Saga,2,Near Mint,Common,$.003,$0.10,$.006,$0.20,,,
Catastrophe,Urza's Saga,1,Near Mint,Rare,$1.000,$4.25,$1.000,$4.25,,,
Catch // Release,Dragon's Maze,55,Near Mint,Rare,$.050,$0.30,$2.750,$16.50,,,
Cateran Brute,Mercadian Masques,4,Near Mint,Common,$.003,$0.10,$.012,$0.40,,,
Cateran Enforcer,Mercadian Masques,1,Near Mint,Uncommon,$.003,$0.15,$.003,$0.15,,,
Cateran Kidnappers,Mercadian Masques,1,Near Mint,Uncommon,$.003,$0.15,$.003,$0.15,,,
Cateran Persuader,Mercadian Masques,4,Near Mint,Common,$.003,$0.10,$.012,$0.40,,,
Cateran Slaver,Mercadian Masques,1,Near Mint,Rare,$.050,$0.30,$.050,$0.30,,,
Cateran Summons,Mercadian Masques,3,Near Mint,Uncommon,$.003,$0.15,$.009,$0.45,,,
Cathars' Crusade,Avacyn Restored,4,Near Mint,Rare,$.100,$1.50,$.400,$6.00,,,
Cathedral of Serra,Legends,1,Near Mint,Uncommon,$.250,$1.25,$.250,$1.25,,,
Cathedral of War,Magic 2013,22,Near Mint,Rare,$.100,$1.50,$2.200,$33.00,,,
Cathodion,Urza's Saga,1,Near Mint,Uncommon,$.003,$0.15,$.003,$0.15,,,
Cauldron Dance,Invasion,4,Near Mint,Uncommon,$.003,$0.25,$.012,$1.00,,,
Caustic Wasps,Mercadian Masques,3,Near Mint,Uncommon,$.003,$0.15,$.009,$0.45,,,
Cave People,The Dark,2,Near Mint,Uncommon,$.003,$0.15,$.006,$0.30,,,
Cave Sense,Mercadian Masques,4,Near Mint,Common,$.003,$0.10,$.012,$0.40,,,
Cavern Crawler,Mercadian Masques,3,Near Mint,Common,$.003,$0.10,$.009,$0.30,,,
Cavern Harpy,Planeshift,6,Near Mint,Common,$.003,$0.15,$.018,$0.90,,,
Cavern of Souls,Avacyn Restored,2,Near Mint,Rare,$33.500,$56.00,$67.000,$112.00,,,
Caves of Koilos,Magic 2015 Core Set,2,Near Mint,Rare,$.100,$1.75,$.200,$3.50,,,
Caves of Koilos,Magic Origins,9,Near Mint,Rare,$.100,$1.75,$.900,$15.75,,,
Celestial Archon,Theros,59,Near Mint,Rare,$.050,$0.30,$2.950,$17.70,,,
Celestial Colonnade,Worldwake,2,Near Mint,Rare,$22.000,$36.50,$44.000,$73.00,,,
Celestial Convergence,Prophecy,2,Near Mint,Rare,$.050,$0.65,$.100,$1.30,,,
Celestial Dawn,Mirage,1,Near Mint,Rare,$.050,$0.65,$.050,$0.65,,,
Celestial Dawn,Classic Sixth Edition,1,Near Mint,Rare,$.050,$0.90,$.050,$0.90,,,
Celestial Prism,Revised Edition,1,Near Mint,Uncommon,$.003,$0.15,$.003,$0.15,,,
Cemetery Reaper,Magic 2012,5,Near Mint,Rare,$.750,$3.00,$3.750,$15.00,,,
Cerebral Eruption,Scars of Mirrodin,12,Near Mint,Rare,$.050,$0.30,$.600,$3.60,,,
Ceremonial Guard,Mercadian Masques,4,Near Mint,Common,$.003,$0.10,$.012,$0.40,,,
Ceta Disciple,Apocalypse,4,Near Mint,Common,$.003,$0.15,$.012,$0.60,,,
Ceta Sanctuary,Apocalypse,7,Near Mint,Uncommon,$.003,$0.15,$.021,$1.05,,,
Chain Lightning,Legends,3,Near Mint,Common,$6.250,$12.50,$18.750,$37.50,,,
Chained to the Rocks,Theros,68,Near Mint,Rare,$.050,$0.30,$3.400,$20.40,,,
Chambered Nautilus,Mercadian Masques,1,Near Mint,Uncommon,$.003,$0.15,$.003,$0.15,,,
Chameleon Spirit,Mercadian Masques,2,Near Mint,Uncommon,$.003,$0.15,$.006,$0.30,,,
Champion of Lambholt,Avacyn Restored,23,Near Mint,Rare,$.500,$2.25,$11.500,$51.75,,,
Champion of Stray Souls,Born of the Gods,14,Near Mint,MythicRare,$.250,$0.99,$3.500,$13.86,,,
Champion of the Parish,Innistrad,2,Near Mint,Rare,$.750,$2.50,$1.500,$5.00,,,
Chancellor of the Annex,New Phyrexia,9,Near Mint,Rare,$.100,$1.00,$.900,$9.00,,,
Chancellor of the Dross,New Phyrexia,14,Near Mint,Rare,$.050,$0.45,$.700,$6.30,,,
Chancellor of the Forge,New Phyrexia,4,Near Mint,Rare,$.050,$0.55,$.200,$2.20,,,
Chancellor of the Spires,New Phyrexia,15,Near Mint,Rare,$.050,$0.45,$.750,$6.75,,,
Chancellor of the Tangle,New Phyrexia,10,Near Mint,Rare,$.050,$0.30,$.500,$3.00,,,
"Chandra, Fire of Kaladesh",Magic Origins,16,Near Mint,Rare,$1.000,$4.00,$16.000,$64.00,,,
"Chandra, Flamecaller",Oath of the Gatewatch,3,Near Mint,Rare,$6.250,$12.25,$18.750,$36.75,,,
"Chandra, Pyromaster",Magic 2015 Core Set,3,Near Mint,MythicRare,$.750,$3.00,$2.250,$9.00,,,
Chandra's Ignition,Magic Origins,33,Near Mint,MythicRare,$.250,$0.30,$8.250,$9.90,,,
Chandra's Phoenix,Magic 2014 Core Set,5,Near Mint,MythicRare,$.250,$0.55,$1.250,$2.75,,,
Channel,Revised Edition,9,Near Mint,Uncommon,$.003,$0.25,$.027,$2.25,,,
Chaos Imps,Return to Ravnica,62,Near Mint,Rare,$.050,$0.15,$3.100,$9.30,,,
Chaoslace,Revised Edition,3,Near Mint,Rare,$.050,$0.30,$.150,$0.90,,,
Chaotic Strike,Invasion,2,Near Mint,Uncommon,$.003,$0.15,$.006,$0.30,,,
Charging Paladin,Exodus,1,Near Mint,Common,$.003,$0.15,$.003,$0.15,,,
Charging Troll,Invasion,4,Near Mint,Uncommon,$.003,$0.15,$.012,$0.60,,,
Charm Peddler,Mercadian Masques,4,Near Mint,Common,$.003,$0.10,$.012,$0.40,,,
Charmbreaker Devils,Innistrad,37,Near Mint,Rare,$.050,$0.30,$1.850,$11.10,,,
Charmed Griffin,Mercadian Masques,1,Near Mint,Uncommon,$.003,$0.15,$.003,$0.15,,,
Chief Engineer,Magic 2015 Core Set,17,Near Mint,Rare,$.050,$0.55,$.850,$9.35,,,
Chieftain en-Dal,Nemesis,3,Near Mint,Uncommon,$.003,$0.15,$.009,$0.45,,,
Chill,Classic Sixth Edition,1,Near Mint,Uncommon,$.003,$0.50,$.003,$0.50,,,
Chilling Apparition,Prophecy,2,Near Mint,Uncommon,$.003,$0.15,$.006,$0.30,,,
Chimeric Idol,Prophecy,1,Near Mint,Uncommon,$.003,$0.25,$.003,$0.25,,,
Chimeric Mass,Scars of Mirrodin,10,Near Mint,Rare,$.050,$0.30,$.500,$3.00,,,
Cho-Arrim Legate,Mercadian Masques,1,Near Mint,Uncommon,$.003,$0.15,$.003,$0.15,,,
Cho-Manno's Blessing,Mercadian Masques,4,Near Mint,Common,$.003,$0.15,$.012,$0.60,,,
Choked Estuary,Shadows over Innistrad,4,Near Mint,Rare,$.500,$2.00,$2.000,$8.00,,,
Choking Sands,Mirage,1,Near Mint,Common,$.003,$0.40,$.003,$0.40,,,
Choking Vines,Weatherlight,1,Near Mint,Common,$.003,$0.15,$.003,$0.15,,,
Chord of Calling,Magic 2015 Core Set,4,Near Mint,Rare,$5.500,$10.75,$22.000,$43.00,,,
Chromanticore,Born of the Gods,12,Near Mint,MythicRare,$.250,$1.00,$3.000,$12.00,,,
Chromatic Lantern,Return to Ravnica,1,Near Mint,Rare,$4.000,$8.00,$4.000,$8.00,,,
Chromatic Sphere,Invasion,3,Near Mint,Uncommon,$.003,$0.85,$.009,$2.55,,,
Cinder Crawler,Exodus,3,Near Mint,Common,$.003,$0.10,$.009,$0.30,,,
Cinder Elemental,Mercadian Masques,2,Near Mint,Uncommon,$.003,$0.15,$.006,$0.30,,,
Cinder Giant,Weatherlight,1,Near Mint,Uncommon,$.003,$0.15,$.003,$0.15,,,
Cinder Glade,Battle for Zendikar,37,Near Mint,Rare,$.750,$3.00,$27.750,$111.00,,,
Cinder Marsh,Tempest,1,Near Mint,Uncommon,$.003,$0.15,$.003,$0.15,,,
Cinder Shade,Invasion,1,Near Mint,Uncommon,$.003,$0.15,$.003,$0.15,,,
Circle of Protection: Artifacts,Antiquities,1,Played,Uncommon,$.750,$3.83,$.750,$3.83,,,
Circle of Protection: Black,Ice Age,1,Near Mint,Common,$.003,$0.15,$.003,$0.15,,,
Circle of Protection: Black,Revised Edition,7,Near Mint,Common,$.003,$0.15,$.021,$1.05,,,
Circle of Protection: Blue,Revised Edition,10,Near Mint,Common,$.003,$0.15,$.030,$1.50,,,
Circle of Protection: Green,Tempest,1,Near Mint,Common,$.003,$0.15,$.003,$0.15,,,
Circle of Protection: Green,Ice Age,2,Near Mint,Common,$.003,$0.15,$.006,$0.30,,,
Circle of Protection: Green,Revised Edition,9,Near Mint,Common,$.003,$0.15,$.027,$1.35,,,
Circle of Protection: Red,Classic Sixth Edition,1,Near Mint,Common,$.003,$0.15,$.003,$0.15,,,
Circle of Protection: Red,Fourth Edition,2,Near Mint,Common,$.003,$0.15,$.006,$0.30,,,
Circle of Protection: Red,Revised Edition,5,Near Mint,Common,$.003,$0.15,$.015,$0.75,,,
Circle of Protection: White,Classic Sixth Edition,1,Near Mint,Common,$.003,$0.15,$.003,$0.15,,,
Circle of Protection: White,Ice Age,4,Near Mint,Common,$.003,$0.10,$.012,$0.40,,,
Circle of Protection: White,Revised Edition,9,Near Mint,Common,$.003,$0.10,$.027,$0.90,,,
Citadel of Pain,Prophecy,1,Near Mint,Uncommon,$.003,$0.25,$.003,$0.25,,,
Citadel Siege,Fate Reforged,44,Near Mint,Rare,$.050,$0.30,$2.200,$13.20,,,
Citanul Druid,Antiquities,1,Near Mint,Uncommon,$.003,$0.35,$.003,$0.35,,,
City in a Bottle,Arabian Nights,1,Near Mint,Rare,$48.250,$80.50,$48.250,$80.50,,,
City of Brass,Chronicles,1,Near Mint,Rare,$.750,$2.75,$.750,$2.75,,,
City of Brass,Classic Sixth Edition,1,Near Mint,Rare,$.750,$3.00,$.750,$3.00,,,
City of Shadows,The Dark,1,Played,Rare,$1.000,$3.83,$1.000,$3.83,,,
City of Shadows,The Dark,1,Good (Lightly Played),Rare,$1.000,$4.16,$1.000,$4.16,,,
City of Shadows,The Dark,1,Good (Lightly Played),Rare,$1.000,$4.16,$1.000,$4.16,,,
City of Shadows,The Dark,3,Near Mint,Rare,$1.250,$4.50,$3.750,$13.50,,,
City of Traitors,Exodus,1,Near Mint,Rare,$107.000,$178.25,$107.000,$178.25,,,
Clairvoyance,Ice Age,2,Near Mint,Common,$.003,$0.15,$.006,$0.30,,,
Clan Defiance,Gatecrash,42,Near Mint,Rare,$.050,$0.30,$2.100,$12.60,,,
Claws of Gix,Urza's Saga,1,Near Mint,Uncommon,$.003,$0.25,$.003,$0.25,,,
Clay Statue,Antiquities,1,Near Mint,Common,$.003,$0.15,$.003,$0.15,,,
Cleansing,The Dark,1,Near Mint,Rare,$.050,$0.90,$.050,$0.90,,,
Clear the Land,Mercadian Masques,1,Near Mint,Rare,$.050,$0.30,$.050,$0.30,,,
Clever Impersonator,Khans of Tarkir,20,Near Mint,MythicRare,$.750,$3.25,$15.000,$65.00,,,
Clifftop Retreat,Innistrad,2,Near Mint,Rare,$1.250,$4.75,$2.500,$9.50,,,
Cloak of Confusion,Ice Age,1,Near Mint,Common,$.003,$0.10,$.003,$0.10,,,
Cloak of Invisibility,Mirage,2,Near Mint,Common,$.003,$0.10,$.006,$0.20,,,
Cloak of Mists,Urza's Saga,1,Near Mint,Common,$.003,$0.15,$.003,$0.15,,,
Clockwork Beast,Revised Edition,1,Near Mint,Rare,$.050,$0.30,$.050,$0.30,,,
Clockwork Beast,Revised Edition,4,Good (Lightly Played),Rare,$.050,$0.30,$.200,$1.20,,,
Clockwork Gnomes,Homelands,1,Near Mint,Common,$.003,$0.15,$.003,$0.15,,,
Clone,Magic 2014 Core Set,2,Good (Lightly Played),Uncommon,$.003,$0.45,$.006,$0.90,,,
Clone,Revised Edition,4,Near Mint,Rare,$.050,$0.25,$.200,$1.00,,,
Clone,Magic 2013,16,Near Mint,Rare,$.050,$0.30,$.800,$4.80,,,
Clone Legion,Dragons of Tarkir,16,Near Mint,MythicRare,$.250,$1.00,$4.000,$16.00,,,
Close Quarters,Mercadian Masques,1,Near Mint,Uncommon,$.003,$0.15,$.003,$0.15,,,
Cloud Cover,Planeshift,1,Near Mint,Rare,$.050,$0.90,$.050,$0.90,,,
Cloud Elemental,Visions,1,Near Mint,Common,$.003,$0.15,$.003,$0.15,,,
Cloud Spirit,Stronghold,2,Near Mint,Common,$.003,$0.10,$.006,$0.20,,,
Cloud Sprite,Mercadian Masques,4,Near Mint,Common,$.003,$0.15,$.012,$0.60,,,
Cloudskate,Nemesis,6,Near Mint,Common,$.003,$0.10,$.018,$0.60,,,
Coal Golem,The Dark,3,Near Mint,Uncommon,$.003,$0.15,$.009,$0.45,,,
Coalition Flag,Apocalypse,7,Near Mint,Uncommon,$.003,$0.15,$.021,$1.05,,,
Coalition Honor Guard,Apocalypse,4,Near Mint,Common,$.003,$0.10,$.012,$0.40,,,
Coalition Victory,Invasion,1,Near Mint,Rare,$.050,$0.45,$.050,$0.45,,,
Coastal Drake,Apocalypse,5,Near Mint,Common,$.003,$0.10,$.015,$0.50,,,
Coastal Hornclaw,Prophecy,5,Near Mint,Common,$.003,$0.10,$.015,$0.50,,,
Coastal Piracy,Mercadian Masques,1,Near Mint,Uncommon,$.003,$0.50,$.003,$0.50,,,
Cocoon,Legends,1,Near Mint,Uncommon,$.003,$0.25,$.003,$0.25,,,
Coercion,Classic Sixth Edition,1,Near Mint,Common,$.003,$0.10,$.003,$0.10,,,
Coercion,Visions,2,Near Mint,Common,$.003,$0.15,$.006,$0.30,,,
Coffin Puppets,Prophecy,1,Near Mint,Rare,$.050,$0.30,$.050,$0.30,,,
Coiling Woodworm,Nemesis,4,Near Mint,Uncommon,$.003,$0.15,$.012,$0.60,,,
Coils of the Medusa,Weatherlight,2,Near Mint,Common,$.003,$0.10,$.006,$0.20,,,
Collapsing Borders,Invasion,1,Near Mint,Rare,$.050,$0.30,$.050,$0.30,,,
Collected Company,Dragons of Tarkir,3,Near Mint,Rare,$8.000,$15.75,$24.000,$47.25,,,
Collective Blessing,Return to Ravnica,53,Near Mint,Rare,$.050,$0.30,$2.650,$15.90,,,
Collective Restraint,Invasion,2,Near Mint,Rare,$1.000,$4.25,$2.000,$8.50,,,
Collective Unconscious,Mercadian Masques,1,Near Mint,Rare,$.050,$0.65,$.050,$0.65,,,
Colossal Whale,Magic 2014 Core Set,14,Near Mint,Rare,$.050,$0.30,$.700,$4.20,,,
Colossus of Akros,Theros,19,Near Mint,Rare,$.100,$1.25,$1.900,$23.75,,,
Combat Medic,Fallen Empires,2,Near Mint,Common,$.003,$0.15,$.006,$0.30,,,
Combat Medic,Fallen Empires,4,Near Mint,Common,$.003,$0.15,$.012,$0.60,,,
Combat Medic,Fallen Empires,4,Near Mint,Common,$.003,$0.15,$.012,$0.60,,,
Combat Medic,Fallen Empires,5,Near Mint,Common,$.003,$0.10,$.015,$0.50,,,
Commune with Lava,Dragons of Tarkir,26,Near Mint,Rare,$.050,$0.30,$1.300,$7.80,,,
Complex Automaton,Nemesis,1,Near Mint,Rare,$.050,$0.30,$.050,$0.30,,,
Conch Horn,Fallen Empires,3,Near Mint,Rare,$.050,$0.30,$.150,$0.90,,,
Concordant Crossroads,Legends,2,Near Mint,Rare,$13.000,$21.50,$26.000,$43.00,,,
Conduit of Ruin,Battle for Zendikar,19,Near Mint,Rare,$.100,$1.00,$1.900,$19.00,,,
Cone of Flame,Weatherlight,1,Near Mint,Uncommon,$.003,$0.15,$.003,$0.15,,,
Confirm Suspicions,Shadows over Innistrad,13,Near Mint,Rare,$.050,$0.30,$.650,$3.90,,,
Confound,Planeshift,10,Near Mint,Common,$.003,$0.15,$.030,$1.50,,,
Congregate,Urza's Saga,2,Near Mint,Common,$.003,$0.15,$.006,$0.30,,,
Conjured Currency,Return to Ravnica,58,Near Mint,Rare,$.050,$0.15,$2.900,$8.70,,,
Conjurer's Closet,Avacyn Restored,5,Near Mint,Rare,$.050,$0.75,$.250,$3.75,,,
Consecrated Sphinx,Mirrodin Besieged,3,Near Mint,MythicRare,$12.500,$21.00,$37.500,$63.00,,,
Conservator,Revised Edition,1,Played,Uncommon,$.003,$0.15,$.003,$0.15,,,
Conservator,Fourth Edition,1,Near Mint,Uncommon,$.003,$0.15,$.003,$0.15,,,
Conservator,Unlimited Edition,1,Near Mint,Uncommon,$.003,$0.35,$.003,$0.35,,,
Consume Strength,Apocalypse,5,Near Mint,Common,$.003,$0.10,$.015,$0.50,,,
Consuming Aberration,Gatecrash,2,Near Mint,Rare,$.750,$3.00,$1.500,$6.00,,,
Contagion Engine,Scars of Mirrodin,3,Near Mint,Rare,$1.000,$4.00,$3.000,$12.00,,,
Contemplation,Stronghold,1,Near Mint,Uncommon,$.003,$0.15,$.003,$0.15,,,
Contempt,Stronghold,1,Near Mint,Common,$.003,$0.10,$.003,$0.10,,,
Contested War Zone,Mirrodin Besieged,8,Near Mint,Rare,$.050,$0.45,$.400,$3.60,,,
Contract from Below,Revised Edition,1,Near Mint,Rare,$.050,$0.30,$.050,$0.30,,,
Control Magic,Revised Edition,1,Near Mint,Uncommon,$.003,$0.50,$.003,$0.50,,,
Conversion,Revised Edition,7,Near Mint,Uncommon,$.003,$0.15,$.021,$1.05,,,
Conviction,Stronghold,1,Near Mint,Common,$.003,$0.15,$.003,$0.15,,,
Copper-Leaf Angel,Prophecy,1,Near Mint,Rare,$.050,$0.65,$.050,$0.65,,,
Copy Artifact,Unlimited Edition,1,Good (Lightly Played),Rare,$17.000,$28.44,$17.000,$28.44,,,
Copy Artifact,Revised Edition,7,Near Mint,Rare,$3.500,$6.75,$24.500,$47.25,,,
Coral Fighters,Mirage,1,Near Mint,Uncommon,$.003,$0.15,$.003,$0.15,,,
Coral Merfolk,Urza's Saga,1,Near Mint,Common,$.003,$0.10,$.003,$0.10,,,
Corpsejack Menace,Return to Ravnica,27,Near Mint,Rare,$.050,$0.65,$1.350,$17.55,,,
Corpseweft,Dragons of Tarkir,29,Near Mint,Rare,$.050,$0.30,$1.450,$8.70,,,
Corrosion,Visions,1,Near Mint,Rare,$.050,$0.30,$.050,$0.30,,,
Corrupt,Urza's Saga,1,Near Mint,Common,$.003,$0.15,$.003,$0.15,,,
Corrupt Official,Mercadian Masques,1,Near Mint,Rare,$.050,$0.30,$.050,$0.30,,,
Corrupted Crossroads,Oath of the Gatewatch,31,Near Mint,Rare,$.050,$0.55,$1.550,$17.05,,,
Corrupted Grafstone,Shadows over Innistrad,17,Near Mint,Rare,$.050,$0.30,$.850,$5.10,,,
Council of the Absolute,Dragon's Maze,16,Near Mint,MythicRare,$.250,$0.99,$4.000,$15.84,,,
Counterflux,Return to Ravnica,30,Near Mint,Rare,$.050,$0.65,$1.500,$19.50,,,
Counterlash,Dark Ascension,36,Near Mint,Rare,$.050,$0.30,$1.800,$10.80,,,
Counterspell,Classic Sixth Edition,1,Good (Lightly Played),Uncommon,$.003,$0.75,$.003,$0.75,,,
Counterspell,Revised Edition,2,Near Mint,Common,$.100,$1.25,$.200,$2.50,,,
Counterspell,Ice Age,1,Near Mint,Uncommon,$.250,$1.25,$.250,$1.25,,,
Counterspell,Mercadian Masques,4,Near Mint,Common,$.100,$1.25,$.400,$5.00,,,
Counterspell,Unlimited Edition,1,Near Mint,Common,$6.500,$13.18,$6.500,$13.18,,,
Courser of Kruphix,Born of the Gods,19,Near Mint,Rare,$1.000,$3.50,$19.000,$66.50,,,
Crackling Doom,Khans of Tarkir,55,Near Mint,Rare,$.050,$0.65,$2.750,$35.75,,,
Cradle Guard,Urza's Saga,1,Near Mint,Uncommon,$.003,$0.15,$.003,$0.15,,,
Crash,Mercadian Masques,4,Near Mint,Common,$.003,$0.10,$.012,$0.40,,,
Crashing Boars,Exodus,1,Near Mint,Uncommon,$.003,$0.15,$.003,$0.15,,,
Crater Elemental,Dragons of Tarkir,27,Near Mint,Rare,$.050,$0.30,$1.350,$8.10,,,
Crater's Claws,Khans of Tarkir,39,Near Mint,Rare,$.050,$0.30,$1.950,$11.70,,,
Craven Giant,Stronghold,1,Near Mint,Common,$.003,$0.10,$.003,$0.10,,,
Craw Wurm,Revised Edition,10,Near Mint,Common,$.003,$0.10,$.030,$1.00,,,
Creature Bond,Fourth Edition,1,Near Mint,Common,$.003,$0.10,$.003,$0.10,,,
Creature Bond,Revised Edition,6,Near Mint,Common,$.003,$0.15,$.018,$0.90,,,
Credit Voucher,Mercadian Masques,1,Near Mint,Uncommon,$.003,$0.15,$.003,$0.15,,,
Creeping Corrosion,Mirrodin Besieged,8,Near Mint,Rare,$.500,$2.00,$4.000,$16.00,,,
Creeping Mold,Visions,1,Near Mint,Uncommon,$.003,$0.15,$.003,$0.15,,,
Creeping Renaissance,Innistrad,31,Near Mint,Rare,$.050,$0.30,$1.550,$9.30,,,
Creepy Doll,Innistrad,21,Near Mint,Rare,$.050,$0.30,$1.050,$6.30,,,
Cremate,Invasion,1,Near Mint,Uncommon,$.003,$0.15,$.003,$0.15,,,
Crenellated Wall,Mercadian Masques,2,Near Mint,Uncommon,$.003,$0.15,$.006,$0.30,,,
Crevasse,Legends,1,Near Mint,Uncommon,$.003,$0.25,$.003,$0.25,,,
Crimson Acolyte,Invasion,4,Near Mint,Common,$.003,$0.15,$.012,$0.60,,,
Crooked Scales,Mercadian Masques,1,Near Mint,Rare,$.050,$0.30,$.050,$0.30,,,
Crop Rotation,Urza's Legacy,2,Near Mint,Common,$.250,$2.00,$.500,$4.00,,,
"Crosis, the Purger",Invasion,2,Near Mint,Uncommon,$.500,$3.00,$1.000,$6.00,,,
Crosis's Attendant,Invasion,1,Near Mint,Uncommon,$.003,$0.15,$.003,$0.15,,,
Crosis's Catacombs,Planeshift,4,Near Mint,Uncommon,$.003,$0.75,$.012,$3.00,,,
Crosis's Charm,Planeshift,4,Near Mint,Rare,$.050,$0.25,$.200,$1.00,,,
Crossbow Ambush,Stronghold,2,Near Mint,Common,$.003,$0.10,$.006,$0.20,,,
Crossbow Infantry,Mercadian Masques,4,Near Mint,Common,$.003,$0.10,$.012,$0.40,,,
Crovax the Cursed,Stronghold,1,Near Mint,Rare,$.050,$0.45,$.050,$0.45,,,
Crown of Flames,Invasion,3,Near Mint,Common,$.003,$0.10,$.009,$0.30,,,
Crucible of Fire,Magic 2015 Core Set,11,Near Mint,Rare,$.050,$0.90,$.550,$9.90,,,
Crucible of the Spirit Dragon,Fate Reforged,33,Near Mint,Rare,$.050,$0.30,$1.650,$9.90,,,
Crucible of Worlds,Fifth Dawn,1,Near Mint,Rare,$43.500,$72.45,$43.500,$72.45,,,
Cruel Sadist,Magic 2015 Core Set,10,Near Mint,Rare,$.050,$0.15,$.500,$1.50,,,
Crumble,Antiquities,4,Near Mint,Common,$.003,$0.15,$.012,$0.60,,,
Crush of Tentacles,Oath of the Gatewatch,5,Near Mint,MythicRare,$3.000,$6.00,$15.000,$30.00,,,
Crux of Fate,Fate Reforged,39,Near Mint,Rare,$.050,$0.75,$1.950,$29.25,,,
Crypt Ghast,Gatecrash,8,Near Mint,Rare,$.750,$2.50,$6.000,$20.00,,,
Cryptborn Horror,Return to Ravnica,56,Near Mint,Rare,$.050,$0.30,$2.800,$16.80,,,
Cryptic Command,Lorwyn,1,Near Mint,Rare,$16.250,$27.25,$16.250,$27.25,,,
Cryptolith Rite,Shadows over Innistrad,36,Near Mint,Rare,$.750,$2.50,$27.000,$90.00,,,
Crystal Chimes,Urza's Saga,2,Near Mint,Uncommon,$.003,$0.25,$.006,$0.50,,,
Crystal Rod,Revised Edition,2,Near Mint,Uncommon,$.003,$0.15,$.006,$0.30,,,
Crystal Vein,Mirage,1,Near Mint,Uncommon,$.003,$0.50,$.003,$0.50,,,
Culling the Weak,Exodus,2,Near Mint,Common,$.003,$0.40,$.006,$0.80,,,
Cunning,Exodus,2,Near Mint,Common,$.003,$0.10,$.006,$0.20,,,
Curiosity,Exodus,1,Near Mint,Uncommon,$.003,$0.50,$.003,$0.50,,,
Curse Artifact,The Dark,4,Near Mint,Uncommon,$.003,$0.15,$.012,$0.60,,,
Curse of Bloodletting,Dark Ascension,10,Near Mint,Rare,$.050,$0.55,$.500,$5.50,,,
Curse of Death's Hold,Innistrad,45,Near Mint,Rare,$.050,$0.45,$2.250,$20.25,,,
Curse of Echoes,Dark Ascension,21,Near Mint,Rare,$.050,$0.30,$1.050,$6.30,,,
Curse of Marit Lage,Ice Age,1,Near Mint,Rare,$.050,$0.30,$.050,$0.30,,,
Curse of Misfortunes,Dark Ascension,33,Near Mint,Rare,$.050,$0.30,$1.650,$9.90,,,
Curse of Stalked Prey,Innistrad,33,Near Mint,Rare,$.050,$0.30,$1.650,$9.90,,,
Curse of the Swine,Theros,34,Near Mint,Rare,$.050,$0.30,$1.700,$10.20,,,
Cursecatcher,Shadowmoor,3,Near Mint,Uncommon,$5.750,$11.50,$17.250,$34.50,,,
Cursed Flesh,Exodus,1,Near Mint,Common,$.003,$0.15,$.003,$0.15,,,
Cursed Flesh,Invasion,4,Near Mint,Common,$.003,$0.10,$.012,$0.40,,,
Cursed Land,Revised Edition,3,Near Mint,Uncommon,$.003,$0.15,$.009,$0.45,,,
Cursed Rack,Antiquities,1,Played,Uncommon,$.003,$0.50,$.003,$0.50,,,
Customs Depot,Mercadian Masques,1,Near Mint,Uncommon,$.003,$0.15,$.003,$0.15,,,
Cyclonic Rift,Return to Ravnica,4,Near Mint,Rare,$3.000,$6.00,$12.000,$24.00,,,
Cyclopean Mummy,Legends,1,Near Mint,Common,$.003,$0.15,$.003,$0.15,,,
Cyclopean Mummy,Legends,2,Good (Lightly Played),Common,$.003,$0.15,$.006,$0.30,,,
D'Avenant Archer,Classic Sixth Edition,1,Near Mint,Common,$.003,$0.10,$.003,$0.10,,,
D'Avenant Archer,Legends,6,Near Mint,Common,$.003,$0.15,$.018,$0.90,,,
Daghatar the Adamant,Fate Reforged,32,Near Mint,Rare,$.050,$0.30,$1.600,$9.60,,,
Damnable Pact,Dragons of Tarkir,26,Near Mint,Rare,$.050,$0.30,$1.300,$7.80,,,
Damnation,Planar Chaos,1,Near Mint,Rare,$39.250,$65.25,$39.250,$65.25,,,
Dance of Many,The Dark,1,Good (Lightly Played),Rare,$.050,$0.90,$.050,$0.90,,,
Dance of the Dead,Ice Age,1,Near Mint,Uncommon,$.250,$1.50,$.250,$1.50,,,
Dancing Scimitar,Revised Edition,3,Near Mint,Rare,$.050,$0.30,$.150,$0.90,,,
"Darigaaz, the Igniter",Invasion,2,Near Mint,Uncommon,$.100,$1.00,$.200,$2.00,,,
Darigaaz's Attendant,Invasion,1,Near Mint,Uncommon,$.003,$0.15,$.003,$0.15,,,
Darigaaz's Charm,Planeshift,3,Near Mint,Rare,$.050,$0.15,$.150,$0.45,,,
Daring Leap,Planeshift,9,Near Mint,Common,$.003,$0.10,$.027,$0.90,,,
Daring Thief,Journey into Nyx,9,Near Mint,Rare,$.050,$0.30,$.450,$2.70,,,
Dark Banishing,Mirage,1,Near Mint,Common,$.003,$0.10,$.003,$0.10,,,
Dark Heart of the Wood,The Dark,6,Near Mint,Common,$.003,$0.15,$.018,$0.90,,,
Dark Impostor,Avacyn Restored,19,Near Mint,Rare,$.050,$0.90,$.950,$17.10,,,
Dark Petition,Magic Origins,9,Near Mint,Rare,$.750,$2.75,$6.750,$24.75,,,
Dark Privilege,Visions,3,Near Mint,Common,$.003,$0.15,$.009,$0.45,,,
Dark Prophecy,Magic 2014 Core Set,24,Near Mint,Rare,$.050,$0.30,$1.200,$7.20,,,
Dark Ritual,Revised Edition,1,Good (Lightly Played),Common,$.003,$0.40,$.003,$0.40,,,
Dark Ritual,Ice Age,1,Near Mint,Common,$.003,$0.40,$.003,$0.40,,,
Dark Ritual,Mirage,1,Near Mint,Common,$.003,$0.40,$.003,$0.40,,,
Dark Ritual,Urza's Saga,1,Near Mint,Common,$.003,$0.40,$.003,$0.40,,,
Dark Ritual,Mercadian Masques,3,Near Mint,Common,$.003,$0.40,$.009,$1.20,,,
Dark Ritual,Revised Edition,8,Near Mint,Common,$.003,$0.40,$.024,$3.20,,,
Dark Sphere,The Dark,1,Good (Lightly Played),Uncommon,$.003,$0.90,$.003,$0.90,,,
Dark Sphere,The Dark,4,Near Mint,Uncommon,$.003,$0.90,$.012,$3.60,,,
Dark Triumph,Nemesis,5,Near Mint,Uncommon,$.003,$0.15,$.015,$0.75,,,
Darkness,Legends,1,Played,Common,$3.000,$5.95,$3.000,$5.95,,,
Darkpact,Revised Edition,1,Near Mint,Rare,$.050,$0.30,$.050,$0.30,,,
Darkslick Shores,Scars of Mirrodin,2,Near Mint,Rare,$4.500,$8.75,$9.000,$17.50,,,
Darksteel Forge,Magic 2014 Core Set,1,Near Mint,MythicRare,$2.750,$5.50,$2.750,$5.50,,,
Darksteel Plate,Mirrodin Besieged,1,Near Mint,Rare,$3.750,$7.50,$3.750,$7.50,,,
Darting Merfolk,Mercadian Masques,4,Near Mint,Common,$.003,$0.10,$.012,$0.40,,,
Dauthi Cutthroat,Exodus,1,Near Mint,Uncommon,$.003,$0.25,$.003,$0.25,,,
Dauthi Jackal,Exodus,2,Near Mint,Common,$.003,$0.15,$.006,$0.30,,,
Dauthi Slayer,Tempest,2,Near Mint,Common,$.003,$0.15,$.006,$0.30,,,
Dawnbringer Charioteers,Journey into Nyx,5,Near Mint,Rare,$.050,$0.30,$.250,$1.50,,,
Daxos of Meletis,Theros,50,Near Mint,Rare,$.050,$0.30,$2.500,$15.00,,,
Day of Judgment,Magic 2012,4,Near Mint,Rare,$.750,$2.50,$3.000,$10.00,,,
Day's Undoing,Magic Origins,11,Near Mint,MythicRare,$2.500,$4.75,$27.500,$52.25,,,
Daybreak Ranger,Innistrad,39,Near Mint,Rare,$.050,$0.55,$1.950,$21.45,,,
Daze,Nemesis,10,Near Mint,Common,$.250,$2.50,$2.500,$25.00,,,
Dazzling Beauty,Mirage,1,Near Mint,Common,$.003,$0.10,$.003,$0.10,,,
Dead Ringers,Apocalypse,4,Near Mint,Common,$.003,$0.15,$.012,$0.60,,,
Deadapult,Planeshift,1,Near Mint,Rare,$.050,$0.30,$.050,$0.30,,,
Deadbridge Chant,Dragon's Maze,12,Near Mint,MythicRare,$.500,$2.25,$6.000,$27.00,,,
Deadbridge Goliath,Return to Ravnica,37,Near Mint,Rare,$.050,$0.30,$1.850,$11.10,,,
Deadeye Navigator,Avacyn Restored,20,Near Mint,Rare,$.500,$2.00,$10.000,$40.00,,,
Deadfall,Legends,1,Good (Lightly Played),Uncommon,$.003,$0.50,$.003,$0.50,,,
Deadly Insect,Alliances,1,Near Mint,Common,$.003,$0.15,$.003,$0.15,,,
Deadly Insect,Alliances,1,Near Mint,Common,$.003,$0.15,$.003,$0.15,,,
Deadly Insect,Mercadian Masques,4,Near Mint,Common,$.003,$0.10,$.012,$0.40,,,
Dearly Departed,Innistrad,36,Near Mint,Rare,$.050,$0.30,$1.800,$10.80,,,
Death Bomb,Planeshift,5,Near Mint,Common,$.003,$0.10,$.015,$0.50,,,
Death Charmer,Prophecy,4,Near Mint,Common,$.003,$0.10,$.012,$0.40,,,
Death Mutation,Apocalypse,7,Near Mint,Uncommon,$.003,$0.15,$.021,$1.05,,,
Death or Glory,Invasion,1,Near Mint,Rare,$.050,$0.30,$.050,$0.30,,,
Death Pit Offering,Nemesis,2,Near Mint,Rare,$.050,$0.30,$.100,$0.60,,,
Death Ward,Revised Edition,14,Near Mint,Common,$.003,$0.10,$.042,$1.40,,,
Death Watch,Visions,1,Near Mint,Common,$.003,$0.15,$.003,$0.15,,,
Death's Duet,Exodus,5,Near Mint,Common,$.003,$0.15,$.015,$0.75,,,
Death's Presence,Return to Ravnica,44,Near Mint,Rare,$.050,$0.30,$2.200,$13.20,,,
Deathbringer Regent,Dragons of Tarkir,22,Near Mint,Rare,$.050,$0.30,$1.100,$6.60,,,
Deathcap Cultivator,Shadows over Innistrad,26,Near Mint,Rare,$.050,$0.75,$1.300,$19.50,,,
Deathgazer,Mercadian Masques,1,Near Mint,Uncommon,$.003,$0.15,$.003,$0.15,,,
Deathlace,Revised Edition,1,Near Mint,Rare,$.050,$0.30,$.050,$0.30,,,
Deathmist Raptor,Dragons of Tarkir,9,Near Mint,MythicRare,$.750,$2.75,$6.750,$24.75,,,
Deathpact Angel,Gatecrash,32,Near Mint,MythicRare,$.250,$0.99,$8.000,$31.68,,,
Deathrite Shaman,Return to Ravnica,19,Near Mint,Rare,$2.750,$5.25,$52.250,$99.75,,,
Deceiver of Form,Oath of the Gatewatch,26,Near Mint,Rare,$.050,$0.30,$1.300,$7.80,,,
Decimator Web,Mirrodin Besieged,8,Near Mint,Rare,$.050,$0.30,$.400,$2.40,,,
Declaration in Stone,Shadows over Innistrad,5,Near Mint,Rare,$2.750,$5.50,$13.750,$27.50,,,
Deep Spawn,Fallen Empires,8,Near Mint,Uncommon,$.003,$0.15,$.024,$1.20,,,
Deep Water,The Dark,6,Near Mint,Common,$.003,$0.10,$.018,$0.60,,,
Deepfathom Skulker,Oath of the Gatewatch,38,Near Mint,Rare,$.050,$0.30,$1.900,$11.40,,,
Deepwood Drummer,Mercadian Masques,3,Near Mint,Common,$.003,$0.10,$.009,$0.30,,,
Deepwood Elder,Mercadian Masques,1,Near Mint,Rare,$.050,$0.30,$.050,$0.30,,,
Deepwood Ghoul,Mercadian Masques,4,Near Mint,Common,$.003,$0.10,$.012,$0.40,,,
Deepwood Legate,Mercadian Masques,1,Near Mint,Uncommon,$.003,$0.15,$.003,$0.15,,,
Deepwood Tantiv,Mercadian Masques,1,Near Mint,Uncommon,$.003,$0.15,$.003,$0.15,,,
Deepwood Wolverine,Mercadian Masques,4,Near Mint,Common,$.003,$0.15,$.012,$0.60,,,
Defender en-Vec,Nemesis,9,Near Mint,Common,$.003,$0.10,$.027,$0.90,,,
Defender of Chaos,Urza's Legacy,2,Near Mint,Common,$.003,$0.10,$.006,$0.20,,,
Defender of Law,Urza's Legacy,1,Near Mint,Common,$.003,$0.15,$.003,$0.15,,,
Defense of the Heart,Urza's Legacy,1,Near Mint,Rare,$5.250,$10.50,$5.250,$10.50,,,
Defensive Formation,Urza's Saga,1,Near Mint,Uncommon,$.003,$0.15,$.003,$0.15,,,
Defiant Bloodlord,Battle for Zendikar,46,Near Mint,Rare,$.050,$0.30,$2.300,$13.80,,,
Defiant Falcon,Nemesis,11,Near Mint,Common,$.003,$0.15,$.033,$1.65,,,
Defiant Vanguard,Nemesis,3,Near Mint,Uncommon,$.003,$0.15,$.009,$0.45,,,
Defiling Tears,Invasion,2,Near Mint,Uncommon,$.003,$0.15,$.006,$0.30,,,
Deflecting Palm,Khans of Tarkir,30,Near Mint,Rare,$.050,$0.65,$1.500,$19.50,,,
Dega Disciple,Apocalypse,4,Near Mint,Common,$.003,$0.15,$.012,$0.60,,,
Dega Sanctuary,Apocalypse,7,Near Mint,Uncommon,$.003,$0.15,$.021,$1.05,,,
Dehydration,Mercadian Masques,4,Near Mint,Common,$.003,$0.10,$.012,$0.40,,,
Deicide,Journey into Nyx,29,Near Mint,Rare,$.050,$0.30,$1.450,$8.70,,,
Delif's Cone,Fallen Empires,5,Near Mint,Common,$.003,$0.15,$.015,$0.75,,,
Delif's Cube,Fallen Empires,2,Near Mint,Rare,$.050,$0.30,$.100,$0.60,,,
Delirium,Mirage,1,Near Mint,Uncommon,$.003,$0.15,$.003,$0.15,,,
Delraich,Mercadian Masques,1,Near Mint,Rare,$.050,$0.75,$.050,$0.75,,,
Demonic Attorney,Revised Edition,1,Near Mint,Rare,$.050,$0.30,$.050,$0.30,,,
Demonic Hordes,Revised Edition,1,Near Mint,Rare,$.050,$0.90,$.050,$0.90,,,
Demonic Pact,Magic Origins,10,Near Mint,MythicRare,$2.250,$4.50,$22.500,$45.00,,,
Demonic Rising,Avacyn Restored,37,Near Mint,Rare,$.050,$0.30,$1.850,$11.10,,,
Demonic Tutor,Revised Edition,2,Near Mint,Uncommon,$8.250,$16.50,$16.500,$33.00,,,
Demonlord of Ashmouth,Avacyn Restored,43,Near Mint,Rare,$.050,$0.45,$2.150,$19.35,,,
Den Protector,Dragons of Tarkir,18,Near Mint,Rare,$.500,$2.25,$9.000,$40.50,,,
Deranged Hermit,Urza's Legacy,2,Near Mint,Rare,$4.500,$9.00,$9.000,$18.00,,,
Deranged Outcast,Dark Ascension,40,Near Mint,Rare,$.050,$0.30,$2.000,$12.00,,,
Derelor,Fallen Empires,2,Near Mint,Rare,$.050,$0.30,$.100,$0.60,,,
Descend upon the Sinful,Shadows over Innistrad,3,Near Mint,MythicRare,$.250,$1.50,$.750,$4.50,,,
Descendants' Path,Avacyn Restored,3,Near Mint,Rare,$.750,$3.25,$2.250,$9.75,,,
Descent into Madness,Avacyn Restored,28,Near Mint,MythicRare,$.250,$0.99,$7.000,$27.72,,,
Descent of the Dragons,Dragons of Tarkir,6,Near Mint,MythicRare,$.500,$2.25,$3.000,$13.50,,,
Desecration Demon,Return to Ravnica,17,Near Mint,Rare,$.100,$1.50,$1.700,$25.50,,,
Desert,Arabian Nights,1,Played,Common,$.003,$0.65,$.003,$0.65,,,
Desert,Arabian Nights,6,Poor,Common,$.003,$0.85,$.018,$5.10,,,
Desert Twister,Revised Edition,1,Good (Lightly Played),Uncommon,$.003,$0.15,$.003,$0.15,,,
Desert Twister,Revised Edition,1,Near Mint,Uncommon,$.003,$0.15,$.003,$0.15,,,
Desert Twister,Mercadian Masques,2,Near Mint,Uncommon,$.003,$0.15,$.006,$0.30,,,
Desert Twister,Arabian Nights,1,Good (Lightly Played),Uncommon,$6.250,$12.72,$6.250,$12.72,,,
Desertion,Visions,2,Near Mint,Rare,$2.750,$5.50,$5.500,$11.00,,,
Desolate Lighthouse,Avacyn Restored,31,Near Mint,Rare,$.100,$1.25,$3.100,$38.75,,,
Desolation Twin,Battle for Zendikar,35,Near Mint,Rare,$.050,$0.45,$1.750,$15.75,,,
Despoil,Prophecy,3,Near Mint,Common,$.003,$0.15,$.009,$0.45,,,
Despoiler of Souls,Magic Origins,24,Near Mint,Rare,$.050,$0.45,$1.200,$10.80,,,
Despondency,Urza's Saga,1,Near Mint,Common,$.003,$0.10,$.003,$0.10,,,
Detention Sphere,Return to Ravnica,24,Near Mint,Rare,$.100,$1.50,$2.400,$36.00,,,
Devastate,Prophecy,4,Near Mint,Common,$.003,$0.10,$.012,$0.40,,,
Devastation,Portal,1,Good (Lightly Played),Rare,$7.500,$14.80,$7.500,$14.80,,,
Devastation Tide,Avacyn Restored,21,Near Mint,Rare,$.050,$0.55,$1.050,$11.55,,,
Devil's Play,Innistrad,26,Near Mint,Rare,$.050,$0.30,$1.300,$7.80,,,
Devils' Playground,Shadows over Innistrad,12,Near Mint,Rare,$.050,$0.30,$.600,$3.60,,,
Devouring Deep,Legends,2,Near Mint,Common,$.003,$0.15,$.006,$0.30,,,
Devouring Strossus,Invasion,1,Near Mint,Rare,$.050,$0.45,$.050,$0.45,,,
Devout Harpist,Urza's Legacy,3,Near Mint,Common,$.003,$0.10,$.009,$0.30,,,
Devout Invocation,Magic 2014 Core Set,10,Near Mint,MythicRare,$.250,$1.50,$2.500,$15.00,,,
Devout Witness,Mercadian Masques,4,Near Mint,Common,$.003,$0.10,$.012,$0.40,,,
Diabolic Intent,Planeshift,1,Near Mint,Rare,$8.250,$16.25,$8.250,$16.25,,,
Diabolic Machine,The Dark,4,Near Mint,Uncommon,$.003,$0.15,$.012,$0.60,,,
Diabolic Revelation,Magic 2013,3,Near Mint,Rare,$.100,$1.25,$.300,$3.75,,,
Diabolic Servitude,Urza's Saga,1,Near Mint,Uncommon,$.003,$0.15,$.003,$0.15,,,
Diabolic Vision,Ice Age,1,Near Mint,Uncommon,$.003,$0.25,$.003,$0.25,,,
Dictate of Erebos,Journey into Nyx,3,Near Mint,Rare,$.750,$3.00,$2.250,$9.00,,,
Dictate of Heliod,Journey into Nyx,13,Near Mint,Rare,$.050,$0.30,$.650,$3.90,,,
Dictate of Karametra,Journey into Nyx,7,Near Mint,Rare,$.050,$0.30,$.350,$2.10,,,
Dictate of Kruphix,Journey into Nyx,10,Near Mint,Rare,$.100,$1.00,$1.000,$10.00,,,
Dictate of the Twin Gods,Journey into Nyx,12,Near Mint,Rare,$.050,$0.30,$.600,$3.60,,,
Didgeridoo,Homelands,1,Near Mint,Rare,$.100,$1.75,$.100,$1.75,,,
Dig Through Time,Khans of Tarkir,35,Near Mint,Rare,$.100,$1.25,$3.500,$43.75,,,
Diluvian Primordial,Gatecrash,58,Near Mint,Rare,$.050,$0.30,$2.900,$17.40,,,
Dimensional Infiltrator,Oath of the Gatewatch,46,Near Mint,Rare,$.050,$0.45,$2.300,$20.70,,,
Dingus Egg,Revised Edition,1,Good (Lightly Played),Rare,$.050,$0.30,$.050,$0.30,,,
Dingus Egg,Revised Edition,2,Near Mint,Rare,$.050,$0.30,$.100,$0.60,,,
Diplomatic Escort,Mercadian Masques,2,Near Mint,Uncommon,$.003,$0.15,$.006,$0.30,,,
Diplomatic Immunity,Mercadian Masques,3,Near Mint,Common,$.003,$0.25,$.009,$0.75,,,
Diregraf Colossus,Shadows over Innistrad,7,Near Mint,Rare,$.500,$2.25,$3.500,$15.75,,,
Dirtcowl Wurm,Tempest,4,Near Mint,Rare,$.050,$0.75,$.200,$3.00,,,
Disciple of Bolas,Magic 2013,26,Near Mint,Rare,$.050,$0.55,$1.300,$14.30,,,
Disciple of Kangee,Planeshift,6,Near Mint,Common,$.003,$0.10,$.018,$0.60,,,
Disciple of Law,Urza's Saga,2,Near Mint,Common,$.003,$0.15,$.006,$0.30,,,
Disciple of the Ring,Magic Origins,23,Near Mint,MythicRare,$.250,$0.75,$5.750,$17.25,,,
Disempower,Mirage,2,Near Mint,Common,$.003,$0.10,$.006,$0.20,,,
Disenchant,Fourth Edition,1,Near Mint,Common,$.003,$0.15,$.003,$0.15,,,
Disenchant,Mirage,1,Near Mint,Common,$.003,$0.15,$.003,$0.15,,,
Disenchant,Tempest,1,Near Mint,Common,$.003,$0.15,$.003,$0.15,,,
Disenchant,Urza's Saga,1,Near Mint,Common,$.003,$0.15,$.003,$0.15,,,
Disenchant,Ice Age,3,Near Mint,Common,$.003,$0.15,$.009,$0.45,,,
Disenchant,Mercadian Masques,4,Near Mint,Common,$.003,$0.15,$.012,$0.60,,,
Disenchant,Revised Edition,15,Near Mint,Common,$.003,$0.15,$.045,$2.25,,,
Disintegrate,Revised Edition,3,Good (Lightly Played),Common,$.003,$0.15,$.009,$0.45,,,
Disintegrate,Revised Edition,6,Near Mint,Common,$.003,$0.15,$.018,$0.90,,,
Dismantling Blow,Invasion,5,Near Mint,Common,$.003,$0.15,$.015,$0.75,,,
Dismiss into Dream,Magic 2014 Core Set,25,Near Mint,Rare,$.050,$0.30,$1.250,$7.50,,,
Displacement Wave,Magic Origins,16,Near Mint,Rare,$.050,$0.30,$.800,$4.80,,,
Disrupt,Weatherlight,1,Near Mint,Common,$.003,$0.15,$.003,$0.15,,,
Disrupt,Invasion,1,Near Mint,Uncommon,$.003,$0.25,$.003,$0.25,,,
Disrupting Scepter,Revised Edition,1,Near Mint,Rare,$.050,$0.30,$.050,$0.30,,,
Disrupting Scepter,Fourth Edition,1,Near Mint,Rare,$.050,$0.30,$.050,$0.30,,,
Disruptive Student,Urza's Saga,3,Near Mint,Common,$.003,$0.15,$.009,$0.45,,,
Distant Memories,Mirrodin Besieged,11,Near Mint,Rare,$.050,$0.30,$.550,$3.30,,,
Diversionary Tactics,Apocalypse,7,Near Mint,Uncommon,$.003,$0.15,$.021,$1.05,,,
Divine Deflection,Avacyn Restored,31,Near Mint,Rare,$.050,$0.30,$1.550,$9.30,,,
Divine Light,Apocalypse,4,Near Mint,Common,$.003,$0.15,$.012,$0.60,,,
Divine Offering,Mirage,1,Good (Lightly Played),Common,$.003,$0.15,$.003,$0.15,,,
Divine Offering,Legends,1,Played,Common,$.003,$0.25,$.003,$0.25,,,
Divine Offering,Legends,3,Near Mint,Common,$.003,$0.25,$.009,$0.75,,,
Divine Reckoning,Innistrad,36,Near Mint,Rare,$.050,$0.30,$1.800,$10.80,,,
Diving Griffin,Prophecy,7,Near Mint,Common,$.003,$0.10,$.021,$0.70,,,
Divining Witch,Nemesis,1,Near Mint,Rare,$.050,$0.55,$.050,$0.55,,,
Dizzying Gaze,Exodus,5,Near Mint,Common,$.003,$0.10,$.015,$0.50,,,
Djinn of Wishes,Magic 2012,9,Near Mint,Rare,$.050,$0.30,$.450,$2.70,,,
Do or Die,Invasion,2,Near Mint,Rare,$.100,$1.75,$.200,$3.50,,,
Dodecapod,Apocalypse,7,Near Mint,Uncommon,$.003,$0.15,$.021,$1.05,,,
Domestication,Magic 2014 Core Set,25,Near Mint,Rare,$.050,$0.30,$1.250,$7.50,,,
Dominaria's Judgment,Planeshift,1,Near Mint,Rare,$.050,$0.30,$.050,$0.30,,,
Dominate,Nemesis,7,Near Mint,Uncommon,$.003,$0.25,$.021,$1.75,,,
Donate,Urza's Destiny,1,Near Mint,Rare,$1.000,$3.75,$1.000,$3.75,,,
Doomwake Giant,Journey into Nyx,35,Near Mint,Rare,$.050,$0.30,$1.750,$10.50,,,
Door of Destinies,Magic 2014 Core Set,7,Near Mint,Rare,$1.250,$4.50,$8.750,$31.50,,,
Door to Nothingness,Magic 2013,6,Near Mint,Rare,$.100,$1.25,$.600,$7.50,,,
Downhill Charge,Nemesis,8,Near Mint,Common,$.003,$0.10,$.024,$0.80,,,
Draco,Planeshift,1,Near Mint,Rare,$.100,$1.75,$.100,$1.75,,,
Draconian Cylix,Fallen Empires,4,Near Mint,Rare,$.050,$0.30,$.200,$1.20,,,
Drafna's Restoration,Antiquities,1,Played,Common,$.003,$0.25,$.003,$0.25,,,
Dragon Arch,Apocalypse,7,Near Mint,Uncommon,$.250,$1.75,$1.750,$12.25,,,
Dragon Broodmother,Alara Reborn,1,Near Mint,MythicRare,$7.000,$14.00,$7.000,$14.00,,,
Dragon Engine,Revised Edition,2,Near Mint,Common,$.003,$0.30,$.006,$0.60,,,
Dragon Engine,Antiquities,3,Near Mint,Rare,$.050,$0.15,$.150,$0.45,,,
Dragon Tempest,Dragons of Tarkir,17,Near Mint,Rare,$.100,$1.00,$1.700,$17.00,,,
Dragon Throne of Tarkir,Khans of Tarkir,24,Near Mint,Rare,$.050,$0.30,$1.200,$7.20,,,
Dragon Whelp,Revised Edition,2,Near Mint,Uncommon,$.003,$0.15,$.006,$0.30,,,
Dragon Whelp,Revised Edition,5,Good (Lightly Played),Uncommon,$.003,$0.15,$.015,$0.75,,,
Dragon Whisperer,Dragons of Tarkir,17,Near Mint,MythicRare,$.250,$1.50,$4.250,$25.50,,,
Dragon-Style Twins,Khans of Tarkir,24,Near Mint,Rare,$.050,$0.30,$1.200,$7.20,,,
Dragonlord Atarka,Dragons of Tarkir,4,Near Mint,MythicRare,$4.250,$8.50,$17.000,$34.00,,,
Dragonlord Dromoka,Dragons of Tarkir,3,Near Mint,MythicRare,$2.750,$5.25,$8.250,$15.75,,,
Dragonlord Kolaghan,Dragons of Tarkir,7,Near Mint,MythicRare,$1.000,$3.50,$7.000,$24.50,,,
Dragonlord Ojutai,Dragons of Tarkir,7,Near Mint,MythicRare,$3.500,$6.75,$24.500,$47.25,,,
Dragonlord Silumgar,Dragons of Tarkir,1,Near Mint,MythicRare,$3.000,$6.00,$3.000,$6.00,,,
Dragonlord's Prerogative,Dragons of Tarkir,22,Near Mint,Rare,$.050,$0.45,$1.100,$9.90,,,
Dragonmaster Outcast,Battle for Zendikar,23,Near Mint,MythicRare,$.500,$2.25,$11.500,$51.75,,,
Dragonscale General,Fate Reforged,13,Near Mint,Rare,$.050,$0.30,$.650,$3.90,,,
Dragonshift,Dragon's Maze,39,Near Mint,Rare,$.050,$0.30,$1.950,$11.70,,,
Dragonskull Summit,Magic 2012,1,Near Mint,Rare,$.750,$2.50,$.750,$2.50,,,
Dragonskull Summit,Magic 2013,6,Near Mint,Rare,$.750,$2.50,$4.500,$15.00,,,
Drain Life,Mirage,1,Good (Lightly Played),Common,$.003,$0.15,$.003,$0.15,,,
Drain Life,Revised Edition,4,Near Mint,Common,$.003,$0.15,$.012,$0.60,,,
Drain Power,Revised Edition,3,Good (Lightly Played),Rare,$.050,$0.65,$.150,$1.95,,,
Drake Hatchling,Mercadian Masques,3,Near Mint,Common,$.003,$0.10,$.009,$0.30,,,
Drake-Skull Cameo,Invasion,2,Near Mint,Uncommon,$.003,$0.15,$.006,$0.30,,,
"Drana, Liberator of Malakir",Battle for Zendikar,19,Near Mint,Rare,$3.000,$5.75,$57.000,$109.25,,,
Drana's Chosen,Oath of the Gatewatch,29,Near Mint,MythicRare,$.250,$0.30,$7.250,$8.70,,,
Dread Defiler,Oath of the Gatewatch,32,Near Mint,Rare,$.050,$0.30,$1.600,$9.60,,,
Dread of Night,Classic Sixth Edition,1,Near Mint,Uncommon,$.003,$0.50,$.003,$0.50,,,
Dread Slaver,Avacyn Restored,27,Near Mint,Rare,$.050,$0.30,$1.350,$8.10,,,
Dreadbore,Return to Ravnica,40,Near Mint,Rare,$.750,$3.25,$30.000,$130.00,,,
Dream Cache,Classic Sixth Edition,1,Near Mint,Common,$.003,$0.15,$.003,$0.15,,,
Dream Coat,Legends,2,Near Mint,Uncommon,$.003,$0.25,$.006,$0.50,,,
Dream Fighter,Mirage,1,Near Mint,Common,$.003,$0.10,$.003,$0.10,,,
Dream Prowler,Stronghold,1,Near Mint,Common,$.003,$0.15,$.003,$0.15,,,
Dream Thrush,Invasion,4,Near Mint,Common,$.003,$0.10,$.012,$0.40,,,
Dreams of the Dead,Ice Age,1,Near Mint,Uncommon,$.003,$0.15,$.003,$0.15,,,
Dredge,Invasion,2,Near Mint,Uncommon,$.003,$0.15,$.006,$0.30,,,
Drifting Meadow,Urza's Saga,4,Near Mint,Common,$.003,$0.15,$.012,$0.60,,,
Drogskol Cavalry,Shadows over Innistrad,19,Near Mint,Rare,$.050,$0.30,$.950,$5.70,,,
Drogskol Reaver,Dark Ascension,2,Near Mint,MythicRare,$.500,$2.00,$1.000,$4.00,,,
"Dromar, the Banisher",Invasion,1,Near Mint,Uncommon,$.500,$3.50,$.500,$3.50,,,
Dromar's Cavern,Planeshift,3,Near Mint,Uncommon,$.003,$0.50,$.009,$1.50,,,
Dromar's Charm,Planeshift,4,Near Mint,Rare,$.050,$0.25,$.200,$1.00,,,
"Dromoka, the Eternal",Fate Reforged,32,Near Mint,Rare,$.050,$0.30,$1.600,$9.60,,,
Dromoka's Command,Dragons of Tarkir,18,Near Mint,Rare,$1.000,$3.75,$18.000,$67.50,,,
Dromosaur,Urza's Saga,2,Near Mint,Common,$.003,$0.10,$.006,$0.20,,,
Drowned,The Dark,5,Near Mint,Common,$.003,$0.10,$.015,$0.50,,,
Drowned Catacomb,Magic 2013,1,Near Mint,Rare,$.750,$3.00,$.750,$3.00,,,
Drowned Catacomb,Magic 2012,7,Near Mint,Rare,$.750,$3.00,$5.250,$21.00,,,
Drowner of Hope,Battle for Zendikar,42,Near Mint,Rare,$.050,$0.45,$2.100,$18.90,,,
Drownyard Temple,Shadows over Innistrad,22,Near Mint,Rare,$.050,$0.90,$1.100,$19.80,,,
Drudge Skeletons,Classic Sixth Edition,1,Good (Lightly Played),Common,$.003,$0.10,$.003,$0.10,,,
Drudge Skeletons,Revised Edition,2,Near Mint,Common,$.003,$0.10,$.006,$0.20,,,
Drudge Skeletons,Revised Edition,3,Near Mint,Common,$.003,$0.10,$.009,$0.30,,,
Druidic Satchel,Magic 2012,9,Near Mint,Rare,$.050,$0.30,$.450,$2.70,,,
Druids' Repository,Avacyn Restored,33,Near Mint,Rare,$.050,$0.30,$1.650,$9.90,,,
Dual Casting,Avacyn Restored,43,Near Mint,Rare,$.050,$0.45,$2.150,$19.35,,,
Dual Nature,Prophecy,3,Near Mint,Rare,$.050,$0.55,$.150,$1.65,,,
Duct Crawler,Stronghold,1,Near Mint,Common,$.003,$0.15,$.003,$0.15,,,
Duneblast,Khans of Tarkir,54,Near Mint,Rare,$.050,$0.30,$2.700,$16.20,,,
Dungeon Geists,Dark Ascension,30,Near Mint,Rare,$.050,$0.30,$1.500,$9.00,,,
Dungeon Shade,Stronghold,3,Near Mint,Common,$.003,$0.15,$.009,$0.45,,,
Dungrove Elder,Magic 2012,2,Near Mint,Rare,$2.500,$5.00,$5.000,$10.00,,,
Duress,Urza's Saga,1,Near Mint,Common,$.003,$0.50,$.003,$0.50,,,
Duskmantle Seer,Gatecrash,27,Near Mint,MythicRare,$.250,$0.99,$6.750,$26.73,,,
Duskrider Falcon,Weatherlight,2,Near Mint,Common,$.003,$0.15,$.006,$0.30,,,
Duskwalker,Invasion,4,Near Mint,Common,$.003,$0.10,$.012,$0.40,,,
Dust Stalker,Battle for Zendikar,66,Near Mint,Rare,$.050,$0.30,$3.300,$19.80,,,
Dust to Dust,The Dark,1,Near Mint,Common,$.003,$0.15,$.003,$0.15,,,
Dust to Dust,The Dark,6,Good (Lightly Played),Common,$.003,$0.15,$.018,$0.90,,,
Dwarven Armorer,Fallen Empires,2,Near Mint,Rare,$.050,$0.30,$.100,$0.60,,,
Dwarven Berserker,Weatherlight,1,Near Mint,Common,$.003,$0.10,$.003,$0.10,,,
Dwarven Catapult,Fallen Empires,3,Near Mint,Uncommon,$.003,$0.15,$.009,$0.45,,,
Dwarven Demolition Team,Unlimited Edition,1,Near Mint,Uncommon,$.003,$0.85,$.003,$0.85,,,
Dwarven Hold,Fallen Empires,2,Near Mint,Rare,$.050,$0.65,$.100,$1.30,,,
Dwarven Landslide,Apocalypse,5,Near Mint,Common,$.003,$0.10,$.015,$0.50,,,
Dwarven Lieutenant,Fallen Empires,4,Near Mint,Uncommon,$.003,$0.15,$.012,$0.60,,,
Dwarven Patrol,Apocalypse,8,Near Mint,Uncommon,$.003,$0.15,$.024,$1.20,,,
Dwarven Ruins,Fallen Empires,4,Near Mint,Uncommon,$.003,$0.25,$.012,$1.00,,,
Dwarven Soldier,Fallen Empires,5,Near Mint,Common,$.003,$0.10,$.015,$0.50,,,
Dwarven Soldier,Fallen Empires,5,Near Mint,Common,$.003,$0.15,$.015,$0.75,,,
Dwarven Soldier,Fallen Empires,9,Near Mint,Common,$.003,$0.15,$.027,$1.35,,,
Dwarven Song,Legends,1,Good (Lightly Played),Uncommon,$.003,$0.50,$.003,$0.50,,,
Dwarven Vigilantes,Visions,2,Near Mint,Common,$.003,$0.15,$.006,$0.30,,,
Dwarven Warriors,Revised Edition,4,Near Mint,Common,$.003,$0.10,$.012,$0.40,,,
"Dwynen, Gilt-Leaf Daen",Magic Origins,21,Near Mint,Rare,$.050,$0.90,$1.050,$18.90,,,
Earth Elemental,Revised Edition,4,Near Mint,Uncommon,$.003,$0.15,$.012,$0.60,,,
Earthbind,Revised Edition,5,Near Mint,Common,$.003,$0.10,$.015,$0.50,,,
Eater of Hope,Born of the Gods,12,Near Mint,Rare,$.050,$0.30,$.600,$3.60,,,
Eater of the Dead,The Dark,1,Near Mint,Uncommon,$1.250,$4.50,$1.250,$4.50,,,
Eater of the Dead,The Dark,1,Near Mint,Uncommon,$1.250,$4.50,$1.250,$4.50,,,
Ebon Praetor,Fallen Empires,1,Near Mint,Rare,$.050,$0.30,$.050,$0.30,,,
Ebon Praetor,Fallen Empires,2,Played,Rare,$.050,$0.30,$.100,$0.60,,,
Ebon Stronghold,Fallen Empires,3,Near Mint,Uncommon,$.003,$0.25,$.009,$0.75,,,
Ebony Charm,Mirage,1,Near Mint,Common,$.003,$0.15,$.003,$0.15,,,
Ebony Horse,Revised Edition,3,Good (Lightly Played),Rare,$.050,$0.30,$.150,$0.90,,,
Ebony Treefolk,Apocalypse,7,Near Mint,Uncommon,$.003,$0.15,$.021,$1.05,,,
Eerie Interlude,Shadows over Innistrad,11,Near Mint,Rare,$.050,$0.65,$.550,$7.15,,,
Eidolon of Blossoms,Journey into Nyx,11,Near Mint,Rare,$.050,$0.45,$.550,$4.95,,,
Eidolon of Countless Battles,Born of the Gods,19,Near Mint,Rare,$.050,$0.65,$.950,$12.35,,,
Eidolon of the Great Revel,Journey into Nyx,7,Near Mint,Rare,$4.500,$8.75,$31.500,$61.25,,,
Ekundu Griffin,Classic Sixth Edition,1,Near Mint,Common,$.003,$0.10,$.003,$0.10,,,
Ekundu Griffin,Mirage,2,Near Mint,Common,$.003,$0.10,$.006,$0.20,,,
El-Hajjâj,Revised Edition,1,Near Mint,Rare,$.050,$0.30,$.050,$0.30,,,
"Eladamri, Lord of Leaves",Tempest,1,Near Mint,Rare,$5.500,$11.00,$5.500,$11.00,,,
Eladamri's Call,Planeshift,1,Near Mint,Rare,$4.000,$8.00,$4.000,$8.00,,,
Elder of Laurels,Innistrad,43,Near Mint,Rare,$.050,$0.30,$2.150,$12.90,,,
Elder Spawn,Legends,1,Good (Lightly Played),Rare,$.100,$1.62,$.100,$1.62,,,
Elderscale Wurm,Magic 2013,8,Near Mint,MythicRare,$.500,$2.25,$4.000,$18.00,,,
Eldrazi Displacer,Oath of the Gatewatch,3,Near Mint,Rare,$1.250,$4.50,$3.750,$13.50,,,
Eldrazi Mimic,Oath of the Gatewatch,25,Near Mint,Rare,$.050,$0.75,$1.250,$18.75,,,
Eldrazi Obligator,Oath of the Gatewatch,35,Near Mint,Rare,$.050,$0.55,$1.750,$19.25,,,
Electric Eel,The Dark,2,Near Mint,Uncommon,$.003,$0.15,$.006,$0.30,,,
Elemental Augury,Ice Age,1,Near Mint,Rare,$.050,$0.30,$.050,$0.30,,,
"Elesh Norn, Grand Cenobite",Modern Masters 2015 Edition,1,Near Mint,MythicRare,$9.000,$17.75,$9.000,$17.75,,,
"Elesh Norn, Grand Cenobite",New Phyrexia,2,Near Mint,MythicRare,$9.000,$18.00,$18.000,$36.00,,,
Elfhame Palace,Invasion,3,Near Mint,Uncommon,$.003,$0.25,$.009,$0.75,,,
Elfhame Sanctuary,Invasion,1,Near Mint,Uncommon,$.003,$0.25,$.003,$0.25,,,
Elite Arcanist,Magic 2014 Core Set,19,Near Mint,Rare,$.050,$0.45,$.950,$8.55,,,
Elite Inquisitor,Innistrad,34,Near Mint,Rare,$.050,$0.30,$1.700,$10.20,,,
Elite Javelineer,Tempest,1,Near Mint,Common,$.003,$0.10,$.003,$0.10,,,
Elspeth Tirel,Scars of Mirrodin,3,Near Mint,MythicRare,$5.250,$10.25,$15.750,$30.75,,,
"Elspeth, Knight-Errant",Shards of Alara,1,Near Mint,MythicRare,$.250,$14.00,$.250,$14.00,,,
"Elspeth, Knight-Errant",Modern Event Deck 2014,2,Near Mint,MythicRare,$7.000,$0.00,$14.000,$0.00,,,
Elusive Tormentor,Shadows over Innistrad,12,Near Mint,Rare,$.050,$0.30,$.600,$3.60,,,
Elven Fortress,Fallen Empires,4,Near Mint,Common,$.003,$0.10,$.012,$0.40,,,
Elven Fortress,Fallen Empires,4,Near Mint,Common,$.003,$0.15,$.012,$0.60,,,
Elven Fortress,Fallen Empires,6,Near Mint,Common,$.003,$0.15,$.018,$0.90,,,
Elven Fortress,Fallen Empires,8,Near Mint,Common,$.003,$0.15,$.024,$1.20,,,
Elven Lyre,Fallen Empires,4,Near Mint,Rare,$.050,$0.30,$.200,$1.20,,,
Elven Palisade,Exodus,1,Near Mint,Uncommon,$.003,$0.15,$.003,$0.15,,,
Elves of Deep Shadow,The Dark,1,Good (Lightly Played),Uncommon,$.100,$1.16,$.100,$1.16,,,
Elvish Archdruid,Magic 2012,1,Near Mint,Rare,$.500,$2.25,$.500,$2.25,,,
Elvish Archdruid,Magic 2013,7,Near Mint,Rare,$.750,$2.50,$5.250,$17.50,,,
Elvish Berserker,Exodus,2,Near Mint,Common,$.003,$0.15,$.006,$0.30,,,
Elvish Champion,Invasion,1,Near Mint,Rare,$1.250,$4.50,$1.250,$4.50,,,
Elvish Farmer,Fallen Empires,4,Near Mint,Rare,$.050,$0.90,$.200,$3.60,,,
Elvish Healer,Ice Age,2,Near Mint,Common,$.003,$0.10,$.006,$0.20,,,
Elvish Herder,Urza's Saga,1,Near Mint,Common,$.003,$0.15,$.003,$0.15,,,
Elvish Hunter,Fallen Empires,4,Near Mint,Common,$.003,$0.15,$.012,$0.60,,,
Elvish Hunter,Fallen Empires,4,Near Mint,Common,$.003,$0.15,$.012,$0.60,,,
Elvish Hunter,Fallen Empires,6,Near Mint,Common,$.003,$0.15,$.018,$0.90,,,
Elvish Lyrist,Urza's Saga,1,Near Mint,Common,$.003,$0.15,$.003,$0.15,,,
Elvish Scout,Fallen Empires,3,Near Mint,Common,$.003,$0.15,$.009,$0.45,,,
Elvish Scout,Fallen Empires,4,Near Mint,Common,$.003,$0.15,$.012,$0.60,,,
Elvish Scout,Fallen Empires,6,Near Mint,Common,$.003,$0.15,$.018,$0.90,,,
Embargo,Mercadian Masques,1,Near Mint,Rare,$.050,$0.30,$.050,$0.30,,,
Ember Swallower,Theros,43,Near Mint,Rare,$.050,$0.15,$2.150,$6.45,,,
Embermaw Hellion,Magic Origins,34,Near Mint,Rare,$.050,$0.30,$1.700,$10.20,,,
Emblazoned Golem,Apocalypse,7,Near Mint,Uncommon,$.003,$0.15,$.021,$1.05,,,
Emerald Charm,Visions,1,Near Mint,Common,$.003,$0.15,$.003,$0.15,,,
Emerald Dragonfly,Legends,1,Good (Lightly Played),Common,$.003,$0.15,$.003,$0.15,,,
Emerald Dragonfly,Legends,3,Played,Common,$.003,$0.15,$.009,$0.45,,,
Emeria Shepherd,Battle for Zendikar,31,Near Mint,Rare,$.050,$0.30,$1.550,$9.30,,,
Emmara Tandris,Dragon's Maze,45,Near Mint,Rare,$.050,$0.45,$2.250,$20.25,,,
Empress Galina,Invasion,2,Near Mint,Rare,$1.000,$3.75,$2.000,$7.50,,,
Empty the Pits,Khans of Tarkir,27,Near Mint,MythicRare,$.250,$0.99,$6.750,$26.73,,,
"Emrakul, the Aeons Torn",Modern Masters 2015 Edition,2,Near Mint,MythicRare,$20.250,$33.75,$40.500,$67.50,,,
End Hostilities,Khans of Tarkir,72,Near Mint,Rare,$.050,$0.45,$3.600,$32.40,,,
Endangered Armodon,Stronghold,1,Near Mint,Common,$.003,$0.10,$.003,$0.10,,,
Endbringer,Oath of the Gatewatch,32,Near Mint,Rare,$.050,$0.45,$1.600,$14.40,,,
Endless One,Battle for Zendikar,43,Near Mint,Rare,$.100,$1.00,$4.300,$43.00,,,
Endless Ranks of the Dead,Innistrad,1,Near Mint,Rare,$1.250,$4.75,$1.250,$4.75,,,
Endoskeleton,Urza's Saga,2,Near Mint,Uncommon,$.003,$0.15,$.006,$0.30,,,
Energy Flux,Mercadian Masques,1,Near Mint,Uncommon,$.003,$0.15,$.003,$0.15,,,
Energy Flux,Revised Edition,2,Near Mint,Uncommon,$.003,$0.15,$.006,$0.30,,,
Energy Tap,Legends,2,Good (Lightly Played),Common,$.003,$0.15,$.006,$0.30,,,
Enervate,Ice Age,6,Near Mint,Common,$.003,$0.10,$.018,$0.60,,,
Enfeeblement,Mirage,2,Near Mint,Common,$.003,$0.10,$.006,$0.20,,,
Engineered Plague,Urza's Legacy,2,Near Mint,Uncommon,$.003,$0.50,$.006,$1.00,,,
Engulf the Shore,Shadows over Innistrad,10,Near Mint,Rare,$.100,$1.25,$1.000,$12.50,,,
Enlightened Tutor,Classic Sixth Edition,1,Near Mint,Uncommon,$6.500,$12.75,$6.500,$12.75,,,
Enlightened Tutor,Mirage,4,Near Mint,Uncommon,$6.000,$12.00,$24.000,$48.00,,,
Enlistment Officer,Apocalypse,7,Near Mint,Uncommon,$.003,$0.15,$.021,$1.05,,,
Enslaved Horror,Mercadian Masques,1,Near Mint,Uncommon,$.003,$0.15,$.003,$0.15,,,
Ensnare,Nemesis,4,Near Mint,Uncommon,$.003,$0.15,$.012,$0.60,,,
Ensnaring Bridge,Stronghold,1,Near Mint,Rare,$24.500,$41.00,$24.500,$41.00,,,
Entangler,Prophecy,2,Near Mint,Uncommon,$.003,$0.35,$.006,$0.70,,,
Enter the Infinite,Gatecrash,26,Near Mint,MythicRare,$.250,$1.25,$6.500,$32.50,,,
Entomb,Eternal Masters,1,Near Mint,Rare,$7.750,$15.25,$7.750,$15.25,,,
Entropic Specter,Exodus,1,Near Mint,Rare,$.050,$0.30,$.050,$0.30,,,
"Ephara, God of the Polis",Born of the Gods,26,Near Mint,MythicRare,$.250,$1.75,$6.500,$45.50,,,
Epic Experiment,Return to Ravnica,16,Near Mint,MythicRare,$.250,$0.99,$4.000,$15.84,,,
Epiphany at the Drownyard,Shadows over Innistrad,27,Near Mint,Rare,$.050,$0.45,$1.350,$12.15,,,
Equinox,Legends,1,Good (Lightly Played),Common,$.003,$0.25,$.003,$0.25,,,
Equipoise,Visions,1,Near Mint,Rare,$.050,$0.65,$.050,$0.65,,,
Erase,Urza's Legacy,1,Near Mint,Common,$.003,$0.15,$.003,$0.15,,,
"Erebos, God of the Dead",Theros,20,Near Mint,MythicRare,$3.500,$7.00,$70.000,$140.00,,,
Erebos's Titan,Magic Origins,16,Near Mint,MythicRare,$.250,$1.00,$4.000,$16.00,,,
Erg Raiders,Revised Edition,4,Near Mint,Common,$.003,$0.10,$.012,$0.40,,,
Erosion,The Dark,5,Near Mint,Common,$.003,$0.10,$.015,$0.50,,,
Errant Minion,Ice Age,2,Near Mint,Common,$.003,$0.10,$.006,$0.20,,,
Errantry,Ice Age,1,Near Mint,Common,$.003,$0.10,$.003,$0.10,,,
Erratic Portal,Exodus,1,Near Mint,Rare,$.100,$1.50,$.100,$1.50,,,
Ertai's Trickery,Planeshift,3,Near Mint,Uncommon,$.003,$0.15,$.009,$0.45,,,
Escape Routes,Planeshift,6,Near Mint,Common,$.003,$0.15,$.018,$0.90,,,
Essence Filter,Ice Age,1,Near Mint,Common,$.003,$0.10,$.003,$0.10,,,
Essence Flare,Ice Age,1,Near Mint,Common,$.003,$0.10,$.003,$0.10,,,
Essence Leak,Invasion,1,Near Mint,Uncommon,$.003,$0.15,$.003,$0.15,,,
Essence of the Wild,Innistrad,33,Near Mint,MythicRare,$.250,$0.99,$8.250,$32.67,,,
Etched Champion,Scars of Mirrodin,3,Near Mint,Rare,$1.000,$3.50,$3.000,$10.50,,,
Etched Monstrosity,New Phyrexia,1,Near Mint,MythicRare,$.250,$0.99,$.250,$0.99,,,
Eternal Flame,The Dark,4,Good (Lightly Played),Rare,$.050,$0.45,$.200,$1.80,,,
Eternal Warrior,Legends,2,Good (Lightly Played),Uncommon,$.003,$0.25,$.006,$0.50,,,
Evasive Action,Apocalypse,7,Near Mint,Uncommon,$.003,$0.15,$.021,$1.05,,,
Ever After,Shadows over Innistrad,12,Near Mint,Rare,$.050,$0.75,$.600,$9.00,,,
Everglades,Visions,1,Near Mint,Uncommon,$.003,$0.25,$.003,$0.25,,,
Evil Presence,Revised Edition,1,Good (Lightly Played),Uncommon,$.003,$0.15,$.003,$0.15,,,
Evil Presence,Revised Edition,1,Near Mint,Uncommon,$.003,$0.15,$.003,$0.15,,,
Evil Twin,Innistrad,31,Near Mint,Rare,$.050,$0.55,$1.550,$17.05,,,
Evincar's Justice,Tempest,1,Near Mint,Common,$.003,$0.15,$.003,$0.15,,,
Evolutionary Leap,Magic Origins,46,Near Mint,Rare,$.100,$1.00,$4.600,$46.00,,,
Exalted Dragon,Exodus,1,Near Mint,Rare,$.050,$0.30,$.050,$0.30,,,
"Exava, Rakdos Blood Witch",Dragon's Maze,32,Near Mint,Rare,$.050,$0.30,$1.600,$9.60,,,
Excavation,Prophecy,1,Near Mint,Uncommon,$.003,$0.15,$.003,$0.15,,,
Excise,Prophecy,4,Near Mint,Common,$.003,$0.10,$.012,$0.40,,,
Exclude,Invasion,4,Near Mint,Common,$.003,$0.15,$.012,$0.60,,,
Exert Influence,Battle for Zendikar,51,Near Mint,Rare,$.050,$0.30,$2.550,$15.30,,,
Exhume,Urza's Saga,2,Near Mint,Common,$.050,$1.00,$.100,$2.00,,,
Exorcist,The Dark,1,Good (Lightly Played),Rare,$.100,$1.16,$.100,$1.16,,,
Exotic Curse,Invasion,4,Near Mint,Common,$.003,$0.10,$.012,$0.40,,,
Exotic Disease,Planeshift,1,Near Mint,Uncommon,$.003,$0.15,$.003,$0.15,,,
Expendable Troops,Urza's Legacy,3,Near Mint,Common,$.003,$0.15,$.009,$0.45,,,
Explosive Growth,Invasion,4,Near Mint,Common,$.003,$0.10,$.012,$0.40,,,
Expunge,Urza's Saga,1,Near Mint,Common,$.003,$0.10,$.003,$0.10,,,
Exquisite Blood,Avacyn Restored,1,Near Mint,Rare,$5.500,$10.75,$5.500,$10.75,,,
Exquisite Firecraft,Magic Origins,20,Near Mint,Rare,$.500,$2.25,$10.000,$45.00,,,
Extinguish All Hope,Journey into Nyx,5,Near Mint,Rare,$.050,$0.30,$.250,$1.50,,,
Extortion,Mercadian Masques,2,Near Mint,Rare,$.050,$0.30,$.100,$0.60,,,
Extraplanar Lens,Mirrodin,1,Near Mint,Rare,$5.750,$11.69,$5.750,$11.69,,,
Extraplanar Lens,Mirrodin,4,Played,Rare,$7.000,$13.75,$28.000,$55.00,,,
Eye of Ugin,Worldwake,2,Near Mint,Rare,$6.000,$11.75,$12.000,$23.50,,,
Eye of Ugin,Modern Masters 2015 Edition,6,Near Mint,MythicRare,$5.250,$10.50,$31.500,$63.00,,,
Ezuri's Brigade,Scars of Mirrodin,5,Near Mint,Rare,$.050,$0.30,$.250,$1.50,,,
Fabled Hero,Theros,30,Near Mint,Rare,$.050,$0.45,$1.500,$13.50,,,
Fact or Fiction,Invasion,1,Near Mint,Uncommon,$.100,$1.00,$.100,$1.00,,,
Fade Away,Exodus,4,Near Mint,Common,$.003,$0.15,$.012,$0.60,,,
Faerie Conclave,Urza's Legacy,2,Near Mint,Uncommon,$.250,$1.50,$.500,$3.00,,,
Faerie Squadron,Invasion,4,Near Mint,Common,$.003,$0.10,$.012,$0.40,,,
Faith Healer,Urza's Saga,1,Near Mint,Rare,$.050,$0.45,$.050,$0.45,,,
Faith's Reward,Magic 2013,20,Near Mint,Rare,$.050,$0.90,$1.000,$18.00,,,
Falkenrath Aristocrat,Dark Ascension,13,Near Mint,MythicRare,$.750,$3.00,$9.750,$39.00,,,
Falkenrath Gorger,Shadows over Innistrad,9,Near Mint,Rare,$.100,$1.25,$.900,$11.25,,,
Falkenrath Marauders,Innistrad,42,Near Mint,Rare,$.050,$0.30,$2.100,$12.60,,,
Fall of the Titans,Oath of the Gatewatch,18,Near Mint,Rare,$.050,$0.65,$.900,$11.70,,,
Fallen Angel,Classic Sixth Edition,1,Near Mint,Rare,$.050,$0.45,$.050,$0.45,,,
Fallen Askari,Visions,3,Near Mint,Common,$.003,$0.15,$.009,$0.45,,,
Falling Timber,Planeshift,7,Near Mint,Common,$.003,$0.10,$.021,$0.70,,,
Fallow Earth,Mirage,1,Near Mint,Uncommon,$.003,$0.15,$.003,$0.15,,,
False Demise,Mercadian Masques,2,Near Mint,Uncommon,$.003,$0.15,$.006,$0.30,,,
False Orders,Unlimited Edition,1,Good (Lightly Played),Common,$.003,$0.25,$.003,$0.25,,,
False Orders,Unlimited Edition,1,Played,Common,$.003,$0.25,$.003,$0.25,,,
False Orders,Unlimited Edition,3,Near Mint,Common,$.003,$0.25,$.009,$0.75,,,
Falter,Urza's Saga,2,Near Mint,Common,$.003,$0.15,$.006,$0.30,,,
Fanatical Devotion,Nemesis,4,Near Mint,Common,$.003,$0.15,$.012,$0.60,,,
Farrel's Mantle,Fallen Empires,2,Near Mint,Uncommon,$.003,$0.15,$.006,$0.30,,,
Farrel's Zealot,Fallen Empires,5,Near Mint,Common,$.003,$0.10,$.015,$0.50,,,
Farrel's Zealot,Fallen Empires,5,Near Mint,Common,$.003,$0.15,$.015,$0.75,,,
Farrel's Zealot,Fallen Empires,5,Near Mint,Common,$.003,$0.15,$.015,$0.75,,,
Farrelite Priest,Fallen Empires,6,Near Mint,Uncommon,$.003,$0.15,$.018,$0.90,,,
Fastbond,Revised Edition,2,Near Mint,Rare,$1.000,$4.25,$2.000,$8.50,,,
Fastbond,Unlimited Edition,1,Near Mint,Rare,$13.000,$21.75,$13.000,$21.75,,,
Fasting,The Dark,3,Near Mint,Uncommon,$.003,$0.15,$.009,$0.45,,,
Fatal Blow,Weatherlight,1,Near Mint,Common,$.003,$0.10,$.003,$0.10,,,
Fatal Blow,Classic Sixth Edition,1,Near Mint,Common,$.003,$0.15,$.003,$0.15,,,
Fate Unraveler,Born of the Gods,18,Near Mint,Rare,$.050,$0.30,$.900,$5.40,,,
Fated Conflagration,Born of the Gods,15,Near Mint,Rare,$.050,$0.15,$.750,$2.25,,,
Fated Infatuation,Born of the Gods,17,Near Mint,Rare,$.050,$0.30,$.850,$5.10,,,
Fated Intervention,Born of the Gods,22,Near Mint,Rare,$.050,$0.15,$1.100,$3.30,,,
Fated Retribution,Born of the Gods,34,Near Mint,Rare,$.050,$0.30,$1.700,$10.20,,,
Fated Return,Born of the Gods,17,Near Mint,Rare,$.050,$0.30,$.850,$5.10,,,
Fathom Feeder,Battle for Zendikar,57,Near Mint,Rare,$.050,$0.45,$2.850,$25.65,,,
Fathom Mage,Gatecrash,44,Near Mint,Rare,$.050,$0.45,$2.200,$19.80,,,
Fault Line,Urza's Saga,1,Near Mint,Rare,$.050,$0.90,$.050,$0.90,,,
Fault Riders,Prophecy,3,Near Mint,Common,$.003,$0.10,$.009,$0.30,,,
Fauna Shaman,Magic 2011,6,Near Mint,Rare,$5.750,$11.25,$34.500,$67.50,,,
Favorable Destiny,Mirage,1,Near Mint,Uncommon,$.003,$0.15,$.003,$0.15,,,
Fear,Ice Age,1,Near Mint,Common,$.003,$0.10,$.003,$0.10,,,
Fear,Revised Edition,5,Near Mint,Common,$.003,$0.10,$.015,$0.50,,,
Feed the Pack,Dark Ascension,35,Near Mint,Rare,$.050,$0.30,$1.750,$10.50,,,
Feedback,Revised Edition,1,Near Mint,Uncommon,$.003,$0.15,$.003,$0.15,,,
Feedback,Unlimited Edition,2,Near Mint,Uncommon,$.003,$0.35,$.006,$0.70,,,
Feldon's Cane,Antiquities,1,Heavily Played,Uncommon,$.250,$1.85,$.250,$1.85,,,
Felhide Spiritbinder,Born of the Gods,15,Near Mint,Rare,$.050,$0.30,$.750,$4.50,,,
Felidar Sovereign,Battle for Zendikar,43,Near Mint,Rare,$.050,$0.55,$2.150,$23.65,,,
Fellwar Stone,The Dark,3,Good (Lightly Played),Uncommon,$1.000,$4.39,$3.000,$13.18,,,
Femeref Healer,Mirage,1,Near Mint,Common,$.003,$0.10,$.003,$0.10,,,
Femeref Knight,Mirage,1,Near Mint,Common,$.003,$0.10,$.003,$0.10,,,
Fen Stalker,Prophecy,4,Near Mint,Common,$.003,$0.10,$.012,$0.40,,,
Feral Instinct,Visions,1,Near Mint,Common,$.003,$0.15,$.003,$0.15,,,
Feral Thallid,Fallen Empires,4,Near Mint,Uncommon,$.003,$0.15,$.012,$0.60,,,
Ferocity,Mercadian Masques,4,Near Mint,Common,$.003,$0.10,$.012,$0.40,,,
Fertile Ground,Urza's Saga,2,Near Mint,Common,$.003,$0.15,$.006,$0.30,,,
Fertile Ground,Invasion,4,Near Mint,Common,$.003,$0.15,$.012,$0.60,,,
Fervor,Magic 2013,37,Near Mint,Rare,$.050,$0.45,$1.850,$16.65,,,
Festering Evil,Weatherlight,1,Near Mint,Uncommon,$.003,$0.15,$.003,$0.15,,,
Festival,The Dark,2,Good (Lightly Played),Common,$.003,$0.15,$.006,$0.30,,,
Festival,The Dark,5,Near Mint,Common,$.003,$0.15,$.015,$0.75,,,
Fetid Horror,Mirage,1,Near Mint,Common,$.003,$0.10,$.003,$0.10,,,
Fevered Visions,Shadows over Innistrad,20,Near Mint,Rare,$.050,$0.75,$1.000,$15.00,,,
Fickle Efreet,Prophecy,2,Near Mint,Rare,$.050,$0.30,$.100,$0.60,,,
Field of Dreams,Legends,1,Good (Lightly Played),Rare,$18.000,$30.06,$18.000,$30.06,,,
Fiend of the Shadows,Dark Ascension,34,Near Mint,Rare,$.050,$0.30,$1.700,$10.20,,,
Fiendslayer Paladin,Magic 2014 Core Set,5,Near Mint,Rare,$.500,$2.25,$2.500,$11.25,,,
Fiery Justice,Ice Age,1,Near Mint,Rare,$.050,$0.30,$.050,$0.30,,,
Fiery Mantle,Urza's Saga,1,Near Mint,Common,$.003,$0.10,$.003,$0.10,,,
Fight or Flight,Invasion,1,Near Mint,Rare,$.050,$0.30,$.050,$0.30,,,
Final Fortune,Mirage,1,Near Mint,Rare,$.100,$1.00,$.100,$1.00,,,
Fire // Ice,Apocalypse,7,Near Mint,Uncommon,$.003,$0.50,$.021,$3.50,,,
Fire and Brimstone,The Dark,4,Near Mint,Uncommon,$.003,$0.15,$.012,$0.60,,,
Fire Diamond,Classic Sixth Edition,1,Near Mint,Uncommon,$.003,$0.25,$.003,$0.25,,,
Fire Drake,The Dark,2,Near Mint,Uncommon,$.003,$0.15,$.006,$0.30,,,
Fire Elemental,Revised Edition,3,Near Mint,Uncommon,$.003,$0.15,$.009,$0.45,,,
Fire Whip,Weatherlight,4,Near Mint,Common,$.003,$0.15,$.012,$0.60,,,
Fireball,Revised Edition,1,Good (Lightly Played),Common,$.003,$0.15,$.003,$0.15,,,
Fireball,Revised Edition,8,Near Mint,Common,$.003,$0.15,$.024,$1.20,,,
Fireblast,Visions,1,Near Mint,Common,$.003,$0.75,$.003,$0.75,,,
Firebrand Ranger,Invasion,1,Near Mint,Uncommon,$.003,$0.15,$.003,$0.15,,,
Firebreathing,Mirage,1,Near Mint,Common,$.003,$0.10,$.003,$0.10,,,
Firebreathing,Classic Sixth Edition,1,Near Mint,Common,$.003,$0.10,$.003,$0.10,,,
Firebreathing,Revised Edition,10,Near Mint,Common,$.003,$0.10,$.030,$1.00,,,
Firedrinker Satyr,Theros,23,Near Mint,Rare,$.050,$0.30,$1.150,$6.90,,,
Firemane Avenger,Gatecrash,34,Near Mint,Rare,$.050,$0.45,$1.700,$15.30,,,
Firemind's Foresight,Return to Ravnica,72,Near Mint,Rare,$.050,$0.30,$3.600,$21.60,,,
Fires of Yavimaya,Invasion,5,Near Mint,Uncommon,$.003,$0.25,$.015,$1.25,,,
Firescreamer,Invasion,4,Near Mint,Common,$.003,$0.10,$.012,$0.40,,,
Firestorm,Weatherlight,1,Near Mint,Rare,$5.750,$11.25,$5.750,$11.25,,,
Firewing Phoenix,Magic 2013,20,Near Mint,Rare,$.050,$0.30,$1.000,$6.00,,,
Fissure,The Dark,2,Near Mint,Common,$.003,$0.15,$.006,$0.30,,,
Fissure,The Dark,8,Good (Lightly Played),Common,$.003,$0.15,$.024,$1.20,,,
Fit of Rage,Classic Sixth Edition,1,Near Mint,Common,$.003,$0.10,$.003,$0.10,,,
Fit of Rage,Weatherlight,2,Near Mint,Common,$.003,$0.10,$.006,$0.20,,,
Five-Alarm Fire,Gatecrash,52,Near Mint,Rare,$.050,$0.15,$2.600,$7.80,,,
Flailing Manticore,Mercadian Masques,2,Near Mint,Rare,$.050,$0.30,$.100,$0.60,,,
Flailing Soldier,Mercadian Masques,2,Near Mint,Common,$.003,$0.10,$.006,$0.20,,,
Flame Rift,Nemesis,4,Near Mint,Common,$.003,$0.50,$.012,$2.00,,,
Flame Spirit,Classic Sixth Edition,1,Near Mint,Uncommon,$.003,$0.10,$.003,$0.10,,,
Flame Spirit,Ice Age,2,Near Mint,Common,$.003,$0.15,$.006,$0.30,,,
Flame-Wreathed Phoenix,Born of the Gods,7,Near Mint,MythicRare,$.250,$0.99,$1.750,$6.93,,,
Flameblade Angel,Shadows over Innistrad,11,Near Mint,Rare,$.050,$0.30,$.550,$3.30,,,
Flameblast Dragon,Magic 2012,2,Near Mint,Rare,$.050,$0.55,$.100,$1.10,,,
Flamerush Rider,Fate Reforged,35,Near Mint,Rare,$.050,$0.30,$1.750,$10.50,,,
Flameshadow Conjuring,Magic Origins,16,Near Mint,Rare,$.050,$0.30,$.800,$4.80,,,
Flameshot,Prophecy,2,Near Mint,Uncommon,$.003,$0.15,$.006,$0.30,,,
Flametongue Kavu,Planeshift,3,Near Mint,Uncommon,$.003,$0.50,$.009,$1.50,,,
Flamewake Phoenix,Fate Reforged,36,Near Mint,Rare,$.050,$0.45,$1.800,$16.20,,,
Flaming Sword,Mercadian Masques,4,Near Mint,Common,$.003,$0.15,$.012,$0.60,,,
Flare,Mirage,1,Near Mint,Common,$.003,$0.10,$.003,$0.10,,,
Flare,Ice Age,2,Near Mint,Common,$.003,$0.10,$.006,$0.20,,,
Flash Counter,Legends,3,Near Mint,Common,$.003,$0.15,$.009,$0.45,,,
Flash Counter,Legends,4,Played,Common,$.003,$0.15,$.012,$0.60,,,
Flash Flood,Legends,4,Near Mint,Common,$.003,$0.15,$.012,$0.60,,,
Flashfires,Revised Edition,2,Near Mint,Uncommon,$.003,$0.15,$.006,$0.30,,,
Flay,Prophecy,4,Near Mint,Common,$.003,$0.10,$.012,$0.40,,,
Flayer of the Hatebound,Dark Ascension,27,Near Mint,Rare,$.050,$0.30,$1.350,$8.10,,,
Fleecemane Lion,Theros,26,Near Mint,Rare,$.100,$1.00,$2.600,$26.00,,,
Fleetfoot Panther,Planeshift,3,Near Mint,Uncommon,$.003,$0.15,$.009,$0.45,,,
Flesh // Blood,Dragon's Maze,34,Near Mint,Rare,$.050,$0.30,$1.700,$10.20,,,
Flight,Fourth Edition,1,Near Mint,Common,$.003,$0.10,$.003,$0.10,,,
Flight,Revised Edition,1,Near Mint,Common,$.003,$0.15,$.003,$0.15,,,
Flight,Unlimited Edition,4,Near Mint,Common,$.003,$0.25,$.012,$1.00,,,
Fling,Stronghold,2,Near Mint,Common,$.003,$0.15,$.006,$0.30,,,
Flint Golem,Nemesis,6,Near Mint,Uncommon,$.003,$0.15,$.018,$0.90,,,
Flood,The Dark,2,Good (Lightly Played),Uncommon,$.003,$0.25,$.006,$0.50,,,
Flood,The Dark,3,Near Mint,Uncommon,$.003,$0.25,$.009,$0.75,,,
Flooded Shoreline,Visions,1,Near Mint,Rare,$.050,$0.45,$.050,$0.45,,,
Flooded Strand,Khans of Tarkir,3,Near Mint,Rare,$8.000,$16.00,$24.000,$48.00,,,
Flowering Field,Prophecy,2,Near Mint,Uncommon,$.003,$0.15,$.006,$0.30,,,
Flowstone Armor,Nemesis,2,Near Mint,Uncommon,$.003,$0.15,$.006,$0.30,,,
Flowstone Charger,Apocalypse,7,Near Mint,Uncommon,$.003,$0.15,$.021,$1.05,,,
Flowstone Crusher,Nemesis,6,Near Mint,Common,$.003,$0.10,$.018,$0.60,,,
Flowstone Flood,Exodus,1,Near Mint,Uncommon,$.003,$0.15,$.003,$0.15,,,
Flowstone Giant,Tempest,1,Near Mint,Common,$.003,$0.10,$.003,$0.10,,,
Flowstone Hellion,Stronghold,1,Near Mint,Uncommon,$.003,$0.15,$.003,$0.15,,,
Flowstone Overseer,Nemesis,2,Near Mint,Rare,$.050,$0.30,$.100,$0.60,,,
Flowstone Shambler,Stronghold,1,Near Mint,Common,$.003,$0.15,$.003,$0.15,,,
Flowstone Slide,Nemesis,1,Near Mint,Rare,$.050,$0.30,$.050,$0.30,,,
Flowstone Strike,Nemesis,6,Near Mint,Common,$.003,$0.10,$.018,$0.60,,,
Flowstone Surge,Nemesis,4,Near Mint,Uncommon,$.003,$0.15,$.012,$0.60,,,
Flowstone Thopter,Nemesis,7,Near Mint,Uncommon,$.003,$0.15,$.021,$1.05,,,
Flowstone Wall,Nemesis,11,Near Mint,Common,$.003,$0.10,$.033,$1.10,,,
Fluctuator,Urza's Saga,1,Near Mint,Rare,$.750,$2.50,$.750,$2.50,,,
Flying Carpet,Revised Edition,2,Near Mint,Rare,$.050,$0.30,$.100,$0.60,,,
Flying Crane Technique,Khans of Tarkir,39,Near Mint,Rare,$.050,$0.30,$1.950,$11.70,,,
Foe-Razer Regent,Dragons of Tarkir,23,Near Mint,Rare,$.050,$0.30,$1.150,$6.90,,,
Fog,Classic Sixth Edition,1,Near Mint,Common,$.003,$0.15,$.003,$0.15,,,
Fog,Mirage,1,Near Mint,Common,$.003,$0.15,$.003,$0.15,,,
Fog,Revised Edition,5,Near Mint,Common,$.003,$0.15,$.015,$0.75,,,
Fog Elemental,Classic Sixth Edition,1,Near Mint,Common,$.003,$0.15,$.003,$0.15,,,
Fog Elemental,Weatherlight,2,Near Mint,Common,$.003,$0.15,$.006,$0.30,,,
Fog of Gnats,Urza's Legacy,1,Near Mint,Common,$.003,$0.15,$.003,$0.15,,,
Fog Patch,Nemesis,11,Near Mint,Common,$.003,$0.15,$.033,$1.65,,,
Foil,Prophecy,2,Near Mint,Uncommon,$.003,$0.35,$.006,$0.70,,,
Forbid,Exodus,1,Near Mint,Uncommon,$.500,$2.00,$.500,$2.00,,,
Forbidding Watchtower,Urza's Legacy,6,Near Mint,Uncommon,$.003,$0.25,$.018,$1.50,,,
Force Spike,Legends,1,Played,Common,$.003,$0.60,$.003,$0.60,,,
Force Spike,Legends,3,Near Mint,Common,$.003,$0.60,$.009,$1.80,,,
Foreboding Ruins,Shadows over Innistrad,28,Near Mint,Rare,$.500,$2.25,$14.000,$63.00,,,
Forest,Invasion,1,Near Mint,BasicLand,#N/A,#N/A,#N/A,#N/A,,,
Forest,Unhinged,2,Near Mint,BasicLand,#N/A,$0.00,#N/A,$0.00,,,
Forethought Amulet,Legends,1,Heavily Played,Rare,$.500,$2.08,$.500,$2.08,,,
Forethought Amulet,Legends,1,Near Mint,Rare,$.500,$2.25,$.500,$2.25,,,
Forgestoker Dragon,Born of the Gods,13,Near Mint,Rare,$.050,$0.15,$.650,$1.95,,,
Forgotten Creation,Shadows over Innistrad,11,Near Mint,Rare,$.050,$0.30,$.550,$3.30,,,
Fork,Revised Edition,2,Good (Lightly Played),Rare,$1.000,$4.39,$2.000,$8.79,,,
Fork,Revised Edition,5,Near Mint,Rare,$1.250,$4.75,$6.250,$23.75,,,
Forsaken City,Planeshift,2,Near Mint,Rare,$.050,$0.90,$.100,$1.80,,,
Fortified Area,Fourth Edition,2,Near Mint,Common,$.003,$0.15,$.006,$0.30,,,
Fortified Village,Shadows over Innistrad,14,Near Mint,Rare,$.500,$2.00,$7.000,$28.00,,,
Fortitude,Urza's Saga,1,Near Mint,Common,$.003,$0.15,$.003,$0.15,,,
Foster,Mercadian Masques,2,Near Mint,Rare,$.050,$0.30,$.100,$0.60,,,
Foul Presence,Apocalypse,7,Near Mint,Uncommon,$.003,$0.15,$.021,$1.05,,,
Foul Renewal,Dragons of Tarkir,37,Near Mint,Rare,$.050,$0.30,$1.850,$11.10,,,
Foundry Champion,Gatecrash,58,Near Mint,Rare,$.050,$0.15,$2.900,$8.70,,,
Fountain of Cho,Mercadian Masques,1,Near Mint,Uncommon,$.003,$0.25,$.003,$0.25,,,
Fountain of Youth,The Dark,1,Near Mint,Uncommon,$.003,$0.25,$.003,$0.25,,,
Fountain of Youth,The Dark,2,Near Mint,Uncommon,$.003,$0.25,$.006,$0.50,,,
Fountain Watch,Mercadian Masques,1,Near Mint,Rare,$.750,$2.75,$.750,$2.75,,,
Foxfire,Ice Age,1,Near Mint,Common,$.003,$0.10,$.003,$0.10,,,
Frankenstein's Monster,The Dark,4,Near Mint,Rare,$.050,$0.90,$.200,$3.60,,,
Frantic Search,Urza's Legacy,1,Near Mint,Common,$.003,$0.40,$.003,$0.40,,,
Freewind Falcon,Visions,1,Near Mint,Common,$.003,$0.15,$.003,$0.15,,,
Frenetic Efreet,Mirage,1,Near Mint,Rare,$.050,$0.30,$.050,$0.30,,,
Frenzied Tilling,Invasion,4,Near Mint,Common,$.003,$0.10,$.012,$0.40,,,
Fresh Meat,New Phyrexia,11,Near Mint,Rare,$.050,$0.30,$.550,$3.30,,,
Fresh Volunteers,Mercadian Masques,4,Near Mint,Common,$.003,$0.10,$.012,$0.40,,,
From Beyond,Battle for Zendikar,23,Near Mint,Rare,$.050,$0.90,$1.150,$20.70,,,
From Under the Floorboards,Shadows over Innistrad,15,Near Mint,Rare,$.050,$0.45,$.750,$6.75,,,
Frontier Siege,Fate Reforged,27,Near Mint,Rare,$.050,$0.45,$1.350,$12.15,,,
Frontline Medic,Gatecrash,17,Near Mint,Rare,$.050,$0.45,$.850,$7.65,,,
Frost Giant,Legends,1,Near Mint,Uncommon,$.003,$0.50,$.003,$0.50,,,
Frost Titan,Magic 2012,5,Near Mint,MythicRare,$.250,$1.00,$1.250,$5.00,,,
Frozen Shade,Revised Edition,9,Near Mint,Common,$.003,$0.10,$.027,$0.90,,,
Fugue,Exodus,2,Near Mint,Uncommon,$.003,$0.15,$.006,$0.30,,,
Funeral Charm,Visions,1,Near Mint,Common,$.003,$0.75,$.003,$0.75,,,
Fungal Bloom,Fallen Empires,6,Near Mint,Rare,$.050,$0.75,$.300,$4.50,,,
Fungusaur,Revised Edition,2,Near Mint,Rare,$.050,$0.30,$.100,$0.60,,,
Furious Assault,Mercadian Masques,4,Near Mint,Common,$.003,$0.10,$.012,$0.40,,,
Furnace Brood,Exodus,2,Near Mint,Common,$.003,$0.10,$.006,$0.20,,,
Furnace Spirit,Stronghold,1,Near Mint,Common,$.003,$0.15,$.003,$0.15,,,
Furyborn Hellkite,Magic 2012,1,Near Mint,MythicRare,$.750,$2.50,$.750,$2.50,,,
Fylgja,Ice Age,1,Near Mint,Common,$.003,$0.10,$.003,$0.10,,,
Fyndhorn Bow,Ice Age,1,Near Mint,Uncommon,$.003,$0.15,$.003,$0.15,,,
Fyndhorn Brownie,Ice Age,1,Near Mint,Common,$.003,$0.10,$.003,$0.10,,,
Fyndhorn Elves,Ice Age,2,Near Mint,Common,$.003,$0.40,$.006,$0.80,,,
Gaddock Teeg,Lorwyn,2,Near Mint,Rare,$13.250,$22.00,$26.500,$44.00,,,
Gaea's Balance,Apocalypse,7,Near Mint,Uncommon,$.003,$0.15,$.021,$1.05,,,
Gaea's Blessing,Weatherlight,1,Near Mint,Uncommon,$.003,$0.50,$.003,$0.50,,,
Gaea's Bounty,Urza's Saga,4,Near Mint,Common,$.003,$0.15,$.012,$0.60,,,
Gaea's Cradle,Urza's Saga,2,Near Mint,Rare,$189.000,$270.00,$378.000,$540.00,,,
Gaea's Herald,Planeshift,1,Near Mint,Rare,$.050,$0.65,$.050,$0.65,,,
Gaea's Might,Planeshift,6,Near Mint,Common,$.003,$0.15,$.018,$0.90,,,
Gaea's Revenge,Magic Origins,22,Near Mint,Rare,$.050,$0.55,$1.100,$12.10,,,
Gaea's Skyfolk,Apocalypse,4,Near Mint,Common,$.003,$0.10,$.012,$0.40,,,
Gaea's Touch,The Dark,1,Good (Lightly Played),Common,$.003,$0.50,$.003,$0.50,,,
Galina's Knight,Invasion,4,Near Mint,Common,$.003,$0.10,$.012,$0.40,,,
Gallowbraid,Weatherlight,1,Near Mint,Rare,$.050,$0.30,$.050,$0.30,,,
Gallows at Willow Hill,Avacyn Restored,31,Near Mint,Rare,$.050,$0.30,$1.550,$9.30,,,
Galvanoth,Mirrodin Besieged,10,Near Mint,Rare,$.050,$0.30,$.500,$3.00,,,
Gamble,Urza's Saga,2,Near Mint,Rare,$5.750,$21.00,$11.500,$42.00,,,
Gamble,Eternal Masters,1,Near Mint,Rare,$12.500,$11.50,$12.500,$11.50,,,
Game Trail,Shadows over Innistrad,4,Near Mint,Rare,$.500,$2.00,$2.000,$8.00,,,
Gang of Elk,Urza's Legacy,1,Near Mint,Uncommon,$.003,$0.15,$.003,$0.15,,,
Gangrenous Zombies,Ice Age,1,Near Mint,Common,$.003,$0.10,$.003,$0.10,,,
"Garruk, Primal Hunter",Magic 2013,1,Near Mint,Rare,$3.250,$6.50,$3.250,$6.50,,,
Garruk's Horde,Magic 2014 Core Set,10,Near Mint,Rare,$.050,$0.30,$.500,$3.00,,,
Garruk's Horde,Magic 2012,9,Near Mint,MythicRare,$.250,$0.30,$2.250,$2.70,,,
Gaseous Form,Fourth Edition,1,Near Mint,Common,$.003,$0.15,$.003,$0.15,,,
Gaseous Form,Classic Sixth Edition,1,Near Mint,Common,$.003,$0.10,$.003,$0.10,,,
Gaseous Form,Legends,1,Near Mint,Common,$.003,$0.15,$.003,$0.15,,,
Gauntlet of Power,Time Spiral,2,Near Mint,Rare,$7.750,$15.25,$15.500,$30.50,,,
Gauntlets of Chaos,Legends,2,Near Mint,Rare,$.500,$2.00,$1.000,$4.00,,,
Gavony Township,Innistrad,1,Near Mint,Rare,$3.000,$6.00,$3.000,$6.00,,,
Gaze of Granite,Dragon's Maze,30,Near Mint,Rare,$.050,$0.30,$1.500,$9.00,,,
Geier Reach Bandit,Shadows over Innistrad,15,Near Mint,Rare,$.050,$0.90,$.750,$13.50,,,
Geist of Saint Traft,Innistrad,8,Near Mint,MythicRare,$4.500,$8.75,$36.000,$70.00,,,
Geist-Honored Monk,Innistrad,37,Near Mint,Rare,$.050,$0.30,$1.850,$11.10,,,
Gemstone Mine,Weatherlight,1,Near Mint,Uncommon,$4.000,$7.75,$4.000,$7.75,,,
General Tazri,Oath of the Gatewatch,19,Near Mint,MythicRare,$.250,$0.99,$4.750,$18.81,,,
Genesis Hydra,Magic 2015 Core Set,9,Near Mint,Rare,$.050,$0.90,$.450,$8.10,,,
Genesis Wave,Scars of Mirrodin,1,Near Mint,Rare,$3.500,$7.00,$3.500,$7.00,,,
Geothermal Crevice,Invasion,8,Near Mint,Common,$.003,$0.15,$.024,$1.20,,,
Geralf's Masterpiece,Shadows over Innistrad,7,Near Mint,MythicRare,$.250,$0.99,$1.750,$6.93,,,
Geralf's Messenger,Dark Ascension,7,Near Mint,Rare,$2.500,$5.00,$17.500,$35.00,,,
Geralf's Mindcrusher,Dark Ascension,31,Near Mint,Rare,$.050,$0.30,$1.550,$9.30,,,
Gerrard's Command,Planeshift,6,Near Mint,Common,$.003,$0.10,$.018,$0.60,,,
Gerrard's Irregulars,Mercadian Masques,4,Near Mint,Common,$.003,$0.10,$.012,$0.40,,,
Gerrard's Verdict,Apocalypse,7,Near Mint,Uncommon,$.003,$0.25,$.021,$1.75,,,
"Geth, Lord of the Vault",Scars of Mirrodin,1,Near Mint,MythicRare,$3.500,$6.75,$3.500,$6.75,,,
Ghastly Conscription,Fate Reforged,16,Near Mint,MythicRare,$.250,$0.99,$4.000,$15.84,,,
Ghitu Encampment,Urza's Legacy,3,Near Mint,Uncommon,$.003,$0.25,$.009,$0.75,,,
Ghitu Fire,Invasion,1,Near Mint,Rare,$.050,$0.30,$.050,$0.30,,,
Ghitu Slinger,Urza's Legacy,1,Near Mint,Common,$.003,$0.15,$.003,$0.15,,,
Ghitu War Cry,Urza's Legacy,1,Near Mint,Uncommon,$.003,$0.15,$.003,$0.15,,,
Ghost Ship,The Dark,1,Good (Lightly Played),Common,$.003,$0.10,$.003,$0.10,,,
Ghost Ship,The Dark,5,Near Mint,Common,$.003,$0.10,$.015,$0.50,,,
Ghostfire Blade,Khans of Tarkir,40,Near Mint,Rare,$.050,$0.75,$2.000,$30.00,,,
Ghosts of the Damned,Legends,4,Near Mint,Common,$.003,$0.15,$.012,$0.60,,,
Ghoul's Feast,Mercadian Masques,1,Near Mint,Uncommon,$.003,$0.15,$.003,$0.15,,,
Ghoultree,Dark Ascension,8,Near Mint,Rare,$.050,$0.90,$.400,$7.20,,,
Giant Adephage,Gatecrash,8,Near Mint,MythicRare,$.250,$1.50,$2.000,$12.00,,,
Giant Caterpillar,Mercadian Masques,1,Near Mint,Common,$.003,$0.10,$.003,$0.10,,,
Giant Caterpillar,Visions,3,Near Mint,Common,$.003,$0.15,$.009,$0.45,,,
Giant Cockroach,Urza's Legacy,2,Near Mint,Common,$.003,$0.15,$.006,$0.30,,,
Giant Growth,Ice Age,2,Near Mint,Common,$.003,$0.15,$.006,$0.30,,,
Giant Growth,Revised Edition,7,Near Mint,Common,$.003,$0.15,$.021,$1.05,,,
Giant Shark,The Dark,5,Near Mint,Common,$.003,$0.15,$.015,$0.75,,,
Giant Slug,Legends,1,Near Mint,Common,$.003,$0.15,$.003,$0.15,,,
Giant Spider,Revised Edition,8,Near Mint,Common,$.003,$0.10,$.024,$0.80,,,
Giant Strength,Classic Sixth Edition,1,Near Mint,Common,$.003,$0.15,$.003,$0.15,,,
Gibbering Hyenas,Mirage,3,Near Mint,Common,$.003,$0.10,$.009,$0.30,,,
"Gideon, Ally of Zendikar",Battle for Zendikar,10,Near Mint,Rare,$12.000,$20.00,$120.000,$200.00,,,
Gideon's Avenger,Magic 2012,1,Near Mint,Rare,$.050,$0.75,$.050,$0.75,,,
Gideon's Phalanx,Magic Origins,30,Near Mint,MythicRare,$.250,$0.30,$7.500,$9.00,,,
Gift of Immortality,Theros,35,Near Mint,Rare,$.050,$0.65,$1.750,$22.75,,,
Gifts Ungiven,Modern Masters,1,Near Mint,Rare,$8.500,$16.75,$8.500,$16.75,,,
Gild,Born of the Gods,18,Near Mint,Rare,$.050,$0.30,$.900,$5.40,,,
Gilded Drake,Urza's Saga,1,Near Mint,Rare,$15.000,$25.00,$15.000,$25.00,,,
Gilded Lotus,Magic 2013,1,Near Mint,Rare,$4.250,$8.25,$4.250,$8.25,,,
Gilt-Leaf Winnower,Magic Origins,26,Near Mint,Rare,$.050,$0.45,$1.300,$11.70,,,
"Gisela, Blade of Goldnight",Avacyn Restored,1,Near Mint,MythicRare,$3.250,$6.25,$3.250,$6.25,,,
Gitaxian Probe,New Phyrexia,1,Near Mint,Common,$.750,$3.75,$.750,$3.75,,,
Glacial Chasm,Ice Age,3,Near Mint,Uncommon,$.003,$0.35,$.009,$1.05,,,
Glacial Fortress,Magic 2012,4,Near Mint,Rare,$.500,$2.25,$2.000,$9.00,,,
Glacial Fortress,Magic 2013,8,Near Mint,Rare,$.500,$2.25,$4.000,$18.00,,,
Glade Gnarr,Apocalypse,4,Near Mint,Common,$.003,$0.10,$.012,$0.40,,,
Gladehart Cavalry,Oath of the Gatewatch,10,Near Mint,Rare,$.050,$0.15,$.500,$1.50,,,
Glaring Spotlight,Gatecrash,29,Near Mint,Rare,$.050,$0.45,$1.450,$13.05,,,
Glasses of Urza,Revised Edition,1,Near Mint,Uncommon,$.003,$0.15,$.003,$0.15,,,
Glasses of Urza,Classic Sixth Edition,1,Near Mint,Uncommon,$.003,$0.25,$.003,$0.25,,,
Gleam of Authority,Dragons of Tarkir,23,Near Mint,Rare,$.050,$0.45,$1.150,$10.35,,,
Gliding Licid,Stronghold,1,Near Mint,Uncommon,$.003,$0.15,$.003,$0.15,,,
Glimmering Angel,Invasion,4,Near Mint,Common,$.003,$0.15,$.012,$0.60,,,
Glimmervoid,Mirrodin,1,Near Mint,Rare,$17.750,$29.60,$17.750,$29.60,,,
Glimmervoid,Mirrodin,2,Good (Lightly Played),Rare,$19.250,$32.00,$38.500,$64.00,,,
"Glissa, the Traitor",Mirrodin Besieged,1,Near Mint,MythicRare,$.750,$3.00,$.750,$3.00,,,
Glistening Oil,New Phyrexia,6,Near Mint,Rare,$.050,$0.30,$.300,$1.80,,,
Glittering Lion,Prophecy,1,Near Mint,Uncommon,$.003,$0.15,$.003,$0.15,,,
Glittering Lynx,Prophecy,2,Near Mint,Common,$.003,$0.10,$.006,$0.20,,,
Gloom,Revised Edition,4,Near Mint,Uncommon,$.003,$0.15,$.012,$0.60,,,
Gloom Surgeon,Avacyn Restored,38,Near Mint,Rare,$.050,$0.30,$1.900,$11.40,,,
Glowing Anemone,Mercadian Masques,1,Near Mint,Uncommon,$.003,$0.15,$.003,$0.15,,,
Glyph of Delusion,Legends,1,Near Mint,Common,$.003,$0.15,$.003,$0.15,,,
Glyph of Destruction,Legends,1,Good (Lightly Played),Common,$.003,$0.15,$.003,$0.15,,,
Glyph of Destruction,Legends,3,Near Mint,Common,$.003,$0.15,$.009,$0.45,,,
Glyph of Doom,Legends,4,Near Mint,Common,$.003,$0.15,$.012,$0.60,,,
Glyph of Life,Legends,1,Good (Lightly Played),Common,$.003,$0.15,$.003,$0.15,,,
Glyph of Life,Legends,3,Near Mint,Common,$.003,$0.15,$.009,$0.45,,,
Glyph of Reincarnation,Legends,1,Near Mint,Common,$.003,$0.15,$.003,$0.15,,,
Goblin Balloon Brigade,Revised Edition,1,Near Mint,Uncommon,$.003,$0.15,$.003,$0.15,,,
Goblin Caves,The Dark,1,Good (Lightly Played),Common,$.003,$0.25,$.003,$0.25,,,
Goblin Caves,The Dark,4,Near Mint,Common,$.003,$0.25,$.012,$1.00,,,
Goblin Chieftain,Magic 2012,1,Near Mint,Rare,$3.000,$6.00,$3.000,$6.00,,,
Goblin Chirurgeon,Fallen Empires,5,Near Mint,Common,$.003,$0.15,$.015,$0.75,,,
Goblin Chirurgeon,Fallen Empires,5,Near Mint,Common,$.003,$0.15,$.015,$0.75,,,
Goblin Chirurgeon,Fallen Empires,6,Near Mint,Common,$.003,$0.15,$.018,$0.90,,,
Goblin Dark-Dwellers,Oath of the Gatewatch,26,Near Mint,Rare,$.500,$2.00,$13.000,$52.00,,,
Goblin Digging Team,The Dark,1,Good (Lightly Played),Common,$.003,$0.10,$.003,$0.10,,,
Goblin Diplomats,Magic 2014 Core Set,12,Near Mint,Rare,$.050,$0.30,$.600,$3.60,,,
Goblin Elite Infantry,Mirage,1,Near Mint,Common,$.003,$0.10,$.003,$0.10,,,
Goblin Elite Infantry,Classic Sixth Edition,1,Near Mint,Common,$.003,$0.10,$.003,$0.10,,,
Goblin Flotilla,Fallen Empires,3,Near Mint,Rare,$.050,$0.30,$.150,$0.90,,,
Goblin Game,Planeshift,3,Near Mint,Rare,$.050,$0.90,$.150,$2.70,,,
Goblin Grenade,Fallen Empires,3,Near Mint,Common,$.003,$0.40,$.009,$1.20,,,
Goblin Grenade,Fallen Empires,3,Near Mint,Common,$.003,$0.40,$.009,$1.20,,,
Goblin Grenade,Fallen Empires,4,Near Mint,Common,$.003,$0.40,$.012,$1.60,,,
Goblin Hero,The Dark,5,Near Mint,Common,$.003,$0.10,$.015,$0.50,,,
Goblin Kaboomist,Magic 2015 Core Set,10,Near Mint,Rare,$.050,$0.30,$.500,$3.00,,,
Goblin King,Revised Edition,1,Good (Lightly Played),Rare,$.100,$1.16,$.100,$1.16,,,
Goblin King,Revised Edition,1,Near Mint,Rare,$.100,$1.25,$.100,$1.25,,,
Goblin Kites,Fallen Empires,6,Near Mint,Uncommon,$.003,$0.15,$.018,$0.90,,,
Goblin Lackey,Urza's Saga,1,Near Mint,Uncommon,$3.750,$7.50,$3.750,$7.50,,,
Goblin Legionnaire,Apocalypse,4,Near Mint,Common,$.003,$0.10,$.012,$0.40,,,
Goblin Matron,Urza's Saga,2,Near Mint,Common,$.003,$0.50,$.006,$1.00,,,
Goblin Offensive,Urza's Saga,1,Near Mint,Uncommon,$.250,$1.25,$.250,$1.25,,,
Goblin Patrol,Urza's Saga,1,Near Mint,Common,$.003,$0.10,$.003,$0.10,,,
Goblin Piledriver,Magic Origins,36,Near Mint,Rare,$.500,$2.00,$18.000,$72.00,,,
Goblin Rabblemaster,Magic 2015 Core Set,11,Near Mint,Rare,$.750,$2.50,$8.250,$27.50,,,
Goblin Raider,Urza's Saga,3,Near Mint,Common,$.003,$0.10,$.009,$0.30,,,
Goblin Recruiter,Classic Sixth Edition,1,Near Mint,Uncommon,$.250,$1.50,$.250,$1.50,,,
Goblin Recruiter,Visions,1,Near Mint,Uncommon,$.250,$1.75,$.250,$1.75,,,
Goblin Ringleader,Apocalypse,7,Near Mint,Uncommon,$.500,$2.00,$3.500,$14.00,,,
Goblin Rock Sled,Fourth Edition,1,Near Mint,Common,$.003,$0.10,$.003,$0.10,,,
Goblin Rock Sled,The Dark,5,Near Mint,Common,$.003,$0.10,$.015,$0.50,,,
Goblin Sappers,Ice Age,1,Near Mint,Common,$.003,$0.10,$.003,$0.10,,,
Goblin Shrine,The Dark,5,Near Mint,Common,$.003,$0.10,$.015,$0.50,,,
Goblin Spelunkers,Urza's Saga,2,Near Mint,Common,$.003,$0.15,$.006,$0.30,,,
Goblin Spy,Invasion,1,Near Mint,Uncommon,$.003,$0.15,$.003,$0.15,,,
Goblin Swine-Rider,Visions,3,Near Mint,Common,$.003,$0.15,$.009,$0.45,,,
Goblin War Buggy,Urza's Saga,2,Near Mint,Common,$.003,$0.10,$.006,$0.20,,,
Goblin War Drums,Fallen Empires,3,Near Mint,Common,$.003,$0.15,$.009,$0.45,,,
Goblin War Drums,Fallen Empires,5,Near Mint,Common,$.003,$0.15,$.015,$0.75,,,
Goblin War Drums,Fallen Empires,5,Near Mint,Common,$.003,$0.15,$.015,$0.75,,,
Goblin War Drums,Fallen Empires,6,Near Mint,Common,$.003,$0.15,$.018,$0.90,,,
Goblin Warrens,Fallen Empires,2,Near Mint,Rare,$.050,$0.90,$.100,$1.80,,,
Goblin Wizard,The Dark,1,Near Mint,Rare,$4.000,$7.75,$4.000,$7.75,,,
Goblins of the Flarg,The Dark,1,Good (Lightly Played),Common,$.003,$0.10,$.003,$0.10,,,
Goblins of the Flarg,The Dark,7,Near Mint,Common,$.003,$0.10,$.021,$0.70,,,
Godless Shrine,Gatecrash,1,Near Mint,Rare,$5.250,$10.50,$5.250,$10.50,,,
Godsend,Journey into Nyx,2,Near Mint,MythicRare,$3.000,$6.00,$6.000,$12.00,,,
Goham Djinn,Invasion,3,Near Mint,Uncommon,$.003,$0.15,$.009,$0.45,,,
Goldnight Castigator,Shadows over Innistrad,8,Near Mint,MythicRare,$.500,$2.00,$4.000,$16.00,,,
Gorilla Pack,Ice Age,1,Near Mint,Common,$.003,$0.10,$.003,$0.10,,,
Gorilla Warrior,Urza's Saga,1,Near Mint,Common,$.003,$0.10,$.003,$0.10,,,
Goryo's Vengeance,Betrayers of Kamigawa,6,Near Mint,Rare,$18.750,$31.25,$112.500,$187.50,,,
Gossamer Chains,Visions,1,Near Mint,Common,$.003,$0.15,$.003,$0.15,,,
Grafdigger's Cage,Dark Ascension,1,Near Mint,Rare,$5.250,$10.25,$5.250,$10.25,,,
Grand Abolisher,Magic 2012,2,Near Mint,Rare,$1.000,$4.25,$2.000,$8.50,,,
Grand Architect,Scars of Mirrodin,5,Near Mint,Rare,$.750,$2.75,$3.750,$13.75,,,
Granger Guildmage,Mirage,1,Near Mint,Common,$.003,$0.10,$.003,$0.10,,,
Grapeshot Catapult,Fourth Edition,1,Near Mint,Common,$.003,$0.10,$.003,$0.10,,,
Grapeshot Catapult,Antiquities,1,Near Mint,Common,$.003,$0.15,$.003,$0.15,,,
Grasslands,Mirage,1,Near Mint,Uncommon,$.003,$0.50,$.003,$0.50,,,
Grave Betrayal,Return to Ravnica,39,Near Mint,Rare,$.100,$1.25,$3.900,$48.75,,,
Grave Defiler,Apocalypse,7,Near Mint,Uncommon,$.003,$0.15,$.021,$1.05,,,
Grave Robbers,The Dark,2,Near Mint,Rare,$.050,$0.45,$.100,$0.90,,,
Grave Servitude,Mirage,2,Near Mint,Common,$.003,$0.10,$.006,$0.20,,,
Gravebane Zombie,Mirage,1,Near Mint,Common,$.003,$0.10,$.003,$0.10,,,
Gravebind,Ice Age,1,Near Mint,Rare,$.050,$0.30,$.050,$0.30,,,
Graveblade Marauder,Magic Origins,27,Near Mint,Rare,$.050,$0.30,$1.350,$8.10,,,
Gravecrawler,Dark Ascension,1,Near Mint,Rare,$2.750,$5.50,$2.750,$5.50,,,
Gravedigger,Tempest,1,Near Mint,Common,$.003,$0.10,$.003,$0.10,,,
Gravedigger,Classic Sixth Edition,1,Near Mint,Common,$.003,$0.10,$.003,$0.10,,,
Gravity Sphere,Legends,1,Good (Lightly Played),Rare,$18.750,$31.22,$18.750,$31.22,,,
Great Wall,Legends,1,Good (Lightly Played),Uncommon,$.003,$0.25,$.003,$0.25,,,
Greater Good,Urza's Saga,3,Near Mint,Rare,$5.500,$11.00,$16.500,$33.00,,,
Greed,Legends,1,Near Mint,Rare,$8.500,$17.00,$8.500,$17.00,,,
"Greel, Mind Raker",Prophecy,1,Near Mint,Common,$.003,$0.30,$.003,$0.30,,,
Greel's Caress,Prophecy,7,Near Mint,Rare,$.050,$0.10,$.350,$0.70,,,
Green Mana Battery,Legends,1,Good (Lightly Played),Uncommon,$.003,$0.35,$.003,$0.35,,,
Green Ward,Revised Edition,4,Near Mint,Uncommon,$.003,$0.15,$.012,$0.60,,,
Greener Pastures,Urza's Saga,1,Near Mint,Rare,$.050,$0.30,$.050,$0.30,,,
Greenwarden of Murasa,Battle for Zendikar,28,Near Mint,MythicRare,$.250,$1.25,$7.000,$35.00,,,
Griffin Canyon,Visions,1,Near Mint,Rare,$.050,$0.90,$.050,$0.90,,,
Grim Backwoods,Dark Ascension,34,Near Mint,Rare,$.050,$0.30,$1.700,$10.20,,,
Grim Haruspex,Khans of Tarkir,59,Near Mint,Rare,$.050,$0.30,$2.950,$17.70,,,
Grim Lavamancer,Magic 2012,2,Near Mint,Rare,$3.500,$7.00,$7.000,$14.00,,,
Grim Monolith,Urza's Legacy,1,Near Mint,Rare,$37.500,$62.50,$37.500,$62.50,,,
Grim Return,Magic 2014 Core Set,19,Near Mint,Rare,$.050,$0.30,$.950,$5.70,,,
"Grimgrin, Corpse-Born",Innistrad,27,Near Mint,MythicRare,$1.000,$3.75,$27.000,$101.25,,,
Grimoire of the Dead,Innistrad,1,Near Mint,MythicRare,$.750,$3.25,$.750,$3.25,,,
Grindclock,Magic 2015 Core Set,1,Near Mint,Rare,$.050,$0.30,$.050,$0.30,,,
Grindclock,Scars of Mirrodin,13,Near Mint,Rare,$.050,$0.30,$.650,$3.90,,,
Griselbrand,Avacyn Restored,5,Near Mint,MythicRare,$6.250,$12.25,$31.250,$61.25,,,
Grollub,Exodus,2,Near Mint,Common,$.003,$0.15,$.006,$0.30,,,
Ground Seal,Magic 2013,38,Near Mint,Rare,$.050,$0.30,$1.900,$11.40,,,
Groundskeeper,Mercadian Masques,2,Near Mint,Uncommon,$.003,$0.25,$.006,$0.50,,,
Grove of the Burnwillows,Future Sight,1,Near Mint,Rare,$39.250,$65.25,$39.250,$65.25,,,
Grove of the Guardian,Return to Ravnica,56,Near Mint,Rare,$.050,$0.30,$2.800,$16.80,,,
Growing Ranks,Return to Ravnica,9,Near Mint,Rare,$.050,$0.75,$.450,$6.75,,,
Gruesome Slaughter,Battle for Zendikar,28,Near Mint,Rare,$.050,$0.30,$1.400,$8.40,,,
Gruul Ragebeast,Gatecrash,52,Near Mint,Rare,$.050,$0.15,$2.600,$7.80,,,
Guard Dogs,Planeshift,3,Near Mint,Uncommon,$.003,$0.15,$.009,$0.45,,,
Guardian Angel,Revised Edition,5,Near Mint,Common,$.003,$0.10,$.015,$0.50,,,
Guardian of Tazeem,Battle for Zendikar,34,Near Mint,Rare,$.050,$0.30,$1.700,$10.20,,,
Guardian of the Ages,Magic 2014 Core Set,23,Near Mint,Rare,$.050,$0.30,$1.150,$6.90,,,
Guild Feud,Return to Ravnica,71,Near Mint,Rare,$.050,$0.15,$3.550,$10.65,,,
Gulf Squid,Prophecy,3,Near Mint,Common,$.003,$0.15,$.009,$0.45,,,
Gush,Mercadian Masques,4,Near Mint,Common,$.100,$1.50,$.400,$6.00,,,
Gutter Grime,Innistrad,38,Near Mint,Rare,$.050,$0.30,$1.900,$11.40,,,
Guul Draz Overseer,Battle for Zendikar,47,Near Mint,Rare,$.050,$0.30,$2.350,$14.10,,,
Gyre Sage,Gatecrash,17,Near Mint,Rare,$.100,$1.50,$1.700,$25.50,,,
Hall of Triumph,Journey into Nyx,16,Near Mint,Rare,$.050,$0.55,$.800,$8.80,,,
Hallowed Fountain,Return to Ravnica,1,Near Mint,Rare,$4.000,$7.75,$4.000,$7.75,,,
Hallowed Moonlight,Magic Origins,25,Near Mint,Rare,$.100,$1.75,$2.500,$43.75,,,
Hamletback Goliath,Magic 2013,33,Near Mint,Rare,$.050,$0.30,$1.650,$9.90,,,
Hammer Mage,Mercadian Masques,2,Near Mint,Uncommon,$.003,$0.15,$.006,$0.30,,,
Hammer of Purphoros,Theros,47,Near Mint,Rare,$.050,$0.30,$2.350,$14.10,,,
Hammerhead Shark,Stronghold,1,Near Mint,Common,$.003,$0.15,$.003,$0.15,,,
Hammerheim,Legends,1,Good (Lightly Played),Uncommon,$.250,$1.62,$.250,$1.62,,,
Hand of Justice,Fallen Empires,2,Near Mint,Rare,$.050,$0.45,$.100,$0.90,,,
Hangarback Walker,Magic Origins,17,Near Mint,Rare,$1.000,$3.50,$17.000,$59.50,,,
Hanweir Militia Captain,Shadows over Innistrad,6,Near Mint,Rare,$.100,$1.00,$.600,$6.00,,,
Harbinger of the Hunt,Dragons of Tarkir,25,Near Mint,Rare,$.050,$0.30,$1.250,$7.50,,,
Harbinger of the Tides,Magic Origins,20,Near Mint,Rare,$.100,$1.25,$2.000,$25.00,,,
Hardened Scales,Khans of Tarkir,31,Near Mint,Rare,$.100,$1.75,$3.100,$54.25,,,
Harmonic Convergence,Urza's Legacy,1,Near Mint,Uncommon,$.003,$0.15,$.003,$0.15,,,
Harness by Force,Journey into Nyx,17,Near Mint,Rare,$.050,$0.30,$.850,$5.10,,,
Harness the Storm,Shadows over Innistrad,10,Near Mint,Rare,$.050,$0.30,$.500,$3.00,,,
Harrow,Invasion,4,Near Mint,Common,$.003,$0.15,$.012,$0.60,,,
Harvest Mage,Nemesis,8,Near Mint,Common,$.003,$0.10,$.024,$0.80,,,
Harvester of Souls,Avacyn Restored,6,Near Mint,Rare,$.100,$1.00,$.600,$6.00,,,
Hate Weaver,Invasion,2,Near Mint,Uncommon,$.003,$0.15,$.006,$0.30,,,
Haunted Angel,Apocalypse,7,Near Mint,Uncommon,$.003,$0.15,$.021,$1.05,,,
Haunted Crossroads,Mercadian Masques,1,Near Mint,Uncommon,$.003,$0.35,$.003,$0.35,,,
Haunted Plate Mail,Magic 2015 Core Set,3,Near Mint,Rare,$.050,$0.15,$.150,$0.45,,,
Haunted Plate Mail,Magic 2014 Core Set,8,Near Mint,Rare,$.050,$0.30,$.400,$2.40,,,
Haven of the Spirit Dragon,Dragons of Tarkir,11,Near Mint,Rare,$.100,$1.50,$1.100,$16.50,,,
Havengul Lich,Dark Ascension,2,Near Mint,MythicRare,$2.250,$4.25,$4.500,$8.50,,,
Havengul Runebinder,Dark Ascension,28,Near Mint,Rare,$.050,$0.30,$1.400,$8.40,,,
Havenwood Battleground,Fallen Empires,5,Near Mint,Uncommon,$.003,$0.15,$.015,$0.75,,,
Havoc Festival,Return to Ravnica,65,Near Mint,Rare,$.050,$0.15,$3.250,$9.75,,,
Hawkeater Moth,Urza's Saga,1,Near Mint,Uncommon,$.003,$0.15,$.003,$0.15,,,
Hazerider Drake,Mirage,1,Near Mint,Uncommon,$.003,$0.15,$.003,$0.15,,,
Hazy Homunculus,Prophecy,5,Near Mint,Common,$.003,$0.10,$.015,$0.50,,,
Headless Horseman,Legends,1,Near Mint,Common,$.003,$0.25,$.003,$0.25,,,
Heal,Ice Age,4,Near Mint,Common,$.003,$0.15,$.012,$0.60,,,
Healing Salve,Urza's Saga,1,Near Mint,Common,$.003,$0.15,$.003,$0.15,,,
Healing Salve,Revised Edition,10,Near Mint,Common,$.003,$0.10,$.030,$1.00,,,
Hearth Charm,Visions,1,Near Mint,Common,$.003,$0.15,$.003,$0.15,,,
Heartless Summoning,Innistrad,33,Near Mint,Rare,$.100,$1.50,$3.300,$49.50,,,
Heartstone,Stronghold,1,Near Mint,Uncommon,$.003,$0.25,$.003,$0.25,,,
Heat of Battle,Stronghold,1,Near Mint,Uncommon,$.003,$0.15,$.003,$0.15,,,
Heat Ray,Urza's Saga,1,Near Mint,Common,$.003,$0.10,$.003,$0.10,,,
Heat Stroke,Weatherlight,1,Near Mint,Rare,$.050,$0.45,$.050,$0.45,,,
Heat Wave,Visions,2,Near Mint,Uncommon,$.003,$0.15,$.006,$0.30,,,
Heaven's Gate,Legends,1,Near Mint,Uncommon,$.003,$0.35,$.003,$0.35,,,
Heavy Ballista,Weatherlight,1,Near Mint,Common,$.003,$0.10,$.003,$0.10,,,
Heavy Ballista,Classic Sixth Edition,1,Near Mint,Uncommon,$.003,$0.15,$.003,$0.15,,,
Hecatomb,Ice Age,1,Near Mint,Rare,$.050,$0.55,$.050,$0.55,,,
Hedonist's Trove,Dragons of Tarkir,25,Near Mint,Rare,$.050,$0.30,$1.250,$7.50,,,
Hedron Alignment,Oath of the Gatewatch,26,Near Mint,Rare,$.050,$0.30,$1.300,$7.80,,,
"Heliod, God of the Sun",Theros,29,Near Mint,MythicRare,$2.000,$4.00,$58.000,$116.00,,,
Helionaut,Apocalypse,4,Near Mint,Common,$.003,$0.15,$.012,$0.60,,,
Hell Swarm,Legends,2,Near Mint,Common,$.003,$0.15,$.006,$0.30,,,
Hellfire,Legends,1,Played,Rare,$6.000,$11.90,$6.000,$11.90,,,
Hellion Crucible,Magic 2013,20,Near Mint,Rare,$.050,$0.30,$1.000,$6.00,,,
Hellkite Igniter,Mirrodin Besieged,9,Near Mint,Rare,$.050,$0.30,$.450,$2.70,,,
Hellkite Tyrant,Gatecrash,3,Near Mint,MythicRare,$.750,$3.00,$2.250,$9.00,,,
Hellrider,Dark Ascension,9,Near Mint,Rare,$.050,$0.55,$.450,$4.95,,,
Helm of Awakening,Visions,1,Near Mint,Uncommon,$.100,$1.00,$.100,$1.00,,,
Helm of Chatzuk,Fourth Edition,1,Near Mint,Rare,$.050,$0.30,$.050,$0.30,,,
Helm of Chatzuk,Revised Edition,2,Near Mint,Rare,$.050,$0.30,$.100,$0.60,,,
Helm of the Gods,Magic Origins,23,Near Mint,Rare,$.050,$0.30,$1.150,$6.90,,,
Helvault,Dark Ascension,24,Near Mint,MythicRare,$.250,$0.99,$6.000,$23.76,,,
Henge Guardian,Mercadian Masques,1,Near Mint,Uncommon,$.003,$0.15,$.003,$0.15,,,
Henge of Ramos,Mercadian Masques,2,Near Mint,Uncommon,$.003,$0.15,$.006,$0.30,,,
Herald of Anafenza,Khans of Tarkir,22,Near Mint,Rare,$.050,$0.30,$1.100,$6.60,,,
Herald of the Pantheon,Magic Origins,23,Near Mint,Rare,$.050,$0.65,$1.150,$14.95,,,
Herald of Torment,Born of the Gods,34,Near Mint,Rare,$.050,$0.30,$1.700,$10.20,,,
Heretic's Punishment,Innistrad,43,Near Mint,Rare,$.050,$0.30,$2.150,$12.90,,,
Hermetic Study,Urza's Saga,2,Near Mint,Common,$.003,$0.15,$.006,$0.30,,,
Hero of Bladehold,Mirrodin Besieged,1,Near Mint,MythicRare,$4.000,$8.00,$4.000,$8.00,,,
Hero of Goma Fada,Battle for Zendikar,33,Near Mint,Rare,$.050,$0.30,$1.650,$9.90,,,
Hero of Iroas,Born of the Gods,26,Near Mint,Rare,$.050,$0.75,$1.300,$19.50,,,
Hero of Leina Tower,Born of the Gods,18,Near Mint,Rare,$.050,$0.30,$.900,$5.40,,,
Hero of Oxid Ridge,Mirrodin Besieged,11,Near Mint,MythicRare,$.250,$0.99,$2.750,$10.89,,,
Hero's Downfall,Theros,14,Near Mint,Rare,$.500,$2.00,$7.000,$28.00,,,
Heroes' Bane,Journey into Nyx,5,Near Mint,Rare,$.050,$0.65,$.250,$3.25,,,
Heroes' Podium,Born of the Gods,20,Near Mint,Rare,$.050,$0.30,$1.000,$6.00,,,
Heroes' Reunion,Invasion,3,Near Mint,Uncommon,$.003,$0.25,$.009,$0.75,,,
Heroic Defiance,Planeshift,3,Near Mint,Common,$.003,$0.10,$.009,$0.30,,,
Heroism,Fallen Empires,6,Near Mint,Uncommon,$.003,$0.15,$.018,$0.90,,,
Hex Parasite,New Phyrexia,8,Near Mint,Rare,$.050,$0.55,$.400,$4.40,,,
Hickory Woodlot,Mercadian Masques,4,Near Mint,Common,$.003,$0.15,$.012,$0.60,,,
Hidden Ancients,Urza's Saga,1,Near Mint,Uncommon,$.003,$0.15,$.003,$0.15,,,
Hidden Dragonslayer,Dragons of Tarkir,33,Near Mint,Rare,$.100,$1.00,$3.300,$33.00,,,
Hidden Path,The Dark,1,Near Mint,Rare,$.050,$0.65,$.050,$0.65,,,
Hidden Retreat,Stronghold,1,Near Mint,Rare,$.050,$0.30,$.050,$0.30,,,
Hidden Spider,Urza's Saga,2,Near Mint,Common,$.003,$0.15,$.006,$0.30,,,
High Ground,Exodus,1,Near Mint,Uncommon,$.003,$0.15,$.003,$0.15,,,
High Market,Mercadian Masques,2,Near Mint,Rare,$1.000,$4.00,$2.000,$8.00,,,
High Priest of Penance,Gatecrash,40,Near Mint,Rare,$.050,$0.65,$2.000,$26.00,,,
High Seas,Mercadian Masques,2,Near Mint,Uncommon,$.003,$0.15,$.006,$0.30,,,
High Sentinels of Arashin,Khans of Tarkir,37,Near Mint,Rare,$.050,$0.30,$1.850,$11.10,,,
High Tide,Fallen Empires,5,Near Mint,Common,$.003,$0.50,$.015,$2.50,,,
High Tide,Fallen Empires,6,Near Mint,Common,$.003,$0.50,$.018,$3.00,,,
High Tide,Fallen Empires,7,Near Mint,Common,$.003,$0.50,$.021,$3.50,,,
Highway Robber,Mercadian Masques,4,Near Mint,Common,$.003,$0.15,$.012,$0.60,,,
Hinterland Harbor,Innistrad,4,Near Mint,Rare,$2.500,$5.00,$10.000,$20.00,,,
Hipparion,Ice Age,1,Near Mint,Uncommon,$.003,$0.15,$.003,$0.15,,,
Hired Giant,Mercadian Masques,1,Near Mint,Uncommon,$.003,$0.15,$.003,$0.15,,,
Hissing Quagmire,Oath of the Gatewatch,10,Near Mint,Rare,$1.000,$3.75,$10.000,$37.50,,,
"Hixus, Prison Warden",Magic Origins,27,Near Mint,Rare,$.050,$0.30,$1.350,$8.10,,,
Hoar Shade,Ice Age,1,Near Mint,Common,$.003,$0.10,$.003,$0.10,,,
Hoard-Smelter Dragon,Scars of Mirrodin,3,Near Mint,Rare,$.050,$0.30,$.150,$0.90,,,
Hoarding Dragon,Magic 2015 Core Set,12,Near Mint,Rare,$.050,$0.15,$.600,$1.80,,,
Hobble,Planeshift,7,Near Mint,Common,$.003,$0.15,$.021,$1.05,,,
Hollow Dogs,Urza's Saga,3,Near Mint,Common,$.003,$0.10,$.009,$0.30,,,
Hollow Trees,Fallen Empires,4,Near Mint,Rare,$.050,$0.65,$.200,$2.60,,,
Hollow Warrior,Prophecy,3,Near Mint,Uncommon,$.003,$0.15,$.009,$0.45,,,
Holy Armor,Fourth Edition,1,Near Mint,Common,$.003,$0.10,$.003,$0.10,,,
Holy Armor,Revised Edition,8,Near Mint,Common,$.003,$0.10,$.024,$0.80,,,
Holy Day,Invasion,4,Near Mint,Common,$.003,$0.15,$.012,$0.60,,,
Holy Light,The Dark,5,Near Mint,Common,$.003,$0.25,$.015,$1.25,,,
Holy Strength,Fourth Edition,1,Near Mint,Common,$.003,$0.15,$.003,$0.15,,,
Holy Strength,Revised Edition,6,Near Mint,Common,$.003,$0.10,$.018,$0.60,,,
Homarid,Fallen Empires,5,Near Mint,Common,$.003,$0.10,$.015,$0.50,,,
Homarid,Fallen Empires,6,Near Mint,Common,$.003,$0.15,$.018,$0.90,,,
Homarid,Fallen Empires,7,Near Mint,Common,$.003,$0.15,$.021,$1.05,,,
Homarid,Fallen Empires,7,Near Mint,Common,$.003,$0.15,$.021,$1.05,,,
Homarid Shaman,Fallen Empires,2,Near Mint,Rare,$.050,$0.30,$.100,$0.60,,,
Homarid Spawning Bed,Fallen Empires,4,Near Mint,Uncommon,$.003,$0.15,$.012,$0.60,,,
Homarid Warrior,Fallen Empires,5,Near Mint,Common,$.003,$0.10,$.015,$0.50,,,
Homarid Warrior,Fallen Empires,5,Near Mint,Common,$.003,$0.15,$.015,$0.75,,,
Homarid Warrior,Fallen Empires,6,Near Mint,Common,$.003,$0.15,$.018,$0.90,,,
Honor Guard,Stronghold,1,Near Mint,Common,$.003,$0.15,$.003,$0.15,,,
Honor of the Pure,Magic 2012,3,Near Mint,Rare,$.100,$1.75,$.300,$5.25,,,
Honorable Passage,Visions,1,Near Mint,Uncommon,$.003,$0.15,$.003,$0.15,,,
Honorable Scout,Planeshift,5,Near Mint,Common,$.003,$0.10,$.015,$0.50,,,
Honored Hierarch,Magic Origins,28,Near Mint,Rare,$.050,$0.45,$1.400,$12.60,,,
Hooded Hydra,Khans of Tarkir,13,Near Mint,MythicRare,$.250,$1.00,$3.250,$13.00,,,
Hooded Kavu,Invasion,4,Near Mint,Common,$.003,$0.10,$.012,$0.40,,,
Hoodwink,Mercadian Masques,4,Near Mint,Common,$.003,$0.15,$.012,$0.60,,,
Hope Charm,Visions,1,Near Mint,Common,$.003,$0.15,$.003,$0.15,,,
Hopping Automaton,Urza's Saga,1,Near Mint,Uncommon,$.003,$0.15,$.003,$0.15,,,
Horn of Deafening,Chronicles,1,Near Mint,Rare,$.050,$0.30,$.050,$0.30,,,
Horned Cheetah,Invasion,3,Near Mint,Uncommon,$.003,$0.15,$.009,$0.45,,,
Horned Kavu,Planeshift,6,Near Mint,Common,$.003,$0.15,$.018,$0.90,,,
Horned Troll,Mercadian Masques,4,Near Mint,Common,$.003,$0.10,$.012,$0.40,,,
Hornet Cobra,Legends,4,Near Mint,Common,$.003,$0.15,$.012,$0.60,,,
Hornet Nest,Magic 2015 Core Set,11,Near Mint,Rare,$.100,$1.25,$1.100,$13.75,,,
Hornet Queen,Magic 2015 Core Set,9,Near Mint,Rare,$.100,$1.00,$.900,$9.00,,,
Horrible Hordes,Mirage,1,Near Mint,Uncommon,$.003,$0.15,$.003,$0.15,,,
Horror of Horrors,Legends,2,Near Mint,Uncommon,$.003,$0.50,$.006,$1.00,,,
Horseshoe Crab,Urza's Saga,1,Near Mint,Common,$.003,$0.15,$.003,$0.15,,,
Hound of Griselbrand,Avacyn Restored,36,Near Mint,Rare,$.050,$0.30,$1.800,$10.80,,,
Howl from Beyond,Revised Edition,1,Good (Lightly Played),Common,$.003,$0.10,$.003,$0.10,,,
Howl from Beyond,Classic Sixth Edition,1,Near Mint,Common,$.003,$0.15,$.003,$0.15,,,
Howl from Beyond,Revised Edition,9,Near Mint,Common,$.003,$0.10,$.027,$0.90,,,
Howl of the Horde,Khans of Tarkir,32,Near Mint,Rare,$.050,$0.30,$1.600,$9.60,,,
Howling Mine,Fifth Edition,1,Played,Rare,$.500,$2.31,$.500,$2.31,,,
Howling Mine,Fourth Edition,1,Near Mint,Rare,$.500,$2.34,$.500,$2.34,,,
Howling Mine,Fourth Edition,1,Good (Lightly Played),Rare,$.750,$2.75,$.750,$2.75,,,
Howling Wolf,Mercadian Masques,4,Near Mint,Common,$.003,$0.10,$.012,$0.40,,,
Hull Breach,Planeshift,9,Near Mint,Common,$.003,$0.15,$.027,$1.35,,,
Humility,Tempest,1,Near Mint,Rare,$13.250,$22.20,$13.250,$22.20,,,
Humility,Tempest,3,Good (Lightly Played),Rare,$14.500,$24.00,$43.500,$72.00,,,
Hundred-Handed One,Theros,50,Near Mint,Rare,$.050,$0.30,$2.500,$15.00,,,
Hungry Mist,Homelands,2,Near Mint,Common,$.003,$0.15,$.006,$0.30,,,
Hunted Wumpus,Mercadian Masques,1,Near Mint,Uncommon,$.003,$0.15,$.003,$0.15,,,
Hunter's Prowess,Born of the Gods,25,Near Mint,Rare,$.050,$0.15,$1.250,$3.75,,,
Hunting Drake,Planeshift,6,Near Mint,Common,$.003,$0.10,$.018,$0.60,,,
Hunting Kavu,Invasion,1,Near Mint,Uncommon,$.003,$0.15,$.003,$0.15,,,
Huntmaster of the Fells,Dark Ascension,1,Near Mint,MythicRare,$6.750,$13.25,$6.750,$13.25,,,
Hurkyl's Recall,Revised Edition,3,Near Mint,Rare,$1.000,$3.50,$3.000,$10.50,,,
Hurloon Minotaur,Fourth Edition,1,Near Mint,Common,$.003,$0.10,$.003,$0.10,,,
Hurricane,Revised Edition,3,Near Mint,Uncommon,$.003,$0.15,$.009,$0.45,,,
Hush,Urza's Saga,1,Near Mint,Common,$.003,$0.10,$.003,$0.10,,,
Hushwing Gryff,Magic 2015 Core Set,13,Near Mint,Rare,$.050,$0.65,$.650,$8.45,,,
Hyalopterous Lemure,Ice Age,1,Near Mint,Uncommon,$.003,$0.15,$.003,$0.15,,,
Hydra Broodmaster,Journey into Nyx,15,Near Mint,Rare,$.050,$0.65,$.750,$9.75,,,
Hydroblast,Ice Age,2,Near Mint,Common,$.003,$0.50,$.006,$1.00,,,
Hymn to Tourach,Fallen Empires,5,Near Mint,Common,$.003,$0.00,$.015,$0.00,,,
Hymn to Tourach,Fallen Empires,5,Near Mint,Common,$.003,$0.00,$.015,$0.00,,,
Hymn to Tourach,Fallen Empires,6,Near Mint,Common,$.003,$0.00,$.018,$0.00,,,
Hymn to Tourach,Fallen Empires,8,Near Mint,Common,$.003,$0.00,$.024,$0.00,,,
Hyperion Blacksmith,Legends,1,Good (Lightly Played),Uncommon,$.003,$0.25,$.003,$0.25,,,
Hyperion Blacksmith,Legends,1,Near Mint,Uncommon,$.003,$0.25,$.003,$0.25,,,
Hypersonic Dragon,Return to Ravnica,43,Near Mint,Rare,$.050,$0.30,$2.150,$12.90,,,
Hypnotic Cloud,Invasion,4,Near Mint,Common,$.003,$0.10,$.012,$0.40,,,
Hypnotic Siren,Journey into Nyx,20,Near Mint,Rare,$.050,$0.30,$1.000,$6.00,,,
Hypnotic Specter,Revised Edition,3,Near Mint,Uncommon,$.003,$0.75,$.009,$2.25,,,
Hythonia the Cruel,Theros,21,Near Mint,MythicRare,$.250,$0.99,$5.250,$20.79,,,
Icatian Infantry,Fallen Empires,4,Near Mint,Common,$.003,$0.10,$.012,$0.40,,,
Icatian Infantry,Fallen Empires,5,Near Mint,Common,$.003,$0.15,$.015,$0.75,,,
Icatian Infantry,Fallen Empires,6,Near Mint,Common,$.003,$0.15,$.018,$0.90,,,
Icatian Infantry,Fallen Empires,8,Near Mint,Common,$.003,$0.15,$.024,$1.20,,,
Icatian Javelineers,Fallen Empires,6,Near Mint,Common,$.003,$0.15,$.018,$0.90,,,
Icatian Javelineers,Fallen Empires,6,Near Mint,Common,$.003,$0.15,$.018,$0.90,,,
Icatian Javelineers,Fallen Empires,7,Near Mint,Common,$.003,$0.15,$.021,$1.05,,,
Icatian Lieutenant,Fallen Empires,1,Near Mint,Rare,$.050,$0.30,$.050,$0.30,,,
Icatian Moneychanger,Fallen Empires,4,Near Mint,Common,$.003,$0.15,$.012,$0.60,,,
Icatian Moneychanger,Fallen Empires,4,Near Mint,Common,$.003,$0.15,$.012,$0.60,,,
Icatian Moneychanger,Fallen Empires,8,Near Mint,Common,$.003,$0.10,$.024,$0.80,,,
Icatian Phalanx,Fallen Empires,10,Near Mint,Uncommon,$.003,$0.15,$.030,$1.50,,,
Icatian Priest,Fallen Empires,5,Near Mint,Uncommon,$.003,$0.15,$.015,$0.75,,,
Icatian Scout,Fallen Empires,6,Near Mint,Common,$.003,$0.15,$.018,$0.90,,,
Icatian Scout,Fallen Empires,6,Near Mint,Common,$.003,$0.15,$.018,$0.90,,,
Icatian Scout,Fallen Empires,7,Near Mint,Common,$.003,$0.10,$.021,$0.70,,,
Icatian Scout,Fallen Empires,9,Near Mint,Common,$.003,$0.15,$.027,$1.35,,,
Icatian Skirmishers,Fallen Empires,3,Near Mint,Rare,$.050,$0.30,$.150,$0.90,,,
Icatian Store,Fallen Empires,5,Near Mint,Rare,$.050,$0.45,$.250,$2.25,,,
Icatian Town,Fallen Empires,1,Near Mint,Rare,$.050,$0.30,$.050,$0.30,,,
Ice Floe,Ice Age,1,Near Mint,Uncommon,$.003,$0.25,$.003,$0.25,,,
Icefall Regent,Dragons of Tarkir,29,Near Mint,Rare,$.100,$1.00,$2.900,$29.00,,,
Icequake,Ice Age,2,Near Mint,Uncommon,$.003,$0.25,$.006,$0.50,,,
Ichneumon Druid,Legends,1,Near Mint,Uncommon,$.003,$0.85,$.003,$0.85,,,
Icy Blast,Khans of Tarkir,42,Near Mint,Rare,$.050,$0.30,$2.100,$12.60,,,
Icy Manipulator,Ice Age,1,Near Mint,Uncommon,$.003,$0.50,$.003,$0.50,,,
Ifh-Bíff Efreet,Arabian Nights,1,Poor,Rare,$.050,$0.00,$.050,$0.00,,,
Ignoble Soldier,Mercadian Masques,1,Near Mint,Uncommon,$.003,$0.15,$.003,$0.15,,,
Ill-Gotten Gains,Urza's Saga,1,Near Mint,Rare,$.100,$1.00,$.100,$1.00,,,
Illuminate,Apocalypse,7,Near Mint,Uncommon,$.003,$0.15,$.021,$1.05,,,
Illusion // Reality,Apocalypse,8,Near Mint,Uncommon,$.003,$0.15,$.024,$1.20,,,
Illusionary Forces,Ice Age,2,Near Mint,Common,$.003,$0.10,$.006,$0.20,,,
Illusionist's Bracers,Gatecrash,4,Near Mint,Rare,$.500,$2.00,$2.000,$8.00,,,
Illusions of Grandeur,Ice Age,1,Near Mint,Rare,$2.750,$5.25,$2.750,$5.25,,,
Illusory Gains,Dragons of Tarkir,20,Near Mint,Rare,$.050,$0.30,$1.000,$6.00,,,
Imaginary Pet,Urza's Saga,1,Near Mint,Rare,$.050,$0.30,$.050,$0.30,,,
Immolation,Legends,2,Near Mint,Common,$.003,$0.15,$.006,$0.30,,,
Immolation,Legends,2,Good (Lightly Played),Common,$.003,$0.15,$.006,$0.30,,,
Immortal Servitude,Gatecrash,22,Near Mint,Rare,$.050,$0.55,$1.100,$12.10,,,
Implements of Sacrifice,Fallen Empires,4,Near Mint,Rare,$.050,$0.30,$.200,$1.20,,,
Implode,Planeshift,2,Near Mint,Uncommon,$.003,$0.15,$.006,$0.30,,,
Imposing Sovereign,Magic 2014 Core Set,21,Near Mint,Rare,$.050,$0.45,$1.050,$9.45,,,
Imposing Visage,Ice Age,3,Near Mint,Common,$.003,$0.10,$.009,$0.30,,,
In Garruk's Wake,Magic 2015 Core Set,3,Near Mint,Rare,$.050,$0.55,$.150,$1.65,,,
In the Eye of Chaos,Legends,1,Near Mint,Rare,$25.750,$42.75,$25.750,$42.75,,,
Incinerate,Ice Age,3,Near Mint,Common,$.003,$0.15,$.009,$0.45,,,
Increasing Ambition,Dark Ascension,26,Near Mint,Rare,$.100,$1.00,$2.600,$26.00,,,
Increasing Confusion,Dark Ascension,1,Near Mint,Rare,$.100,$1.50,$.100,$1.50,,,
Increasing Devotion,Dark Ascension,3,Near Mint,Rare,$.050,$0.55,$.150,$1.65,,,
Increasing Savagery,Dark Ascension,14,Near Mint,Rare,$.050,$0.90,$.700,$12.60,,,
Increasing Vengeance,Dark Ascension,39,Near Mint,Rare,$.100,$1.25,$3.900,$48.75,,,
Indentured Djinn,Mercadian Masques,1,Near Mint,Uncommon,$.003,$0.25,$.003,$0.25,,,
Indestructibility,Magic 2014 Core Set,14,Near Mint,Rare,$.050,$0.55,$.700,$7.70,,,
Indestructible Aura,Legends,4,Near Mint,Common,$.003,$0.15,$.012,$0.60,,,
Index,Apocalypse,5,Near Mint,Common,$.003,$0.15,$.015,$0.75,,,
Indomitable Archangel,Scars of Mirrodin,2,Near Mint,MythicRare,$.250,$1.50,$.500,$3.00,,,
Indulgent Tormentor,Magic 2015 Core Set,16,Near Mint,Rare,$.050,$0.75,$.800,$12.00,,,
Inexorable Blob,Shadows over Innistrad,13,Near Mint,Rare,$.050,$0.30,$.650,$3.90,,,
Inexorable Tide,Scars of Mirrodin,2,Near Mint,Rare,$.050,$0.65,$.100,$1.30,,,
Infernal Harvest,Visions,1,Near Mint,Common,$.003,$0.15,$.003,$0.15,,,
Infernal Medusa,Legends,1,Good (Lightly Played),Uncommon,$.250,$1.39,$.250,$1.39,,,
Infernal Medusa,Legends,1,Near Mint,Uncommon,$.250,$1.50,$.250,$1.50,,,
Infernal Spawn of Evil,Unglued,1,Near Mint,Rare,$.500,$2.00,$.500,$2.00,,,
Infernal Tribute,Weatherlight,1,Near Mint,Rare,$.100,$1.00,$.100,$1.00,,,
Inferno,The Dark,2,Good (Lightly Played),Rare,$.050,$0.90,$.100,$1.80,,,
Infiltrate,Nemesis,15,Near Mint,Common,$.003,$0.10,$.045,$1.50,,,
Infinite Obliteration,Magic Origins,22,Near Mint,Rare,$.100,$1.75,$2.200,$38.50,,,
Infinite Reflection,Avacyn Restored,22,Near Mint,Rare,$.050,$0.30,$1.100,$6.60,,,
Inflame,Prophecy,5,Near Mint,Common,$.003,$0.10,$.015,$0.50,,,
Infuse,Ice Age,3,Near Mint,Common,$.003,$0.10,$.009,$0.30,,,
Initiates of the Ebon Hand,Fallen Empires,4,Near Mint,Common,$.003,$0.15,$.012,$0.60,,,
Initiates of the Ebon Hand,Fallen Empires,5,Near Mint,Common,$.003,$0.10,$.015,$0.50,,,
Initiates of the Ebon Hand,Fallen Empires,7,Near Mint,Common,$.003,$0.15,$.021,$1.05,,,
Inkmoth Nexus,Mirrodin Besieged,2,Near Mint,Rare,$16.000,$26.50,$32.000,$53.00,,,
Inquisition,The Dark,5,Near Mint,Common,$.003,$0.10,$.015,$0.50,,,
Inquisition of Kozilek,Rise of the Eldrazi,1,Near Mint,Uncommon,$6.750,$13.50,$6.750,$13.50,,,
Insolence,Planeshift,10,Near Mint,Common,$.003,$0.10,$.030,$1.00,,,
Instigator,Mercadian Masques,2,Near Mint,Rare,$.050,$0.30,$.100,$0.60,,,
Instigator Gang,Innistrad,28,Near Mint,Rare,$.050,$0.90,$1.400,$25.20,,,
Instill Energy,Revised Edition,3,Near Mint,Uncommon,$.003,$0.15,$.009,$0.45,,,
Insubordination,Mercadian Masques,4,Near Mint,Common,$.003,$0.10,$.012,$0.40,,,
Intervene,Urza's Legacy,1,Near Mint,Common,$.003,$0.10,$.003,$0.10,,,
Intimidation,Mercadian Masques,1,Near Mint,Uncommon,$.003,$0.15,$.003,$0.15,,,
Into the Wilds,Magic 2014 Core Set,12,Near Mint,Rare,$.050,$0.45,$.600,$5.40,,,
Intrepid Hero,Urza's Saga,1,Near Mint,Rare,$.100,$1.00,$.100,$1.00,,,
Intrepid Hero,Magic 2013,12,Near Mint,Rare,$.050,$0.75,$.600,$9.00,,,
Invader Parasite,New Phyrexia,7,Near Mint,Rare,$.050,$0.30,$.350,$2.10,,,
Inverter of Truth,Oath of the Gatewatch,15,Near Mint,MythicRare,$.250,$0.99,$3.750,$14.85,,,
Invigorate,Mercadian Masques,4,Near Mint,Common,$.003,$0.60,$.012,$2.40,,,
Inviolability,Mercadian Masques,3,Near Mint,Common,$.003,$0.15,$.009,$0.45,,,
Invisibility,Unlimited Edition,1,Near Mint,Common,$.003,$0.25,$.003,$0.25,,,
Invisibility,Unlimited Edition,2,Good (Lightly Played),Common,$.003,$0.25,$.006,$0.50,,,
Invisibility,Unlimited Edition,2,Played,Common,$.003,$0.25,$.006,$0.50,,,
Invocation of Saint Traft,Shadows over Innistrad,13,Near Mint,Rare,$.050,$0.30,$.650,$3.90,,,
Ire Shaman,Dragons of Tarkir,32,Near Mint,Rare,$.050,$0.30,$1.600,$9.60,,,
"Iroas, God of Victory",Journey into Nyx,1,Near Mint,MythicRare,$4.000,$7.75,$4.000,$7.75,,,
Iron Lance,Mercadian Masques,1,Near Mint,Uncommon,$.003,$0.15,$.003,$0.15,,,
Iron Star,Revised Edition,2,Good (Lightly Played),Uncommon,$.003,$0.15,$.006,$0.30,,,
Ironroot Treefolk,Fourth Edition,1,Near Mint,Common,$.003,$0.15,$.003,$0.15,,,
Ironroot Treefolk,Revised Edition,7,Near Mint,Common,$.003,$0.10,$.021,$0.70,,,
Irrigation Ditch,Invasion,6,Near Mint,Common,$.003,$0.15,$.018,$0.90,,,
Island,Unhinged,1,Near Mint,BasicLand,#N/A,$0.00,#N/A,$0.00,,,
Island Fish Jasconius,Revised Edition,1,Near Mint,Rare,$.050,$0.30,$.050,$0.30,,,
Isolated Chapel,Innistrad,10,Near Mint,Rare,$1.000,$3.50,$10.000,$35.00,,,
"Isperia, Supreme Judge",Return to Ravnica,40,Near Mint,MythicRare,$.250,$0.99,$10.000,$39.60,,,
Ivory Cup,Revised Edition,2,Near Mint,Uncommon,$.003,$0.15,$.006,$0.30,,,
Ivory Cup,Limited Edition Beta,1,Played,Uncommon,$.250,$1.49,$.250,$1.49,,,
Ivory Mask,Mercadian Masques,1,Near Mint,Rare,$.050,$0.75,$.050,$0.75,,,
Ivory Tower,Revised Edition,1,Played,Rare,$.100,$1.06,$.100,$1.06,,,
Ivorytusk Fortress,Khans of Tarkir,20,Near Mint,Rare,$.050,$0.30,$1.000,$6.00,,,
Jabari's Banner,Weatherlight,1,Near Mint,Uncommon,$.003,$0.15,$.003,$0.15,,,
"Jace, Memory Adept",Magic 2012,1,Near Mint,Rare,$3.250,$6.25,$3.250,$6.25,,,
"Jace, Memory Adept",Magic 2014 Core Set,4,Near Mint,Rare,$3.000,$6.00,$12.000,$24.00,,,
"Jace, the Living Guildpact",Magic 2015 Core Set,6,Near Mint,Rare,$.750,$2.75,$4.500,$16.50,,,
"Jace, the Mind Sculptor",Eternal Masters,1,Near Mint,MythicRare,$40.000,$66.75,$40.000,$66.75,,,
"Jace, Unraveler of Secrets",Shadows over Innistrad,1,Near Mint,MythicRare,$3.250,$6.25,$3.250,$6.25,,,
"Jace, Vryn's Prodigy",Magic Origins,4,Near Mint,MythicRare,$19.000,$31.50,$76.000,$126.00,,,
Jace's Archivist,Magic 2012,1,Near Mint,MythicRare,$.250,$0.45,$.250,$0.45,,,
Jace's Mindseeker,Magic 2014 Core Set,18,Near Mint,MythicRare,$.250,$0.30,$4.500,$5.40,,,
Jace's Sanctum,Magic Origins,21,Near Mint,MythicRare,$.250,$0.55,$5.250,$11.55,,,
Jackalope Herd,Exodus,2,Near Mint,Common,$.003,$0.10,$.006,$0.20,,,
Jade Leech,Invasion,1,Near Mint,Rare,$.050,$0.30,$.050,$0.30,,,
Jaded Response,Apocalypse,4,Near Mint,Common,$.003,$0.10,$.012,$0.40,,,
"Jalira, Master Polymorphist",Magic 2015 Core Set,2,Near Mint,Rare,$.050,$0.30,$.100,$0.60,,,
Jalum Tome,Antiquities,1,Near Mint,Uncommon,$.003,$0.50,$.003,$0.50,,,
Jamuraan Lion,Visions,1,Near Mint,Common,$.003,$0.15,$.003,$0.15,,,
Jandor's Ring,Revised Edition,2,Near Mint,Rare,$.050,$0.30,$.100,$0.60,,,
Jandor's Saddlebags,Revised Edition,1,Near Mint,Rare,$.050,$0.30,$.050,$0.30,,,
Jangling Automaton,Weatherlight,1,Near Mint,Common,$.003,$0.10,$.003,$0.10,,,
Jar of Eyeballs,Dark Ascension,33,Near Mint,Rare,$.050,$0.30,$1.650,$9.90,,,
"Jarad, Golgari Lich Lord",Return to Ravnica,12,Near Mint,Rare,$.100,$1.00,$1.200,$12.00,,,
Jarad's Orders,Return to Ravnica,50,Near Mint,MythicRare,$.250,$0.30,$12.500,$15.00,,,
Jayemdae Tome,Revised Edition,1,Near Mint,Rare,$.050,$0.30,$.050,$0.30,,,
Jeering Instigator,Khans of Tarkir,20,Near Mint,Rare,$.050,$0.30,$1.000,$6.00,,,
Jeskai Ascendancy,Khans of Tarkir,79,Near Mint,Rare,$.050,$0.75,$3.950,$59.25,,,
Jeskai Infiltrator,Fate Reforged,31,Near Mint,Rare,$.050,$0.30,$1.550,$9.30,,,
Jester's Cap,Ice Age,2,Near Mint,Rare,$.500,$2.00,$1.000,$4.00,,,
Jeweled Torque,Mercadian Masques,1,Near Mint,Uncommon,$.003,$0.15,$.003,$0.15,,,
Jhovall Queen,Mercadian Masques,1,Near Mint,Rare,$.050,$0.45,$.050,$0.45,,,
Jhovall Rider,Mercadian Masques,1,Near Mint,Uncommon,$.003,$0.15,$.003,$0.15,,,
Jilt,Apocalypse,4,Near Mint,Common,$.003,$0.15,$.012,$0.60,,,
Jinxed Ring,Stronghold,1,Near Mint,Rare,$.050,$0.30,$.050,$0.30,,,
"Jolrael, Empress of Beasts",Prophecy,4,Near Mint,Common,$.003,$0.30,$.012,$1.20,,,
Jolrael's Centaur,Mirage,1,Near Mint,Rare,$.050,$0.10,$.050,$0.10,,,
Jolt,Mirage,1,Near Mint,Common,$.003,$0.15,$.003,$0.15,,,
Jolting Merfolk,Nemesis,4,Near Mint,Uncommon,$.003,$0.15,$.012,$0.60,,,
"Jor Kadeen, the Prevailer",New Phyrexia,14,Near Mint,Rare,$.050,$0.30,$.700,$4.20,,,
"Jori En, Ruin Diver",Oath of the Gatewatch,38,Near Mint,Rare,$.050,$0.65,$1.900,$24.70,,,
Jovial Evil,Legends,1,Near Mint,Rare,$1.250,$4.50,$1.250,$4.50,,,
Juggernaut,Revised Edition,5,Near Mint,Uncommon,$.003,$0.15,$.015,$0.75,,,
Jump,Revised Edition,5,Near Mint,Common,$.003,$0.10,$.015,$0.50,,,
Jungle Barrier,Apocalypse,7,Near Mint,Uncommon,$.003,$0.15,$.021,$1.05,,,
Jungle Basin,Visions,1,Near Mint,Uncommon,$.003,$0.25,$.003,$0.25,,,
Jungle Wurm,Mirage,1,Near Mint,Common,$.003,$0.10,$.003,$0.10,,,
Juniper Order Druid,Ice Age,2,Near Mint,Common,$.003,$0.15,$.006,$0.30,,,
Juxtapose,Legends,2,Near Mint,Rare,$.100,$1.75,$.200,$3.50,,,
Kaalia of the Vast,Commander,1,Played,MythicRare,$20.500,$34.00,$20.500,$34.00,,,
Kaalia of the Vast,Commander,1,Near Mint,MythicRare,$24.000,$40.00,$24.000,$40.00,,,
Kaervek's Torch,Mirage,1,Near Mint,Common,$.003,$0.15,$.003,$0.15,,,
"Kalitas, Traitor of Ghet",Oath of the Gatewatch,1,Near Mint,MythicRare,$14.250,$23.75,$14.250,$23.75,,,
Kalonian Hydra,Magic 2014 Core Set,2,Near Mint,MythicRare,$5.250,$10.50,$10.500,$21.00,,,
Kalonian Twingrove,Magic 2015 Core Set,7,Near Mint,Rare,$.050,$0.30,$.350,$2.10,,,
"Kangee, Aerie Keeper",Invasion,1,Near Mint,Rare,$.050,$0.55,$.050,$0.55,,,
Karakas,Eternal Masters,1,Near Mint,MythicRare,$41.000,$68.25,$41.000,$68.25,,,
Karakas,Legends,1,Played,Uncommon,$51.500,$102.85,$51.500,$102.85,,,
"Karametra, God of Harvests",Born of the Gods,17,Near Mint,MythicRare,$.750,$3.25,$12.750,$55.25,,,
Karma,Fourth Edition,2,Near Mint,Uncommon,$.003,$0.15,$.006,$0.30,,,
Karma,Revised Edition,4,Near Mint,Uncommon,$.003,$0.15,$.012,$0.60,,,
Karplusan Forest,Classic Sixth Edition,1,Near Mint,Rare,$3.250,$6.50,$3.250,$6.50,,,
Karplusan Forest,Ice Age,1,Near Mint,Rare,$3.750,$7.25,$3.750,$7.25,,,
"Karrthus, Tyrant of Jund",Alara Reborn,1,Near Mint,MythicRare,$7.250,$14.25,$7.250,$14.25,,,
Kavu Aggressor,Invasion,4,Near Mint,Common,$.003,$0.15,$.012,$0.60,,,
Kavu Chameleon,Invasion,5,Near Mint,Uncommon,$.003,$0.15,$.015,$0.75,,,
Kavu Climber,Invasion,4,Near Mint,Common,$.003,$0.10,$.012,$0.40,,,
Kavu Glider,Apocalypse,5,Near Mint,Common,$.003,$0.15,$.015,$0.75,,,
Kavu Howler,Apocalypse,7,Near Mint,Uncommon,$.003,$0.15,$.021,$1.05,,,
Kavu Monarch,Invasion,1,Near Mint,Rare,$.050,$0.30,$.050,$0.30,,,
Kavu Recluse,Planeshift,5,Near Mint,Common,$.003,$0.10,$.015,$0.50,,,
Kavu Runner,Invasion,2,Near Mint,Uncommon,$.003,$0.15,$.006,$0.30,,,
Kavu Scout,Invasion,4,Near Mint,Common,$.003,$0.10,$.012,$0.40,,,
Kavu Titan,Invasion,1,Near Mint,Rare,$.050,$0.75,$.050,$0.75,,,
Keeper of the Beasts,Exodus,1,Near Mint,Uncommon,$.003,$0.15,$.003,$0.15,,,
Keeper of the Flame,Exodus,1,Near Mint,Uncommon,$.003,$0.15,$.003,$0.15,,,
Keeper of the Mind,Exodus,2,Near Mint,Uncommon,$.003,$0.15,$.006,$0.30,,,
Keepers of the Faith,Legends,4,Near Mint,Common,$.003,$0.15,$.012,$0.60,,,
Keldon Battlewagon,Prophecy,4,Near Mint,Rare,$.050,$0.30,$.200,$1.20,,,
Keldon Mantle,Planeshift,8,Near Mint,Common,$.003,$0.10,$.024,$0.80,,,
Keldon Necropolis,Invasion,2,Near Mint,Rare,$.050,$0.30,$.100,$0.60,,,
Kelsinko Ranger,Ice Age,1,Near Mint,Common,$.003,$0.10,$.003,$0.10,,,
"Kemba, Kha Regent",Scars of Mirrodin,19,Near Mint,Rare,$.050,$0.45,$.950,$8.55,,,
"Keranos, God of Storms",Journey into Nyx,15,Near Mint,MythicRare,$5.500,$11.00,$82.500,$165.00,,,
Kessig Cagebreakers,Innistrad,41,Near Mint,Rare,$.050,$0.30,$2.050,$12.30,,,
Kessig Wolf Run,Innistrad,1,Near Mint,Rare,$.500,$2.25,$.500,$2.25,,,
Kezzerdrix,Tempest,1,Near Mint,Rare,$.050,$0.30,$.050,$0.30,,,
Kheru Lich Lord,Khans of Tarkir,36,Near Mint,Rare,$.050,$0.30,$1.800,$10.80,,,
Kheru Spellsnatcher,Khans of Tarkir,30,Near Mint,Rare,$.050,$0.30,$1.500,$9.00,,,
"Kiki-Jiki, Mirror Breaker",Modern Masters 2015 Edition,3,Near Mint,MythicRare,$7.500,$14.75,$22.500,$44.25,,,
Kill Switch,Nemesis,2,Near Mint,Rare,$.050,$0.30,$.100,$0.60,,,
Killer Whale,Exodus,1,Near Mint,Uncommon,$.003,$0.15,$.003,$0.15,,,
Killing Wave,Avacyn Restored,11,Near Mint,Rare,$.050,$0.90,$.550,$9.90,,,
King Cheetah,Visions,1,Near Mint,Common,$.003,$0.15,$.003,$0.15,,,
King Crab,Urza's Legacy,1,Near Mint,Uncommon,$.003,$0.15,$.003,$0.15,,,
"King Macar, the Gold-Cursed",Journey into Nyx,13,Near Mint,Rare,$.050,$0.30,$.650,$3.90,,,
"Kiora, Master of the Depths",Battle for Zendikar,34,Near Mint,MythicRare,$.750,$2.75,$25.500,$93.50,,,
"Kiora, the Crashing Wave",Born of the Gods,8,Near Mint,MythicRare,$.750,$2.75,$6.000,$22.00,,,
"Kira, Great Glass-Spinner",Betrayers of Kamigawa,1,Near Mint,Rare,$7.750,$16.50,$7.750,$16.50,,,
"Kira, Great Glass-Spinner",Modern Masters,2,Near Mint,Rare,$8.250,$15.50,$16.500,$31.00,,,
Kismet,Fourth Edition,1,Near Mint,Uncommon,$.003,$0.15,$.003,$0.15,,,
Kitchen Finks,Shadowmoor,1,Near Mint,Uncommon,$7.250,$14.75,$7.250,$14.75,,,
Kitchen Finks,Modern Masters,2,Near Mint,Uncommon,$7.500,$14.50,$15.000,$29.00,,,
Kithkin Armor,Weatherlight,2,Near Mint,Common,$.003,$0.15,$.006,$0.30,,,
Kjeldoran Dead,Ice Age,2,Near Mint,Common,$.003,$0.15,$.006,$0.30,,,
Kjeldoran Guard,Ice Age,1,Near Mint,Common,$.003,$0.10,$.003,$0.10,,,
Kjeldoran Warrior,Ice Age,1,Near Mint,Common,$.003,$0.10,$.003,$0.10,,,
Knight of the Mists,Visions,1,Near Mint,Common,$.003,$0.15,$.003,$0.15,,,
Knight of the Reliquary,Conflux,1,Near Mint,Rare,$5.500,$11.00,$5.500,$11.00,,,
Knight of the White Orchid,Magic Origins,9,Near Mint,Rare,$.750,$3.25,$6.750,$29.25,,,
Knight of Valor,Visions,1,Near Mint,Common,$.003,$0.15,$.003,$0.15,,,
Knights of Thorn,The Dark,1,Near Mint,Rare,$.050,$0.90,$.050,$0.90,,,
Knowledge Pool,Mirrodin Besieged,7,Near Mint,Rare,$.050,$0.30,$.350,$2.10,,,
Knowledge Vault,Legends,1,Near Mint,Rare,$1.000,$3.50,$1.000,$3.50,,,
"Kolaghan, the Storm's Fury",Fate Reforged,44,Near Mint,Rare,$.050,$0.55,$2.200,$24.20,,,
Kolaghan's Command,Dragons of Tarkir,5,Near Mint,Rare,$4.500,$8.75,$22.500,$43.75,,,
Kookus,Visions,1,Near Mint,Rare,$.050,$0.30,$.050,$0.30,,,
Kor Haven,Nemesis,2,Near Mint,Rare,$3.750,$7.25,$7.500,$14.50,,,
Kor Spiritdancer,Planechase 2012,2,Near Mint,Rare,$6.750,$13.25,$13.500,$26.50,,,
Kor Spiritdancer,Rise of the Eldrazi,4,Near Mint,Rare,$6.000,$12.00,$24.000,$48.00,,,
Kormus Bell,Revised Edition,1,Near Mint,Rare,$.050,$0.30,$.050,$0.30,,,
Koskun Keep,Homelands,1,Near Mint,Uncommon,$.003,$0.15,$.003,$0.15,,,
"Kothophed, Soul Hoarder",Magic Origins,26,Near Mint,Rare,$.050,$0.45,$1.300,$11.70,,,
"Kozilek, Butcher of Truth",Modern Masters 2015 Edition,3,Near Mint,MythicRare,$12.000,$20.00,$36.000,$60.00,,,
"Kozilek, the Great Distortion",Oath of the Gatewatch,12,Near Mint,MythicRare,$2.500,$4.75,$30.000,$57.00,,,
Kris Mage,Mercadian Masques,4,Near Mint,Common,$.003,$0.10,$.012,$0.40,,,
Krovikan Sorcerer,Ice Age,1,Near Mint,Common,$.003,$0.10,$.003,$0.10,,,
Krovikan Vampire,Ice Age,4,Near Mint,Uncommon,$.003,$0.25,$.012,$1.00,,,
Kruin Outlaw,Innistrad,3,Near Mint,Rare,$.500,$2.00,$1.500,$6.00,,,
"Kruphix, God of Horizons",Journey into Nyx,15,Near Mint,MythicRare,$3.250,$6.25,$48.750,$93.75,,,
Kry Shield,Legends,2,Near Mint,Uncommon,$.003,$0.25,$.006,$0.50,,,
Kudzu,Revised Edition,2,Near Mint,Rare,$.050,$0.30,$.100,$0.60,,,
Kukemssa Pirates,Mirage,1,Near Mint,Rare,$.050,$0.30,$.050,$0.30,,,
Kuldotha Forgemaster,Scars of Mirrodin,3,Near Mint,Rare,$.500,$2.25,$1.500,$6.75,,,
Kuldotha Phoenix,Scars of Mirrodin,11,Near Mint,Rare,$.050,$0.30,$.550,$3.30,,,
"Kurkesh, Onakke Ancient",Magic 2015 Core Set,3,Near Mint,Rare,$.050,$0.30,$.150,$0.90,,,
Kyren Archive,Mercadian Masques,1,Near Mint,Rare,$.050,$0.30,$.050,$0.30,,,
Kyren Glider,Mercadian Masques,4,Near Mint,Common,$.003,$0.10,$.012,$0.40,,,
Kyren Legate,Mercadian Masques,2,Near Mint,Uncommon,$.003,$0.15,$.006,$0.30,,,
Kyren Negotiations,Mercadian Masques,1,Near Mint,Uncommon,$.003,$0.15,$.003,$0.15,,,
Kyren Sniper,Mercadian Masques,4,Near Mint,Common,$.003,$0.10,$.012,$0.40,,,
Kyren Toy,Mercadian Masques,1,Near Mint,Rare,$.050,$0.30,$.050,$0.30,,,
"Kytheon, Hero of Akros",Magic Origins,1,Near Mint,Rare,$5.500,$10.93,$5.500,$10.93,,,
"Kytheon, Hero of Akros",Magic Origins,1,Near Mint,MythicRare,$6.000,$11.88,$6.000,$11.88,,,
Kytheon's Irregulars,Magic Origins,41,Near Mint,MythicRare,$.250,$0.30,$10.250,$12.30,,,
Lab Rats,Stronghold,1,Near Mint,Common,$.003,$0.15,$.003,$0.15,,,
Laboratory Maniac,Innistrad,6,Near Mint,Rare,$.750,$3.00,$4.500,$18.00,,,
Labyrinth Champion,Theros,50,Near Mint,Rare,$.050,$0.30,$2.500,$15.00,,,
Laccolith Grunt,Nemesis,7,Near Mint,Common,$.003,$0.10,$.021,$0.70,,,
Laccolith Rig,Nemesis,8,Near Mint,Common,$.003,$0.10,$.024,$0.80,,,
Laccolith Titan,Nemesis,1,Near Mint,Rare,$.050,$0.30,$.050,$0.30,,,
Laccolith Warrior,Nemesis,2,Near Mint,Uncommon,$.003,$0.15,$.006,$0.30,,,
Laccolith Whelp,Nemesis,10,Near Mint,Common,$.003,$0.10,$.030,$1.00,,,
Lady Caleria,Legends,1,Near Mint,Rare,$1.000,$3.75,$1.000,$3.75,,,
Lance,Revised Edition,2,Near Mint,Uncommon,$.003,$0.15,$.006,$0.30,,,
Land Cap,Ice Age,2,Near Mint,Rare,$.050,$0.30,$.100,$0.60,,,
Land Grant,Mercadian Masques,4,Near Mint,Common,$.003,$0.25,$.012,$1.00,,,
Land Leeches,The Dark,5,Near Mint,Common,$.003,$0.10,$.015,$0.50,,,
Land Tax,Fourth Edition,2,Near Mint,Rare,$6.750,$13.25,$13.500,$26.50,,,
Land's Edge,Legends,3,Near Mint,Rare,$5.500,$10.75,$16.500,$32.25,,,
Languish,Magic Origins,1,Near Mint,Rare,$2.750,$5.25,$2.750,$5.25,,,
Lantern Scout,Battle for Zendikar,26,Near Mint,Rare,$.050,$0.75,$1.300,$19.50,,,
Lapis Lazuli Talisman,Ice Age,1,Near Mint,Uncommon,$.003,$0.15,$.003,$0.15,,,
Larceny,Mercadian Masques,1,Near Mint,Uncommon,$.003,$0.15,$.003,$0.15,,,
Lashknife,Nemesis,7,Near Mint,Common,$.003,$0.10,$.021,$0.70,,,
Lashknife Barrier,Planeshift,3,Near Mint,Uncommon,$.003,$0.15,$.009,$0.45,,,
Lashwrithe,New Phyrexia,4,Near Mint,Rare,$.050,$0.45,$.200,$1.80,,,
Last Breath,Mercadian Masques,2,Near Mint,Uncommon,$.003,$0.25,$.006,$0.50,,,
Last Caress,Apocalypse,4,Near Mint,Common,$.003,$0.10,$.012,$0.40,,,
Latulla's Orders,Prophecy,6,Near Mint,Common,$.003,$0.10,$.018,$0.60,,,
Launch,Urza's Saga,2,Near Mint,Common,$.003,$0.15,$.006,$0.30,,,
Launch the Fleet,Journey into Nyx,11,Near Mint,Rare,$.050,$0.65,$.550,$7.15,,,
Lava Axe,Urza's Legacy,4,Near Mint,Common,$.003,$0.15,$.012,$0.60,,,
Lava Zombie,Planeshift,6,Near Mint,Common,$.003,$0.10,$.018,$0.60,,,
Lavinia of the Tenth,Dragon's Maze,46,Near Mint,Rare,$.050,$0.30,$2.300,$13.80,,,
Lawbringer,Nemesis,12,Near Mint,Common,$.003,$0.10,$.036,$1.20,,,
Lay of the Land,Apocalypse,4,Near Mint,Common,$.003,$0.15,$.012,$0.60,,,
"Lazav, Dimir Mastermind",Gatecrash,7,Near Mint,MythicRare,$.750,$2.50,$5.250,$17.50,,,
Lead-Belly Chimera,Visions,1,Near Mint,Uncommon,$.003,$0.15,$.003,$0.15,,,
Leap,Stronghold,2,Near Mint,Common,$.003,$0.10,$.006,$0.20,,,
Leering Gargoyle,Mirage,1,Near Mint,Rare,$.050,$0.30,$.050,$0.30,,,
Legion's Initiative,Dragon's Maze,11,Near Mint,MythicRare,$.250,$1.50,$2.750,$16.50,,,
Legions of Lim-Dûl,Ice Age,2,Near Mint,Common,$.003,$0.10,$.006,$0.20,,,
Leonin Arbiter,Scars of Mirrodin,10,Near Mint,Rare,$1.250,$4.75,$12.500,$47.50,,,
Lesser Gargadon,Prophecy,1,Near Mint,Uncommon,$.003,$0.15,$.003,$0.15,,,
Lesser Werewolf,Legends,1,Near Mint,Uncommon,$.003,$0.50,$.003,$0.50,,,
Lesser Werewolf,Legends,1,Good (Lightly Played),Uncommon,$.003,$0.50,$.003,$0.50,,,
Leviathan,The Dark,1,Near Mint,Rare,$.050,$0.90,$.050,$0.90,,,
Levitation,Urza's Legacy,1,Near Mint,Uncommon,$.003,$0.15,$.003,$0.15,,,
Ley Line,Mercadian Masques,1,Near Mint,Uncommon,$.003,$0.15,$.003,$0.15,,,
Library of Leng,Revised Edition,4,Near Mint,Uncommon,$.003,$0.25,$.012,$1.00,,,
Lich,Unlimited Edition,1,Near Mint,Rare,$17.500,$29.00,$17.500,$29.00,,,
Liege of the Hollows,Weatherlight,4,Near Mint,Rare,$.050,$0.75,$.200,$3.00,,,
Life // Death,Apocalypse,7,Near Mint,Uncommon,$.003,$0.25,$.021,$1.75,,,
Life Chisel,Legends,5,Near Mint,Uncommon,$.003,$0.75,$.015,$3.75,,,
Life Matrix,Legends,1,Near Mint,Rare,$.750,$3.25,$.750,$3.25,,,
Life's Finale,New Phyrexia,5,Near Mint,Rare,$.100,$1.75,$.500,$8.75,,,
Life's Legacy,Magic 2015 Core Set,13,Near Mint,Rare,$.050,$0.30,$.650,$3.90,,,
Lifebane Zombie,Magic 2014 Core Set,10,Near Mint,Rare,$.050,$0.55,$.500,$5.50,,,
Lifeforce,Revised Edition,3,Near Mint,Uncommon,$.003,$0.15,$.009,$0.45,,,
Lifelace,Fourth Edition,1,Near Mint,Rare,$.050,$0.30,$.050,$0.30,,,
Lifeline,Urza's Saga,2,Near Mint,Rare,$1.000,$4.00,$2.000,$8.00,,,
Lifetap,Revised Edition,2,Near Mint,Uncommon,$.003,$0.15,$.006,$0.30,,,
Lightbringer,Nemesis,8,Near Mint,Common,$.003,$0.10,$.024,$0.80,,,
Lightning Bolt,Revised Edition,2,Near Mint,Common,$.250,$2.25,$.500,$4.50,,,
Lightning Bolt,Revised Edition,4,Near Mint,Common,$.250,$2.25,$1.000,$9.00,,,
Lightning Bolt,Fourth Edition,4,Near Mint,Common,$.250,$2.25,$1.000,$9.00,,,
Lightning Elemental,Tempest,1,Near Mint,Common,$.003,$0.10,$.003,$0.10,,,
Lightning Hounds,Mercadian Masques,4,Near Mint,Common,$.003,$0.10,$.012,$0.40,,,
Lightning Reflexes,Mirage,1,Near Mint,Common,$.003,$0.10,$.003,$0.10,,,
Liliana's Reaver,Magic 2014 Core Set,18,Near Mint,Rare,$.050,$0.55,$.900,$9.90,,,
Lilting Refrain,Urza's Saga,1,Near Mint,Uncommon,$.003,$0.15,$.003,$0.15,,,
Lim-Dûl's Cohort,Ice Age,1,Near Mint,Common,$.003,$0.10,$.003,$0.10,,,
"Lin Sivvi, Defiant Hero",Nemesis,1,Near Mint,Rare,$.100,$1.00,$.100,$1.00,,,
"Linvala, the Preserver",Oath of the Gatewatch,10,Near Mint,MythicRare,$.750,$2.75,$7.500,$27.50,,,
Livewire Lash,Scars of Mirrodin,3,Near Mint,Rare,$.050,$0.45,$.150,$1.35,,,
Living Airship,Apocalypse,4,Near Mint,Common,$.003,$0.15,$.012,$0.60,,,
Living Armor,The Dark,1,Good (Lightly Played),Uncommon,$.003,$0.15,$.003,$0.15,,,
Living Armor,The Dark,2,Near Mint,Uncommon,$.003,$0.15,$.006,$0.30,,,
Living End,Time Spiral,1,Near Mint,Rare,$7.000,$14.00,$7.000,$14.00,,,
Living Lore,Dragons of Tarkir,33,Near Mint,Rare,$.050,$0.30,$1.650,$9.90,,,
Living Plane,Legends,1,Near Mint,Rare,$30.000,$50.00,$30.000,$50.00,,,
Living Wall,Revised Edition,3,Near Mint,Uncommon,$.003,$0.15,$.009,$0.45,,,
Llanowar Cavalry,Invasion,4,Near Mint,Common,$.003,$0.10,$.012,$0.40,,,
Llanowar Dead,Apocalypse,4,Near Mint,Common,$.003,$0.15,$.012,$0.60,,,
Llanowar Druid,Weatherlight,1,Near Mint,Common,$.003,$0.15,$.003,$0.15,,,
Llanowar Elite,Invasion,3,Near Mint,Common,$.003,$0.15,$.009,$0.45,,,
Llanowar Elves,Classic Sixth Edition,1,Near Mint,Common,$.003,$0.15,$.003,$0.15,,,
Llanowar Elves,Revised Edition,14,Near Mint,Common,$.003,$0.15,$.042,$2.10,,,
Llanowar Knight,Invasion,4,Near Mint,Common,$.003,$0.10,$.012,$0.40,,,
Llanowar Sentinel,Weatherlight,1,Near Mint,Common,$.003,$0.15,$.003,$0.15,,,
Llanowar Vanguard,Invasion,3,Near Mint,Common,$.003,$0.10,$.009,$0.30,,,
Llanowar Wastes,Magic Origins,28,Near Mint,Rare,$.100,$1.75,$2.800,$49.00,,,
Llanowar Wastes,Magic 2015 Core Set,6,Near Mint,Rare,$.500,$2.00,$3.000,$12.00,,,
Lobotomy,Invasion,1,Near Mint,Uncommon,$.003,$0.25,$.003,$0.25,,,
Lone Revenant,Avacyn Restored,39,Near Mint,Rare,$.050,$0.30,$1.950,$11.70,,,
Lone Wolf,Urza's Legacy,2,Near Mint,Uncommon,$.003,$0.15,$.006,$0.30,,,
Longbow Archer,Visions,1,Near Mint,Uncommon,$.003,$0.25,$.003,$0.25,,,
Looming Shade,Urza's Saga,1,Near Mint,Common,$.003,$0.10,$.003,$0.10,,,
Lord of Atlantis,Revised Edition,1,Near Mint,Rare,$2.500,$5.00,$2.500,$5.00,,,
Lord of Extinction,Alara Reborn,1,Near Mint,MythicRare,$8.250,$16.25,$8.250,$16.25,,,
Lord of the Unreal,Magic 2012,6,Near Mint,Rare,$.050,$0.90,$.300,$5.40,,,
Lord of the Void,Gatecrash,2,Near Mint,MythicRare,$2.000,$4.00,$4.000,$8.00,,,
Lost in the Woods,Dark Ascension,34,Near Mint,Rare,$.050,$0.30,$1.700,$10.20,,,
Lost Soul,Legends,1,Near Mint,Common,$.003,$0.15,$.003,$0.15,,,
Lost Soul,Fourth Edition,1,Near Mint,Common,$.003,$0.15,$.003,$0.15,,,
Lost Soul,Classic Sixth Edition,1,Near Mint,Common,$.003,$0.15,$.003,$0.15,,,
Lotleth Troll,Return to Ravnica,39,Near Mint,Rare,$.050,$0.65,$1.950,$25.35,,,
Lotus Cobra,Zendikar,2,Near Mint,MythicRare,$7.250,$14.50,$14.500,$29.00,,,
Lowland Basilisk,Stronghold,1,Near Mint,Common,$.003,$0.15,$.003,$0.15,,,
Loxodon Smiter,Return to Ravnica,37,Near Mint,Rare,$.500,$2.25,$18.500,$83.25,,,
Ludevic's Test Subject,Innistrad,12,Near Mint,Rare,$.050,$0.30,$.600,$3.60,,,
Lull,Urza's Saga,1,Near Mint,Common,$.003,$0.15,$.003,$0.15,,,
Lumbering Falls,Battle for Zendikar,88,Near Mint,Rare,$.100,$1.50,$8.800,$132.00,,,
Lumbering Satyr,Mercadian Masques,1,Near Mint,Uncommon,$.003,$0.15,$.003,$0.15,,,
Luminate Primordial,Gatecrash,22,Near Mint,Rare,$.050,$0.30,$1.100,$6.60,,,
Lunar Mystic,Avacyn Restored,43,Near Mint,Rare,$.050,$0.30,$2.150,$12.90,,,
Lunge,Mercadian Masques,4,Near Mint,Common,$.003,$0.10,$.012,$0.40,,,
Lure,Mercadian Masques,1,Near Mint,Uncommon,$.003,$0.15,$.003,$0.15,,,
Lure,Revised Edition,8,Near Mint,Uncommon,$.003,$0.15,$.024,$1.20,,,
Lurker,The Dark,1,Near Mint,Rare,$.050,$0.30,$.050,$0.30,,,
Lurking Evil,Urza's Saga,1,Near Mint,Rare,$.050,$0.30,$.050,$0.30,,,
Lux Cannon,Scars of Mirrodin,1,Near Mint,MythicRare,$.750,$3.00,$.750,$3.00,,,
Maelstrom Pulse,Modern Masters,2,Near Mint,Rare,$7.500,$14.75,$15.000,$29.50,,,
Maelstrom Wanderer,Eternal Masters,1,Near Mint,MythicRare,$5.500,$11.00,$5.500,$11.00,,,
Mage il-Vec,Exodus,1,Near Mint,Common,$.003,$0.15,$.003,$0.15,,,
Mage-Ring Responder,Magic Origins,30,Near Mint,Rare,$.050,$0.30,$1.500,$9.00,,,
Mageta's Boon,Prophecy,2,Near Mint,Common,$.003,$0.10,$.006,$0.20,,,
Maggot Carrier,Planeshift,9,Near Mint,Common,$.003,$0.10,$.027,$0.90,,,
Maggot Therapy,Mercadian Masques,4,Near Mint,Common,$.003,$0.10,$.012,$0.40,,,
Magical Hack,Fourth Edition,1,Near Mint,Rare,$.050,$0.30,$.050,$0.30,,,
Magical Hack,Revised Edition,3,Near Mint,Rare,$.050,$0.30,$.150,$0.90,,,
Magistrate's Veto,Mercadian Masques,1,Near Mint,Uncommon,$.003,$0.15,$.003,$0.15,,,
Magma Burst,Planeshift,8,Near Mint,Common,$.003,$0.10,$.024,$0.80,,,
Magma Mine,Visions,1,Near Mint,Uncommon,$.003,$0.15,$.003,$0.15,,,
Magmaquake,Magic 2013,30,Near Mint,Rare,$.050,$0.30,$1.500,$9.00,,,
Magnetic Mine,Mirrodin Besieged,11,Near Mint,Rare,$.050,$0.30,$.550,$3.30,,,
Magnetic Mountain,Revised Edition,1,Near Mint,Rare,$.050,$0.30,$.050,$0.30,,,
Mahamoti Djinn,Fourth Edition,2,Near Mint,Rare,$.050,$0.30,$.100,$0.60,,,
Mahamoti Djinn,Magic Origins,9,Near Mint,Rare,$.050,$0.45,$.450,$4.05,,,
Mahamoti Djinn,Magic 2015 Core Set,10,Near Mint,Rare,$.050,$0.30,$.500,$3.00,,,
Malicious Advice,Planeshift,7,Near Mint,Common,$.003,$0.10,$.021,$0.70,,,
Malignus,Avacyn Restored,1,Near Mint,MythicRare,$.500,$2.25,$.500,$2.25,,,
Man-o'-War,Visions,2,Near Mint,Common,$.003,$0.25,$.006,$0.50,,,
Mana Bloom,Return to Ravnica,57,Near Mint,Rare,$.050,$0.30,$2.850,$17.10,,,
Mana Breach,Exodus,2,Near Mint,Uncommon,$.003,$0.15,$.006,$0.30,,,
Mana Cache,Nemesis,3,Near Mint,Rare,$.050,$0.30,$.150,$0.90,,,
Mana Chains,Weatherlight,1,Near Mint,Common,$.003,$0.10,$.003,$0.10,,,
Mana Clash,The Dark,1,Good (Lightly Played),Rare,$.050,$0.45,$.050,$0.45,,,
Mana Clash,The Dark,1,Near Mint,Rare,$.050,$0.45,$.050,$0.45,,,
Mana Confluence,Journey into Nyx,3,Near Mint,Rare,$1.250,$4.50,$3.750,$13.50,,,
Mana Crypt,Eternal Masters,1,Near Mint,MythicRare,$51.500,$85.75,$51.500,$85.75,,,
Mana Cylix,Planeshift,2,Near Mint,Uncommon,$.003,$0.15,$.006,$0.30,,,
Mana Drain,Legends,1,Played,Uncommon,$87.500,$174.89,$87.500,$174.89,,,
Mana Drain,Legends,1,Good (Lightly Played),Uncommon,$95.250,$190.32,$95.250,$190.32,,,
Mana Flare,Revised Edition,4,Near Mint,Rare,$.500,$2.00,$2.000,$8.00,,,
Mana Maze,Invasion,1,Near Mint,Rare,$.050,$0.45,$.050,$0.45,,,
Mana Short,Revised Edition,1,Near Mint,Rare,$.050,$0.65,$.050,$0.65,,,
Mana Short,Revised Edition,1,Played,Rare,$.050,$0.65,$.050,$0.65,,,
Mana Vapors,Prophecy,2,Near Mint,Uncommon,$.003,$0.15,$.006,$0.30,,,
Mana Vault,Revised Edition,1,Near Mint,Rare,$5.000,$10.18,$5.000,$10.18,,,
Mana Vault,Revised Edition,4,Good (Lightly Played),Rare,$5.500,$11.00,$22.000,$44.00,,,
Mana Vortex,The Dark,1,Good (Lightly Played),Rare,$1.000,$3.70,$1.000,$3.70,,,
Mana Vortex,The Dark,2,Near Mint,Rare,$1.000,$4.00,$2.000,$8.00,,,
Manabarbs,Revised Edition,2,Near Mint,Rare,$.050,$0.30,$.100,$0.60,,,
Manabarbs,Magic 2012,12,Near Mint,Rare,$.050,$0.30,$.600,$3.60,,,
Manabond,Exodus,1,Near Mint,Rare,$1.250,$4.50,$1.250,$4.50,,,
Manacles of Decay,Apocalypse,4,Near Mint,Common,$.003,$0.10,$.012,$0.40,,,
Managorger Hydra,Magic Origins,33,Near Mint,Rare,$.100,$1.50,$3.300,$49.50,,,
Mangara's Equity,Mirage,1,Near Mint,Uncommon,$.003,$0.15,$.003,$0.15,,,
Maniacal Rage,Exodus,1,Near Mint,Common,$.003,$0.15,$.003,$0.15,,,
Maniacal Rage,Invasion,4,Near Mint,Common,$.003,$0.10,$.012,$0.40,,,
Manipulate Fate,Invasion,4,Near Mint,Uncommon,$.003,$0.50,$.012,$2.00,,,
Manor Gargoyle,Innistrad,34,Near Mint,Rare,$.050,$0.30,$1.700,$10.20,,,
Mantis Rider,Khans of Tarkir,55,Near Mint,Rare,$.050,$0.45,$2.750,$24.75,,,
Marble Diamond,Mirage,1,Near Mint,Uncommon,$.003,$0.15,$.003,$0.15,,,
Marble Priest,Legends,1,Good (Lightly Played),Uncommon,$.003,$0.25,$.003,$0.25,,,
March from the Tomb,Battle for Zendikar,44,Near Mint,Rare,$.050,$0.30,$2.200,$13.20,,,
March of Souls,Planeshift,1,Near Mint,Rare,$.050,$0.65,$.050,$0.65,,,
Mardu Ascendancy,Khans of Tarkir,35,Near Mint,Rare,$.050,$0.30,$1.750,$10.50,,,
Mardu Strike Leader,Fate Reforged,33,Near Mint,Rare,$.050,$0.65,$1.650,$21.45,,,
Markov Blademaster,Dark Ascension,14,Near Mint,Rare,$.050,$0.65,$.700,$9.10,,,
Markov Dreadknight,Shadows over Innistrad,14,Near Mint,Rare,$.050,$0.30,$.700,$4.20,,,
Marsh Boa,Prophecy,3,Near Mint,Common,$.003,$0.15,$.009,$0.45,,,
Marsh Crocodile,Planeshift,2,Near Mint,Uncommon,$.003,$0.15,$.006,$0.30,,,
Marsh Flats,Zendikar,1,Near Mint,Rare,$26.500,$44.25,$26.500,$44.25,,,
Marsh Gas,The Dark,5,Near Mint,Common,$.003,$0.10,$.015,$0.50,,,
Marsh Goblins,The Dark,7,Near Mint,Common,$.003,$0.10,$.021,$0.70,,,
Marsh Viper,The Dark,5,Near Mint,Common,$.003,$0.10,$.015,$0.50,,,
Martial Law,Return to Ravnica,62,Near Mint,Rare,$.050,$0.30,$3.100,$18.60,,,
Martyr's Cry,The Dark,1,Near Mint,Rare,$.050,$0.65,$.050,$0.65,,,
Martyrs' Tomb,Apocalypse,7,Near Mint,Uncommon,$.003,$0.15,$.021,$1.05,,,
Mask of the Mimic,Stronghold,1,Near Mint,Uncommon,$.003,$0.25,$.003,$0.25,,,
Mass Calcify,Magic 2015 Core Set,12,Near Mint,Rare,$.050,$0.30,$.600,$3.60,,,
Massacre,Nemesis,4,Near Mint,Uncommon,$.003,$0.35,$.012,$1.40,,,
Master of Arms,Weatherlight,1,Near Mint,Uncommon,$.003,$0.15,$.003,$0.15,,,
Master of Etherium,Duel Decks: Elspeth vs. Tezzeret,1,Near Mint,Rare,$6.000,$11.75,$6.000,$11.75,,,
Master of Pearls,Khans of Tarkir,33,Near Mint,Rare,$.050,$0.30,$1.650,$9.90,,,
Master of Predicaments,Magic 2015 Core Set,13,Near Mint,Rare,$.050,$0.15,$.650,$1.95,,,
Master of the Feast,Journey into Nyx,19,Near Mint,Rare,$.100,$1.00,$1.900,$19.00,,,
Master of the Pearl Trident,Magic 2013,10,Near Mint,Rare,$3.500,$7.00,$35.000,$70.00,,,
Master of the Wild Hunt,Magic 2010,1,Played,MythicRare,$5.750,$11.48,$5.750,$11.48,,,
Master of the Wild Hunt,Magic 2010,1,Near Mint,MythicRare,$6.750,$13.50,$6.750,$13.50,,,
Master of Waves,Theros,9,Near Mint,MythicRare,$2.000,$4.00,$18.000,$36.00,,,
Mastery of the Unseen,Fate Reforged,34,Near Mint,Rare,$.050,$0.45,$1.700,$15.30,,,
Matter Reshaper,Oath of the Gatewatch,36,Near Mint,Rare,$1.000,$4.00,$36.000,$144.00,,,
Maze of Ith,The Dark,1,Played,Uncommon,$6.750,$20.35,$6.750,$20.35,,,
Maze of Ith,The Dark,1,Played,Uncommon,$9.250,$18.70,$9.250,$18.70,,,
Maze of Ith,The Dark,2,Near Mint,Rare,$9.250,$18.70,$18.500,$37.40,,,
Maze of Ith,Eternal Masters,3,Good (Lightly Played),Uncommon,$10.250,$13.50,$30.750,$40.50,,,
Maze's End,Dragon's Maze,13,Near Mint,MythicRare,$.250,$0.99,$3.250,$12.87,,,
Meandering Towershell,Khans of Tarkir,42,Near Mint,Rare,$.050,$0.30,$2.100,$12.60,,,
Medomai the Ageless,Theros,26,Near Mint,MythicRare,$.250,$0.99,$6.500,$25.74,,,
Meekstone,Revised Edition,1,Near Mint,Rare,$.100,$1.50,$.100,$1.50,,,
Megantic Sliver,Magic 2014 Core Set,13,Near Mint,Rare,$.050,$0.65,$.650,$8.45,,,
Melee,Ice Age,1,Near Mint,Uncommon,$.003,$0.15,$.003,$0.15,,,
"Melek, Izzet Paragon",Dragon's Maze,15,Near Mint,Rare,$.050,$0.30,$.750,$4.50,,,
Meletis Charlatan,Theros,62,Near Mint,Rare,$.050,$0.15,$3.100,$9.30,,,
"Melira, Sylvok Outcast",New Phyrexia,2,Near Mint,Rare,$4.500,$8.75,$9.000,$17.50,,,
Memoricide,Scars of Mirrodin,1,Near Mint,Rare,$.050,$0.30,$.050,$0.30,,,
Memory Lapse,Mirage,1,Near Mint,Common,$.003,$0.15,$.003,$0.15,,,
Mentor of the Meek,Innistrad,13,Near Mint,Rare,$.100,$1.00,$1.300,$13.00,,,
Mercadia's Downfall,Mercadian Masques,1,Near Mint,Uncommon,$.003,$0.15,$.003,$0.15,,,
Mercadian Bazaar,Mercadian Masques,1,Near Mint,Uncommon,$.003,$0.25,$.003,$0.25,,,
Mercenary Informer,Prophecy,1,Near Mint,Rare,$.050,$0.30,$.050,$0.30,,,
Merciless Eviction,Gatecrash,45,Near Mint,Rare,$.050,$0.90,$2.250,$40.50,,,
Mercurial Chemister,Return to Ravnica,36,Near Mint,Rare,$.050,$0.30,$1.800,$10.80,,,
Mercurial Pretender,Magic 2015 Core Set,2,Near Mint,Rare,$.050,$0.15,$.100,$0.30,,,
Merfolk Assassin,The Dark,3,Near Mint,Uncommon,$.003,$0.35,$.009,$1.05,,,
Merfolk Looter,Exodus,4,Near Mint,Common,$.003,$0.15,$.012,$0.60,,,
Merfolk of the Pearl Trident,Revised Edition,4,Near Mint,Common,$.003,$0.15,$.012,$0.60,,,
Merfolk Raiders,Mirage,1,Near Mint,Common,$.003,$0.10,$.003,$0.10,,,
Merseine,Fallen Empires,6,Near Mint,Common,$.003,$0.10,$.018,$0.60,,,
Merseine,Fallen Empires,6,Near Mint,Common,$.003,$0.15,$.018,$0.90,,,
Merseine,Fallen Empires,6,Near Mint,Common,$.003,$0.15,$.018,$0.90,,,
Merseine,Fallen Empires,7,Near Mint,Common,$.003,$0.15,$.021,$1.05,,,
Mesa Enchantress,Magic 2012,5,Near Mint,Rare,$.050,$0.30,$.250,$1.50,,,
Mesa Falcon,Classic Sixth Edition,1,Near Mint,Common,$.003,$0.10,$.003,$0.10,,,
Mesa Pegasus,Revised Edition,9,Near Mint,Common,$.003,$0.10,$.027,$0.90,,,
Mesmeric Orb,Mirrodin,1,Near Mint,Rare,$6.000,$12.00,$6.000,$12.00,,,
Metalworker,Urza's Destiny,2,Near Mint,Rare,$27.000,$44.85,$54.000,$89.70,,,
Metathran Transport,Invasion,1,Near Mint,Uncommon,$.003,$0.15,$.003,$0.15,,,
Metathran Zombie,Invasion,4,Near Mint,Common,$.003,$0.15,$.012,$0.60,,,
Meteor Crater,Planeshift,1,Near Mint,Rare,$.100,$1.50,$.100,$1.50,,,
Meteor Shower,Ice Age,2,Near Mint,Common,$.003,$0.10,$.006,$0.20,,,
Midnight Ritual,Mercadian Masques,1,Near Mint,Rare,$.050,$0.30,$.050,$0.30,,,
Might Weaver,Invasion,2,Near Mint,Uncommon,$.003,$0.15,$.006,$0.30,,,
Mightstone,Antiquities,1,Played,Uncommon,$.003,$0.35,$.003,$0.35,,,
Mijae Djinn,Revised Edition,2,Near Mint,Rare,$.050,$0.30,$.100,$0.60,,,
"Mikaeus, the Lunarch",Innistrad,2,Near Mint,MythicRare,$1.000,$3.50,$2.000,$7.00,,,
Millstone,Revised Edition,1,Near Mint,Rare,$.050,$0.45,$.050,$0.45,,,
Mimic Vat,Scars of Mirrodin,2,Near Mint,Rare,$.750,$3.00,$1.500,$6.00,,,
"Mina and Denn, Wildborn",Oath of the Gatewatch,29,Near Mint,Rare,$.050,$0.55,$1.450,$15.95,,,
"Minamo, School at Water's Edge",Champions of Kamigawa,2,Near Mint,Rare,$14.500,$24.25,$29.000,$48.50,,,
Mind Bomb,The Dark,1,Near Mint,Rare,$.050,$0.65,$.050,$0.65,,,
Mind Extraction,Apocalypse,4,Near Mint,Common,$.003,$0.10,$.012,$0.40,,,
Mind Games,Stronghold,1,Near Mint,Common,$.003,$0.15,$.003,$0.15,,,
Mind Grind,Gatecrash,7,Near Mint,Rare,$.500,$2.00,$3.500,$14.00,,,
Mind Maggots,Exodus,2,Near Mint,Uncommon,$.003,$0.15,$.006,$0.30,,,
Mind Over Matter,Exodus,1,Near Mint,Rare,$6.750,$13.50,$6.750,$13.50,,,
Mind Peel,Stronghold,1,Near Mint,Uncommon,$.003,$0.15,$.003,$0.15,,,
Mind Ravel,Ice Age,2,Near Mint,Common,$.003,$0.10,$.006,$0.20,,,
Mind Slash,Nemesis,6,Near Mint,Uncommon,$.003,$0.50,$.018,$3.00,,,
Mind Swords,Nemesis,6,Near Mint,Common,$.003,$0.10,$.018,$0.60,,,
Mind Twist,Revised Edition,2,Near Mint,Rare,$.750,$2.75,$1.500,$5.50,,,
Mind Unbound,Magic 2012,6,Near Mint,Rare,$.050,$0.30,$.300,$1.80,,,
Mindless Automaton,Exodus,2,Near Mint,Rare,$.050,$0.30,$.100,$0.60,,,
Mindreaver,Born of the Gods,13,Near Mint,Rare,$.050,$0.30,$.650,$3.90,,,
Mindshrieker,Innistrad,26,Near Mint,Rare,$.050,$0.30,$1.300,$7.80,,,
Mindslaver,Scars of Mirrodin,1,Near Mint,MythicRare,$2.500,$5.00,$2.500,$5.00,,,
Mindsparker,Magic 2014 Core Set,12,Near Mint,Rare,$.050,$0.30,$.600,$3.60,,,
Mindstab Thrull,Fallen Empires,5,Near Mint,Common,$.003,$0.15,$.015,$0.75,,,
Mindstab Thrull,Fallen Empires,5,Near Mint,Common,$.003,$0.15,$.015,$0.75,,,
Mindstab Thrull,Fallen Empires,8,Near Mint,Common,$.003,$0.15,$.024,$1.20,,,
Mindswipe,Khans of Tarkir,60,Near Mint,Rare,$.050,$0.30,$3.000,$18.00,,,
Mindwrack Demon,Shadows over Innistrad,13,Near Mint,MythicRare,$.750,$2.50,$9.750,$32.50,,,
Mine Bearer,Prophecy,1,Near Mint,Common,$.003,$0.10,$.003,$0.10,,,
Minotaur Illusionist,Apocalypse,7,Near Mint,Uncommon,$.003,$0.15,$.021,$1.05,,,
Minotaur Tactician,Apocalypse,4,Near Mint,Common,$.003,$0.10,$.012,$0.40,,,
Miracle Worker,The Dark,7,Near Mint,Common,$.003,$0.10,$.021,$0.70,,,
Mire Kavu,Planeshift,6,Near Mint,Common,$.003,$0.10,$.018,$0.60,,,
"Mirko Vosk, Mind Drinker",Dragon's Maze,15,Near Mint,Rare,$.050,$0.90,$.750,$13.50,,,
Mirran Crusader,Mirrodin Besieged,4,Near Mint,Rare,$.100,$1.50,$.400,$6.00,,,
Mirror Mockery,Dragons of Tarkir,12,Near Mint,Rare,$.050,$0.45,$.600,$5.40,,,
Mirror-Mad Phantasm,Innistrad,29,Near Mint,MythicRare,$.250,$0.99,$7.250,$28.71,,,
Mirrorpool,Oath of the Gatewatch,5,Near Mint,MythicRare,$.500,$2.00,$2.500,$10.00,,,
Mirrorwood Treefolk,Planeshift,1,Near Mint,Uncommon,$.003,$0.15,$.003,$0.15,,,
Mirrorworks,Mirrodin Besieged,8,Near Mint,Rare,$.100,$1.75,$.800,$14.00,,,
Miscalculation,Urza's Legacy,1,Near Mint,Common,$.003,$0.15,$.003,$0.15,,,
Mischievous Poltergeist,Weatherlight,1,Near Mint,Uncommon,$.003,$0.15,$.003,$0.15,,,
Misdirection,Mercadian Masques,1,Near Mint,Rare,$2.500,$5.00,$2.500,$5.00,,,
Mishra's Factory,Antiquities,1,Played,Uncommon,$.003,$0.00,$.003,$0.00,,,
Mishra's Factory,Antiquities,1,Near Mint,Rare,$.050,$0.00,$.050,$0.00,,,
Mishra's Factory,Antiquities,1,Played,Rare,$.050,$0.00,$.050,$0.00,,,
Mishra's Factory,Antiquities,1,Played,Rare,$.050,$0.00,$.050,$0.00,,,
Mishra's Factory,Fourth Edition,2,Good (Lightly Played),Rare,$.050,$1.75,$.100,$3.50,,,
Mishra's Factory,Antiquities,1,Near Mint,Uncommon,$.250,$0.00,$.250,$0.00,,,
Mishra's Helix,Urza's Saga,1,Near Mint,Rare,$.100,$1.25,$.100,$1.25,,,
Mishra's Workshop,Antiquities,1,Good (Lightly Played),Rare,$647.500,$925.00,$647.500,$925.00,,,
Misshapen Fiend,Mercadian Masques,3,Near Mint,Common,$.003,$0.10,$.009,$0.30,,,
Misstep,Mercadian Masques,4,Near Mint,Common,$.003,$0.10,$.012,$0.40,,,
Mistcutter Hydra,Theros,45,Near Mint,Rare,$.050,$0.55,$2.250,$24.75,,,
Misthollow Griffin,Avacyn Restored,17,Near Mint,MythicRare,$.250,$0.99,$4.250,$16.83,,,
Misty Rainforest,Zendikar,1,Near Mint,Rare,$33.500,$56.00,$33.500,$56.00,,,
Mitotic Manipulation,Mirrodin Besieged,14,Near Mint,Rare,$.050,$0.30,$.700,$4.20,,,
Mizzium Meddler,Magic Origins,25,Near Mint,Rare,$.050,$0.45,$1.250,$11.25,,,
Mizzium Mortars,Return to Ravnica,26,Near Mint,Rare,$.050,$0.45,$1.300,$11.70,,,
Mob Justice,Stronghold,1,Near Mint,Common,$.003,$0.15,$.003,$0.15,,,
Mob Rule,Fate Reforged,17,Near Mint,Rare,$.050,$0.30,$.850,$5.10,,,
Mobile Fort,Urza's Saga,1,Near Mint,Uncommon,$.003,$0.15,$.003,$0.15,,,
Mogg Alarm,Nemesis,6,Near Mint,Uncommon,$.003,$0.15,$.018,$0.90,,,
Mogg Bombers,Stronghold,3,Near Mint,Common,$.003,$0.15,$.009,$0.45,,,
Mogg Flunkies,Stronghold,1,Near Mint,Common,$.003,$0.15,$.003,$0.15,,,
Mogg Hollows,Tempest,1,Near Mint,Uncommon,$.003,$0.15,$.003,$0.15,,,
Mogg Jailer,Planeshift,3,Near Mint,Uncommon,$.003,$0.15,$.009,$0.45,,,
Mogg Maniac,Stronghold,1,Near Mint,Uncommon,$.003,$0.85,$.003,$0.85,,,
Mogg Salvage,Nemesis,4,Near Mint,Uncommon,$.003,$0.15,$.012,$0.60,,,
Mogg Sentry,Planeshift,1,Near Mint,Rare,$.050,$0.30,$.050,$0.30,,,
Mogg Toady,Nemesis,5,Near Mint,Common,$.003,$0.10,$.015,$0.50,,,
Moggcatcher,Nemesis,3,Near Mint,Rare,$2.500,$5.00,$7.500,$15.00,,,
"Mogis, God of Slaughter",Born of the Gods,17,Near Mint,MythicRare,$2.500,$5.00,$42.500,$85.00,,,
Moldgraf Monstrosity,Innistrad,38,Near Mint,Rare,$.050,$0.30,$1.900,$11.40,,,
Mole Worms,Ice Age,1,Near Mint,Uncommon,$.003,$0.15,$.003,$0.15,,,
Molten Primordial,Gatecrash,27,Near Mint,Rare,$.050,$0.30,$1.350,$8.10,,,
Molten Psyche,Scars of Mirrodin,11,Near Mint,Rare,$.050,$0.30,$.550,$3.30,,,
Molten Vortex,Magic Origins,18,Near Mint,Rare,$.050,$0.55,$.900,$9.90,,,
Moltensteel Dragon,New Phyrexia,10,Near Mint,Rare,$.050,$0.55,$.500,$5.50,,,
Molting Harpy,Mercadian Masques,1,Near Mint,Uncommon,$.003,$0.15,$.003,$0.15,,,
Moment of Silence,Mercadian Masques,4,Near Mint,Common,$.003,$0.15,$.012,$0.60,,,
Monastery Siege,Fate Reforged,27,Near Mint,Rare,$.050,$0.65,$1.350,$17.55,,,
Monastery Swiftspear,Khans of Tarkir,10,Near Mint,Uncommon,$.500,$2.25,$5.000,$22.50,,,
Mondronen Shaman,Dark Ascension,30,Near Mint,Rare,$.050,$0.45,$1.500,$13.50,,,
Monk Realist,Urza's Saga,2,Near Mint,Common,$.003,$0.15,$.006,$0.30,,,
Monomania,Magic 2012,2,Near Mint,Rare,$.050,$0.30,$.100,$0.60,,,
Mons's Goblin Raiders,Revised Edition,4,Near Mint,Common,$.003,$0.10,$.012,$0.40,,,
Moonlit Wake,Mercadian Masques,1,Near Mint,Uncommon,$.003,$0.15,$.003,$0.15,,,
Moonveil Dragon,Dark Ascension,2,Near Mint,MythicRare,$.500,$2.25,$1.000,$4.50,,,
Moorland Haunt,Innistrad,33,Near Mint,Rare,$.050,$0.30,$1.650,$9.90,,,
Morale,The Dark,7,Near Mint,Common,$.003,$0.10,$.021,$0.70,,,
Morgue Thrull,Stronghold,1,Near Mint,Common,$.003,$0.15,$.003,$0.15,,,
Morgue Toad,Planeshift,6,Near Mint,Common,$.003,$0.10,$.018,$0.60,,,
Mortal Wound,Visions,2,Near Mint,Common,$.003,$0.15,$.006,$0.30,,,
Mortuary,Stronghold,1,Near Mint,Rare,$.050,$0.30,$.050,$0.30,,,
Moss Diamond,Classic Sixth Edition,1,Near Mint,Uncommon,$.003,$0.25,$.003,$0.25,,,
Moss Monster,Legends,2,Near Mint,Common,$.003,$0.15,$.006,$0.30,,,
Mossdog,Nemesis,11,Near Mint,Common,$.003,$0.10,$.033,$1.10,,,
Mountain,Unhinged,2,Near Mint,BasicLand,#N/A,$0.00,#N/A,$0.00,,,
Mountain Goat,Ice Age,1,Near Mint,Common,$.003,$0.15,$.003,$0.15,,,
Mountain Goat,Classic Sixth Edition,1,Near Mint,Common,$.003,$0.15,$.003,$0.15,,,
Mountain Stronghold,Legends,2,Near Mint,Uncommon,$.003,$0.35,$.006,$0.70,,,
Mountain Yeti,Legends,1,Near Mint,Uncommon,$.003,$0.50,$.003,$0.50,,,
Mournful Zombie,Apocalypse,4,Near Mint,Common,$.003,$0.10,$.012,$0.40,,,
Mourning,Invasion,4,Near Mint,Common,$.003,$0.15,$.012,$0.60,,,
Mox Opal,Scars of Mirrodin,2,Near Mint,MythicRare,$23.500,$39.25,$47.000,$78.50,,,
Mtenda Lion,Mirage,1,Near Mint,Common,$.003,$0.10,$.003,$0.10,,,
Mulch,Stronghold,2,Near Mint,Common,$.003,$0.15,$.006,$0.30,,,
Multani's Acolyte,Urza's Legacy,2,Near Mint,Common,$.003,$0.15,$.006,$0.30,,,
Multani's Harmony,Planeshift,1,Near Mint,Uncommon,$.003,$0.15,$.003,$0.15,,,
"Munda, Ambush Leader",Battle for Zendikar,64,Near Mint,Rare,$.050,$0.30,$3.200,$19.20,,,
Munda's Vanguard,Oath of the Gatewatch,20,Near Mint,Rare,$.050,$0.30,$1.000,$6.00,,,
Mundungu,Visions,1,Near Mint,Uncommon,$.003,$0.25,$.003,$0.25,,,
Murderous Betrayal,Nemesis,2,Near Mint,Rare,$.050,$0.30,$.100,$0.60,,,
Murk Dwellers,The Dark,5,Near Mint,Common,$.003,$0.10,$.015,$0.50,,,
Muscle Sliver,Tempest,1,Near Mint,Common,$.003,$0.60,$.003,$0.60,,,
Mutagenic Growth,New Phyrexia,2,Near Mint,Common,$.003,$0.40,$.006,$0.80,,,
Mutavault,Magic 2014 Core Set,1,Near Mint,Rare,$6.500,$12.75,$6.500,$12.75,,,
Mutavault,Morningtide,3,Near Mint,Rare,$8.000,$15.75,$24.000,$47.25,,,
Mutilate,Magic 2013,23,Near Mint,Rare,$.050,$0.55,$1.150,$12.65,,,
Muzzle,Mercadian Masques,4,Near Mint,Common,$.003,$0.10,$.012,$0.40,,,
Mycosynth Golem,Fifth Dawn,1,Good (Lightly Played),Rare,$5.250,$10.41,$5.250,$10.41,,,
Mycosynth Golem,Fifth Dawn,1,Played,Rare,$5.750,$11.33,$5.750,$11.33,,,
Mycosynth Lattice,Darksteel,1,Good (Lightly Played),Rare,$10.000,$19.89,$10.000,$19.89,,,
Myr Battlesphere,Scars of Mirrodin,8,Near Mint,Rare,$.050,$0.65,$.400,$5.20,,,
Myr Propagator,Scars of Mirrodin,9,Near Mint,Rare,$.050,$0.30,$.450,$2.70,,,
Myr Reservoir,Scars of Mirrodin,10,Near Mint,Rare,$.050,$0.55,$.500,$5.50,,,
Myr Superion,New Phyrexia,8,Near Mint,Rare,$.100,$1.75,$.800,$14.00,,,
Myr Turbine,Mirrodin Besieged,11,Near Mint,Rare,$.100,$1.25,$1.100,$13.75,,,
Myr Welder,Mirrodin Besieged,11,Near Mint,Rare,$.050,$0.30,$.550,$3.30,,,
Mystic Genesis,Gatecrash,50,Near Mint,Rare,$.050,$0.15,$2.500,$7.50,,,
Mystic Veil,Visions,1,Near Mint,Common,$.003,$0.15,$.003,$0.15,,,
Mystical Tutor,Classic Sixth Edition,1,Near Mint,Uncommon,$3.250,$6.50,$3.250,$6.50,,,
Myth Realized,Dragons of Tarkir,45,Near Mint,Rare,$.050,$0.65,$2.250,$29.25,,,
Nacre Talisman,Ice Age,1,Near Mint,Uncommon,$.003,$0.15,$.003,$0.15,,,
"Nahiri, the Harbinger",Shadows over Innistrad,5,Near Mint,MythicRare,$14.000,$23.50,$70.000,$117.50,,,
Nakaya Shade,Prophecy,4,Near Mint,Uncommon,$.003,$0.15,$.012,$0.60,,,
Nalathni Dragon,Media Inserts,4,Near Mint,Special,#N/A,#N/A,#N/A,#N/A,,,
Nameless Race,The Dark,2,Near Mint,Rare,$.050,$0.45,$.100,$0.90,,,
Narset Transcendent,Dragons of Tarkir,1,Near Mint,MythicRare,$4.250,$8.50,$4.250,$8.50,,,
"Narset, Enlightened Master",Khans of Tarkir,28,Near Mint,MythicRare,$.250,$0.99,$7.000,$27.72,,,
Natural Affinity,Mercadian Masques,1,Near Mint,Rare,$.050,$0.45,$.050,$0.45,,,
Natural Emergence,Planeshift,2,Near Mint,Rare,$.050,$0.30,$.100,$0.60,,,
Natural Order,Eternal Masters,3,Near Mint,MythicRare,$14.750,$24.75,$44.250,$74.25,,,
Nature's Kiss,Weatherlight,1,Near Mint,Common,$.003,$0.10,$.003,$0.10,,,
Nausea,Exodus,2,Near Mint,Common,$.003,$0.15,$.006,$0.30,,,
Necra Disciple,Apocalypse,4,Near Mint,Common,$.003,$0.15,$.012,$0.60,,,
Necra Sanctuary,Apocalypse,7,Near Mint,Uncommon,$.003,$0.15,$.021,$1.05,,,
Necrite,Fallen Empires,5,Near Mint,Common,$.003,$0.15,$.015,$0.75,,,
Necrite,Fallen Empires,6,Near Mint,Common,$.003,$0.15,$.018,$0.90,,,
Necrite,Fallen Empires,8,Near Mint,Common,$.003,$0.15,$.024,$1.20,,,
Necrologia,Exodus,1,Near Mint,Uncommon,$.003,$0.15,$.003,$0.15,,,
Necromancer's Stockpile,Magic 2015 Core Set,7,Near Mint,Rare,$.050,$0.30,$.350,$2.10,,,
Necromaster Dragon,Dragons of Tarkir,23,Near Mint,Rare,$.050,$0.30,$1.150,$6.90,,,
Necropolis,The Dark,2,Near Mint,Uncommon,$.003,$0.15,$.006,$0.30,,,
Necropolis Fiend,Khans of Tarkir,49,Near Mint,Rare,$.050,$0.30,$2.450,$14.70,,,
Necropolis Regent,Return to Ravnica,21,Near Mint,MythicRare,$.500,$2.00,$10.500,$42.00,,,
Necropotence,Ice Age,3,Near Mint,Rare,$4.500,$9.00,$13.500,$27.00,,,
Necrosavant,Visions,1,Near Mint,Rare,$.050,$0.30,$.050,$0.30,,,
Necrotic Ooze,Scars of Mirrodin,12,Near Mint,Rare,$.100,$1.50,$1.200,$18.00,,,
Needle Spires,Oath of the Gatewatch,31,Near Mint,Rare,$.100,$1.50,$3.100,$46.50,,,
"Nefarox, Overlord of Grixis",Magic 2013,4,Near Mint,Rare,$.050,$0.65,$.200,$2.60,,,
"Nemata, Grove Guardian",Planeshift,1,Near Mint,Rare,$.100,$1.50,$.100,$1.50,,,
Nephalia Drownyard,Innistrad,20,Near Mint,Rare,$.050,$0.45,$1.000,$9.00,,,
Nephalia Moondrakes,Shadows over Innistrad,18,Near Mint,Rare,$.050,$0.30,$.900,$5.40,,,
Nessian Wilds Ravager,Born of the Gods,4,Near Mint,Rare,$.050,$0.30,$.200,$1.20,,,
Nesting Wurm,Nemesis,5,Near Mint,Uncommon,$.003,$0.15,$.015,$0.75,,,
Nether Spirit,Mercadian Masques,1,Near Mint,Rare,$.750,$2.50,$.750,$2.50,,,
Nether Void,Legends,1,Near Mint,Rare,$257.250,$367.50,$257.250,$367.50,,,
Netter en-Dal,Nemesis,5,Near Mint,Common,$.003,$0.10,$.015,$0.50,,,
Nettling Imp,Unlimited Edition,1,Near Mint,Uncommon,$.003,$0.75,$.003,$0.75,,,
Nettling Imp,Revised Edition,7,Near Mint,Uncommon,$.003,$0.15,$.021,$1.05,,,
Nevermore,Innistrad,39,Near Mint,Rare,$.050,$0.75,$1.950,$29.25,,,
Nevinyrral's Disk,Fourth Edition,1,Near Mint,Rare,$.100,$1.14,$.100,$1.14,,,
Nevinyrral's Disk,Fourth Edition,1,Poor,Rare,$.100,$1.49,$.100,$1.49,,,
Nevinyrral's Disk,Fourth Edition,1,Played,Rare,$.100,$1.62,$.100,$1.62,,,
Nevinyrral's Disk,Revised Edition,1,Good (Lightly Played),Rare,$.500,$2.00,$.500,$2.00,,,
Niall Silvain,The Dark,1,Near Mint,Rare,$.050,$0.55,$.050,$0.55,,,
Night // Day,Apocalypse,7,Near Mint,Uncommon,$.003,$0.15,$.021,$1.05,,,
Night of Souls' Betrayal,Champions of Kamigawa,1,Near Mint,Rare,$5.500,$10.75,$5.500,$10.75,,,
Night Soil,Fallen Empires,4,Near Mint,Common,$.003,$0.15,$.012,$0.60,,,
Night Soil,Fallen Empires,7,Near Mint,Common,$.003,$0.15,$.021,$1.05,,,
Night Soil,Fallen Empires,7,Near Mint,Common,$.003,$0.15,$.021,$1.05,,,
Nighthowler,Theros,67,Near Mint,Rare,$.050,$0.30,$3.350,$20.10,,,
Nightmare,Magic 2014 Core Set,7,Near Mint,Rare,$.050,$0.30,$.350,$2.10,,,
Nightmare,Magic 2015 Core Set,7,Near Mint,Rare,$.050,$0.30,$.350,$2.10,,,
Nightmare,Magic Origins,8,Near Mint,Rare,$.050,$0.45,$.400,$3.60,,,
Nightscape Apprentice,Invasion,4,Near Mint,Common,$.003,$0.10,$.012,$0.40,,,
Nightscape Battlemage,Planeshift,2,Near Mint,Uncommon,$.003,$0.15,$.006,$0.30,,,
Nightscape Familiar,Planeshift,8,Near Mint,Common,$.003,$0.15,$.024,$1.20,,,
Nightveil Specter,Gatecrash,13,Near Mint,Rare,$.050,$0.90,$.650,$11.70,,,
Nightwind Glider,Mercadian Masques,4,Near Mint,Common,$.003,$0.10,$.012,$0.40,,,
Nimbus Maze,Future Sight,2,Near Mint,Rare,$17.500,$29.00,$35.000,$58.00,,,
"Nissa, Voice of Zendikar",Oath of the Gatewatch,1,Near Mint,Rare,$5.750,$11.50,$5.750,$11.50,,,
"Nissa, Worldwaker",Magic 2015 Core Set,1,Near Mint,Rare,$5.000,$10.00,$5.000,$10.00,,,
Nissa's Renewal,Battle for Zendikar,52,Near Mint,MythicRare,$.250,$0.90,$13.000,$46.80,,,
Nissa's Revelation,Magic Origins,16,Near Mint,MythicRare,$.250,$0.30,$4.000,$4.80,,,
"Niv-Mizzet, Dracogenius",Return to Ravnica,10,Near Mint,MythicRare,$.250,$1.50,$2.500,$15.00,,,
Nivmagus Elemental,Return to Ravnica,62,Near Mint,Rare,$.050,$0.45,$3.100,$27.90,,,
No Mercy,Urza's Legacy,1,Near Mint,Rare,$5.500,$10.75,$5.500,$10.75,,,
No Rest for the Wicked,Urza's Saga,2,Near Mint,Uncommon,$.003,$0.15,$.006,$0.30,,,
Noble Benefactor,Weatherlight,1,Near Mint,Uncommon,$.003,$0.25,$.003,$0.25,,,
Noble Hierarch,Modern Masters 2015 Edition,2,Near Mint,Rare,$29.750,$49.75,$59.500,$99.50,,,
Noble Purpose,Mercadian Masques,2,Near Mint,Uncommon,$.003,$0.50,$.006,$1.00,,,
Noble Stand,Nemesis,4,Near Mint,Uncommon,$.003,$0.15,$.012,$0.60,,,
Nomadic Elf,Invasion,4,Near Mint,Common,$.003,$0.10,$.012,$0.40,,,
Norn's Annex,New Phyrexia,2,Near Mint,Rare,$.750,$3.00,$1.500,$6.00,,,
Norritt,Ice Age,1,Near Mint,Common,$.003,$0.15,$.003,$0.15,,,
Notion Thief,Dragon's Maze,35,Near Mint,Rare,$.050,$0.75,$1.750,$26.25,,,
Nova Pentacle,Legends,1,Good (Lightly Played),Rare,$1.250,$4.63,$1.250,$4.63,,,
Noxious Vapors,Planeshift,4,Near Mint,Uncommon,$.003,$0.15,$.012,$0.60,,,
"Noyan Dar, Roil Shaper",Battle for Zendikar,41,Near Mint,Rare,$.050,$0.30,$2.050,$12.30,,,
Null Rod,Weatherlight,1,Near Mint,Rare,$19.000,$31.50,$19.000,$31.50,,,
"Nykthos, Shrine to Nyx",Theros,6,Near Mint,Rare,$3.250,$6.50,$19.500,$39.00,,,
"Nylea, God of the Hunt",Theros,20,Near Mint,MythicRare,$2.500,$5.00,$50.000,$100.00,,,
Oasis,Fourth Edition,4,Near Mint,Uncommon,$.003,$0.15,$.012,$0.60,,,
Oath of Chandra,Oath of the Gatewatch,25,Near Mint,Rare,$.050,$0.30,$1.250,$7.50,,,
Oath of Gideon,Oath of the Gatewatch,29,Near Mint,Rare,$.050,$0.55,$1.450,$15.95,,,
Oath of Jace,Oath of the Gatewatch,25,Near Mint,Rare,$.050,$0.90,$1.250,$22.50,,,
Oath of Mages,Exodus,1,Near Mint,Rare,$.050,$0.30,$.050,$0.30,,,
Oath of Nissa,Oath of the Gatewatch,8,Near Mint,Rare,$.750,$3.00,$6.000,$24.00,,,
Oath of the Ancient Wood,Magic 2014 Core Set,24,Near Mint,Rare,$.050,$0.30,$1.200,$7.20,,,
Ob Nixilis Reignited,Battle for Zendikar,7,Near Mint,MythicRare,$3.250,$6.25,$22.750,$43.75,,,
"Ob Nixilis, Unshackled",Magic 2015 Core Set,11,Near Mint,Rare,$.500,$2.25,$5.500,$24.75,,,
Obelisk of Undoing,Chronicles,1,Near Mint,Rare,$.050,$0.30,$.050,$0.30,,,
Obelisk of Urd,Magic 2015 Core Set,10,Near Mint,Rare,$.750,$2.50,$7.500,$25.00,,,
Obliterate,Invasion,4,Near Mint,Rare,$.750,$3.25,$3.000,$13.00,,,
Oblivion Sower,Battle for Zendikar,28,Near Mint,MythicRare,$.250,$1.75,$7.000,$49.00,,,
Oblivion Stone,Mirrodin,1,Good (Lightly Played),Rare,$16.000,$26.50,$16.000,$26.50,,,
Oblivion Stone,Commander,2,Near Mint,Rare,$14.500,$24.28,$29.000,$48.56,,,
"Oboro, Palace in the Clouds",Saviors of Kamigawa,2,Near Mint,Rare,$12.750,$21.25,$25.500,$42.50,,,
Obscuring Aether,Dragons of Tarkir,30,Near Mint,Rare,$.050,$0.30,$1.500,$9.00,,,
Obsianus Golem,Fourth Edition,1,Near Mint,Uncommon,$.003,$0.15,$.003,$0.15,,,
Obsianus Golem,Revised Edition,2,Near Mint,Uncommon,$.003,$0.15,$.006,$0.30,,,
Obsidian Acolyte,Invasion,4,Near Mint,Common,$.003,$0.15,$.012,$0.60,,,
"Obzedat, Ghost Council",Gatecrash,3,Near Mint,Rare,$1.000,$3.50,$3.000,$10.50,,,
Obzedat's Aid,Dragon's Maze,54,Near Mint,MythicRare,$.250,$0.30,$13.500,$16.20,,,
"Odric, Lunarch Marshal",Shadows over Innistrad,7,Near Mint,Rare,$.050,$0.55,$.350,$3.85,,,
"Odric, Master Tactician",Magic 2013,13,Near Mint,Rare,$.100,$1.50,$1.300,$19.50,,,
Off Balance,Nemesis,7,Near Mint,Common,$.003,$0.10,$.021,$0.70,,,
Ogre Battledriver,Magic 2014 Core Set,10,Near Mint,Rare,$.050,$0.30,$.500,$3.00,,,
Ogre Shaman,Exodus,1,Near Mint,Rare,$.050,$0.30,$.050,$0.30,,,
Ogre Slumlord,Gatecrash,31,Near Mint,Rare,$.050,$0.45,$1.550,$13.95,,,
Ogre Taskmaster,Mercadian Masques,1,Near Mint,Uncommon,$.003,$0.15,$.003,$0.15,,,
Ojutai Exemplars,Dragons of Tarkir,24,Near Mint,MythicRare,$.250,$1.00,$6.000,$24.00,,,
"Ojutai, Soul of Winter",Fate Reforged,39,Near Mint,Rare,$.050,$0.30,$1.950,$11.70,,,
Ojutai's Command,Dragons of Tarkir,21,Near Mint,Rare,$.100,$1.75,$2.100,$36.75,,,
Olivia Voldaren,Innistrad,3,Near Mint,MythicRare,$4.750,$9.25,$14.250,$27.75,,,
"Olivia, Mobilized for War",Shadows over Innistrad,4,Near Mint,MythicRare,$2.750,$5.25,$11.000,$21.00,,,
Omen Machine,New Phyrexia,10,Near Mint,Rare,$.050,$0.30,$.500,$3.00,,,
"Omnath, Locus of Rage",Battle for Zendikar,22,Near Mint,MythicRare,$.250,$1.50,$5.500,$33.00,,,
Onslaught,Exodus,3,Near Mint,Common,$.003,$0.15,$.009,$0.45,,,
Onulet,Revised Edition,1,Near Mint,Uncommon,$.003,$0.30,$.003,$0.30,,,
Onulet,Antiquities,1,Near Mint,Rare,$.050,$0.50,$.050,$0.50,,,
Ooze Flux,Gatecrash,50,Near Mint,Rare,$.050,$0.30,$2.500,$15.00,,,
Opal Caryatid,Urza's Saga,3,Near Mint,Common,$.003,$0.10,$.009,$0.30,,,
Opal Champion,Urza's Legacy,3,Near Mint,Common,$.003,$0.10,$.009,$0.30,,,
Opal Gargoyle,Urza's Saga,1,Near Mint,Common,$.003,$0.10,$.003,$0.10,,,
Opal Titan,Urza's Saga,1,Near Mint,Rare,$.050,$0.30,$.050,$0.30,,,
Opportunity,Urza's Legacy,1,Near Mint,Uncommon,$.003,$0.15,$.003,$0.15,,,
Opt,Invasion,4,Near Mint,Common,$.003,$0.15,$.012,$0.60,,,
Oracle of Bones,Born of the Gods,16,Near Mint,Rare,$.050,$0.15,$.800,$2.40,,,
Oracle's Attendants,Nemesis,1,Near Mint,Rare,$.050,$0.30,$.050,$0.30,,,
Oran-Rief Hydra,Battle for Zendikar,42,Near Mint,Rare,$.050,$0.30,$2.100,$12.60,,,
Oraxid,Nemesis,4,Near Mint,Common,$.003,$0.10,$.012,$0.40,,,
Orbs of Warding,Magic Origins,22,Near Mint,Rare,$.050,$0.45,$1.100,$9.90,,,
Orc General,The Dark,4,Near Mint,Uncommon,$.003,$0.15,$.012,$0.60,,,
Orcish Artillery,Classic Sixth Edition,1,Near Mint,Uncommon,$.003,$0.15,$.003,$0.15,,,
Orcish Captain,Fallen Empires,6,Near Mint,Uncommon,$.003,$0.15,$.018,$0.90,,,
Orcish Farmer,Ice Age,1,Near Mint,Common,$.003,$0.10,$.003,$0.10,,,
Orcish Librarian,Ice Age,1,Near Mint,Rare,$.050,$0.30,$.050,$0.30,,,
Orcish Lumberjack,Ice Age,1,Near Mint,Common,$.003,$0.15,$.003,$0.15,,,
Orcish Mine,Homelands,1,Near Mint,Uncommon,$.003,$0.15,$.003,$0.15,,,
Orcish Oriflamme,Fourth Edition,1,Near Mint,Uncommon,$.003,$0.15,$.003,$0.15,,,
Orcish Oriflamme,Revised Edition,5,Near Mint,Uncommon,$.003,$0.15,$.015,$0.75,,,
Orcish Spy,Fallen Empires,6,Near Mint,Common,$.003,$0.10,$.018,$0.60,,,
Orcish Spy,Fallen Empires,6,Near Mint,Common,$.003,$0.15,$.018,$0.90,,,
Orcish Spy,Fallen Empires,6,Near Mint,Common,$.003,$0.15,$.018,$0.90,,,
Orcish Veteran,Fallen Empires,5,Near Mint,Common,$.003,$0.10,$.015,$0.50,,,
Orcish Veteran,Fallen Empires,5,Near Mint,Common,$.003,$0.15,$.015,$0.75,,,
Orcish Veteran,Fallen Empires,6,Near Mint,Common,$.003,$0.15,$.018,$0.90,,,
Orcish Veteran,Fallen Empires,7,Near Mint,Common,$.003,$0.15,$.021,$1.05,,,
Order // Chaos,Apocalypse,7,Near Mint,Uncommon,$.003,$0.15,$.021,$1.05,,,
Order of Leitbur,Fallen Empires,3,Near Mint,Common,$.003,$0.15,$.009,$0.45,,,
Order of Leitbur,Fallen Empires,3,Near Mint,Common,$.003,$0.15,$.009,$0.45,,,
Order of Leitbur,Fallen Empires,4,Near Mint,Common,$.003,$0.15,$.012,$0.60,,,
Order of the Ebon Hand,Fallen Empires,3,Near Mint,Common,$.003,$0.15,$.009,$0.45,,,
Order of the Ebon Hand,Fallen Empires,5,Near Mint,Common,$.003,$0.15,$.015,$0.75,,,
Order of the Ebon Hand,Fallen Empires,8,Near Mint,Common,$.003,$0.15,$.024,$1.20,,,
Order of the White Shield,Ice Age,1,Near Mint,Uncommon,$.003,$0.25,$.003,$0.25,,,
Ordered Migration,Invasion,2,Near Mint,Uncommon,$.003,$0.15,$.006,$0.30,,,
Orgg,Fallen Empires,2,Near Mint,Rare,$.050,$0.30,$.100,$0.60,,,
Orim's Cure,Mercadian Masques,4,Near Mint,Common,$.003,$0.10,$.012,$0.40,,,
Orim's Thunder,Apocalypse,4,Near Mint,Common,$.003,$0.15,$.012,$0.60,,,
Orim's Touch,Invasion,3,Near Mint,Common,$.003,$0.10,$.009,$0.30,,,
Ornithopter,Revised Edition,3,Near Mint,Uncommon,$.003,$0.25,$.009,$0.75,,,
Ornithopter,Antiquities,1,Good (Lightly Played),Common,$.100,$1.49,$.100,$1.49,,,
Ornithopter,Antiquities,1,Played,Common,$.100,$1.62,$.100,$1.62,,,
Orzhov Pontiff,Guildpact,1,Near Mint,Rare,$6.250,$12.25,$6.250,$12.25,,,
Osai Vultures,Legends,1,Near Mint,Common,$.003,$0.15,$.003,$0.15,,,
Ostracize,Urza's Legacy,1,Near Mint,Common,$.003,$0.15,$.003,$0.15,,,
Otherworld Atlas,Avacyn Restored,24,Near Mint,Rare,$.050,$0.45,$1.200,$10.80,,,
Oubliette,Arabian Nights,1,Near Mint,Common,$14.000,$27.75,$14.000,$27.75,,,
Oubliette,Arabian Nights,3,Good (Lightly Played),Common,$12.750,$25.67,$38.250,$77.01,,,
Outbreak,Prophecy,3,Near Mint,Uncommon,$.003,$0.15,$.009,$0.45,,,
Outland Colossus,Magic Origins,41,Near Mint,Rare,$.050,$0.30,$2.050,$12.30,,,
Outpost Siege,Fate Reforged,36,Near Mint,Rare,$.050,$0.65,$1.800,$23.40,,,
Overabundance,Invasion,1,Near Mint,Rare,$.050,$0.30,$.050,$0.30,,,
Overgrown Tomb,Return to Ravnica,1,Near Mint,Rare,$4.500,$8.75,$4.500,$8.75,,,
Overgrowth,Stronghold,1,Near Mint,Common,$.003,$0.25,$.003,$0.25,,,
Overlaid Terrain,Nemesis,1,Near Mint,Rare,$.050,$0.30,$.050,$0.30,,,
Overload,Invasion,4,Near Mint,Common,$.003,$0.10,$.012,$0.40,,,
Overrun,Tempest,3,Played,Uncommon,$.003,$0.25,$.009,$0.75,,,
Overwhelming Denial,Oath of the Gatewatch,18,Near Mint,Rare,$.050,$0.30,$.900,$5.40,,,
Pacifism,Urza's Saga,1,Near Mint,Common,$.003,$0.10,$.003,$0.10,,,
Pacifism,Tempest,1,Near Mint,Common,$.003,$0.15,$.003,$0.15,,,
Pacifism,Classic Sixth Edition,1,Near Mint,Common,$.003,$0.15,$.003,$0.15,,,
Pacifism,Mirage,2,Near Mint,Common,$.003,$0.15,$.006,$0.30,,,
Pack Hunt,Nemesis,1,Near Mint,Rare,$.050,$0.45,$.050,$0.45,,,
Pack Rat,Return to Ravnica,12,Near Mint,Rare,$.500,$2.00,$6.000,$24.00,,,
Pain // Suffering,Invasion,2,Near Mint,Uncommon,$.003,$0.15,$.006,$0.30,,,
Pain Seer,Born of the Gods,26,Near Mint,Rare,$.050,$0.30,$1.300,$7.80,,,
Painful Memories,Classic Sixth Edition,1,Near Mint,Common,$.003,$0.15,$.003,$0.15,,,
Painful Quandary,Scars of Mirrodin,3,Near Mint,Rare,$.750,$2.75,$2.250,$8.25,,,
Painful Truths,Battle for Zendikar,33,Near Mint,Rare,$.050,$0.90,$1.650,$29.70,,,
Painter's Servant,Shadowmoor,2,Near Mint,Rare,$12.000,$20.00,$24.000,$40.00,,,
Palace Siege,Fate Reforged,34,Near Mint,Rare,$.050,$0.45,$1.700,$15.30,,,
Pale Moon,Nemesis,3,Near Mint,Rare,$.100,$1.25,$.300,$3.75,,,
Palinchron,Urza's Legacy,3,Near Mint,Rare,$12.500,$20.75,$37.500,$62.25,,,
Palisade Giant,Return to Ravnica,57,Near Mint,Rare,$.050,$0.30,$2.850,$17.10,,,
Panacea,Mercadian Masques,1,Near Mint,Uncommon,$.003,$0.15,$.003,$0.15,,,
Pangosaur,Mercadian Masques,2,Near Mint,Rare,$.050,$0.30,$.100,$0.60,,,
Panic Attack,Prophecy,5,Near Mint,Common,$.003,$0.10,$.015,$0.50,,,
Panther Warriors,Classic Sixth Edition,1,Near Mint,Common,$.003,$0.10,$.003,$0.10,,,
Parallax Dementia,Nemesis,8,Near Mint,Common,$.003,$0.10,$.024,$0.80,,,
Parallax Inhibitor,Nemesis,1,Near Mint,Rare,$.050,$0.30,$.050,$0.30,,,
Parallax Tide,Nemesis,2,Near Mint,Rare,$.050,$0.90,$.100,$1.80,,,
Parallax Wave,Nemesis,2,Near Mint,Rare,$.750,$2.75,$1.500,$5.50,,,
Parallel Lives,Innistrad,1,Near Mint,Rare,$3.750,$7.25,$3.750,$7.25,,,
Paralyze,Revised Edition,4,Near Mint,Common,$.003,$0.10,$.012,$0.40,,,
Parapet,Visions,1,Near Mint,Common,$.003,$0.15,$.003,$0.15,,,
Parch,Urza's Legacy,2,Near Mint,Common,$.003,$0.15,$.006,$0.30,,,
Part the Waterveil,Battle for Zendikar,9,Near Mint,MythicRare,$2.000,$4.00,$18.000,$36.00,,,
Part Water,Legends,1,Near Mint,Uncommon,$.003,$0.25,$.003,$0.25,,,
Past in Flames,Innistrad,9,Near Mint,MythicRare,$4.500,$9.00,$40.500,$81.00,,,
Patagia Golem,Mirage,1,Near Mint,Uncommon,$.003,$0.15,$.003,$0.15,,,
Path of Bravery,Magic 2014 Core Set,16,Near Mint,Rare,$.050,$0.45,$.800,$7.20,,,
Path of Peace,Urza's Saga,2,Near Mint,Common,$.003,$0.15,$.006,$0.30,,,
Path to Exile,Conflux,1,Near Mint,Uncommon,$5.000,$9.94,$5.000,$9.94,,,
Path to Exile,Conflux,1,Near Mint,Uncommon,$5.500,$10.75,$5.500,$10.75,,,
Path to Exile,Modern Masters,3,Good (Lightly Played),Uncommon,$5.500,$11.00,$16.500,$33.00,,,
Patriarch's Bidding,Onslaught,1,Good (Lightly Played),Rare,$5.250,$10.41,$5.250,$10.41,,,
Peace and Quiet,Urza's Legacy,1,Near Mint,Uncommon,$.003,$0.15,$.003,$0.15,,,
Peace of Mind,Exodus,5,Near Mint,Uncommon,$.003,$0.15,$.015,$0.75,,,
Peace Talks,Visions,1,Near Mint,Uncommon,$.003,$0.15,$.003,$0.15,,,
Pearl Lake Ancient,Khans of Tarkir,38,Near Mint,MythicRare,$.250,$0.99,$9.500,$37.62,,,
Pearled Unicorn,Revised Edition,5,Near Mint,Common,$.003,$0.10,$.015,$0.50,,,
Peat Bog,Mercadian Masques,2,Near Mint,Common,$.003,$0.15,$.006,$0.30,,,
Pegasus Charger,Urza's Saga,1,Near Mint,Common,$.003,$0.15,$.003,$0.15,,,
Pegasus Refuge,Tempest,1,Near Mint,Rare,$.050,$0.30,$.050,$0.30,,,
Pegasus Stampede,Exodus,1,Near Mint,Uncommon,$.003,$0.15,$.003,$0.15,,,
Pendelhaven,Legends,1,Played,Uncommon,$6.500,$13.18,$6.500,$13.18,,,
Pendelhaven,"Time Spiral ""Timeshifted""",1,Near Mint,Special,$7.000,$13.75,$7.000,$13.75,,,
Pendrell Drake,Urza's Saga,2,Near Mint,Common,$.003,$0.10,$.006,$0.20,,,
Pendrell Flux,Urza's Saga,1,Near Mint,Common,$.003,$0.10,$.003,$0.10,,,
Pentavus,Magic 2012,10,Near Mint,Rare,$.050,$0.30,$.500,$3.00,,,
Penumbra Bobcat,Apocalypse,4,Near Mint,Common,$.003,$0.15,$.012,$0.60,,,
Penumbra Kavu,Apocalypse,7,Near Mint,Uncommon,$.003,$0.15,$.021,$1.05,,,
People of the Woods,The Dark,1,Near Mint,Uncommon,$.003,$0.15,$.003,$0.15,,,
People of the Woods,The Dark,2,Good (Lightly Played),Uncommon,$.003,$0.15,$.006,$0.30,,,
Perilous Vault,Magic 2015 Core Set,4,Near Mint,MythicRare,$.500,$2.00,$2.000,$8.00,,,
Perplexing Chimera,Born of the Gods,14,Near Mint,Rare,$.050,$0.30,$.700,$4.20,,,
Personal Sanctuary,Magic 2012,7,Near Mint,Rare,$.050,$0.30,$.350,$2.10,,,
Pestilence,Classic Sixth Edition,1,Near Mint,Common,$.003,$0.15,$.003,$0.15,,,
Pestilence,Revised Edition,4,Near Mint,Uncommon,$.003,$0.15,$.012,$0.60,,,
Pestilence Rats,Ice Age,1,Near Mint,Common,$.003,$0.15,$.003,$0.15,,,
Phantasmal Forces,Revised Edition,5,Near Mint,Uncommon,$.003,$0.15,$.015,$0.75,,,
Phantasmal Terrain,Fourth Edition,1,Near Mint,Common,$.003,$0.10,$.003,$0.10,,,
Phantasmal Terrain,Classic Sixth Edition,1,Near Mint,Common,$.003,$0.10,$.003,$0.10,,,
Phantasmal Terrain,Invasion,7,Near Mint,Common,$.003,$0.10,$.021,$0.70,,,
Phantom Monster,Revised Edition,3,Near Mint,Uncommon,$.003,$0.15,$.009,$0.45,,,
"Pharika, God of Affliction",Journey into Nyx,17,Near Mint,MythicRare,$.750,$2.50,$12.750,$42.50,,,
"Phenax, God of Deception",Born of the Gods,25,Near Mint,MythicRare,$2.750,$5.25,$68.750,$131.25,,,
Pheres-Band Warchief,Journey into Nyx,12,Near Mint,Rare,$.050,$0.30,$.600,$3.60,,,
Phylactery Lich,Magic 2013,22,Near Mint,Rare,$.050,$0.30,$1.100,$6.60,,,
Phyrexian Altar,Invasion,2,Near Mint,Rare,$16.750,$28.00,$33.500,$56.00,,,
Phyrexian Battleflies,Invasion,4,Near Mint,Common,$.003,$0.10,$.012,$0.40,,,
Phyrexian Bloodstock,Planeshift,7,Near Mint,Common,$.003,$0.10,$.021,$0.70,,,
Phyrexian Broodlings,Urza's Legacy,2,Near Mint,Common,$.003,$0.15,$.006,$0.30,,,
Phyrexian Crusader,Mirrodin Besieged,7,Near Mint,Rare,$3.000,$5.75,$21.000,$40.25,,,
Phyrexian Debaser,Urza's Legacy,2,Near Mint,Common,$.003,$0.15,$.006,$0.30,,,
Phyrexian Delver,Invasion,2,Near Mint,Rare,$.050,$0.30,$.100,$0.60,,,
Phyrexian Dreadnought,Mirage,1,Near Mint,Rare,$8.250,$16.50,$8.250,$16.50,,,
Phyrexian Driver,Nemesis,6,Near Mint,Common,$.003,$0.10,$.018,$0.60,,,
Phyrexian Gargantua,Apocalypse,7,Near Mint,Uncommon,$.003,$0.15,$.021,$1.05,,,
Phyrexian Ghoul,Urza's Saga,1,Near Mint,Common,$.003,$0.15,$.003,$0.15,,,
Phyrexian Gremlins,Antiquities,3,Near Mint,Common,$.003,$0.25,$.009,$0.75,,,
Phyrexian Hydra,Mirrodin Besieged,8,Near Mint,Rare,$.050,$0.55,$.400,$4.40,,,
Phyrexian Infiltrator,Invasion,1,Near Mint,Rare,$.050,$0.30,$.050,$0.30,,,
Phyrexian Ingester,New Phyrexia,11,Near Mint,Rare,$.050,$0.30,$.550,$3.30,,,
Phyrexian Lens,Invasion,1,Near Mint,Rare,$.050,$0.30,$.050,$0.30,,,
Phyrexian Metamorph,New Phyrexia,1,Near Mint,Rare,$3.250,$6.50,$3.250,$6.50,,,
Phyrexian Obliterator,New Phyrexia,1,Near Mint,MythicRare,$19.000,$31.50,$19.000,$31.50,,,
Phyrexian Plaguelord,Urza's Legacy,1,Near Mint,Rare,$.050,$0.30,$.050,$0.30,,,
Phyrexian Processor,Urza's Saga,1,Near Mint,Rare,$.100,$1.75,$.100,$1.75,,,
Phyrexian Prowler,Nemesis,4,Near Mint,Uncommon,$.003,$0.15,$.012,$0.60,,,
Phyrexian Rager,Apocalypse,4,Near Mint,Common,$.003,$0.15,$.012,$0.60,,,
Phyrexian Reaper,Invasion,6,Near Mint,Common,$.003,$0.15,$.018,$0.90,,,
Phyrexian Rebirth,Mirrodin Besieged,10,Near Mint,Rare,$.050,$0.65,$.500,$6.50,,,
Phyrexian Reclamation,Urza's Legacy,1,Near Mint,Uncommon,$.003,$0.50,$.003,$0.50,,,
Phyrexian Revoker,Mirrodin Besieged,1,Near Mint,Rare,$.100,$1.25,$.100,$1.25,,,
Phyrexian Revoker,Magic 2015 Core Set,26,Near Mint,Rare,$.100,$1.25,$2.600,$32.50,,,
Phyrexian Scuta,Planeshift,1,Near Mint,Rare,$.050,$0.55,$.050,$0.55,,,
Phyrexian Slayer,Invasion,3,Near Mint,Common,$.003,$0.10,$.009,$0.30,,,
Phyrexian Swarmlord,New Phyrexia,1,Near Mint,Rare,$.050,$0.45,$.050,$0.45,,,
Phyrexian Tower,Urza's Saga,1,Near Mint,Rare,$16.000,$26.75,$16.000,$26.75,,,
Phyrexian Tyranny,Planeshift,2,Near Mint,Rare,$.750,$2.50,$1.500,$5.00,,,
Phyrexian Unlife,New Phyrexia,9,Near Mint,Rare,$.750,$2.75,$6.750,$24.75,,,
Phyrexian Vatmother,Mirrodin Besieged,10,Near Mint,Rare,$.050,$0.30,$.500,$3.00,,,
Phyrexian Walker,Visions,2,Near Mint,Common,$.003,$0.40,$.006,$0.80,,,
Phytotitan,Magic 2015 Core Set,3,Near Mint,Rare,$.050,$0.30,$.150,$0.90,,,
Pia and Kiran Nalaar,Magic Origins,10,Near Mint,Rare,$.100,$1.75,$1.000,$17.50,,,
Piety,Fourth Edition,1,Near Mint,Common,$.003,$0.15,$.003,$0.15,,,
Pikemen,The Dark,5,Near Mint,Common,$.003,$0.10,$.015,$0.50,,,
Pincer Spider,Invasion,4,Near Mint,Common,$.003,$0.10,$.012,$0.40,,,
Pincher Beetles,Tempest,1,Near Mint,Common,$.003,$0.10,$.003,$0.10,,,
Pious Warrior,Mercadian Masques,4,Near Mint,Common,$.003,$0.15,$.012,$0.60,,,
Pirate Ship,Revised Edition,2,Near Mint,Rare,$.050,$0.30,$.100,$0.60,,,
Pit Raptor,Prophecy,3,Near Mint,Uncommon,$.003,$0.15,$.009,$0.45,,,
Pit Scorpion,Legends,1,Good (Lightly Played),Common,$.003,$0.15,$.003,$0.15,,,
Pit Scorpion,Legends,3,Near Mint,Common,$.003,$0.15,$.009,$0.45,,,
Pit Spawn,Exodus,1,Near Mint,Rare,$.050,$0.65,$.050,$0.65,,,
Pit Trap,Ice Age,1,Near Mint,Uncommon,$.003,$0.15,$.003,$0.15,,,
Pithing Needle,Return to Ravnica,19,Near Mint,Rare,$.750,$2.50,$14.250,$47.50,,,
Pitiless Horde,Dragons of Tarkir,24,Near Mint,Rare,$.050,$0.30,$1.200,$7.20,,,
Plague Fiend,Prophecy,5,Near Mint,Common,$.003,$0.10,$.015,$0.50,,,
Plague Rats,Revised Edition,12,Near Mint,Common,$.003,$0.10,$.036,$1.20,,,
Plague Spitter,Invasion,2,Near Mint,Uncommon,$.003,$0.25,$.006,$0.50,,,
Plague Spores,Invasion,5,Near Mint,Common,$.003,$0.10,$.015,$0.50,,,
Plague Witch,Nemesis,11,Near Mint,Common,$.003,$0.10,$.033,$1.10,,,
Plains,Unhinged,4,Near Mint,BasicLand,#N/A,$0.00,#N/A,$0.00,,,
Plains,Mercadian Masques,1,Near Mint,BasicLand,#N/A,#N/A,#N/A,#N/A,,,
Plains,Invasion,1,Near Mint,BasicLand,#N/A,#N/A,#N/A,#N/A,,,
Plains,Invasion,1,Near Mint,BasicLand,#N/A,#N/A,#N/A,#N/A,,,
Planar Cleansing,Magic 2014 Core Set,14,Near Mint,Rare,$.050,$0.30,$.700,$4.20,,,
Planar Cleansing,Magic 2013,25,Near Mint,Rare,$.050,$0.30,$1.250,$7.50,,,
Planar Outburst,Battle for Zendikar,50,Near Mint,Rare,$.050,$0.65,$2.500,$32.50,,,
Planar Overlay,Planeshift,1,Near Mint,Rare,$.050,$0.30,$.050,$0.30,,,
Planar Portal,Invasion,2,Near Mint,Rare,$1.000,$4.25,$2.000,$8.50,,,
Planeswalker's Favor,Planeshift,1,Near Mint,Rare,$.050,$0.30,$.050,$0.30,,,
Planeswalker's Scorn,Planeshift,1,Near Mint,Rare,$.050,$0.30,$.050,$0.30,,,
Plasm Capture,Dragon's Maze,30,Near Mint,Rare,$.050,$0.30,$1.500,$9.00,,,
Plateau,Revised Edition,2,Good (Lightly Played),Rare,$33.750,$56.10,$67.500,$112.20,,,
Plateau,Revised Edition,2,Played,Rare,$36.750,$61.05,$73.500,$122.10,,,
Plated Rootwalla,Exodus,2,Near Mint,Common,$.003,$0.10,$.006,$0.20,,,
Plea for Guidance,Born of the Gods,4,Near Mint,Rare,$.050,$0.30,$.200,$1.20,,,
Pledge of Loyalty,Invasion,1,Near Mint,Uncommon,$.003,$0.15,$.003,$0.15,,,
Polis Crusher,Theros,35,Near Mint,Rare,$.050,$0.15,$1.750,$5.25,,,
Pollen Remedy,Planeshift,9,Near Mint,Common,$.003,$0.10,$.027,$0.90,,,
Polluted Delta,Khans of Tarkir,4,Near Mint,Rare,$8.750,$17.25,$35.000,$69.00,,,
"Polukranos, World Eater",Theros,9,Near Mint,MythicRare,$.250,$1.00,$2.250,$9.00,,,
Polymorphist's Jest,Magic 2015 Core Set,17,Near Mint,Rare,$.100,$1.25,$1.700,$21.25,,,
Polymorphous Rush,Journey into Nyx,10,Near Mint,Rare,$.050,$0.30,$.500,$3.00,,,
Pontiff of Blight,Dragon's Maze,41,Near Mint,Rare,$.050,$0.30,$2.050,$12.30,,,
Port Inspector,Mercadian Masques,4,Near Mint,Common,$.003,$0.10,$.012,$0.40,,,
Port Town,Shadows over Innistrad,15,Near Mint,Rare,$.500,$2.00,$7.500,$30.00,,,
Portent,Ice Age,3,Near Mint,Common,$.003,$0.15,$.009,$0.45,,,
Possibility Storm,Dragon's Maze,61,Near Mint,Rare,$.050,$0.30,$3.050,$18.30,,,
Pouncing Jaguar,Urza's Saga,1,Near Mint,Common,$.003,$0.15,$.003,$0.15,,,
Pouncing Kavu,Invasion,4,Near Mint,Common,$.003,$0.15,$.012,$0.60,,,
Power Armor,Invasion,5,Near Mint,Uncommon,$.003,$0.15,$.015,$0.75,,,
Power Artifact,Antiquities,1,Near Mint,Uncommon,$17.000,$34.00,$17.000,$34.00,,,
Power Artifact,Antiquities,1,Played,Uncommon,$20.000,$40.00,$20.000,$40.00,,,
Power Leak,Revised Edition,6,Near Mint,Common,$.003,$0.15,$.018,$0.90,,,
Power Matrix,Mercadian Masques,1,Near Mint,Rare,$.100,$1.50,$.100,$1.50,,,
Power Sink,Urza's Saga,3,Near Mint,Common,$.003,$0.15,$.009,$0.45,,,
Power Sink,Revised Edition,6,Near Mint,Common,$.003,$0.15,$.018,$0.90,,,
Power Surge,Revised Edition,1,Near Mint,Rare,$.050,$0.30,$.050,$0.30,,,
Power Taint,Urza's Saga,1,Near Mint,Common,$.003,$0.15,$.003,$0.15,,,
Pradesh Gypsies,Classic Sixth Edition,1,Near Mint,Uncommon,$.003,$0.15,$.003,$0.15,,,
Pradesh Gypsies,Legends,2,Near Mint,Common,$.003,$0.25,$.006,$0.50,,,
Praetor's Grasp,New Phyrexia,3,Near Mint,Rare,$.050,$0.65,$.150,$1.95,,,
Prairie Stream,Battle for Zendikar,28,Near Mint,Rare,$.750,$3.00,$21.000,$84.00,,,
Preacher,The Dark,1,Near Mint,Rare,$2.750,$5.25,$2.750,$5.25,,,
Preacher,The Dark,2,Near Mint,Rare,$2.750,$5.25,$5.500,$10.50,,,
Precinct Captain,Return to Ravnica,15,Near Mint,Rare,$.050,$0.65,$.750,$9.75,,,
Precursor Golem,Scars of Mirrodin,9,Near Mint,Rare,$.050,$0.30,$.450,$2.70,,,
Predator Ooze,Dark Ascension,6,Near Mint,Rare,$.750,$2.50,$4.500,$15.00,,,
"Predator, Flagship",Nemesis,2,Near Mint,Rare,$.050,$0.90,$.100,$1.80,,,
Predatory Hunger,Exodus,2,Near Mint,Common,$.003,$0.15,$.006,$0.30,,,
Predatory Rampage,Magic 2013,43,Near Mint,Rare,$.050,$0.30,$2.150,$12.90,,,
Preeminent Captain,Magic 2015 Core Set,6,Near Mint,Rare,$.050,$0.65,$.300,$3.90,,,
Presence of the Master,Urza's Saga,1,Good (Lightly Played),Uncommon,$.003,$0.15,$.003,$0.15,,,
Presence of the Master,Legends,1,Near Mint,Uncommon,$.250,$1.39,$.250,$1.39,,,
Pretender's Claim,Mercadian Masques,1,Near Mint,Uncommon,$.003,$0.15,$.003,$0.15,,,
Price of Progress,Exodus,2,Near Mint,Uncommon,$1.250,$4.75,$2.500,$9.50,,,
Priest of the Blood Rite,Magic Origins,26,Near Mint,Rare,$.050,$0.55,$1.300,$14.30,,,
Priest of Titania,Urza's Saga,3,Near Mint,Common,$.250,$2.25,$.750,$6.75,,,
Primal Clay,Antiquities,1,Near Mint,Uncommon,$.003,$0.50,$.003,$0.50,,,
Primal Clay,Antiquities,3,Good (Lightly Played),Uncommon,$.003,$0.50,$.009,$1.50,,,
Primal Clay,Revised Edition,1,Near Mint,Rare,$.050,$0.30,$.050,$0.30,,,
Primal Growth,Planeshift,3,Near Mint,Common,$.003,$0.15,$.009,$0.45,,,
Primal Surge,Avacyn Restored,23,Near Mint,MythicRare,$.250,$1.50,$5.750,$34.50,,,
Prime Speaker Zegana,Gatecrash,11,Near Mint,MythicRare,$.250,$1.50,$2.750,$16.50,,,
Primeval Bounty,Magic 2014 Core Set,3,Near Mint,MythicRare,$2.250,$4.50,$6.750,$13.50,,,
Primeval Shambler,Mercadian Masques,1,Near Mint,Uncommon,$.003,$0.15,$.003,$0.15,,,
Primeval Titan,Magic 2012,3,Near Mint,MythicRare,$4.500,$8.75,$13.500,$26.25,,,
Primordial Hydra,Magic 2013,8,Near Mint,MythicRare,$3.500,$7.00,$28.000,$56.00,,,
Prism Array,Battle for Zendikar,36,Near Mint,Rare,$.050,$0.30,$1.800,$10.80,,,
Prismatic Omen,Shadowmoor,1,Near Mint,Rare,$7.500,$15.00,$7.500,$15.00,,,
Prismatic Ward,Ice Age,1,Near Mint,Common,$.003,$0.10,$.003,$0.10,,,
Prison Barricade,Invasion,4,Near Mint,Common,$.003,$0.10,$.012,$0.40,,,
Pristine Skywise,Dragons of Tarkir,30,Near Mint,Rare,$.050,$0.30,$1.500,$9.00,,,
Privileged Position,Ravnica: City of Guilds,1,Near Mint,Rare,$6.750,$13.25,$6.750,$13.25,,,
Prized Amalgam,Shadows over Innistrad,18,Near Mint,Rare,$.750,$2.50,$13.500,$45.00,,,
Probe,Invasion,4,Near Mint,Common,$.003,$0.15,$.012,$0.60,,,
Prodigal Sorcerer,Revised Edition,3,Good (Lightly Played),Common,$.003,$0.15,$.009,$0.45,,,
Prodigal Sorcerer,Revised Edition,5,Near Mint,Common,$.003,$0.15,$.015,$0.75,,,
Profaner of the Dead,Dragons of Tarkir,23,Near Mint,Rare,$.050,$0.30,$1.150,$6.90,,,
Profound Journey,Dragons of Tarkir,23,Near Mint,Rare,$.050,$0.30,$1.150,$6.90,,,
Progenitor Mimic,Dragon's Maze,1,Near Mint,MythicRare,$2.250,$4.25,$2.250,$4.25,,,
Prognostic Sphinx,Theros,39,Near Mint,Rare,$.050,$0.30,$1.950,$11.70,,,
Prohibit,Invasion,4,Near Mint,Common,$.003,$0.15,$.012,$0.60,,,
Prophet of Kruphix,Theros,18,Near Mint,Rare,$.100,$1.50,$1.800,$27.00,,,
Prophetic Flamespeaker,Journey into Nyx,23,Near Mint,MythicRare,$.250,$1.00,$5.750,$23.00,,,
Protective Sphere,Invasion,4,Near Mint,Common,$.003,$0.10,$.012,$0.40,,,
Prototype Portal,Scars of Mirrodin,8,Near Mint,Rare,$.100,$1.25,$.800,$10.00,,,
Psychic Allergy,The Dark,1,Near Mint,Rare,$.050,$0.45,$.050,$0.45,,,
Psychic Intrusion,Theros,49,Near Mint,Rare,$.050,$0.15,$2.450,$7.35,,,
Psychic Purge,Legends,1,Near Mint,Common,$.003,$0.25,$.003,$0.25,,,
Psychic Surgery,New Phyrexia,11,Near Mint,Rare,$.050,$0.30,$.550,$3.30,,,
Psychic Venom,Revised Edition,4,Good (Lightly Played),Common,$.003,$0.15,$.012,$0.60,,,
Psychic Venom,Revised Edition,6,Near Mint,Common,$.003,$0.15,$.018,$0.90,,,
Psychosis Crawler,Mirrodin Besieged,1,Near Mint,Rare,$.050,$0.90,$.050,$0.90,,,
Puffer Extract,Mercadian Masques,2,Near Mint,Uncommon,$.003,$0.15,$.006,$0.30,,,
Pulse of Llanowar,Invasion,1,Near Mint,Uncommon,$.003,$0.15,$.003,$0.15,,,
Pulverize,Mercadian Masques,1,Near Mint,Rare,$.050,$0.55,$.050,$0.55,,,
Puppet Master,Legends,1,Good (Lightly Played),Uncommon,$.003,$0.25,$.003,$0.25,,,
Puppet Master,Legends,2,Near Mint,Uncommon,$.003,$0.25,$.006,$0.50,,,
Puppet's Verdict,Mercadian Masques,1,Near Mint,Rare,$.100,$1.50,$.100,$1.50,,,
Pure Reflection,Invasion,1,Near Mint,Rare,$.050,$0.30,$.050,$0.30,,,
Purelace,Revised Edition,1,Near Mint,Rare,$.050,$0.30,$.050,$0.30,,,
"Purphoros, God of the Forge",Theros,11,Near Mint,MythicRare,$4.500,$8.75,$49.500,$96.25,,,
Purraj of Urborg,Mirage,1,Near Mint,Rare,$.050,$0.30,$.050,$0.30,,,
Putrefaction,Mercadian Masques,1,Near Mint,Uncommon,$.003,$0.15,$.003,$0.15,,,
Putrefax,Scars of Mirrodin,11,Near Mint,Rare,$.050,$0.30,$.550,$3.30,,,
Putrid Warrior,Apocalypse,4,Near Mint,Common,$.003,$0.10,$.012,$0.40,,,
Pygmy Kavu,Planeshift,5,Near Mint,Common,$.003,$0.10,$.015,$0.50,,,
Pygmy Pyrosaur,Urza's Legacy,1,Near Mint,Common,$.003,$0.15,$.003,$0.15,,,
Pygmy Razorback,Prophecy,1,Near Mint,Common,$.003,$0.10,$.003,$0.10,,,
Pygmy Troll,Exodus,1,Near Mint,Common,$.003,$0.15,$.003,$0.15,,,
Pyknite,Ice Age,2,Near Mint,Common,$.003,$0.10,$.006,$0.20,,,
Pyre Zombie,Invasion,1,Near Mint,Rare,$.050,$0.45,$.050,$0.45,,,
Pyrewild Shaman,Dragon's Maze,43,Near Mint,Rare,$.050,$0.30,$2.150,$12.90,,,
Pyric Salamander,Mirage,1,Near Mint,Common,$.003,$0.10,$.003,$0.10,,,
Pyroblast,Ice Age,1,Near Mint,Common,$.100,$1.75,$.100,$1.75,,,
Pyroblast,Ice Age,2,Near Mint,Common,$.100,$1.75,$.200,$3.50,,,
Pyroclasm,Ice Age,1,Near Mint,Uncommon,$.003,$0.75,$.003,$0.75,,,
Pyromancer's Gauntlet,Magic 2014 Core Set,12,Near Mint,Rare,$.050,$0.30,$.600,$3.60,,,
Pyromancer's Goggles,Magic Origins,5,Near Mint,MythicRare,$2.000,$4.00,$10.000,$20.00,,,
Pyromancy,Urza's Legacy,1,Near Mint,Rare,$.050,$0.30,$.050,$0.30,,,
Pyrotechnics,Legends,1,Near Mint,Common,$.003,$0.15,$.003,$0.15,,,
Pyrotechnics,Classic Sixth Edition,1,Good (Lightly Played),Common,$.003,$0.15,$.003,$0.15,,,
Pyrotechnics,Legends,3,Near Mint,Common,$.003,$0.15,$.009,$0.45,,,
Python,Classic Sixth Edition,1,Near Mint,Common,$.003,$0.10,$.003,$0.10,,,
Python,Visions,2,Near Mint,Common,$.003,$0.15,$.006,$0.30,,,
Pyxis of Pandemonium,Theros,54,Near Mint,Rare,$.050,$0.15,$2.700,$8.10,,,
Quagmire,Legends,1,Near Mint,Uncommon,$.003,$0.50,$.003,$0.50,,,
Quagmire Druid,Apocalypse,5,Near Mint,Common,$.003,$0.15,$.015,$0.75,,,
Quagmire Lamprey,Mercadian Masques,1,Near Mint,Uncommon,$.003,$0.15,$.003,$0.15,,,
Quarantine Field,Battle for Zendikar,28,Near Mint,MythicRare,$.250,$1.25,$7.000,$35.00,,,
Questing Phelddagrif,Planeshift,1,Near Mint,Rare,$.050,$0.90,$.050,$0.90,,,
Quicken,Magic 2014 Core Set,6,Near Mint,Rare,$.100,$1.00,$.600,$6.00,,,
Quicksilver Amulet,Magic 2012,2,Near Mint,Rare,$4.750,$9.50,$9.500,$19.00,,,
Quicksilver Dagger,Apocalypse,4,Near Mint,Common,$.003,$0.15,$.012,$0.60,,,
Quicksilver Gargantuan,Scars of Mirrodin,4,Near Mint,MythicRare,$.250,$0.99,$1.000,$3.96,,,
Quicksilver Wall,Prophecy,1,Near Mint,Uncommon,$.003,$0.15,$.003,$0.15,,,
Quirion Dryad,Magic 2013,40,Near Mint,Rare,$.050,$0.30,$2.000,$12.00,,,
Quirion Elves,Invasion,4,Near Mint,Common,$.003,$0.15,$.012,$0.60,,,
Quirion Explorer,Planeshift,10,Near Mint,Common,$.003,$0.10,$.030,$1.00,,,
Quirion Ranger,Visions,1,Near Mint,Common,$.250,$2.00,$.250,$2.00,,,
Quirion Sentinel,Invasion,4,Near Mint,Common,$.003,$0.10,$.012,$0.40,,,
Quirion Trailblazer,Invasion,3,Near Mint,Common,$.003,$0.15,$.009,$0.45,,,
Rabid Rats,Stronghold,1,Near Mint,Common,$.003,$0.10,$.003,$0.10,,,
Rabid Wolverines,Exodus,3,Near Mint,Common,$.003,$0.10,$.009,$0.30,,,
Rackling,Nemesis,6,Near Mint,Uncommon,$.003,$0.15,$.018,$0.90,,,
Radiant Flames,Battle for Zendikar,74,Near Mint,Rare,$.050,$0.55,$3.700,$40.70,,,
Radiant Kavu,Planeshift,1,Near Mint,Rare,$.050,$0.30,$.050,$0.30,,,
Radiant Purge,Dragons of Tarkir,18,Near Mint,Rare,$.050,$0.55,$.900,$9.90,,,
Radiant's Judgment,Urza's Legacy,2,Near Mint,Common,$.003,$0.15,$.006,$0.30,,,
Radjan Spirit,Fourth Edition,1,Good (Lightly Played),Uncommon,$.003,$0.15,$.003,$0.15,,,
Radjan Spirit,Legends,1,Near Mint,Uncommon,$.003,$0.50,$.003,$0.50,,,
Rag Man,The Dark,2,Near Mint,Rare,$.050,$0.45,$.100,$0.90,,,
Rage Weaver,Invasion,1,Near Mint,Uncommon,$.003,$0.15,$.003,$0.15,,,
Rageblood Shaman,Theros,25,Near Mint,Rare,$.050,$0.30,$1.250,$7.50,,,
Raging Goblin,Exodus,1,Near Mint,Common,$.003,$0.15,$.003,$0.15,,,
Raging Kavu,Invasion,1,Near Mint,Rare,$.050,$0.30,$.050,$0.30,,,
Raging Ravine,Worldwake,4,Near Mint,Rare,$8.000,$15.75,$32.000,$63.00,,,
Raging Spirit,Mirage,1,Near Mint,Common,$.003,$0.10,$.003,$0.10,,,
Raiding Party,Fallen Empires,7,Near Mint,Uncommon,$.003,$0.15,$.021,$1.05,,,
Rain of Filth,Urza's Saga,1,Near Mint,Uncommon,$.003,$0.50,$.003,$0.50,,,
Rainbow Crow,Invasion,3,Near Mint,Uncommon,$.003,$0.15,$.009,$0.45,,,
Rainbow Vale,Fallen Empires,1,Near Mint,Rare,$.050,$0.90,$.050,$0.90,,,
Raise Dead,Fourth Edition,1,Good (Lightly Played),Common,$.003,$0.10,$.003,$0.10,,,
Raise Dead,Revised Edition,1,Near Mint,Common,$.003,$0.15,$.003,$0.15,,,
Raise Dead,Revised Edition,5,Near Mint,Common,$.003,$0.15,$.015,$0.75,,,
Raka Disciple,Apocalypse,4,Near Mint,Common,$.003,$0.10,$.012,$0.40,,,
Raka Sanctuary,Apocalypse,7,Near Mint,Uncommon,$.003,$0.15,$.021,$1.05,,,
"Rakdos, Lord of Riots",Return to Ravnica,11,Near Mint,MythicRare,$.500,$2.25,$5.500,$24.75,,,
Rakdos's Return,Return to Ravnica,14,Near Mint,MythicRare,$.250,$1.25,$3.500,$17.50,,,
Rakshasa Deathdealer,Khans of Tarkir,67,Near Mint,Rare,$.050,$0.30,$3.350,$20.10,,,
Rakshasa Vizier,Khans of Tarkir,23,Near Mint,Rare,$.050,$0.30,$1.150,$6.90,,,
Rally,Ice Age,2,Near Mint,Common,$.003,$0.10,$.006,$0.20,,,
Rally the Ancestors,Fate Reforged,22,Near Mint,Rare,$.050,$0.75,$1.100,$16.50,,,
Ramirez DePietro,Legends,1,Good (Lightly Played),Uncommon,$.003,$0.69,$.003,$0.69,,,
Ramosian Captain,Mercadian Masques,1,Near Mint,Uncommon,$.003,$0.15,$.003,$0.15,,,
Ramosian Commander,Mercadian Masques,1,Near Mint,Uncommon,$.003,$0.15,$.003,$0.15,,,
Ramosian Lieutenant,Mercadian Masques,4,Near Mint,Common,$.003,$0.15,$.012,$0.60,,,
Ramosian Rally,Mercadian Masques,4,Near Mint,Common,$.003,$0.15,$.012,$0.60,,,
Ramosian Sergeant,Mercadian Masques,4,Near Mint,Common,$.003,$0.15,$.012,$0.60,,,
Ramosian Sky Marshal,Mercadian Masques,1,Near Mint,Rare,$.050,$0.30,$.050,$0.30,,,
Rampant Elephant,Invasion,5,Near Mint,Common,$.003,$0.10,$.015,$0.50,,,
Rampart Crawler,Mercadian Masques,4,Near Mint,Common,$.003,$0.10,$.012,$0.40,,,
Rancor,Urza's Legacy,3,Near Mint,Common,$.250,$2.75,$.750,$8.25,,,
Rappelling Scouts,Mercadian Masques,1,Near Mint,Rare,$.050,$0.30,$.050,$0.30,,,
Rashka the Slayer,Homelands,1,Near Mint,Uncommon,$.003,$0.15,$.003,$0.15,,,
Ratchet Bomb,Scars of Mirrodin,1,Near Mint,Rare,$.100,$1.00,$.100,$1.00,,,
Ratchet Bomb,Magic 2014 Core Set,8,Near Mint,Rare,$.100,$1.00,$.800,$8.00,,,
Rath's Edge,Nemesis,3,Near Mint,Rare,$.050,$0.30,$.150,$0.90,,,
Rathi Assassin,Nemesis,3,Near Mint,Rare,$.050,$0.30,$.150,$0.90,,,
Rathi Fiend,Nemesis,4,Near Mint,Uncommon,$.003,$0.15,$.012,$0.60,,,
Rathi Intimidator,Nemesis,7,Near Mint,Common,$.003,$0.10,$.021,$0.70,,,
Rattlechains,Shadows over Innistrad,2,Near Mint,Rare,$2.750,$5.50,$5.500,$11.00,,,
Rattleclaw Mystic,Khans of Tarkir,37,Near Mint,Rare,$.050,$0.75,$1.850,$27.75,,,
Ravenous Demon,Dark Ascension,35,Near Mint,Rare,$.050,$0.30,$1.750,$10.50,,,
Ravenous Rats,Invasion,2,Near Mint,Common,$.003,$0.15,$.006,$0.30,,,
Ravenous Skirge,Urza's Saga,2,Near Mint,Common,$.003,$0.15,$.006,$0.30,,,
Ray of Command,Ice Age,1,Near Mint,Common,$.003,$0.15,$.003,$0.15,,,
Raze,Urza's Saga,2,Near Mint,Common,$.003,$0.15,$.006,$0.30,,,
Razing Snidd,Planeshift,2,Near Mint,Uncommon,$.003,$0.15,$.006,$0.30,,,
Razor Pendulum,Mirage,1,Near Mint,Rare,$.050,$0.30,$.050,$0.30,,,
Razorfin Hunter,Apocalypse,4,Near Mint,Common,$.003,$0.15,$.012,$0.60,,,
Razorfoot Griffin,Invasion,4,Near Mint,Common,$.003,$0.10,$.012,$0.40,,,
Razorverge Thicket,Scars of Mirrodin,5,Near Mint,Rare,$4.250,$8.25,$21.250,$41.25,,,
Ready // Willing,Dragon's Maze,39,Near Mint,Rare,$.050,$0.30,$1.950,$11.70,,,
Reality Smasher,Oath of the Gatewatch,38,Near Mint,Rare,$1.000,$4.00,$38.000,$152.00,,,
Reality Twist,Ice Age,1,Near Mint,Rare,$.050,$0.30,$.050,$0.30,,,
Realmwright,Gatecrash,31,Near Mint,Rare,$.050,$0.15,$1.550,$4.65,,,
Reanimate,Tempest,1,Near Mint,Uncommon,$4.750,$9.25,$4.750,$9.25,,,
Reap Intellect,Dragon's Maze,26,Near Mint,MythicRare,$.250,$0.99,$6.500,$25.74,,,
Reaper from the Abyss,Innistrad,2,Near Mint,MythicRare,$.250,$1.25,$.500,$2.50,,,
Reaper of the Wilds,Theros,34,Near Mint,Rare,$.050,$0.30,$1.700,$10.20,,,
Reaping the Rewards,Exodus,3,Near Mint,Common,$.003,$0.10,$.009,$0.30,,,
Rebuild,Urza's Legacy,1,Near Mint,Uncommon,$.003,$0.25,$.003,$0.25,,,
Recall,Legends,1,Good (Lightly Played),Rare,$15.500,$25.90,$15.500,$25.90,,,
Reckless Assault,Invasion,1,Near Mint,Rare,$.050,$0.30,$.050,$0.30,,,
Reckless Ogre,Exodus,6,Near Mint,Common,$.003,$0.15,$.018,$0.90,,,
Reckless Spite,Invasion,4,Near Mint,Uncommon,$.003,$0.15,$.012,$0.60,,,
Reclaim,Exodus,2,Near Mint,Common,$.003,$0.15,$.006,$0.30,,,
Recoil,Invasion,4,Near Mint,Common,$.003,$0.15,$.012,$0.60,,,
Reconstruction,Revised Edition,4,Near Mint,Common,$.003,$0.15,$.012,$0.60,,,
Recover,Invasion,4,Near Mint,Common,$.003,$0.10,$.012,$0.40,,,
Red Elemental Blast,Revised Edition,1,Near Mint,Common,$.003,$0.15,$.003,$0.15,,,
Red Elemental Blast,Revised Edition,7,Near Mint,Common,$.003,$0.15,$.021,$1.05,,,
Red Mana Battery,Legends,1,Near Mint,Uncommon,$.003,$0.50,$.003,$0.50,,,
Red Sun's Zenith,Mirrodin Besieged,10,Near Mint,Rare,$.050,$0.55,$.500,$5.50,,,
Red Ward,Revised Edition,2,Near Mint,Uncommon,$.003,$0.15,$.006,$0.30,,,
Redirect,Magic 2013,4,Near Mint,Rare,$.050,$0.45,$.200,$1.80,,,
Redirect,Magic 2012,6,Near Mint,Rare,$.050,$0.30,$.300,$1.80,,,
Redwood Treefolk,Weatherlight,1,Near Mint,Common,$.003,$0.10,$.003,$0.10,,,
Redwood Treefolk,Classic Sixth Edition,1,Near Mint,Common,$.003,$0.10,$.003,$0.10,,,
Reef Shaman,Apocalypse,4,Near Mint,Common,$.003,$0.15,$.012,$0.60,,,
Reflecting Mirror,The Dark,4,Near Mint,Uncommon,$.003,$0.15,$.012,$0.60,,,
Reflexes,Urza's Saga,3,Near Mint,Common,$.003,$0.15,$.009,$0.45,,,
Reforge the Soul,Avacyn Restored,17,Near Mint,Rare,$.750,$2.50,$12.750,$42.50,,,
Refreshing Rain,Nemesis,4,Near Mint,Uncommon,$.003,$0.15,$.012,$0.60,,,
Regal Force,Eventide,2,Near Mint,Rare,$6.000,$11.75,$12.000,$23.50,,,
Regeneration,Unlimited Edition,1,Good (Lightly Played),Common,$.003,$0.25,$.003,$0.25,,,
Regeneration,Classic Sixth Edition,1,Near Mint,Common,$.003,$0.10,$.003,$0.10,,,
Regeneration,Revised Edition,6,Near Mint,Common,$.003,$0.10,$.018,$0.60,,,
Regrowth,Revised Edition,4,Near Mint,Uncommon,$.250,$1.25,$1.000,$5.00,,,
Reiterate,Time Spiral,2,Near Mint,Rare,$4.750,$9.50,$9.500,$19.00,,,
Rejuvenation Chamber,Nemesis,4,Near Mint,Uncommon,$.003,$0.15,$.012,$0.60,,,
Relearn,Weatherlight,1,Near Mint,Uncommon,$.003,$0.15,$.003,$0.15,,,
Relentless Assault,Visions,1,Near Mint,Rare,$.050,$0.45,$.050,$0.45,,,
Relentless Dead,Shadows over Innistrad,5,Near Mint,MythicRare,$6.250,$12.25,$31.250,$61.25,,,
Relic Barrier,Legends,1,Near Mint,Uncommon,$.500,$3.00,$.500,$3.00,,,
Relic Bind,Legends,3,Near Mint,Uncommon,$.003,$0.25,$.009,$0.75,,,
Relic Seeker,Magic Origins,25,Near Mint,Rare,$.050,$0.65,$1.250,$16.25,,,
Remedy,Classic Sixth Edition,1,Near Mint,Common,$.003,$0.10,$.003,$0.10,,,
Remedy,Visions,2,Near Mint,Common,$.003,$0.15,$.006,$0.30,,,
Remorseless Punishment,Oath of the Gatewatch,29,Near Mint,Rare,$.050,$0.30,$1.450,$8.70,,,
Remote Farm,Mercadian Masques,5,Near Mint,Common,$.003,$0.15,$.015,$0.75,,,
Remote Isle,Urza's Saga,2,Near Mint,Common,$.003,$0.15,$.006,$0.30,,,
Remove Enchantments,Legends,1,Near Mint,Common,$.003,$0.15,$.003,$0.15,,,
Remove Soul,Legends,2,Good (Lightly Played),Common,$.003,$0.15,$.006,$0.30,,,
Remove Soul,Legends,3,Near Mint,Common,$.003,$0.15,$.009,$0.45,,,
Render Silent,Dragon's Maze,19,Near Mint,Rare,$.050,$0.90,$.950,$17.10,,,
Renegade Krasis,Dragon's Maze,48,Near Mint,Rare,$.050,$0.45,$2.400,$21.60,,,
Renegade Warlord,Tempest,1,Near Mint,Uncommon,$.003,$0.15,$.003,$0.15,,,
Renounce,Mercadian Masques,1,Near Mint,Uncommon,$.003,$0.15,$.003,$0.15,,,
Renounce the Guilds,Dragon's Maze,42,Near Mint,Rare,$.050,$0.30,$2.100,$12.60,,,
Repopulate,Urza's Legacy,1,Near Mint,Common,$.003,$0.15,$.003,$0.15,,,
Repulse,Invasion,3,Near Mint,Common,$.003,$0.15,$.009,$0.45,,,
Requiem Angel,Dark Ascension,31,Near Mint,Rare,$.050,$0.30,$1.550,$9.30,,,
Rescind,Urza's Saga,3,Near Mint,Common,$.003,$0.15,$.009,$0.45,,,
Resistance Fighter,Visions,3,Near Mint,Common,$.003,$0.15,$.009,$0.45,,,
Resolute Archangel,Magic 2015 Core Set,7,Near Mint,Rare,$.050,$0.45,$.350,$3.15,,,
Respite,Tempest,1,Near Mint,Common,$.003,$0.15,$.003,$0.15,,,
Rest in Peace,Return to Ravnica,24,Near Mint,Rare,$1.250,$4.50,$30.000,$108.00,,,
Restless Dead,Mirage,1,Near Mint,Common,$.003,$0.10,$.003,$0.10,,,
Restoration Angel,Avacyn Restored,15,Near Mint,Rare,$5.750,$11.25,$86.250,$168.75,,,
Restrain,Invasion,4,Near Mint,Common,$.003,$0.15,$.012,$0.60,,,
Resurrection,Revised Edition,7,Near Mint,Uncommon,$.003,$0.15,$.021,$1.05,,,
Retaliation,Urza's Saga,1,Near Mint,Uncommon,$.003,$0.15,$.003,$0.15,,,
Rethink,Prophecy,7,Near Mint,Common,$.003,$0.15,$.021,$1.05,,,
Retribution of the Ancients,Khans of Tarkir,32,Near Mint,Rare,$.050,$0.30,$1.600,$9.60,,,
Retromancer,Urza's Saga,1,Near Mint,Common,$.003,$0.15,$.003,$0.15,,,
Return to the Ranks,Magic 2015 Core Set,13,Near Mint,Rare,$.100,$1.00,$1.300,$13.00,,,
Reveille Squad,Prophecy,2,Near Mint,Uncommon,$.003,$0.15,$.006,$0.30,,,
Revel of the Fallen God,Journey into Nyx,12,Near Mint,Rare,$.050,$0.15,$.600,$1.80,,,
Revelation,Legends,1,Near Mint,Rare,$.750,$2.50,$.750,$2.50,,,
Revenge of the Hunted,Avacyn Restored,26,Near Mint,Rare,$.050,$0.30,$1.300,$7.80,,,
Reverberate,Magic 2013,3,Near Mint,Rare,$.050,$0.65,$.150,$1.95,,,
Reverberate,Magic 2012,10,Near Mint,Rare,$.050,$0.65,$.500,$6.50,,,
Revered Elder,Mercadian Masques,4,Near Mint,Common,$.003,$0.10,$.012,$0.40,,,
Reverent Hunter,Theros,35,Near Mint,Rare,$.050,$0.30,$1.750,$10.50,,,
Reverent Mantra,Mercadian Masques,1,Near Mint,Rare,$.050,$0.45,$.050,$0.45,,,
Reverent Silence,Nemesis,8,Near Mint,Common,$.003,$0.15,$.024,$1.20,,,
Reverse Damage,Revised Edition,1,Near Mint,Rare,$.050,$0.30,$.050,$0.30,,,
Reverse Polarity,Antiquities,1,Near Mint,Common,$.003,$0.15,$.003,$0.15,,,
Reverse Polarity,Revised Edition,1,Near Mint,Uncommon,$.003,$0.15,$.003,$0.15,,,
Revive,Mercadian Masques,1,Near Mint,Uncommon,$.003,$0.15,$.003,$0.15,,,
Reviving Dose,Invasion,4,Near Mint,Common,$.003,$0.10,$.012,$0.40,,,
Reviving Vapors,Invasion,2,Near Mint,Uncommon,$.003,$0.15,$.006,$0.30,,,
Rewards of Diversity,Invasion,2,Near Mint,Uncommon,$.003,$0.15,$.006,$0.30,,,
Rewind,Urza's Saga,2,Near Mint,Common,$.003,$0.25,$.006,$0.50,,,
Rhox,Nemesis,3,Near Mint,Rare,$.050,$0.30,$.150,$0.90,,,
Rhox Faithmender,Magic 2013,2,Near Mint,Rare,$1.250,$4.50,$2.500,$9.00,,,
Rhystic Cave,Prophecy,2,Near Mint,Uncommon,$.003,$0.15,$.006,$0.30,,,
Rhystic Circle,Prophecy,4,Near Mint,Common,$.003,$0.10,$.012,$0.40,,,
Rhystic Deluge,Prophecy,2,Near Mint,Common,$.003,$0.15,$.006,$0.30,,,
Rhystic Lightning,Prophecy,4,Near Mint,Common,$.003,$0.10,$.012,$0.40,,,
Rhystic Scrying,Prophecy,2,Near Mint,Uncommon,$.003,$0.15,$.006,$0.30,,,
Rhystic Shield,Prophecy,3,Near Mint,Common,$.003,$0.10,$.009,$0.30,,,
Rhystic Study,Prophecy,4,Near Mint,Common,$1.250,$4.50,$5.000,$18.00,,,
Rhystic Syphon,Prophecy,1,Near Mint,Uncommon,$.003,$0.15,$.003,$0.15,,,
Rib Cage Spider,Prophecy,2,Near Mint,Common,$.003,$0.10,$.006,$0.20,,,
Ribbon Snake,Prophecy,6,Near Mint,Common,$.003,$0.10,$.018,$0.60,,,
Riders of Gavony,Avacyn Restored,31,Near Mint,Rare,$.050,$0.30,$1.550,$9.30,,,
Ridgeline Rager,Prophecy,5,Near Mint,Common,$.003,$0.10,$.015,$0.50,,,
Righteous Aura,Mercadian Masques,1,Near Mint,Common,$.003,$0.15,$.003,$0.15,,,
Righteous Aura,Visions,2,Near Mint,Uncommon,$.003,$0.15,$.006,$0.30,,,
Righteous Authority,Return to Ravnica,56,Near Mint,Rare,$.050,$0.30,$2.800,$16.80,,,
Righteous Indignation,Mercadian Masques,2,Near Mint,Uncommon,$.003,$0.15,$.006,$0.30,,,
Ring of Immortals,Legends,1,Near Mint,Rare,$2.500,$5.09,$2.500,$5.09,,,
Ring of Immortals,Legends,1,Good (Lightly Played),Rare,$2.750,$5.50,$2.750,$5.50,,,
Ring of Renewal,Fallen Empires,2,Near Mint,Rare,$.050,$0.30,$.100,$0.60,,,
Ring of Three Wishes,Magic 2014 Core Set,1,Near Mint,MythicRare,$.750,$3.25,$.750,$3.25,,,
Riptide,The Dark,5,Near Mint,Common,$.003,$0.10,$.015,$0.50,,,
Riptide Crab,Invasion,1,Near Mint,Uncommon,$.003,$0.15,$.003,$0.15,,,
Rise of the Dark Realms,Magic 2014 Core Set,1,Near Mint,MythicRare,$3.500,$6.75,$3.500,$6.75,,,
Rishadan Airship,Mercadian Masques,3,Near Mint,Common,$.003,$0.15,$.009,$0.45,,,
Rishadan Cutpurse,Mercadian Masques,4,Near Mint,Common,$.003,$0.15,$.012,$0.60,,,
Rishadan Footpad,Mercadian Masques,2,Near Mint,Uncommon,$.003,$0.25,$.006,$0.50,,,
Rishadan Pawnshop,Mercadian Masques,1,Near Mint,Rare,$.050,$0.30,$.050,$0.30,,,
Rishadan Port,Mercadian Masques,1,Near Mint,Rare,$68.750,$114.50,$68.750,$114.50,,,
Rising Waters,Nemesis,2,Near Mint,Rare,$.050,$0.75,$.100,$1.50,,,
Rite of Ruin,Avacyn Restored,41,Near Mint,Rare,$.050,$0.30,$2.050,$12.30,,,
Rites of Flourishing,Magic 2012,7,Near Mint,Rare,$.100,$1.25,$.700,$8.75,,,
Rith's Attendant,Invasion,2,Near Mint,Uncommon,$.003,$0.15,$.006,$0.30,,,
Rith's Charm,Planeshift,1,Near Mint,Uncommon,$.003,$0.15,$.003,$0.15,,,
Rith's Grove,Planeshift,4,Near Mint,Uncommon,$.003,$0.50,$.012,$2.00,,,
Riven Turnbull,Legends,1,Good (Lightly Played),Uncommon,$.003,$0.50,$.003,$0.50,,,
River Boa,Classic Sixth Edition,1,Near Mint,Common,$.003,$0.25,$.003,$0.25,,,
River Boa,Visions,4,Near Mint,Uncommon,$.003,$0.15,$.012,$0.60,,,
River Delta,Ice Age,2,Near Mint,Rare,$.050,$0.30,$.100,$0.60,,,
River Merfolk,Fallen Empires,4,Near Mint,Rare,$.050,$0.30,$.200,$1.20,,,
Robber Fly,Mercadian Masques,1,Near Mint,Uncommon,$.003,$0.15,$.003,$0.15,,,
Robe of Mirrors,Exodus,4,Near Mint,Common,$.003,$0.15,$.012,$0.60,,,
Roc of Kher Ridges,Revised Edition,3,Near Mint,Rare,$.050,$0.30,$.150,$0.90,,,
Rock Badger,Mercadian Masques,1,Near Mint,Uncommon,$.003,$0.15,$.003,$0.15,,,
Rock Hydra,Revised Edition,2,Near Mint,Rare,$.050,$0.30,$.100,$0.60,,,
Rock Slide,Visions,2,Near Mint,Common,$.003,$0.15,$.006,$0.30,,,
Rod of Ruin,Classic Sixth Edition,1,Near Mint,Uncommon,$.003,$0.15,$.003,$0.15,,,
Rod of Ruin,Revised Edition,2,Good (Lightly Played),Uncommon,$.003,$0.15,$.006,$0.30,,,
Rod of Ruin,Revised Edition,2,Near Mint,Uncommon,$.003,$0.15,$.006,$0.30,,,
"Rofellos, Llanowar Emissary",Urza's Destiny,1,Good (Lightly Played),Rare,$7.000,$13.88,$7.000,$13.88,,,
Rogue Kavu,Invasion,6,Near Mint,Common,$.003,$0.15,$.018,$0.90,,,
Rohgahh of Kher Keep,Legends,1,Near Mint,Rare,$4.250,$8.50,$4.250,$8.50,,,
Rooftop Storm,Innistrad,14,Near Mint,Rare,$.050,$0.90,$.700,$12.60,,,
Root Cage,Prophecy,2,Near Mint,Uncommon,$.003,$0.15,$.006,$0.30,,,
Root Greevil,Planeshift,9,Near Mint,Common,$.003,$0.10,$.027,$0.90,,,
Rootbound Crag,Magic 2012,4,Near Mint,Rare,$.100,$1.75,$.400,$7.00,,,
Rootbound Crag,Magic 2013,15,Near Mint,Rare,$.500,$2.00,$7.500,$30.00,,,
Rootwater Alligator,Exodus,4,Near Mint,Common,$.003,$0.15,$.012,$0.60,,,
Rootwater Commando,Nemesis,9,Near Mint,Common,$.003,$0.10,$.027,$0.90,,,
Rootwater Hunter,Tempest,1,Near Mint,Common,$.003,$0.15,$.003,$0.15,,,
Rootwater Mystic,Exodus,2,Near Mint,Common,$.003,$0.15,$.006,$0.30,,,
Rootwater Thief,Nemesis,1,Near Mint,Rare,$.100,$1.25,$.100,$1.25,,,
Rouse,Mercadian Masques,4,Near Mint,Common,$.003,$0.15,$.012,$0.60,,,
Rubblebelt Raiders,Gatecrash,17,Near Mint,Rare,$.050,$0.30,$.850,$5.10,,,
Rubblehulk,Gatecrash,48,Near Mint,Rare,$.050,$0.30,$2.400,$14.40,,,
Rubinia Soulsinger,Legends,1,Near Mint,Rare,$.050,$6.00,$.050,$6.00,,,
Rubinia Soulsinger,Chronicles,1,Near Mint,Rare,$3.000,$0.30,$3.000,$0.30,,,
Ruham Djinn,Invasion,3,Near Mint,Uncommon,$.003,$0.15,$.009,$0.45,,,
Ruination,Stronghold,1,Near Mint,Rare,$.050,$0.90,$.050,$0.90,,,
Ruinous Path,Battle for Zendikar,53,Near Mint,Rare,$.100,$1.50,$5.300,$79.50,,,
Ruins of Oran-Rief,Oath of the Gatewatch,32,Near Mint,Rare,$.050,$0.45,$1.600,$14.40,,,
Ruins of Trokair,Fallen Empires,6,Near Mint,Uncommon,$.003,$0.15,$.018,$0.90,,,
Rukh Egg,Arabian Nights,1,Near Mint,Common,$.250,$2.08,$.250,$2.08,,,
Rukh Egg,Arabian Nights,1,Good (Lightly Played),Common,$.250,$2.25,$.250,$2.25,,,
Rukh Egg,Arabian Nights,2,Heavily Played,Common,$.250,$2.08,$.500,$4.16,,,
Rune of Protection: Artifacts,Urza's Saga,1,Near Mint,Uncommon,$.003,$0.25,$.003,$0.25,,,
Rune of Protection: Black,Urza's Saga,1,Near Mint,Common,$.003,$0.15,$.003,$0.15,,,
Rune of Protection: Green,Urza's Saga,1,Near Mint,Common,$.003,$0.15,$.003,$0.15,,,
Rune of Protection: Red,Urza's Saga,2,Near Mint,Common,$.003,$0.15,$.006,$0.30,,,
Rune of Protection: White,Urza's Saga,1,Near Mint,Common,$.003,$0.15,$.003,$0.15,,,
Runechanter's Pike,Innistrad,39,Near Mint,Rare,$.050,$0.45,$1.950,$17.55,,,
Runed Arch,Ice Age,1,Near Mint,Rare,$.050,$0.30,$.050,$0.30,,,
Runesword,The Dark,4,Near Mint,Uncommon,$.003,$0.15,$.012,$0.60,,,
Rupture,Nemesis,5,Near Mint,Uncommon,$.003,$0.15,$.015,$0.75,,,
"Ruric Thar, the Unbowed",Dragon's Maze,30,Near Mint,Rare,$.050,$0.45,$1.500,$13.50,,,
Rushing River,Planeshift,7,Near Mint,Common,$.003,$0.15,$.021,$1.05,,,
Rushwood Dryad,Mercadian Masques,4,Near Mint,Common,$.003,$0.10,$.012,$0.40,,,
Rushwood Elemental,Mercadian Masques,1,Near Mint,Rare,$.050,$0.90,$.050,$0.90,,,
Rushwood Grove,Mercadian Masques,1,Near Mint,Uncommon,$.003,$0.25,$.003,$0.25,,,
Rushwood Herbalist,Mercadian Masques,4,Near Mint,Common,$.003,$0.10,$.012,$0.40,,,
Rushwood Legate,Mercadian Masques,2,Near Mint,Uncommon,$.003,$0.15,$.006,$0.30,,,
Rust,Legends,4,Near Mint,Common,$.003,$0.15,$.012,$0.60,,,
Rusting Golem,Nemesis,7,Near Mint,Uncommon,$.003,$0.15,$.021,$1.05,,,
Saber Ants,Mercadian Masques,1,Near Mint,Uncommon,$.003,$0.25,$.003,$0.25,,,
Sabertooth Wyvern,Exodus,1,Near Mint,Uncommon,$.003,$0.15,$.003,$0.15,,,
Sabretooth Tiger,Classic Sixth Edition,1,Near Mint,Common,$.003,$0.10,$.003,$0.10,,,
Sacred Prey,Mercadian Masques,4,Near Mint,Common,$.003,$0.10,$.012,$0.40,,,
Sacrifice,Unlimited Edition,1,Near Mint,Uncommon,$.003,$0.35,$.003,$0.35,,,
Sacrifice,Revised Edition,3,Near Mint,Uncommon,$.003,$0.15,$.009,$0.45,,,
Safe Haven,The Dark,3,Near Mint,Rare,$.050,$0.90,$.150,$2.70,,,
Sage of Ancient Lore,Shadows over Innistrad,11,Near Mint,Rare,$.050,$0.30,$.550,$3.30,,,
Sage of Hours,Journey into Nyx,8,Near Mint,MythicRare,$.750,$2.50,$6.000,$20.00,,,
Sage of Lat-Nam,Antiquities,1,Near Mint,Common,$.003,$0.15,$.003,$0.15,,,
Sage of the Inward Eye,Khans of Tarkir,28,Near Mint,Rare,$.050,$0.30,$1.400,$8.40,,,
Sage Owl,Weatherlight,2,Near Mint,Common,$.003,$0.10,$.006,$0.20,,,
Sage-Eye Avengers,Fate Reforged,22,Near Mint,Rare,$.050,$0.30,$1.100,$6.60,,,
Sagu Mauler,Khans of Tarkir,45,Near Mint,Rare,$.050,$0.30,$2.250,$13.50,,,
Sailmonger,Mercadian Masques,1,Near Mint,Uncommon,$.003,$0.15,$.003,$0.15,,,
Salt Flats,Tempest,2,Near Mint,Rare,$.050,$0.75,$.100,$1.50,,,
Salt Marsh,Invasion,2,Near Mint,Uncommon,$.003,$0.25,$.006,$0.50,,,
Samite Archer,Invasion,1,Near Mint,Uncommon,$.003,$0.15,$.003,$0.15,,,
Samite Blessing,Stronghold,1,Near Mint,Common,$.003,$0.10,$.003,$0.10,,,
Samite Healer,Classic Sixth Edition,1,Near Mint,Common,$.003,$0.10,$.003,$0.10,,,
Samite Healer,Revised Edition,12,Near Mint,Common,$.003,$0.10,$.036,$1.20,,,
Samite Ministration,Invasion,2,Near Mint,Uncommon,$.003,$0.15,$.006,$0.30,,,
Samite Pilgrim,Planeshift,7,Near Mint,Common,$.003,$0.10,$.021,$0.70,,,
Samite Sanctuary,Prophecy,2,Near Mint,Rare,$.050,$0.30,$.100,$0.60,,,
Sanctum Custodian,Urza's Saga,1,Near Mint,Common,$.003,$0.15,$.003,$0.15,,,
Sanctum of Ugin,Battle for Zendikar,11,Near Mint,Rare,$.100,$1.25,$1.100,$13.75,,,
Sand Silos,Fallen Empires,2,Near Mint,Rare,$.050,$0.65,$.100,$1.30,,,
Sandbar Crocodile,Mirage,3,Near Mint,Common,$.003,$0.10,$.009,$0.30,,,
Sandbar Merfolk,Urza's Saga,1,Near Mint,Common,$.003,$0.15,$.003,$0.15,,,
Sands of Delirium,Magic 2013,20,Near Mint,Rare,$.050,$0.75,$1.000,$15.00,,,
Sandsteppe Mastodon,Fate Reforged,26,Near Mint,Rare,$.050,$0.30,$1.300,$7.80,,,
Sandstone Needle,Mercadian Masques,6,Near Mint,Common,$.003,$0.15,$.018,$0.90,,,
Sandstorm,Fourth Edition,2,Near Mint,Common,$.003,$0.10,$.006,$0.20,,,
Sangromancer,Mirrodin Besieged,3,Near Mint,Rare,$.500,$2.00,$1.500,$6.00,,,
Sanguine Bond,Magic 2014 Core Set,11,Near Mint,Rare,$.050,$0.00,$.550,$0.00,,,
Sapphire Leech,Invasion,1,Near Mint,Rare,$.050,$0.30,$.050,$0.30,,,
Saprazzan Bailiff,Mercadian Masques,1,Near Mint,Rare,$.050,$0.30,$.050,$0.30,,,
Saprazzan Breaker,Mercadian Masques,2,Near Mint,Uncommon,$.003,$0.15,$.006,$0.30,,,
Saprazzan Cove,Mercadian Masques,1,Near Mint,Uncommon,$.003,$0.25,$.003,$0.25,,,
Saprazzan Legate,Mercadian Masques,1,Near Mint,Uncommon,$.003,$0.15,$.003,$0.15,,,
Saprazzan Outrigger,Mercadian Masques,4,Near Mint,Common,$.003,$0.10,$.012,$0.40,,,
Saprazzan Raider,Mercadian Masques,4,Near Mint,Common,$.003,$0.10,$.012,$0.40,,,
Saprazzan Skerry,Mercadian Masques,5,Near Mint,Common,$.003,$0.15,$.015,$0.75,,,
Saproling Burst,Nemesis,2,Near Mint,Rare,$.050,$0.75,$.100,$1.50,,,
Saproling Infestation,Invasion,1,Near Mint,Rare,$.050,$0.30,$.050,$0.30,,,
Saproling Symbiosis,Invasion,1,Near Mint,Rare,$.750,$3.00,$.750,$3.00,,,
Sarkhan Unbroken,Dragons of Tarkir,5,Near Mint,MythicRare,$2.500,$4.75,$12.500,$23.75,,,
"Sarkhan, the Dragonspeaker",Khans of Tarkir,25,Near Mint,MythicRare,$.750,$2.50,$18.750,$62.50,,,
Satyr Firedancer,Born of the Gods,9,Near Mint,Rare,$.050,$0.65,$.450,$5.85,,,
Savaen Elves,The Dark,2,Good (Lightly Played),Common,$.003,$0.10,$.006,$0.20,,,
Savaen Elves,The Dark,4,Near Mint,Common,$.003,$0.10,$.012,$0.40,,,
Savage Gorilla,Apocalypse,4,Near Mint,Common,$.003,$0.15,$.012,$0.60,,,
Savage Knuckleblade,Khans of Tarkir,60,Near Mint,Rare,$.050,$0.30,$3.000,$18.00,,,
Savage Offensive,Invasion,4,Near Mint,Common,$.003,$0.10,$.012,$0.40,,,
Savage Summoning,Magic 2014 Core Set,20,Near Mint,Rare,$.050,$0.30,$1.000,$6.00,,,
Savageborn Hydra,Dragon's Maze,5,Near Mint,MythicRare,$.500,$2.25,$2.500,$11.25,,,
Savannah,Revised Edition,1,Good (Lightly Played),Rare,$48.500,$80.94,$48.500,$80.94,,,
Savannah,Revised Edition,3,Near Mint,Rare,$52.500,$87.50,$157.500,$262.50,,,
Sawtooth Loon,Planeshift,1,Near Mint,Uncommon,$.003,$0.15,$.003,$0.15,,,
Scab-Clan Berserker,Magic Origins,24,Near Mint,Rare,$.050,$0.55,$1.200,$13.20,,,
Scald,Urza's Saga,1,Near Mint,Uncommon,$.003,$0.15,$.003,$0.15,,,
Scalding Tarn,Zendikar,1,Near Mint,Rare,$52.750,$87.75,$52.750,$87.75,,,
Scalebane's Elite,Visions,1,Near Mint,Uncommon,$.003,$0.15,$.003,$0.15,,,
Scaled Wurm,Classic Sixth Edition,1,Near Mint,Common,$.003,$0.10,$.003,$0.10,,,
Scandalmonger,Mercadian Masques,2,Near Mint,Uncommon,$.003,$0.15,$.006,$0.30,,,
Scapeshift,Morningtide,2,Near Mint,Rare,$24.500,$40.75,$49.000,$81.50,,,
Scare Tactics,Exodus,1,Near Mint,Common,$.003,$0.15,$.003,$0.15,,,
Scarecrow,The Dark,1,Near Mint,Uncommon,$.003,$0.25,$.003,$0.25,,,
Scarred Puma,Invasion,4,Near Mint,Common,$.003,$0.15,$.012,$0.60,,,
Scarwood Bandits,The Dark,3,Near Mint,Rare,$.050,$0.55,$.150,$1.65,,,
Scarwood Goblins,The Dark,9,Near Mint,Common,$.003,$0.10,$.027,$0.90,,,
Scarwood Hag,The Dark,3,Near Mint,Uncommon,$.003,$0.15,$.009,$0.45,,,
Scathe Zombies,Classic Sixth Edition,1,Near Mint,Common,$.003,$0.10,$.003,$0.10,,,
Scathe Zombies,Revised Edition,5,Near Mint,Common,$.003,$0.10,$.015,$0.50,,,
Scatter to the Winds,Battle for Zendikar,56,Near Mint,Rare,$.050,$0.55,$2.800,$30.80,,,
Scavenged Weaponry,Invasion,4,Near Mint,Common,$.003,$0.10,$.012,$0.40,,,
Scavenger Folk,The Dark,7,Near Mint,Common,$.003,$0.10,$.021,$0.70,,,
Scavenging Ghoul,Revised Edition,1,Near Mint,Uncommon,$.003,$0.15,$.003,$0.15,,,
Scavenging Ooze,Magic 2014 Core Set,2,Near Mint,Rare,$3.500,$6.75,$7.000,$13.50,,,
School of Piranha,Exodus,2,Near Mint,Common,$.003,$0.10,$.006,$0.20,,,
Scion of Vitu-Ghazi,Dragon's Maze,62,Near Mint,Rare,$.050,$0.30,$3.100,$18.60,,,
Scorched Ruins,Weatherlight,1,Near Mint,Rare,$5.500,$10.75,$5.500,$10.75,,,
Scorching Lava,Invasion,7,Near Mint,Common,$.003,$0.15,$.021,$1.05,,,
Scoria Cat,Prophecy,1,Near Mint,Uncommon,$.003,$0.15,$.003,$0.15,,,
Scourge of Fleets,Journey into Nyx,4,Near Mint,Rare,$.050,$0.30,$.200,$1.20,,,
Scourge of Skola Vale,Born of the Gods,15,Near Mint,Rare,$.050,$0.30,$.750,$4.50,,,
Scourge Wolf,Shadows over Innistrad,14,Near Mint,Rare,$.050,$0.30,$.700,$4.20,,,
Scouting Trek,Invasion,1,Near Mint,Uncommon,$.003,$0.25,$.003,$0.25,,,
Scrambleverse,Magic 2012,12,Near Mint,Rare,$.050,$0.30,$.600,$3.60,,,
Scrap,Urza's Saga,2,Near Mint,Common,$.003,$0.15,$.006,$0.30,,,
Scroll of the Masters,Fate Reforged,17,Near Mint,Rare,$.050,$0.30,$.850,$5.10,,,
Scrubland,Revised Edition,2,Played,Rare,$40.250,$66.94,$80.500,$133.88,,,
Scrubland,Revised Edition,2,Good (Lightly Played),Rare,$43.750,$72.84,$87.500,$145.69,,,
Scrubland,Revised Edition,2,Near Mint,Rare,$47.250,$78.75,$94.500,$157.50,,,
Scryb Sprites,Revised Edition,9,Near Mint,Common,$.003,$0.10,$.027,$0.90,,,
Scuttling Doom Engine,Magic 2015 Core Set,22,Near Mint,Rare,$.050,$0.45,$1.100,$9.90,,,
Sea Gate Wreckage,Oath of the Gatewatch,22,Near Mint,Rare,$.100,$1.00,$2.200,$22.00,,,
Sea Kings' Blessing,Legends,1,Good (Lightly Played),Uncommon,$.003,$0.50,$.003,$0.50,,,
Sea Serpent,Revised Edition,5,Near Mint,Common,$.003,$0.10,$.015,$0.50,,,
Sea Snidd,Planeshift,7,Near Mint,Common,$.003,$0.10,$.021,$0.70,,,
Seachrome Coast,Scars of Mirrodin,3,Near Mint,Rare,$2.750,$5.25,$8.250,$15.75,,,
Seal of Cleansing,Nemesis,7,Near Mint,Common,$.003,$0.15,$.021,$1.05,,,
Seal of Doom,Nemesis,5,Near Mint,Common,$.003,$0.15,$.015,$0.75,,,
Seal of Fire,Nemesis,5,Near Mint,Common,$.003,$0.15,$.015,$0.75,,,
Seal of Removal,Nemesis,7,Near Mint,Common,$.003,$0.15,$.021,$1.05,,,
Seal of Strength,Nemesis,6,Near Mint,Common,$.003,$0.15,$.018,$0.90,,,
Séance,Dark Ascension,33,Near Mint,Rare,$.050,$0.45,$1.650,$14.85,,,
Search the City,Return to Ravnica,51,Near Mint,Rare,$.050,$0.30,$2.550,$15.30,,,
Searing Rays,Invasion,2,Near Mint,Uncommon,$.003,$0.15,$.006,$0.30,,,
Searing Spear Askari,Mirage,2,Near Mint,Common,$.003,$0.10,$.006,$0.20,,,
Seashell Cameo,Invasion,3,Near Mint,Uncommon,$.003,$0.15,$.009,$0.45,,,
Seasinger,Fallen Empires,7,Near Mint,Uncommon,$.003,$0.15,$.021,$1.05,,,
Season of the Witch,The Dark,2,Good (Lightly Played),Rare,$.050,$0.90,$.100,$1.80,,,
Seasoned Marshal,Urza's Saga,1,Near Mint,Uncommon,$.003,$0.15,$.003,$0.15,,,
Seasons Past,Shadows over Innistrad,4,Near Mint,MythicRare,$.500,$2.25,$2.000,$9.00,,,
Second Chance,Urza's Legacy,1,Near Mint,Rare,$.050,$0.45,$.050,$0.45,,,
Second Harvest,Shadows over Innistrad,10,Near Mint,Rare,$.050,$0.55,$.500,$5.50,,,
Secure the Wastes,Dragons of Tarkir,3,Near Mint,Rare,$2.750,$5.25,$8.250,$15.75,,,
Security Detail,Mercadian Masques,1,Near Mint,Rare,$.050,$0.30,$.050,$0.30,,,
Sedge Troll,Revised Edition,2,Near Mint,Rare,$.050,$0.30,$.100,$0.60,,,
See the Unwritten,Khans of Tarkir,8,Near Mint,MythicRare,$.250,$0.99,$2.000,$7.92,,,
Seedborn Muse,Legions,1,Near Mint,Rare,$8.750,$20.75,$8.750,$20.75,,,
Seedborn Muse,Legions,1,Played,Rare,$12.500,$17.64,$12.500,$17.64,,,
Seedling Charm,Mirage,1,Near Mint,Common,$.003,$0.10,$.003,$0.10,,,
Seer's Vision,Invasion,2,Near Mint,Uncommon,$.003,$0.15,$.006,$0.30,,,
Seething Anger,Stronghold,1,Near Mint,Common,$.003,$0.15,$.003,$0.15,,,
Seismic Assault,Exodus,1,Near Mint,Rare,$.100,$1.75,$.100,$1.75,,,
Seizures,Ice Age,1,Near Mint,Common,$.003,$0.10,$.003,$0.10,,,
Semblance Anvil,Scars of Mirrodin,6,Near Mint,Rare,$.100,$1.00,$.600,$6.00,,,
Sen Triplets,Alara Reborn,1,Near Mint,MythicRare,$13.500,$22.56,$13.500,$22.56,,,
Sensei's Divining Top,Champions of Kamigawa,1,Near Mint,Uncommon,$11.750,$23.50,$11.750,$23.50,,,
Sentinel,Legends,1,Good (Lightly Played),Rare,$.750,$2.54,$.750,$2.54,,,
Sentinel,Legends,1,Near Mint,Rare,$.750,$2.75,$.750,$2.75,,,
Sepulchral Primordial,Gatecrash,19,Near Mint,Rare,$.050,$0.45,$.950,$8.55,,,
Seraph of the Sword,Magic 2014 Core Set,12,Near Mint,Rare,$.050,$0.75,$.600,$9.00,,,
Serendib Efreet,Revised Edition,1,Near Mint,Rare,$.050,$0.75,$.050,$0.75,,,
Serene Heart,Mirage,2,Near Mint,Common,$.003,$0.15,$.006,$0.30,,,
Serpent Generator,Chronicles,1,Near Mint,Rare,$.050,$0.45,$.050,$0.45,,,
Serpent Warrior,Stronghold,1,Near Mint,Common,$.003,$0.15,$.003,$0.15,,,
Serpentine Kavu,Invasion,4,Near Mint,Common,$.003,$0.10,$.012,$0.40,,,
Serpentine Spike,Battle for Zendikar,35,Near Mint,Rare,$.050,$0.30,$1.750,$10.50,,,
Serra Angel,Revised Edition,2,Near Mint,Uncommon,$.003,$0.50,$.006,$1.00,,,
Serra Avatar,Magic 2013,5,Near Mint,MythicRare,$.250,$1.25,$1.250,$6.25,,,
Serra Avenger,Magic 2013,7,Near Mint,Rare,$.500,$2.00,$3.500,$14.00,,,
Serra Paladin,Homelands,1,Near Mint,Common,$.003,$0.15,$.003,$0.15,,,
Serra Zealot,Urza's Saga,3,Near Mint,Common,$.003,$0.10,$.009,$0.30,,,
Serra's Embrace,Urza's Saga,1,Near Mint,Uncommon,$.003,$0.15,$.003,$0.15,,,
Servant of Volrath,Tempest,1,Near Mint,Common,$.003,$0.10,$.003,$0.10,,,
Setessan Tactics,Journey into Nyx,11,Near Mint,Rare,$.050,$0.45,$.550,$4.95,,,
Sever Soul,Mercadian Masques,4,Near Mint,Common,$.003,$0.10,$.012,$0.40,,,
Sever the Bloodline,Innistrad,28,Near Mint,Rare,$.050,$0.30,$1.400,$8.40,,,
Sewer Rats,Mirage,1,Near Mint,Common,$.003,$0.10,$.003,$0.10,,,
Sewers of Estark,Media Inserts,4,Near Mint,Special,#N/A,#N/A,#N/A,#N/A,,,
Shackles,Exodus,2,Near Mint,Common,$.003,$0.15,$.006,$0.30,,,
Shackles,Invasion,4,Near Mint,Common,$.003,$0.15,$.012,$0.60,,,
Shadow Guildmage,Mirage,1,Near Mint,Common,$.003,$0.10,$.003,$0.10,,,
Shadowborn Apostle,Magic 2014 Core Set,7,Near Mint,Common,$.100,$1.75,$.700,$12.25,,,
Shadowborn Demon,Magic 2014 Core Set,5,Near Mint,MythicRare,$.250,$0.99,$1.250,$4.95,,,
Shaman of Forgotten Ways,Dragons of Tarkir,10,Near Mint,MythicRare,$.500,$2.25,$5.000,$22.50,,,
Shaman of the Great Hunt,Fate Reforged,28,Near Mint,MythicRare,$.250,$0.99,$7.000,$27.72,,,
Shamanic Revelation,Fate Reforged,19,Near Mint,Rare,$.050,$0.30,$.950,$5.70,,,
Shambling Strider,Ice Age,1,Near Mint,Common,$.003,$0.10,$.003,$0.10,,,
Shambling Vent,Battle for Zendikar,48,Near Mint,Rare,$.750,$3.25,$36.000,$156.00,,,
Shape Anew,Scars of Mirrodin,4,Near Mint,Rare,$.050,$0.90,$.200,$3.60,,,
Shapeshifter,Antiquities,1,Near Mint,Rare,$.100,$1.50,$.100,$1.50,,,
Shardless Agent,Planechase 2012,3,Near Mint,Uncommon,$6.000,$12.00,$18.000,$36.00,,,
Shatter,Tempest,1,Near Mint,Common,$.003,$0.10,$.003,$0.10,,,
Shatter,Classic Sixth Edition,1,Near Mint,Common,$.003,$0.10,$.003,$0.10,,,
Shatter,Revised Edition,10,Near Mint,Common,$.003,$0.10,$.030,$1.00,,,
Shattered Crypt,Weatherlight,1,Near Mint,Common,$.003,$0.10,$.003,$0.10,,,
Shattering Pulse,Exodus,1,Near Mint,Common,$.003,$0.15,$.003,$0.15,,,
Shatterstorm,Revised Edition,4,Near Mint,Uncommon,$.250,$1.25,$1.000,$5.00,,,
Shelkin Brownie,Legends,1,Near Mint,Common,$.003,$0.15,$.003,$0.15,,,
Sheltered Valley,Alliances,1,Near Mint,Rare,$.050,$0.30,$.050,$0.30,,,
"Sheoldred, Whispering One",New Phyrexia,1,Good (Lightly Played),MythicRare,$8.750,$17.34,$8.750,$17.34,,,
Shield Bearer,Ice Age,1,Near Mint,Common,$.003,$0.10,$.003,$0.10,,,
Shield Dancer,Prophecy,3,Near Mint,Uncommon,$.003,$0.15,$.009,$0.45,,,
Shield Mate,Exodus,5,Near Mint,Common,$.003,$0.15,$.015,$0.75,,,
Shield of Duty and Reason,Apocalypse,4,Near Mint,Common,$.003,$0.10,$.012,$0.40,,,
Shield of the Avatar,Magic 2015 Core Set,6,Near Mint,Rare,$.050,$0.15,$.300,$0.90,,,
Shifting Sky,Planeshift,4,Near Mint,Uncommon,$.003,$0.15,$.012,$0.60,,,
Shifting Wall,Stronghold,1,Near Mint,Uncommon,$.003,$0.50,$.003,$0.50,,,
Shimian Specter,Magic 2013,25,Near Mint,Rare,$.050,$0.30,$1.250,$7.50,,,
Shimmer Myr,Mirrodin Besieged,2,Near Mint,Rare,$.100,$1.25,$.200,$2.50,,,
Shimmering Mirage,Apocalypse,4,Near Mint,Common,$.003,$0.15,$.012,$0.60,,,
Shimmering Wings,Invasion,4,Near Mint,Common,$.003,$0.15,$.012,$0.60,,,
Shipbreaker Kraken,Theros,60,Near Mint,Rare,$.050,$0.15,$3.000,$9.00,,,
Shivan Dragon,Revised Edition,1,Good (Lightly Played),Rare,$.050,$0.93,$.050,$0.93,,,
Shivan Dragon,Revised Edition,1,Played,Rare,$.050,$1.00,$.050,$1.00,,,
Shivan Dragon,Fourth Edition,1,Near Mint,Rare,$.050,$0.75,$.050,$0.75,,,
Shivan Dragon,Magic 2014 Core Set,3,Near Mint,Rare,$.050,$0.30,$.150,$0.90,,,
Shivan Dragon,Revised Edition,2,Near Mint,Rare,$.100,$0.85,$.200,$1.70,,,
Shivan Dragon,Magic 2015 Core Set,5,Near Mint,Rare,$.050,$0.30,$.250,$1.50,,,
Shivan Dragon,Magic Origins,6,Near Mint,Rare,$.050,$0.45,$.300,$2.70,,,
Shivan Emissary,Invasion,4,Near Mint,Uncommon,$.003,$0.15,$.012,$0.60,,,
Shivan Harvest,Invasion,1,Near Mint,Uncommon,$.003,$0.25,$.003,$0.25,,,
Shivan Oasis,Invasion,1,Near Mint,Uncommon,$.003,$0.25,$.003,$0.25,,,
Shivan Raptor,Urza's Saga,1,Near Mint,Uncommon,$.003,$0.15,$.003,$0.15,,,
Shivan Reef,Magic Origins,4,Near Mint,Rare,$.750,$2.75,$3.000,$11.00,,,
Shivan Reef,Magic 2015 Core Set,4,Near Mint,Rare,$.750,$3.00,$3.000,$12.00,,,
Shivan Wurm,Planeshift,1,Near Mint,Rare,$.100,$1.00,$.100,$1.00,,,
Shivan Zombie,Invasion,4,Near Mint,Common,$.003,$0.10,$.012,$0.40,,,
Shock Troops,Mercadian Masques,4,Near Mint,Common,$.003,$0.10,$.012,$0.40,,,
Shorecrasher Elemental,Dragons of Tarkir,10,Near Mint,MythicRare,$.250,$0.75,$2.500,$7.50,,,
Shoreline Raider,Invasion,4,Near Mint,Common,$.003,$0.15,$.012,$0.60,,,
Shoving Match,Mercadian Masques,2,Near Mint,Uncommon,$.003,$0.15,$.006,$0.30,,,
Show and Tell,Urza's Saga,1,Near Mint,Rare,$34.250,$57.00,$34.250,$57.00,,,
Shower of Sparks,Urza's Saga,2,Near Mint,Common,$.003,$0.15,$.006,$0.30,,,
Shriek of Dread,Planeshift,8,Near Mint,Common,$.003,$0.10,$.024,$0.80,,,
Shrieking Drake,Visions,2,Near Mint,Common,$.003,$0.15,$.006,$0.30,,,
Shrieking Mogg,Nemesis,3,Near Mint,Rare,$.050,$0.30,$.150,$0.90,,,
Shrine of the Forsaken Gods,Battle for Zendikar,23,Near Mint,Rare,$.100,$1.00,$2.300,$23.00,,,
Shrink,Homelands,2,Near Mint,Common,$.003,$0.15,$.006,$0.30,,,
"Shu Yun, the Silent Tempest",Fate Reforged,32,Near Mint,Rare,$.050,$0.30,$1.600,$9.60,,,
Sick and Tired,Urza's Legacy,2,Near Mint,Common,$.003,$0.15,$.006,$0.30,,,
Sicken,Urza's Saga,1,Near Mint,Common,$.003,$0.15,$.003,$0.15,,,
"Sidisi, Brood Tyrant",Khans of Tarkir,33,Near Mint,MythicRare,$.250,$0.99,$8.250,$32.67,,,
"Sidisi, Undead Vizier",Dragons of Tarkir,15,Near Mint,Rare,$.750,$3.25,$11.250,$48.75,,,
Siege Dragon,Magic 2015 Core Set,4,Near Mint,Rare,$.050,$0.30,$.200,$1.20,,,
Siege Rhino,Khans of Tarkir,45,Near Mint,Rare,$.100,$1.50,$4.500,$67.50,,,
Sifter of Skulls,Oath of the Gatewatch,47,Near Mint,Rare,$.050,$0.30,$2.350,$14.10,,,
"Sigarda, Heron's Grace",Shadows over Innistrad,14,Near Mint,MythicRare,$.500,$2.00,$7.000,$28.00,,,
Sigil of the Empty Throne,Magic Origins,22,Near Mint,Rare,$.050,$0.65,$1.100,$14.30,,,
Signal the Clans,Gatecrash,41,Near Mint,Rare,$.050,$0.30,$2.050,$12.30,,,
Silence,Magic 2014 Core Set,6,Near Mint,Rare,$.100,$1.00,$.600,$6.00,,,
Silence the Believers,Journey into Nyx,20,Near Mint,Rare,$.050,$0.30,$1.000,$6.00,,,
Silent Attendant,Urza's Saga,2,Near Mint,Common,$.003,$0.15,$.006,$0.30,,,
Silent Sentinel,Born of the Gods,20,Near Mint,Rare,$.050,$0.30,$1.000,$6.00,,,
Silhouette,Legends,1,Near Mint,Uncommon,$.003,$0.35,$.003,$0.35,,,
Silkenfist Fighter,Nemesis,7,Near Mint,Common,$.003,$0.10,$.021,$0.70,,,
Silkenfist Order,Nemesis,4,Near Mint,Uncommon,$.003,$0.15,$.012,$0.60,,,
Silklash Spider,Magic 2013,38,Near Mint,Rare,$.050,$0.30,$1.900,$11.40,,,
Silt Crawler,Prophecy,3,Near Mint,Common,$.003,$0.10,$.009,$0.30,,,
Silumgar Assassin,Dragons of Tarkir,25,Near Mint,Rare,$.050,$0.30,$1.250,$7.50,,,
"Silumgar, the Drifting Death",Fate Reforged,48,Near Mint,Rare,$.050,$0.45,$2.400,$21.60,,,
Silumgar's Command,Dragons of Tarkir,34,Near Mint,Rare,$.050,$0.65,$1.700,$22.10,,,
Silver Drake,Planeshift,8,Near Mint,Common,$.003,$0.10,$.024,$0.80,,,
Silverblade Paladin,Avacyn Restored,24,Near Mint,Rare,$.050,$0.55,$1.200,$13.20,,,
Silverfur Partisan,Shadows over Innistrad,14,Near Mint,Rare,$.050,$0.90,$.700,$12.60,,,
Silverglade Elemental,Mercadian Masques,4,Near Mint,Common,$.003,$0.15,$.012,$0.60,,,
Silverglade Pathfinder,Mercadian Masques,1,Near Mint,Uncommon,$.003,$0.15,$.003,$0.15,,,
Simian Grunts,Urza's Legacy,2,Near Mint,Common,$.003,$0.10,$.006,$0.20,,,
Simic Manipulator,Gatecrash,42,Near Mint,Rare,$.050,$0.30,$2.100,$12.60,,,
Simoon,Visions,1,Near Mint,Uncommon,$.003,$0.15,$.003,$0.15,,,
Simulacrum,Revised Edition,2,Near Mint,Uncommon,$.003,$0.15,$.006,$0.30,,,
Sin Prodder,Shadows over Innistrad,11,Near Mint,Rare,$.050,$0.99,$.550,$10.89,,,
Sindbad,Fourth Edition,1,Near Mint,Uncommon,$.003,$0.15,$.003,$0.15,,,
Singe,Planeshift,9,Near Mint,Common,$.003,$0.10,$.027,$0.90,,,
Sinister Strength,Planeshift,4,Near Mint,Common,$.003,$0.15,$.012,$0.60,,,
Sinkhole,Eternal Masters,3,Near Mint,Rare,$5.750,$11.25,$17.250,$33.75,,,
Sinkhole,Unlimited Edition,3,Near Mint,Common,$10.500,$21.00,$31.500,$63.00,,,
Sire of Insanity,Dragon's Maze,37,Near Mint,Rare,$.050,$0.30,$1.850,$11.10,,,
Sire of Stagnation,Battle for Zendikar,36,Near Mint,MythicRare,$.250,$1.00,$9.000,$36.00,,,
Siren's Call,Unlimited Edition,3,Near Mint,Uncommon,$.003,$0.50,$.009,$1.50,,,
Siren's Call,Revised Edition,6,Near Mint,Uncommon,$.003,$0.15,$.018,$0.90,,,
Sisay's Ingenuity,Planeshift,5,Near Mint,Common,$.003,$0.10,$.015,$0.50,,,
Sisay's Ring,Visions,2,Near Mint,Common,$.003,$0.15,$.006,$0.30,,,
Sisters of the Flame,The Dark,1,Good (Lightly Played),Uncommon,$.003,$0.15,$.003,$0.15,,,
Sivvi's Ruse,Nemesis,4,Near Mint,Uncommon,$.003,$0.15,$.012,$0.60,,,
Sivvi's Valor,Nemesis,3,Near Mint,Rare,$.050,$0.30,$.150,$0.90,,,
Sizzle,Mercadian Masques,3,Near Mint,Common,$.003,$0.15,$.009,$0.45,,,
Skaab Ruinator,Innistrad,8,Near Mint,MythicRare,$.250,$1.25,$2.000,$10.00,,,
Skarrg Goliath,Gatecrash,66,Near Mint,Rare,$.050,$0.30,$3.300,$19.80,,,
Skeleton Ship,Ice Age,1,Near Mint,Rare,$.050,$0.65,$.050,$0.65,,,
Skinshifter,Magic 2012,3,Near Mint,Rare,$.050,$0.55,$.150,$1.65,,,
Skirsdag High Priest,Innistrad,18,Near Mint,Rare,$.050,$0.55,$.900,$9.90,,,
"Skithiryx, the Blight Dragon",Scars of Mirrodin,2,Near Mint,MythicRare,$5.750,$11.50,$11.500,$23.00,,,
Skittering Skirge,Urza's Saga,3,Near Mint,Common,$.003,$0.15,$.009,$0.45,,,
Skittish Kavu,Invasion,3,Near Mint,Uncommon,$.003,$0.15,$.009,$0.45,,,
Skizzik,Invasion,1,Near Mint,Rare,$.050,$0.75,$.050,$0.75,,,
Skulking Fugitive,Mercadian Masques,4,Near Mint,Common,$.003,$0.10,$.012,$0.40,,,
Skull of Orm,The Dark,4,Good (Lightly Played),Uncommon,$.003,$0.50,$.012,$2.00,,,
Skull of Ramos,Mercadian Masques,1,Near Mint,Rare,$.050,$0.65,$.050,$0.65,,,
Skullcrack,Gatecrash,3,Near Mint,Uncommon,$.100,$1.00,$.300,$3.00,,,
Sky Weaver,Invasion,3,Near Mint,Uncommon,$.003,$0.15,$.009,$0.45,,,
Skybind,Journey into Nyx,15,Near Mint,Rare,$.050,$0.30,$.750,$4.50,,,
Skylasher,Dragon's Maze,25,Near Mint,Rare,$.050,$0.45,$1.250,$11.25,,,
Skyshaper,Exodus,1,Near Mint,Uncommon,$.003,$0.15,$.003,$0.15,,,
Skyship Weatherlight,Planeshift,1,Near Mint,Rare,$.050,$0.90,$.050,$0.90,,,
Skyshroud Archer,Stronghold,1,Near Mint,Common,$.003,$0.15,$.003,$0.15,,,
Skyshroud Behemoth,Nemesis,2,Near Mint,Rare,$.050,$0.30,$.100,$0.60,,,
Skyshroud Blessing,Planeshift,3,Near Mint,Uncommon,$.003,$0.15,$.009,$0.45,,,
Skyshroud Claim,Nemesis,9,Near Mint,Common,$.100,$1.75,$.900,$15.75,,,
Skyshroud Condor,Tempest,1,Near Mint,Uncommon,$.003,$0.15,$.003,$0.15,,,
Skyshroud Cutter,Nemesis,6,Near Mint,Common,$.003,$0.10,$.018,$0.60,,,
Skyshroud Elite,Exodus,1,Near Mint,Uncommon,$.003,$0.25,$.003,$0.25,,,
Skyshroud Falcon,Stronghold,2,Near Mint,Common,$.003,$0.15,$.006,$0.30,,,
Skyshroud Forest,Tempest,1,Near Mint,Rare,$.050,$0.65,$.050,$0.65,,,
Skyshroud Poacher,Nemesis,2,Near Mint,Rare,$.750,$2.50,$1.500,$5.00,,,
Skyshroud Ridgeback,Nemesis,4,Near Mint,Common,$.003,$0.10,$.012,$0.40,,,
Skyshroud Sentinel,Nemesis,4,Near Mint,Common,$.003,$0.10,$.012,$0.40,,,
Skyshroud Troopers,Stronghold,1,Near Mint,Common,$.003,$0.15,$.003,$0.15,,,
Slag Fiend,New Phyrexia,9,Near Mint,Rare,$.050,$0.30,$.450,$2.70,,,
Slagstorm,Mirrodin Besieged,13,Near Mint,Rare,$.050,$0.45,$.650,$5.85,,,
Slaughter,Exodus,1,Near Mint,Uncommon,$.003,$0.15,$.003,$0.15,,,
Slaughter Games,Return to Ravnica,34,Near Mint,Rare,$.050,$0.65,$1.700,$22.10,,,
Slaughter Pact,Future Sight,1,Near Mint,Rare,$4.750,$9.50,$4.750,$9.50,,,
Slay,Planeshift,1,Near Mint,Uncommon,$.003,$0.15,$.003,$0.15,,,
Slayer's Plate,Shadows over Innistrad,15,Near Mint,Rare,$.050,$0.30,$.750,$4.50,,,
Slayers' Stronghold,Avacyn Restored,23,Near Mint,Rare,$.050,$0.55,$1.150,$12.65,,,
Sleeper Agent,Urza's Saga,1,Near Mint,Rare,$.050,$0.30,$.050,$0.30,,,
Sleeper's Guile,Urza's Legacy,4,Near Mint,Common,$.003,$0.15,$.012,$0.60,,,
Sleeper's Robe,Invasion,1,Near Mint,Uncommon,$.003,$0.25,$.003,$0.25,,,
Sleeping Potion,Planeshift,5,Near Mint,Common,$.003,$0.10,$.015,$0.50,,,
Slimy Kavu,Invasion,8,Near Mint,Common,$.003,$0.10,$.024,$0.80,,,
Slingshot Goblin,Planeshift,8,Near Mint,Common,$.003,$0.10,$.024,$0.80,,,
Slinking Serpent,Invasion,2,Near Mint,Uncommon,$.003,$0.15,$.006,$0.30,,,
Slippery Karst,Urza's Saga,1,Near Mint,Common,$.003,$0.15,$.003,$0.15,,,
Sliver Hive,Magic 2015 Core Set,4,Near Mint,Rare,$1.250,$4.75,$5.000,$19.00,,,
Sliver Hivelord,Magic 2015 Core Set,1,Near Mint,MythicRare,$5.500,$11.21,$5.500,$11.21,,,
Slow Motion,Urza's Legacy,1,Near Mint,Common,$.003,$0.15,$.003,$0.15,,,
Sluggishness,Urza's Legacy,1,Near Mint,Common,$.003,$0.15,$.003,$0.15,,,
Slumbering Dragon,Magic 2013,13,Near Mint,Rare,$.500,$2.00,$6.500,$26.00,,,
Smash,Apocalypse,4,Near Mint,Common,$.003,$0.15,$.012,$0.60,,,
Smite,Stronghold,1,Near Mint,Common,$.003,$0.10,$.003,$0.10,,,
Smoldering Marsh,Battle for Zendikar,28,Near Mint,Rare,$.750,$2.75,$21.000,$77.00,,,
Smothering Abomination,Battle for Zendikar,67,Near Mint,Rare,$.050,$0.30,$3.350,$20.10,,,
Snag,Prophecy,3,Near Mint,Uncommon,$.003,$0.15,$.009,$0.45,,,
Snake Pit,Mercadian Masques,1,Near Mint,Uncommon,$.003,$0.15,$.003,$0.15,,,
Snap,Urza's Legacy,1,Near Mint,Common,$.250,$2.50,$.250,$2.50,,,
Sneak Attack,Eternal Masters,4,Near Mint,MythicRare,$14.750,$24.50,$59.000,$98.00,,,
Sneaky Homunculus,Nemesis,11,Near Mint,Common,$.003,$0.10,$.033,$1.10,,,
Snorting Gahr,Mercadian Masques,4,Near Mint,Common,$.003,$0.10,$.012,$0.40,,,
Snow Devil,Ice Age,1,Near Mint,Common,$.003,$0.10,$.003,$0.10,,,
Snow Fortress,Ice Age,1,Near Mint,Rare,$.050,$0.30,$.050,$0.30,,,
Snow Hound,Ice Age,1,Near Mint,Uncommon,$.003,$0.15,$.003,$0.15,,,
Snowfall,Ice Age,1,Near Mint,Common,$.003,$0.10,$.003,$0.10,,,
Snuff Out,Mercadian Masques,4,Near Mint,Common,$.003,$0.25,$.012,$1.00,,,
Sol Ring,Revised Edition,1,Good (Lightly Played),Uncommon,$.750,$3.93,$.750,$3.93,,,
Sol Ring,Revised Edition,3,Near Mint,Uncommon,$1.000,$4.25,$3.000,$12.75,,,
Soldevi Excavations,Alliances,1,Near Mint,Rare,$3.750,$7.50,$3.750,$7.50,,,
Soldevi Simulacrum,Ice Age,1,Near Mint,Uncommon,$.003,$0.15,$.003,$0.15,,,
Soldier of the Pantheon,Theros,31,Near Mint,Rare,$.050,$0.30,$1.550,$9.30,,,
Solemn Simulacrum,Magic 2012,1,Near Mint,Rare,$1.000,$4.00,$1.000,$4.00,,,
Solfatara,Visions,4,Near Mint,Common,$.003,$0.15,$.012,$0.60,,,
Soltari Priest,Tempest,1,Near Mint,Uncommon,$.003,$0.50,$.003,$0.50,,,
Soltari Visionary,Exodus,2,Near Mint,Common,$.003,$0.15,$.006,$0.30,,,
Somberwald Sage,Avacyn Restored,30,Near Mint,Rare,$.100,$1.50,$3.000,$45.00,,,
Song of Blood,Visions,1,Near Mint,Common,$.003,$0.15,$.003,$0.15,,,
Sonic Burst,Exodus,3,Near Mint,Common,$.003,$0.15,$.009,$0.45,,,
Soothing Balm,Mercadian Masques,4,Near Mint,Common,$.003,$0.15,$.012,$0.60,,,
Soothsaying,Mercadian Masques,2,Near Mint,Uncommon,$.250,$1.50,$.500,$3.00,,,
Sorceress Queen,Revised Edition,1,Near Mint,Rare,$.050,$0.45,$.050,$0.45,,,
"Sorin, Grim Nemesis",Shadows over Innistrad,4,Near Mint,Rare,$4.500,$8.75,$18.000,$35.00,,,
"Sorin, Lord of Innistrad",Dark Ascension,1,Near Mint,MythicRare,$3.250,$6.50,$3.250,$6.50,,,
"Sorin, Solemn Visitor",Khans of Tarkir,14,Near Mint,MythicRare,$2.500,$4.75,$35.000,$66.50,,,
Sorin's Vengeance,Magic 2012,1,Near Mint,MythicRare,$.250,$1.25,$.250,$1.25,,,
Sorrow's Path,The Dark,5,Near Mint,Rare,$.050,$0.75,$.250,$3.75,,,
Soul Barrier,Ice Age,2,Near Mint,Uncommon,$.003,$0.15,$.006,$0.30,,,
Soul Burn,Ice Age,1,Near Mint,Common,$.003,$0.10,$.003,$0.10,,,
Soul Burn,Invasion,5,Near Mint,Common,$.003,$0.15,$.015,$0.75,,,
Soul Channeling,Mercadian Masques,3,Near Mint,Common,$.003,$0.10,$.009,$0.30,,,
Soul Charmer,Prophecy,8,Near Mint,Common,$.003,$0.10,$.024,$0.80,,,
Soul Conduit,New Phyrexia,10,Near Mint,Rare,$.050,$0.30,$.500,$3.00,,,
Soul Exchange,Fallen Empires,9,Near Mint,Uncommon,$.003,$0.25,$.027,$2.25,,,
Soul Kiss,Ice Age,4,Near Mint,Common,$.003,$0.10,$.012,$0.40,,,
Soul Link,Apocalypse,5,Near Mint,Common,$.003,$0.15,$.015,$0.75,,,
Soul Net,Unlimited Edition,1,Good (Lightly Played),Uncommon,$.003,$0.35,$.003,$0.35,,,
Soul Net,Revised Edition,1,Played,Uncommon,$.003,$0.15,$.003,$0.15,,,
Soul of Innistrad,Magic 2015 Core Set,5,Near Mint,MythicRare,$.250,$1.00,$1.250,$5.00,,,
Soul of New Phyrexia,Magic 2015 Core Set,4,Near Mint,MythicRare,$.750,$2.50,$3.000,$10.00,,,
Soul of Ravnica,Magic 2015 Core Set,6,Near Mint,MythicRare,$.250,$0.99,$1.500,$5.94,,,
Soul of Shandalar,Magic 2015 Core Set,9,Near Mint,MythicRare,$.250,$0.99,$2.250,$8.91,,,
Soul of the Harvest,Avacyn Restored,27,Near Mint,Rare,$.050,$0.45,$1.350,$12.15,,,
Soul of Theros,Magic 2015 Core Set,7,Near Mint,MythicRare,$.250,$0.99,$1.750,$6.93,,,
Soul of Zendikar,Magic 2015 Core Set,10,Near Mint,MythicRare,$.250,$0.99,$2.500,$9.90,,,
Soul Ransom,Gatecrash,59,Near Mint,Rare,$.050,$0.30,$2.950,$17.70,,,
Soul Strings,Prophecy,3,Near Mint,Common,$.003,$0.10,$.009,$0.30,,,
Soul Swallower,Shadows over Innistrad,14,Near Mint,Rare,$.050,$0.30,$.700,$4.20,,,
Soul Warden,Exodus,3,Near Mint,Common,$.003,$0.75,$.009,$2.25,,,
Soulblade Djinn,Magic Origins,37,Near Mint,Rare,$.050,$0.30,$1.850,$11.10,,,
Soulfire Grand Master,Fate Reforged,22,Near Mint,MythicRare,$.750,$3.00,$16.500,$66.00,,,
Soulflayer,Fate Reforged,36,Near Mint,Rare,$.050,$0.30,$1.800,$10.80,,,
Soulshriek,Mirage,2,Near Mint,Common,$.003,$0.10,$.006,$0.20,,,
Spark Trooper,Gatecrash,48,Near Mint,Rare,$.050,$0.30,$2.400,$14.40,,,
Sparring Golem,Invasion,1,Near Mint,Uncommon,$.003,$0.15,$.003,$0.15,,,
Spatial Binding,Mirage,1,Near Mint,Uncommon,$.003,$0.15,$.003,$0.15,,,
Spawn of Thraxes,Journey into Nyx,5,Near Mint,Rare,$.050,$0.30,$.250,$1.50,,,
Spawning Pool,Urza's Legacy,5,Near Mint,Uncommon,$.003,$0.25,$.015,$1.25,,,
Spear of Heliod,Theros,56,Near Mint,Rare,$.050,$0.65,$2.800,$36.40,,,
Specter's Wail,Mercadian Masques,4,Near Mint,Common,$.003,$0.10,$.012,$0.40,,,
Spectra Ward,Magic 2015 Core Set,1,Near Mint,Rare,$.050,$0.65,$.050,$0.65,,,
Spectral Bears,Homelands,1,Near Mint,Uncommon,$.003,$0.15,$.003,$0.15,,,
Spectral Shield,Ice Age,1,Near Mint,Uncommon,$.003,$0.15,$.003,$0.15,,,
Spell Blast,Unlimited Edition,1,Near Mint,Common,$.003,$0.25,$.003,$0.25,,,
Spell Blast,Revised Edition,7,Near Mint,Common,$.003,$0.15,$.021,$1.05,,,
Spellskite,Modern Masters 2015 Edition,2,Near Mint,Rare,$16.750,$27.75,$33.500,$55.50,,,
Spelltwine,Magic 2013,26,Near Mint,Rare,$.050,$0.30,$1.300,$7.80,,,
Sphinx of the Chimes,Return to Ravnica,48,Near Mint,Rare,$.050,$0.30,$2.400,$14.40,,,
Sphinx of the Final Word,Oath of the Gatewatch,14,Near Mint,MythicRare,$.250,$1.25,$3.500,$17.50,,,
Sphinx of Uthuun,Magic 2012,10,Near Mint,Rare,$.050,$0.30,$.500,$3.00,,,
Sphinx of Uthuun,Magic 2013,29,Near Mint,Rare,$.050,$0.30,$1.450,$8.70,,,
Sphinx's Revelation,Return to Ravnica,3,Near Mint,MythicRare,$3.250,$6.25,$9.750,$18.75,,,
Spider Climb,Visions,2,Near Mint,Common,$.003,$0.15,$.006,$0.30,,,
Spidersilk Armor,Mercadian Masques,3,Near Mint,Common,$.003,$0.75,$.009,$2.25,,,
Spike Breeder,Stronghold,1,Near Mint,Rare,$.050,$0.30,$.050,$0.30,,,
Spike Cannibal,Exodus,1,Near Mint,Uncommon,$.003,$0.15,$.003,$0.15,,,
Spike Colony,Stronghold,2,Near Mint,Common,$.003,$0.10,$.006,$0.20,,,
Spike Drone,Tempest,2,Near Mint,Common,$.003,$0.10,$.006,$0.20,,,
Spike Rogue,Exodus,1,Near Mint,Uncommon,$.003,$0.15,$.003,$0.15,,,
Spike Weaver,Exodus,1,Near Mint,Rare,$1.250,$4.75,$1.250,$4.75,,,
Spike Worker,Stronghold,2,Near Mint,Common,$.003,$0.15,$.006,$0.30,,,
Spikeshot Elder,Scars of Mirrodin,9,Near Mint,Rare,$.050,$0.30,$.450,$2.70,,,
Spiketail Hatchling,Prophecy,3,Near Mint,Common,$.003,$0.15,$.009,$0.45,,,
Spindrift Drake,Stronghold,1,Near Mint,Common,$.003,$0.10,$.003,$0.10,,,
Spine of Ish Sah,Mirrodin Besieged,8,Near Mint,Rare,$.050,$0.30,$.400,$2.40,,,
Spined Fluke,Urza's Saga,1,Near Mint,Uncommon,$.003,$0.15,$.003,$0.15,,,
Spined Sliver,Stronghold,1,Near Mint,Uncommon,$.003,$0.25,$.003,$0.25,,,
Spined Wurm,Stronghold,2,Near Mint,Common,$.003,$0.15,$.006,$0.30,,,
Spineless Thug,Nemesis,10,Near Mint,Common,$.003,$0.10,$.030,$1.00,,,
Spire Owl,Urza's Saga,2,Near Mint,Common,$.003,$0.15,$.006,$0.30,,,
Spirit Away,Avacyn Restored,38,Near Mint,Rare,$.050,$0.30,$1.900,$11.40,,,
Spirit Bonds,Magic 2015 Core Set,3,Near Mint,Rare,$.050,$0.30,$.150,$0.90,,,
Spirit en-Kor,Stronghold,1,Near Mint,Common,$.003,$0.10,$.003,$0.10,,,
Spirit Link,Fourth Edition,1,Near Mint,Uncommon,$.003,$0.25,$.003,$0.25,,,
Spirit of Resistance,Invasion,1,Near Mint,Rare,$.050,$0.65,$.050,$0.65,,,
Spirit of the Labyrinth,Born of the Gods,2,Near Mint,Rare,$.050,$0.90,$.100,$1.80,,,
Spirit Shackle,Legends,2,Near Mint,Common,$.003,$0.15,$.006,$0.30,,,
Spirit Shield,Fallen Empires,2,Near Mint,Rare,$.050,$0.30,$.100,$0.60,,,
Spirit Weaver,Invasion,1,Near Mint,Uncommon,$.003,$0.15,$.003,$0.15,,,
Spiritual Asylum,Nemesis,1,Near Mint,Rare,$.050,$0.45,$.050,$0.45,,,
Spite // Malice,Invasion,4,Near Mint,Uncommon,$.003,$0.15,$.012,$0.60,,,
Spiteful Bully,Nemesis,4,Near Mint,Common,$.003,$0.10,$.012,$0.40,,,
Spitting Slug,The Dark,2,Near Mint,Uncommon,$.003,$0.15,$.006,$0.30,,,
Spitting Spider,Prophecy,3,Near Mint,Uncommon,$.003,$0.15,$.009,$0.45,,,
Splinterfright,Innistrad,27,Near Mint,Rare,$.050,$0.30,$1.350,$8.10,,,
Spore Cloud,Fallen Empires,6,Near Mint,Common,$.003,$0.15,$.018,$0.90,,,
Spore Cloud,Fallen Empires,6,Near Mint,Common,$.003,$0.15,$.018,$0.90,,,
Spore Cloud,Fallen Empires,7,Near Mint,Common,$.003,$0.15,$.021,$1.05,,,
Spore Flower,Fallen Empires,6,Near Mint,Uncommon,$.003,$0.25,$.018,$1.50,,,
Spore Frog,Prophecy,6,Near Mint,Common,$.003,$0.50,$.018,$3.00,,,
Spur Grappler,Prophecy,3,Near Mint,Common,$.003,$0.10,$.009,$0.30,,,
Squall,Mercadian Masques,4,Near Mint,Common,$.003,$0.10,$.012,$0.40,,,
Squallmonger,Mercadian Masques,1,Near Mint,Uncommon,$.003,$0.15,$.003,$0.15,,,
Squandered Resources,Visions,1,Near Mint,Rare,$3.250,$6.50,$3.250,$6.50,,,
Squee's Embrace,Apocalypse,4,Near Mint,Common,$.003,$0.15,$.012,$0.60,,,
Squee's Revenge,Apocalypse,7,Near Mint,Uncommon,$.003,$0.15,$.021,$1.05,,,
Squire,The Dark,4,Near Mint,Common,$.003,$0.10,$.012,$0.40,,,
Staff of Nin,Magic 2013,9,Near Mint,Rare,$.050,$0.99,$.450,$8.91,,,
Staff of Zegon,Antiquities,1,Good (Lightly Played),Common,$.003,$0.15,$.003,$0.15,,,
Staff of Zegon,Antiquities,1,Near Mint,Common,$.003,$0.15,$.003,$0.15,,,
Stain the Mind,Magic 2015 Core Set,13,Near Mint,Rare,$.050,$0.30,$.650,$3.90,,,
Stalking Stones,Tempest,1,Near Mint,Uncommon,$.003,$0.15,$.003,$0.15,,,
Stalking Tiger,Mirage,1,Near Mint,Common,$.003,$0.10,$.003,$0.10,,,
Stamina,Mercadian Masques,1,Near Mint,Uncommon,$.003,$0.15,$.003,$0.15,,,
Stampede Driver,Nemesis,3,Near Mint,Uncommon,$.003,$0.15,$.009,$0.45,,,
Stampeding Wildebeests,Visions,2,Near Mint,Uncommon,$.003,$0.15,$.006,$0.30,,,
Stand // Deliver,Invasion,3,Near Mint,Uncommon,$.003,$0.15,$.009,$0.45,,,
Standard Bearer,Apocalypse,4,Near Mint,Common,$.003,$0.25,$.012,$1.00,,,
Standing Stones,The Dark,4,Near Mint,Uncommon,$.003,$0.15,$.012,$0.60,,,
Standing Troops,Exodus,2,Near Mint,Common,$.003,$0.15,$.006,$0.30,,,
Star Compass,Planeshift,1,Near Mint,Uncommon,$.003,$0.25,$.003,$0.25,,,
Starfield of Nyx,Magic Origins,19,Near Mint,MythicRare,$.750,$2.50,$14.250,$47.50,,,
Startled Awake,Shadows over Innistrad,1,Near Mint,MythicRare,$.750,$2.75,$.750,$2.75,,,
Stasis,Revised Edition,1,Good (Lightly Played),Rare,$.100,$1.28,$.100,$1.28,,,
Stasis,Revised Edition,1,Played,Rare,$.100,$1.39,$.100,$1.39,,,
Statecraft,Mercadian Masques,1,Near Mint,Rare,$1.000,$4.00,$1.000,$4.00,,,
Steadfast Guard,Mercadian Masques,2,Near Mint,Common,$.003,$0.15,$.006,$0.30,,,
Steal Artifact,Unlimited Edition,1,Good (Lightly Played),Uncommon,$.003,$0.50,$.003,$0.50,,,
Steal Artifact,Revised Edition,3,Near Mint,Uncommon,$.003,$0.15,$.009,$0.45,,,
Steal Strength,Prophecy,5,Near Mint,Common,$.003,$0.10,$.015,$0.50,,,
Steam Augury,Theros,65,Near Mint,Rare,$.050,$0.15,$3.250,$9.75,,,
Steel Hellkite,Scars of Mirrodin,6,Near Mint,Rare,$.100,$1.00,$.600,$6.00,,,
Steel Leaf Paladin,Planeshift,7,Near Mint,Common,$.003,$0.10,$.021,$0.70,,,
Steel Overseer,Duel Decks: Elspeth vs. Tezzeret,1,Near Mint,Rare,$7.000,$14.00,$7.000,$14.00,,,
Stensia Bloodhall,Innistrad,38,Near Mint,Rare,$.050,$0.30,$1.900,$11.40,,,
Stinging Barrier,Mercadian Masques,4,Near Mint,Common,$.003,$0.10,$.012,$0.40,,,
Stolen Goods,Avacyn Restored,42,Near Mint,Rare,$.050,$0.30,$2.100,$12.60,,,
Stolen Identity,Gatecrash,24,Near Mint,Rare,$.050,$0.45,$1.200,$10.80,,,
Stone Calendar,The Dark,1,Near Mint,Rare,$.750,$2.50,$.750,$2.50,,,
Stone Calendar,The Dark,2,Good (Lightly Played),Rare,$.500,$2.31,$1.000,$4.63,,,
Stone Giant,Revised Edition,1,Near Mint,Uncommon,$.003,$0.15,$.003,$0.15,,,
Stone Haven Outfitter,Oath of the Gatewatch,24,Near Mint,Rare,$.050,$0.45,$1.200,$10.80,,,
Stone Kavu,Planeshift,9,Near Mint,Common,$.003,$0.10,$.027,$0.90,,,
Stone Rain,Fourth Edition,1,Near Mint,Common,$.003,$0.15,$.003,$0.15,,,
Stone Rain,Mirage,1,Near Mint,Common,$.003,$0.15,$.003,$0.15,,,
Stone Rain,Ice Age,1,Near Mint,Common,$.003,$0.15,$.003,$0.15,,,
Stone Rain,Tempest,1,Near Mint,Common,$.003,$0.15,$.003,$0.15,,,
Stone Rain,Revised Edition,3,Played,Common,$.003,$0.15,$.009,$0.45,,,
Stone Rain,Mercadian Masques,4,Near Mint,Common,$.003,$0.15,$.012,$0.60,,,
Stone Rain,Revised Edition,6,Near Mint,Common,$.003,$0.15,$.018,$0.90,,,
Stoneforge Masterwork,Oath of the Gatewatch,36,Near Mint,Rare,$.050,$0.90,$1.800,$32.40,,,
Stoneforge Mystic,Worldwake,1,Near Mint,Rare,$9.000,$17.10,$9.000,$17.10,,,
Stoneforge Mystic,Worldwake,3,Near Mint,Rare,$8.500,$18.00,$25.500,$54.00,,,
Stony Silence,Innistrad,20,Near Mint,Rare,$5.000,$10.00,$100.000,$200.00,,,
Storm Front,Tempest,1,Near Mint,Uncommon,$.003,$0.15,$.003,$0.15,,,
Storm Seeker,Legends,1,Played,Uncommon,$.250,$1.28,$.250,$1.28,,,
Storm World,Legends,1,Near Mint,Rare,$13.250,$22.20,$13.250,$22.20,,,
Storm World,Legends,1,Good (Lightly Played),Rare,$14.500,$24.00,$14.500,$24.00,,,
Stormbreath Dragon,Theros,24,Near Mint,MythicRare,$.500,$2.25,$12.000,$54.00,,,
Stormscape Apprentice,Invasion,5,Near Mint,Common,$.003,$0.15,$.015,$0.75,,,
Stormscape Battlemage,Planeshift,6,Near Mint,Uncommon,$.003,$0.15,$.018,$0.90,,,
Stormscape Familiar,Planeshift,8,Near Mint,Common,$.003,$0.15,$.024,$1.20,,,
Stormtide Leviathan,Magic 2015 Core Set,9,Near Mint,Rare,$.050,$0.30,$.450,$2.70,,,
Stormtide Leviathan,Magic 2013,22,Near Mint,Rare,$.050,$0.30,$1.100,$6.60,,,
Stormwatch Eagle,Prophecy,5,Near Mint,Common,$.003,$0.10,$.015,$0.50,,,
Story Circle,Mercadian Masques,2,Near Mint,Uncommon,$.003,$0.50,$.006,$1.00,,,
Strafe,Planeshift,3,Near Mint,Uncommon,$.003,$0.15,$.009,$0.45,,,
Strata Scythe,Scars of Mirrodin,7,Near Mint,Rare,$.050,$0.30,$.350,$2.10,,,
Stratadon,Planeshift,2,Near Mint,Uncommon,$.003,$0.15,$.006,$0.30,,,
Stratus Dancer,Dragons of Tarkir,18,Near Mint,Rare,$.100,$1.00,$1.800,$18.00,,,
Stream of Life,Fourth Edition,1,Near Mint,Common,$.003,$0.15,$.003,$0.15,,,
Stream of Life,Revised Edition,11,Near Mint,Common,$.003,$0.10,$.033,$1.10,,,
Strength of Night,Apocalypse,5,Near Mint,Common,$.003,$0.10,$.015,$0.50,,,
Strength of Unity,Invasion,4,Near Mint,Common,$.003,$0.15,$.012,$0.60,,,
Strionic Resonator,Magic 2014 Core Set,17,Near Mint,Rare,$.750,$2.50,$12.750,$42.50,,,
Strip Mine,Antiquities,1,Near Mint,Rare,$.050,$0.00,$.050,$0.00,,,
Strip Mine,Antiquities,2,Near Mint,Rare,$.050,$0.00,$.100,$0.00,,,
Striped Bears,Weatherlight,3,Near Mint,Common,$.003,$0.15,$.009,$0.45,,,
Stroke of Genius,Urza's Saga,1,Played,Rare,$.750,$2.13,$.750,$2.13,,,
Stroke of Genius,Urza's Saga,3,Near Mint,Rare,$.500,$2.50,$1.500,$7.50,,,
Stromkirk Noble,Innistrad,27,Near Mint,Rare,$.050,$0.75,$1.350,$20.25,,,
Strongarm Thug,Mercadian Masques,2,Near Mint,Uncommon,$.003,$0.15,$.006,$0.30,,,
Stronghold Biologist,Nemesis,2,Near Mint,Uncommon,$.003,$0.15,$.006,$0.30,,,
Stronghold Discipline,Nemesis,4,Near Mint,Common,$.003,$0.10,$.012,$0.40,,,
Stronghold Gambit,Nemesis,1,Near Mint,Rare,$.100,$1.00,$.100,$1.00,,,
Stronghold Machinist,Nemesis,4,Near Mint,Uncommon,$.003,$0.15,$.012,$0.60,,,
Stronghold Zeppelin,Nemesis,4,Near Mint,Uncommon,$.003,$0.15,$.012,$0.60,,,
Stuffy Doll,Magic 2013,4,Near Mint,Rare,$.500,$2.25,$2.000,$9.00,,,
Stun,Invasion,4,Near Mint,Common,$.003,$0.15,$.012,$0.60,,,
Stupor,Mirage,1,Near Mint,Uncommon,$.003,$0.25,$.003,$0.25,,,
Sturmgeist,Innistrad,44,Near Mint,Rare,$.050,$0.30,$2.200,$13.20,,,
Subdue,Legends,1,Near Mint,Common,$.003,$0.15,$.003,$0.15,,,
Submerge,Nemesis,3,Near Mint,Uncommon,$.250,$1.75,$.750,$5.25,,,
Subterranean Hangar,Mercadian Masques,1,Near Mint,Uncommon,$.003,$0.25,$.003,$0.25,,,
Subversion,Urza's Legacy,1,Near Mint,Rare,$.050,$0.75,$.050,$0.75,,,
Sudden Disappearance,Dark Ascension,21,Near Mint,Rare,$.050,$0.30,$1.050,$6.30,,,
Sulfur Falls,Innistrad,5,Near Mint,Rare,$4.500,$9.00,$22.500,$45.00,,,
Sulfur Vent,Invasion,8,Near Mint,Common,$.003,$0.15,$.024,$1.20,,,
Sultai Ascendancy,Khans of Tarkir,50,Near Mint,Rare,$.050,$0.30,$2.500,$15.00,,,
Summer Bloom,Classic Sixth Edition,1,Near Mint,Uncommon,$.500,$2.00,$.500,$2.00,,,
Summer Bloom,Visions,1,Near Mint,Uncommon,$.500,$2.25,$.500,$2.25,,,
Summoner's Pact,Future Sight,2,Near Mint,Rare,$5.750,$11.75,$11.500,$23.50,,,
Summoner's Pact,Modern Masters,3,Near Mint,Rare,$6.000,$11.25,$18.000,$33.75,,,
Sun Titan,Magic 2012,1,Near Mint,MythicRare,$.750,$2.50,$.750,$2.50,,,
Sunblast Angel,Scars of Mirrodin,3,Near Mint,Rare,$.050,$0.65,$.150,$1.95,,,
Sunbringer's Touch,Dragons of Tarkir,25,Near Mint,Rare,$.050,$0.30,$1.250,$7.50,,,
Sundial of the Infinite,Magic 2012,1,Near Mint,Rare,$.050,$0.55,$.050,$0.55,,,
Sunglasses of Urza,Revised Edition,1,Near Mint,Rare,$.050,$0.30,$.050,$0.30,,,
Sunken City,Fourth Edition,1,Near Mint,Common,$.003,$0.15,$.003,$0.15,,,
Sunken City,The Dark,5,Near Mint,Common,$.003,$0.15,$.015,$0.75,,,
Sunken Hollow,Battle for Zendikar,32,Near Mint,Rare,$.750,$2.50,$24.000,$80.00,,,
Sunken Hope,Planeshift,1,Near Mint,Rare,$.050,$0.30,$.050,$0.30,,,
Sunken Ruins,Shadowmoor,2,Near Mint,Rare,$8.250,$16.25,$16.500,$32.50,,,
Sunpetal Grove,Magic 2013,1,Near Mint,Rare,$.500,$2.25,$.500,$2.25,,,
Sunscape Apprentice,Invasion,4,Near Mint,Common,$.003,$0.15,$.012,$0.60,,,
Sunscape Battlemage,Planeshift,2,Near Mint,Uncommon,$.003,$0.15,$.006,$0.30,,,
Sunscape Familiar,Planeshift,6,Near Mint,Common,$.003,$0.15,$.018,$0.90,,,
Sunscape Master,Invasion,1,Near Mint,Rare,$.050,$0.30,$.050,$0.30,,,
Sunscorch Regent,Dragons of Tarkir,25,Near Mint,Rare,$.050,$0.65,$1.250,$16.25,,,
Supplant Form,Fate Reforged,34,Near Mint,Rare,$.050,$0.30,$1.700,$10.20,,,
Suppress,Apocalypse,7,Near Mint,Uncommon,$.003,$0.15,$.021,$1.05,,,
Supreme Verdict,Return to Ravnica,27,Near Mint,Rare,$3.000,$6.00,$81.000,$162.00,,,
Suq'Ata Assassin,Visions,1,Near Mint,Uncommon,$.003,$0.25,$.003,$0.25,,,
Suq'Ata Lancer,Visions,1,Near Mint,Common,$.003,$0.15,$.003,$0.15,,,
Surgical Extraction,New Phyrexia,1,Near Mint,Rare,$3.500,$6.75,$3.500,$6.75,,,
Surprise Deployment,Planeshift,3,Near Mint,Uncommon,$.003,$0.15,$.009,$0.45,,,
Surrak Dragonclaw,Khans of Tarkir,33,Near Mint,MythicRare,$.250,$0.99,$8.250,$32.67,,,
"Surrak, the Hunt Caller",Dragons of Tarkir,29,Near Mint,Rare,$.050,$0.55,$1.450,$15.95,,,
Sustainer of the Realm,Urza's Legacy,1,Near Mint,Uncommon,$.003,$0.15,$.003,$0.15,,,
Sustenance,Mercadian Masques,1,Near Mint,Uncommon,$.003,$0.15,$.003,$0.15,,,
Sutured Ghoul,Magic 2012,8,Near Mint,Rare,$.050,$0.30,$.400,$2.40,,,
Svyelunite Priest,Fallen Empires,5,Near Mint,Uncommon,$.003,$0.15,$.015,$0.75,,,
Svyelunite Temple,Fallen Empires,7,Near Mint,Uncommon,$.003,$0.15,$.021,$1.05,,,
Swamp,Unhinged,1,Near Mint,BasicLand,#N/A,$0.00,#N/A,$0.00,,,
Swamp Mosquito,Alliances,1,Near Mint,Common,$.003,$0.15,$.003,$0.15,,,
Swamp Mosquito,Alliances,1,Near Mint,Common,$.003,$0.15,$.003,$0.15,,,
Swan Song,Theros,88,Near Mint,Rare,$.100,$1.25,$8.800,$110.00,,,
Swat,Urza's Legacy,2,Near Mint,Common,$.003,$0.15,$.006,$0.30,,,
Sway of Illusion,Invasion,2,Near Mint,Uncommon,$.003,$0.15,$.006,$0.30,,,
Sword Dancer,Prophecy,2,Near Mint,Uncommon,$.003,$0.15,$.006,$0.30,,,
Sword of the Animist,Magic Origins,14,Near Mint,Rare,$.500,$2.00,$7.000,$28.00,,,
Sword of the Meek,Future Sight,2,Near Mint,Uncommon,$5.000,$10.75,$10.000,$21.50,,,
Sword of the Meek,Future Sight,3,Near Mint,Uncommon,$5.500,$10.21,$16.500,$30.64,,,
Swords to Plowshares,Revised Edition,1,Near Mint,Uncommon,$.750,$2.50,$.750,$2.50,,,
Swords to Plowshares,Ice Age,1,Near Mint,Uncommon,$.750,$2.75,$.750,$2.75,,,
Sylvan Advocate,Oath of the Gatewatch,1,Near Mint,Rare,$3.500,$6.88,$3.500,$6.88,,,
Sylvan Advocate,Oath of the Gatewatch,5,Near Mint,Rare,$2.750,$5.50,$13.750,$27.50,,,
Sylvan Caryatid,Theros,10,Near Mint,Rare,$.500,$2.00,$5.000,$20.00,,,
Sylvan Library,Fifth Edition,2,Near Mint,Rare,$12.500,$20.75,$25.000,$41.50,,,
Sylvan Library,Eternal Masters,3,Near Mint,Rare,$9.000,$18.00,$27.000,$54.00,,,
Sylvan Messenger,Apocalypse,7,Near Mint,Uncommon,$.003,$0.50,$.021,$3.50,,,
Sylvan Primordial,Gatecrash,25,Near Mint,Rare,$.050,$0.55,$1.250,$13.75,,,
Symbiosis,Urza's Saga,2,Near Mint,Common,$.003,$0.15,$.006,$0.30,,,
Syphon Sliver,Magic 2014 Core Set,1,Near Mint,Rare,$.500,$2.25,$.500,$2.25,,,
Syphon Soul,Classic Sixth Edition,1,Near Mint,Common,$.003,$0.15,$.003,$0.15,,,
Syphon Soul,Legends,4,Near Mint,Common,$.003,$0.15,$.012,$0.60,,,
Tablet of Epityr,Antiquities,1,Near Mint,Common,$.003,$0.15,$.003,$0.15,,,
"Tahngarth, Talruum Hero",Planeshift,2,Near Mint,Common,$.003,$0.65,$.006,$1.30,,,
Tahngarth's Glare,Apocalypse,4,Near Mint,Rare,$.050,$0.10,$.200,$0.40,,,
Taiga,Revised Edition,1,Near Mint,Rare,$48.500,$80.94,$48.500,$80.94,,,
Taiga,Revised Edition,3,Good (Lightly Played),Rare,$52.500,$87.50,$157.500,$262.50,,,
Tainted Remedy,Magic Origins,15,Near Mint,Rare,$.050,$0.90,$.750,$13.50,,,
Tainted Well,Invasion,4,Near Mint,Common,$.003,$0.10,$.012,$0.40,,,
"Tajic, Blade of the Legion",Dragon's Maze,17,Near Mint,Rare,$.050,$0.75,$.850,$12.75,,,
Talent of the Telepath,Magic Origins,29,Near Mint,Rare,$.050,$0.55,$1.450,$15.95,,,
"Talrand, Sky Summoner",Magic 2013,4,Near Mint,Rare,$.100,$1.25,$.400,$5.00,,,
Talruum Champion,Visions,3,Near Mint,Common,$.003,$0.15,$.009,$0.45,,,
Talruum Minotaur,Classic Sixth Edition,1,Near Mint,Common,$.003,$0.10,$.003,$0.10,,,
Talruum Piper,Visions,1,Near Mint,Uncommon,$.003,$0.15,$.003,$0.15,,,
"Tamiyo, the Moon Sage",Avacyn Restored,1,Near Mint,Rare,$9.000,$18.04,$9.000,$18.04,,,
"Tamiyo, the Moon Sage",Avacyn Restored,1,Good (Lightly Played),MythicRare,$9.750,$19.50,$9.750,$19.50,,,
"Tamiyo, the Moon Sage",Avacyn Restored,2,Near Mint,MythicRare,$13.500,$22.43,$27.000,$44.85,,,
Tamiyo's Journal,Shadows over Innistrad,9,Near Mint,MythicRare,$.250,$0.65,$2.250,$5.85,,,
Tangle,Invasion,2,Near Mint,Uncommon,$.500,$2.00,$1.000,$4.00,,,
Tangle Kelp,The Dark,1,Good (Lightly Played),Uncommon,$.003,$0.15,$.003,$0.15,,,
Tangle Kelp,The Dark,2,Near Mint,Uncommon,$.003,$0.15,$.006,$0.30,,,
Tangle Wire,Nemesis,2,Near Mint,Rare,$1.000,$4.25,$2.000,$8.50,,,
Tarmogoyf,Modern Masters,1,Near Mint,Rare,$81.000,$275.00,$81.000,$275.00,,,
Tarmogoyf,Future Sight,1,Near Mint,MythicRare,$98.500,$164.25,$98.500,$164.25,,,
Tarmogoyf,Modern Masters 2015 Edition,2,Near Mint,MythicRare,$192.500,$135.00,$385.000,$270.00,,,
Tarpan,Ice Age,2,Near Mint,Common,$.003,$0.10,$.006,$0.20,,,
"Tasigur, the Golden Fang",Fate Reforged,41,Near Mint,Rare,$.750,$2.75,$30.750,$112.75,,,
Task Force,Mercadian Masques,2,Near Mint,Common,$.003,$0.15,$.006,$0.30,,,
Task Mage Assembly,Prophecy,1,Near Mint,Rare,$.050,$0.30,$.050,$0.30,,,
Tawnos's Weaponry,Antiquities,1,Poor,Uncommon,$.003,$0.25,$.003,$0.25,,,
Tectonic Break,Mercadian Masques,1,Near Mint,Rare,$.050,$0.45,$.050,$0.45,,,
Tectonic Instability,Invasion,1,Near Mint,Rare,$.050,$0.30,$.050,$0.30,,,
"Teferi, Mage of Zhalfir",Time Spiral,1,Near Mint,Uncommon,$7.000,$13.75,$7.000,$13.75,,,
Teferi's Care,Invasion,1,Near Mint,Common,$.003,$0.15,$.003,$0.15,,,
Teferi's Curse,Mirage,2,Near Mint,Common,$.003,$0.10,$.006,$0.20,,,
Teferi's Drake,Mirage,2,Near Mint,Rare,$.050,$0.10,$.100,$0.20,,,
Teferi's Isle,Mirage,2,Near Mint,Rare,$.050,$0.90,$.100,$1.80,,,
Teferi's Puzzle Box,Visions,3,Near Mint,Rare,$.750,$2.75,$2.250,$8.25,,,
Teferi's Response,Invasion,1,Near Mint,Rare,$.050,$0.90,$.050,$0.90,,,
Teleport,Chronicles,1,Near Mint,Rare,$.050,$0.30,$.050,$0.30,,,
Tempered Steel,Scars of Mirrodin,9,Near Mint,Rare,$.100,$1.50,$.900,$13.50,,,
Tempest Drake,Visions,1,Near Mint,Uncommon,$.003,$0.15,$.003,$0.15,,,
Temple of Abandon,Theros,28,Near Mint,Rare,$.050,$0.75,$1.400,$21.00,,,
Temple of Deceit,Theros,21,Near Mint,Rare,$.100,$1.75,$2.100,$36.75,,,
Temple of Enlightenment,Born of the Gods,16,Near Mint,Rare,$.500,$2.25,$8.000,$36.00,,,
Temple of Epiphany,Journey into Nyx,9,Near Mint,Rare,$.750,$3.00,$6.750,$27.00,,,
Temple of Malady,Journey into Nyx,20,Near Mint,Rare,$.500,$2.00,$10.000,$40.00,,,
Temple of Malice,Born of the Gods,8,Near Mint,Rare,$.100,$1.75,$.800,$14.00,,,
Temple of Mystery,Theros,26,Near Mint,Rare,$.100,$1.00,$2.600,$26.00,,,
Temple of Plenty,Born of the Gods,4,Near Mint,Rare,$.100,$1.75,$.400,$7.00,,,
Temple of Silence,Theros,33,Near Mint,Rare,$.100,$1.50,$3.300,$49.50,,,
Temple of Triumph,Theros,23,Near Mint,Rare,$.050,$0.90,$1.150,$20.70,,,
Temporal Distortion,Invasion,1,Near Mint,Rare,$.050,$0.30,$.050,$0.30,,,
Temporal Spring,Apocalypse,4,Near Mint,Common,$.003,$0.10,$.012,$0.40,,,
Temporal Trespass,Fate Reforged,23,Near Mint,MythicRare,$.250,$1.50,$5.750,$34.50,,,
Temur Ascendancy,Khans of Tarkir,64,Near Mint,Rare,$.050,$0.30,$3.200,$19.20,,,
Temur War Shaman,Fate Reforged,29,Near Mint,Rare,$.050,$0.30,$1.450,$8.70,,,
Tendo Ice Bridge,Betrayers of Kamigawa,1,Good (Lightly Played),Rare,$5.750,$11.33,$5.750,$11.33,,,
Teremko Griffin,Mirage,2,Near Mint,Common,$.003,$0.15,$.006,$0.30,,,
Terminal Moraine,Planeshift,3,Near Mint,Uncommon,$.003,$0.15,$.009,$0.45,,,
Terminate,Planeshift,6,Near Mint,Common,$.250,$2.75,$1.500,$16.50,,,
Terminus,Avacyn Restored,14,Near Mint,Rare,$.750,$3.25,$10.500,$45.50,,,
Terra Stomper,Magic 2015 Core Set,5,Near Mint,Rare,$.050,$0.55,$.250,$2.75,,,
Terra Stomper,Magic Origins,8,Near Mint,Rare,$.050,$0.65,$.400,$5.20,,,
Terrain Generator,Nemesis,10,Near Mint,Uncommon,$.500,$2.00,$5.000,$20.00,,,
Territorial Dispute,Mercadian Masques,1,Near Mint,Rare,$.050,$0.30,$.050,$0.30,,,
Terror,Fourth Edition,1,Good (Lightly Played),Common,$.003,$0.15,$.003,$0.15,,,
Terror,Classic Sixth Edition,1,Near Mint,Common,$.003,$0.15,$.003,$0.15,,,
Terror,Revised Edition,3,Near Mint,Common,$.003,$0.15,$.009,$0.45,,,
Tetravus,Antiquities,1,Good (Lightly Played),Rare,$9.500,$18.96,$9.500,$18.96,,,
"Teysa, Envoy of Ghosts",Dragon's Maze,41,Near Mint,Rare,$.050,$0.30,$2.050,$12.30,,,
"Tezzeret, Agent of Bolas",Mirrodin Besieged,1,Near Mint,MythicRare,$13.750,$24.25,$13.750,$24.25,,,
"Tezzeret, Agent of Bolas",Mirrodin Besieged,1,Near Mint,MythicRare,$14.500,$23.04,$14.500,$23.04,,,
Thalakos Scout,Exodus,1,Near Mint,Common,$.003,$0.15,$.003,$0.15,,,
"Thalia, Guardian of Thraben",Dark Ascension,7,Near Mint,Rare,$4.500,$9.00,$31.500,$63.00,,,
Thalia's Lieutenant,Shadows over Innistrad,9,Near Mint,Rare,$1.000,$3.50,$9.000,$31.50,,,
Thallid,Fallen Empires,5,Near Mint,Common,$.003,$0.15,$.015,$0.75,,,
Thallid,Fallen Empires,6,Near Mint,Common,$.003,$0.15,$.018,$0.90,,,
Thallid,Fallen Empires,6,Near Mint,Common,$.003,$0.15,$.018,$0.90,,,
Thallid,Fallen Empires,7,Near Mint,Common,$.003,$0.15,$.021,$1.05,,,
Thallid Devourer,Fallen Empires,10,Near Mint,Uncommon,$.003,$0.25,$.030,$2.50,,,
"Thassa, God of the Sea",Theros,8,Near Mint,MythicRare,$3.000,$5.75,$24.000,$46.00,,,
The Chain Veil,Magic 2015 Core Set,4,Near Mint,MythicRare,$.250,$1.75,$1.000,$7.00,,,
The Fallen,The Dark,1,Good (Lightly Played),Uncommon,$.003,$0.15,$.003,$0.15,,,
The Fallen,The Dark,2,Near Mint,Uncommon,$.003,$0.15,$.006,$0.30,,,
The Gitrog Monster,Shadows over Innistrad,21,Near Mint,MythicRare,$.750,$3.25,$15.750,$68.25,,,
The Great Aurora,Magic Origins,15,Near Mint,MythicRare,$.250,$1.75,$3.750,$26.25,,,
The Rack,Revised Edition,2,Near Mint,Uncommon,$.500,$2.25,$1.000,$4.50,,,
The Tabernacle at Pendrell Vale,Legends,1,Good (Lightly Played),Rare,$841.750,"$1,202.50",$841.750,"$1,202.50",,,
Theft of Dreams,Exodus,3,Near Mint,Common,$.003,$0.15,$.009,$0.45,,,
Thelon's Chant,Fallen Empires,8,Near Mint,Uncommon,$.003,$0.15,$.024,$1.20,,,
Thelon's Curse,Fallen Empires,3,Near Mint,Rare,$.050,$0.30,$.150,$0.90,,,
Thelonite Druid,Fallen Empires,8,Near Mint,Uncommon,$.003,$0.15,$.024,$1.20,,,
Thelonite Monk,Fallen Empires,1,Near Mint,Rare,$.050,$0.30,$.050,$0.30,,,
Thermal Glider,Mercadian Masques,4,Near Mint,Common,$.003,$0.10,$.012,$0.40,,,
Thespian's Stage,Gatecrash,6,Near Mint,Rare,$.750,$2.75,$4.500,$16.50,,,
Thicket Basilisk,Unlimited Edition,1,Near Mint,Uncommon,$.003,$0.35,$.003,$0.35,,,
Thicket Basilisk,Revised Edition,5,Near Mint,Uncommon,$.003,$0.15,$.015,$0.75,,,
Thing in the Ice,Shadows over Innistrad,6,Near Mint,Rare,$1.250,$4.50,$7.500,$27.00,,,
Thirst,Mirage,1,Near Mint,Common,$.003,$0.10,$.003,$0.10,,,
Thopter Assembly,Mirrodin Besieged,15,Near Mint,Rare,$.050,$0.55,$.750,$8.25,,,
Thopter Spy Network,Magic Origins,26,Near Mint,Rare,$.050,$0.90,$1.300,$23.40,,,
Thorn of Amethyst,Lorwyn,2,Near Mint,Rare,$8.250,$16.50,$16.500,$33.00,,,
Thorn Thallid,Fallen Empires,6,Near Mint,Common,$.003,$0.15,$.018,$0.90,,,
Thorn Thallid,Fallen Empires,6,Near Mint,Common,$.003,$0.15,$.018,$0.90,,,
Thorn Thallid,Fallen Empires,7,Near Mint,Common,$.003,$0.15,$.021,$1.05,,,
Thorn Thallid,Fallen Empires,9,Near Mint,Common,$.003,$0.15,$.027,$1.35,,,
Thorncaster Sliver,Magic 2014 Core Set,3,Near Mint,Rare,$.050,$0.65,$.150,$1.95,,,
Thornscape Apprentice,Invasion,3,Near Mint,Common,$.003,$0.15,$.009,$0.45,,,
Thornscape Battlemage,Planeshift,2,Near Mint,Uncommon,$.003,$0.15,$.006,$0.30,,,
Thornscape Familiar,Planeshift,8,Near Mint,Common,$.003,$0.15,$.024,$1.20,,,
Thornscape Master,Invasion,1,Near Mint,Rare,$.050,$0.30,$.050,$0.30,,,
Thornwind Faeries,Urza's Legacy,1,Near Mint,Common,$.003,$0.15,$.003,$0.15,,,
Thought-Knot Seer,Oath of the Gatewatch,12,Near Mint,Rare,$3.250,$6.50,$39.000,$78.00,,,
Thoughtlace,Revised Edition,1,Near Mint,Rare,$.050,$0.30,$.050,$0.30,,,
Thoughtseize,Theros,4,Near Mint,Rare,$7.250,$14.25,$29.000,$57.00,,,
Thousand Winds,Khans of Tarkir,39,Near Mint,Rare,$.050,$0.30,$1.950,$11.70,,,
Thraben Doomsayer,Dark Ascension,1,Near Mint,Rare,$.050,$0.90,$.050,$0.90,,,
Thran Quarry,Urza's Saga,1,Near Mint,Rare,$.500,$2.25,$.500,$2.25,,,
Thran Turbine,Urza's Saga,1,Near Mint,Uncommon,$.003,$0.25,$.003,$0.25,,,
Thran War Machine,Urza's Legacy,1,Near Mint,Uncommon,$.003,$0.15,$.003,$0.15,,,
Threads of Disloyalty,Betrayers of Kamigawa,1,Good (Lightly Played),Rare,$5.000,$9.02,$5.000,$9.02,,,
Threads of Disloyalty,Betrayers of Kamigawa,3,Near Mint,Rare,$4.500,$9.75,$13.500,$29.25,,,
Thresher Beast,Prophecy,5,Near Mint,Common,$.003,$0.15,$.015,$0.75,,,
Thrive,Prophecy,5,Near Mint,Common,$.003,$0.15,$.015,$0.75,,,
Throne of Bone,Revised Edition,1,Good (Lightly Played),Uncommon,$.003,$0.15,$.003,$0.15,,,
Throne of Empires,Magic 2012,8,Near Mint,Rare,$.050,$0.30,$.400,$2.40,,,
Thrull Champion,Fallen Empires,4,Near Mint,Rare,$.050,$0.30,$.200,$1.20,,,
Thrull Retainer,Fallen Empires,6,Near Mint,Uncommon,$.003,$0.15,$.018,$0.90,,,
Thrull Surgeon,Exodus,1,Near Mint,Common,$.003,$0.10,$.003,$0.10,,,
Thrull Wizard,Fallen Empires,5,Near Mint,Uncommon,$.003,$0.15,$.015,$0.75,,,
Thunderbreak Regent,Dragons of Tarkir,29,Near Mint,Rare,$.100,$1.75,$2.900,$50.75,,,
Thunderclap,Mercadian Masques,4,Near Mint,Common,$.003,$0.10,$.012,$0.40,,,
Thundering Giant,Urza's Saga,1,Near Mint,Uncommon,$.003,$0.15,$.003,$0.15,,,
Thunderscape Apprentice,Invasion,5,Near Mint,Common,$.003,$0.10,$.015,$0.50,,,
Thunderscape Battlemage,Planeshift,2,Near Mint,Uncommon,$.003,$0.15,$.006,$0.30,,,
Thunderscape Familiar,Planeshift,8,Near Mint,Common,$.003,$0.15,$.024,$1.20,,,
Thwart,Mercadian Masques,1,Near Mint,Uncommon,$.003,$0.85,$.003,$0.85,,,
Ticking Gnomes,Urza's Legacy,1,Near Mint,Uncommon,$.003,$0.15,$.003,$0.15,,,
Tidal Bore,Mercadian Masques,4,Near Mint,Common,$.003,$0.10,$.012,$0.40,,,
Tidal Courier,Apocalypse,7,Near Mint,Uncommon,$.003,$0.15,$.021,$1.05,,,
Tidal Flats,Fallen Empires,4,Near Mint,Common,$.003,$0.15,$.012,$0.60,,,
Tidal Flats,Fallen Empires,6,Near Mint,Common,$.003,$0.15,$.018,$0.90,,,
Tidal Flats,Fallen Empires,7,Near Mint,Common,$.003,$0.15,$.021,$1.05,,,
Tidal Influence,Fallen Empires,7,Near Mint,Uncommon,$.003,$0.15,$.021,$1.05,,,
Tidal Surge,Classic Sixth Edition,1,Near Mint,Common,$.003,$0.10,$.003,$0.10,,,
Tidal Surge,Stronghold,2,Near Mint,Common,$.003,$0.15,$.006,$0.30,,,
Tidal Visionary,Invasion,5,Near Mint,Common,$.003,$0.15,$.015,$0.75,,,
Tidal Warrior,Stronghold,2,Near Mint,Common,$.003,$0.15,$.006,$0.30,,,
Tidal Wave,Mirage,1,Near Mint,Uncommon,$.003,$0.15,$.003,$0.15,,,
Tidebinder Mage,Magic 2014 Core Set,27,Near Mint,Rare,$.050,$0.90,$1.350,$24.30,,,
Tiger Claws,Mercadian Masques,4,Near Mint,Common,$.003,$0.10,$.012,$0.40,,,
Tigereye Cameo,Invasion,1,Near Mint,Uncommon,$.003,$0.15,$.003,$0.15,,,
Timber Wolves,Revised Edition,1,Near Mint,Rare,$.050,$0.30,$.050,$0.30,,,
Timberline Ridge,Ice Age,2,Near Mint,Rare,$.050,$0.30,$.100,$0.60,,,
Time Elemental,Legends,1,Near Mint,Rare,$8.750,$17.25,$8.750,$17.25,,,
Time Reversal,Magic 2012,9,Near Mint,MythicRare,$.250,$0.99,$2.250,$8.91,,,
Time Warp,Magic 2010,1,Near Mint,MythicRare,$9.000,$18.00,$9.000,$18.00,,,
Timetwister,Unlimited Edition,1,Played,Rare,$500.000,$714.43,$500.000,$714.43,,,
Timid Drake,Mercadian Masques,1,Near Mint,Uncommon,$.003,$0.15,$.003,$0.15,,,
Tin-Wing Chimera,Visions,1,Near Mint,Uncommon,$.003,$0.15,$.003,$0.15,,,
Tinder Farm,Invasion,8,Near Mint,Common,$.003,$0.15,$.024,$1.20,,,
Tinder Wall,Ice Age,3,Near Mint,Common,$.003,$0.25,$.009,$0.75,,,
Tireless Tracker,Shadows over Innistrad,3,Near Mint,Rare,$2.500,$5.00,$7.500,$15.00,,,
Titan Forge,Mirrodin Besieged,10,Near Mint,Rare,$.050,$0.65,$.500,$6.50,,,
Titan of Eternal Fire,Theros,49,Near Mint,Rare,$.050,$0.15,$2.450,$7.35,,,
Titania's Boon,Urza's Saga,1,Near Mint,Uncommon,$.003,$0.15,$.003,$0.15,,,
Titania's Song,Revised Edition,1,Near Mint,Uncommon,$.003,$0.30,$.003,$0.30,,,
Titania's Song,Antiquities,3,Near Mint,Rare,$.050,$0.50,$.150,$1.50,,,
Tivadar's Crusade,The Dark,3,Near Mint,Uncommon,$.003,$0.50,$.009,$1.50,,,
To the Slaughter,Shadows over Innistrad,12,Near Mint,Rare,$.050,$0.75,$.600,$9.00,,,
Tolaria,Legends,1,Near Mint,Uncommon,$.003,$0.50,$.003,$0.50,,,
Tolaria,Legends,1,Played,Uncommon,$.003,$0.50,$.003,$0.50,,,
Tolaria,Legends,1,Good (Lightly Played),Uncommon,$.003,$0.50,$.003,$0.50,,,
Tolarian Academy,Urza's Saga,1,Near Mint,Rare,$26.500,$44.00,$26.500,$44.00,,,
Tolarian Drake,Weatherlight,2,Near Mint,Common,$.003,$0.10,$.006,$0.20,,,
Tolarian Emissary,Invasion,2,Near Mint,Uncommon,$.003,$0.15,$.006,$0.30,,,
Tolarian Winds,Urza's Saga,1,Near Mint,Common,$.003,$0.15,$.003,$0.15,,,
Tonic Peddler,Mercadian Masques,1,Near Mint,Uncommon,$.003,$0.15,$.003,$0.15,,,
Tooth and Nail,Mirrodin,1,Near Mint,Rare,$13.250,$22.00,$13.250,$22.00,,,
Topple,Nemesis,4,Near Mint,Common,$.003,$0.10,$.012,$0.40,,,
Tor Giant,Ice Age,1,Near Mint,Common,$.003,$0.10,$.003,$0.10,,,
Torment,Stronghold,3,Near Mint,Common,$.003,$0.15,$.009,$0.45,,,
Tormod's Crypt,The Dark,1,Near Mint,Common,$.003,$1.62,$.003,$1.62,,,
Tormod's Crypt,The Dark,1,Played,Uncommon,$.250,$1.75,$.250,$1.75,,,
Tormod's Crypt,Chronicles,1,Good (Lightly Played),Uncommon,$.250,$0.25,$.250,$0.25,,,
Tormod's Crypt,The Dark,1,Near Mint,Uncommon,$.250,$1.49,$.250,$1.49,,,
Torpor Orb,New Phyrexia,4,Near Mint,Rare,$1.000,$3.50,$4.000,$14.00,,,
Torrent Elemental,Fate Reforged,11,Near Mint,MythicRare,$.250,$0.99,$2.750,$10.89,,,
Torture,Homelands,1,Near Mint,Common,$.003,$0.15,$.003,$0.15,,,
Torture,Homelands,1,Near Mint,Common,$.003,$0.15,$.003,$0.15,,,
Tortured Existence,Stronghold,1,Near Mint,Common,$.003,$0.25,$.003,$0.25,,,
Touch of Death,Ice Age,1,Near Mint,Common,$.003,$0.10,$.003,$0.10,,,
Touch of the Eternal,Magic 2013,32,Near Mint,Rare,$.050,$0.30,$1.600,$9.60,,,
Touch of Vitae,Ice Age,1,Near Mint,Uncommon,$.003,$0.15,$.003,$0.15,,,
Tourach's Chant,Fallen Empires,9,Near Mint,Uncommon,$.003,$0.15,$.027,$1.35,,,
Tourach's Gate,Fallen Empires,5,Near Mint,Rare,$.050,$0.30,$.250,$1.50,,,
Tower Drake,Invasion,4,Near Mint,Common,$.003,$0.10,$.012,$0.40,,,
Tower of Calamities,Scars of Mirrodin,10,Near Mint,Rare,$.050,$0.30,$.500,$3.00,,,
Tower of Coireall,The Dark,4,Near Mint,Uncommon,$.003,$0.15,$.012,$0.60,,,
Tower of the Magistrate,Mercadian Masques,2,Near Mint,Rare,$.750,$2.75,$1.500,$5.50,,,
Toymaker,Mercadian Masques,1,Near Mint,Uncommon,$.003,$0.15,$.003,$0.15,,,
Tracker,The Dark,1,Good (Lightly Played),Rare,$.050,$0.65,$.050,$0.65,,,
Trade Routes,Mercadian Masques,1,Near Mint,Rare,$.050,$0.45,$.050,$0.45,,,
Trading Post,Magic 2014 Core Set,16,Near Mint,Rare,$.050,$0.30,$.800,$4.80,,,
Trading Post,Magic 2013,32,Near Mint,Rare,$.050,$0.30,$1.600,$9.60,,,
Tragic Arrogance,Magic Origins,22,Near Mint,Rare,$.050,$0.90,$1.100,$19.80,,,
Tragic Poet,Urza's Legacy,1,Near Mint,Common,$.003,$0.15,$.003,$0.15,,,
Trail of Mystery,Khans of Tarkir,30,Near Mint,Rare,$.050,$0.30,$1.500,$9.00,,,
Trait Doctoring,Dragon's Maze,45,Near Mint,Rare,$.050,$0.30,$2.250,$13.50,,,
Tranquil Domain,Mirage,2,Near Mint,Common,$.003,$0.10,$.006,$0.20,,,
Tranquil Path,Apocalypse,4,Near Mint,Common,$.003,$0.15,$.012,$0.60,,,
Tranquility,Mercadian Masques,2,Near Mint,Common,$.003,$0.10,$.006,$0.20,,,
Tranquility,Revised Edition,3,Near Mint,Common,$.003,$0.10,$.009,$0.30,,,
Tranquility,Invasion,5,Near Mint,Common,$.003,$0.15,$.015,$0.75,,,
Transmogrifying Licid,Exodus,1,Near Mint,Uncommon,$.003,$0.15,$.003,$0.15,,,
Transmutation,Legends,1,Played,Common,$.003,$0.15,$.003,$0.15,,,
Transmute Artifact,Antiquities,2,Played,Uncommon,$26.250,$52.70,$52.500,$105.40,,,
Trap Essence,Khans of Tarkir,27,Near Mint,Rare,$.050,$0.30,$1.350,$8.10,,,
Trap Runner,Mercadian Masques,1,Near Mint,Uncommon,$.003,$0.15,$.003,$0.15,,,
Traumatize,Magic 2014 Core Set,5,Near Mint,Rare,$.100,$1.75,$.500,$8.75,,,
Traveler's Cloak,Invasion,4,Near Mint,Common,$.003,$0.15,$.012,$0.60,,,
Traverse the Ulvenwald,Shadows over Innistrad,7,Near Mint,Rare,$.500,$2.00,$3.500,$14.00,,,
Treacherous Pit-Dweller,Avacyn Restored,30,Near Mint,Rare,$.050,$0.30,$1.500,$9.00,,,
Treasure Hunter,Exodus,1,Near Mint,Uncommon,$.003,$0.15,$.003,$0.15,,,
Treasury Thrull,Gatecrash,49,Near Mint,Rare,$.050,$0.15,$2.450,$7.35,,,
Treefolk Healer,Invasion,2,Near Mint,Uncommon,$.003,$0.15,$.006,$0.30,,,
Treefolk Mystic,Urza's Legacy,2,Near Mint,Common,$.003,$0.15,$.006,$0.30,,,
Treetop Bracers,Nemesis,9,Near Mint,Common,$.003,$0.10,$.027,$0.90,,,
Treetop Rangers,Urza's Saga,3,Near Mint,Common,$.003,$0.15,$.009,$0.45,,,
Treetop Village,Urza's Legacy,2,Near Mint,Uncommon,$.750,$2.75,$1.500,$5.50,,,
Tremor,Classic Sixth Edition,1,Near Mint,Common,$.003,$0.10,$.003,$0.10,,,
Tremor,Mercadian Masques,4,Near Mint,Common,$.003,$0.15,$.012,$0.60,,,
Trench Wurm,Invasion,1,Near Mint,Uncommon,$.003,$0.15,$.003,$0.15,,,
Trenching Steed,Prophecy,3,Near Mint,Common,$.003,$0.10,$.009,$0.30,,,
Treva's Attendant,Invasion,2,Near Mint,Uncommon,$.003,$0.15,$.006,$0.30,,,
Treva's Charm,Planeshift,1,Near Mint,Uncommon,$.003,$0.15,$.003,$0.15,,,
Treva's Ruins,Planeshift,1,Near Mint,Uncommon,$.003,$0.50,$.003,$0.50,,,
Triad of Fates,Theros,57,Near Mint,Rare,$.050,$0.30,$2.850,$17.10,,,
Tribal Flames,Invasion,4,Near Mint,Common,$.003,$0.15,$.012,$0.60,,,
Trickster Mage,Nemesis,8,Near Mint,Common,$.003,$0.10,$.024,$0.80,,,
Trinisphere,Darksteel,1,Near Mint,Rare,$7.500,$15.00,$7.500,$15.00,,,
Triskaidekaphobia,Shadows over Innistrad,2,Near Mint,Rare,$.100,$1.25,$.200,$2.50,,,
Troll-Horn Cameo,Invasion,1,Near Mint,Uncommon,$.003,$0.15,$.003,$0.15,,,
Tromokratis,Born of the Gods,9,Near Mint,Rare,$.050,$0.30,$.450,$2.70,,,
Tropical Island,Unlimited Edition,1,Played,Rare,$166.250,$305.25,$166.250,$305.25,,,
Tropical Island,Revised Edition,1,Near Mint,Rare,$213.750,$201.88,$213.750,$201.88,,,
Tropical Island,Revised Edition,3,Good (Lightly Played),Rare,$141.250,$237.50,$423.750,$712.50,,,
Tropical Storm,Mirage,1,Near Mint,Uncommon,$.003,$0.15,$.003,$0.15,,,
"Trostani, Selesnya's Voice",Return to Ravnica,3,Near Mint,MythicRare,$1.000,$3.50,$3.000,$10.50,,,
Troubled Healer,Prophecy,5,Near Mint,Common,$.003,$0.10,$.015,$0.50,,,
True Conviction,Scars of Mirrodin,2,Near Mint,Rare,$.100,$1.50,$.200,$3.00,,,
True-Name Nemesis,Commander 2013,3,Near Mint,Rare,$6.500,$13.00,$19.500,$39.00,,,
Tsabo's Decree,Invasion,2,Near Mint,Rare,$.050,$0.65,$.100,$1.30,,,
Tsabo's Web,Invasion,1,Near Mint,Rare,$.050,$0.75,$.050,$0.75,,,
Tsunami,Fourth Edition,1,Near Mint,Uncommon,$.003,$0.15,$.003,$0.15,,,
Tsunami,Revised Edition,2,Near Mint,Uncommon,$.003,$0.15,$.006,$0.30,,,
Tundra,Revised Edition,1,Good (Lightly Played),Rare,$110.000,$183.18,$110.000,$183.18,,,
Tundra,Revised Edition,1,Heavily Played,Rare,$150.750,$215.50,$150.750,$215.50,,,
Tundra,Unlimited Edition,1,Near Mint,Rare,$260.250,$371.62,$260.250,$371.62,,,
Tundra,Unlimited Edition,1,Played,Rare,$260.250,$371.62,$260.250,$371.62,,,
Tundra Kavu,Apocalypse,4,Near Mint,Common,$.003,$0.15,$.012,$0.60,,,
Tundra Wolves,Classic Sixth Edition,1,Played,Common,$.003,$0.10,$.003,$0.10,,,
Tundra Wolves,Legends,3,Near Mint,Common,$.003,$0.15,$.009,$0.45,,,
Tunnel Ignus,Scars of Mirrodin,13,Near Mint,Rare,$.050,$0.30,$.650,$3.90,,,
Turf Wound,Invasion,3,Near Mint,Common,$.003,$0.15,$.009,$0.45,,,
Twiddle,Unlimited Edition,1,Good (Lightly Played),Common,$.003,$0.25,$.003,$0.25,,,
Twiddle,Unlimited Edition,2,Near Mint,Common,$.003,$0.25,$.006,$0.50,,,
Twilight Mire,Eventide,1,Near Mint,Rare,$22.250,$37.00,$22.250,$37.00,,,
Twilight's Call,Invasion,1,Near Mint,Rare,$.050,$0.65,$.050,$0.65,,,
Twinflame,Journey into Nyx,14,Near Mint,Rare,$.050,$0.30,$.700,$4.20,,,
"Tymaret, the Murder King",Theros,59,Near Mint,Rare,$.050,$0.30,$2.950,$17.70,,,
Tyrant of Discord,Avacyn Restored,41,Near Mint,Rare,$.050,$0.30,$2.050,$12.30,,,
Tyrant of Valakut,Oath of the Gatewatch,28,Near Mint,Rare,$.050,$0.30,$1.400,$8.40,,,
"Ugin, the Spirit Dragon",Fate Reforged,5,Near Mint,Rare,$13.750,$22.75,$68.750,$113.75,,,
Ugin's Insight,Battle for Zendikar,33,Near Mint,MythicRare,$.250,$0.30,$8.250,$9.90,,,
Ugin's Nexus,Khans of Tarkir,87,Near Mint,MythicRare,$.250,$0.99,$21.750,$86.13,,,
Uktabi Efreet,Weatherlight,1,Near Mint,Common,$.003,$0.15,$.003,$0.15,,,
"Ulamog, the Ceaseless Hunger",Battle for Zendikar,1,Near Mint,MythicRare,$6.250,$12.50,$6.250,$12.50,,,
"Ulamog, the Infinite Gyre",Rise of the Eldrazi,1,Near Mint,MythicRare,$9.000,$18.00,$9.000,$18.00,,,
"Ulamog, the Infinite Gyre",Modern Masters 2015 Edition,2,Near Mint,MythicRare,$8.000,$15.75,$16.000,$31.50,,,
Ulvenwald Hydra,Shadows over Innistrad,7,Near Mint,MythicRare,$.500,$2.00,$3.500,$14.00,,,
Ulvenwald Tracker,Avacyn Restored,37,Near Mint,Rare,$.050,$0.65,$1.850,$24.05,,,
Unbreathing Horde,Innistrad,8,Near Mint,Rare,$.100,$1.00,$.800,$8.00,,,
Uncle Istvan,The Dark,1,Near Mint,Uncommon,$.003,$0.25,$.003,$0.25,,,
Undead Alchemist,Innistrad,14,Near Mint,Rare,$.050,$0.90,$.700,$12.60,,,
Undercity Plague,Gatecrash,56,Near Mint,Rare,$.050,$0.15,$2.800,$8.40,,,
Underground River,Ice Age,1,Near Mint,Rare,$1.250,$4.75,$1.250,$4.75,,,
Underground Sea,Revised Edition,1,Heavily Played,Rare,$213.500,$331.84,$213.500,$331.84,,,
Underground Sea,Revised Edition,1,Heavily Played,Rare,$232.250,$331.84,$232.250,$331.84,,,
Underground Sea,Revised Edition,1,Played,Rare,$232.250,$304.94,$232.250,$304.94,,,
Underground Sea,Unlimited Edition,1,Good (Lightly Played),Rare,$387.250,$553.15,$387.250,$553.15,,,
Undergrowth Champion,Battle for Zendikar,43,Near Mint,MythicRare,$.250,$1.50,$10.750,$64.50,,,
Undermine,Invasion,1,Near Mint,Rare,$.500,$2.00,$.500,$2.00,,,
Undertaker,Mercadian Masques,4,Near Mint,Common,$.003,$0.15,$.012,$0.60,,,
Undertow,Legends,1,Near Mint,Uncommon,$.003,$0.25,$.003,$0.25,,,
Underworld Cerberus,Theros,17,Near Mint,MythicRare,$.250,$0.99,$4.250,$16.83,,,
Underworld Connections,Return to Ravnica,24,Near Mint,Rare,$.050,$0.55,$1.200,$13.20,,,
Undo,Visions,1,Near Mint,Common,$.003,$0.15,$.003,$0.15,,,
Unearth,Urza's Legacy,2,Near Mint,Common,$.100,$1.50,$.200,$3.00,,,
Unerring Sling,Mirage,1,Near Mint,Uncommon,$.003,$0.15,$.003,$0.15,,,
Unexpected Results,Gatecrash,25,Near Mint,Rare,$.050,$0.30,$1.250,$7.50,,,
Unholy Citadel,Legends,2,Near Mint,Uncommon,$.003,$0.50,$.006,$1.00,,,
Unholy Strength,Revised Edition,1,Good (Lightly Played),Common,$.003,$0.10,$.003,$0.10,,,
Unholy Strength,Revised Edition,4,Near Mint,Common,$.003,$0.10,$.012,$0.40,,,
Unmask,Mercadian Masques,1,Near Mint,Rare,$1.250,$4.50,$1.250,$4.50,,,
Unnatural Selection,Apocalypse,1,Near Mint,Rare,$.050,$0.65,$.050,$0.65,,,
Unnerve,Urza's Saga,1,Near Mint,Common,$.003,$0.15,$.003,$0.15,,,
Unseen Walker,Mirage,1,Near Mint,Uncommon,$.003,$0.15,$.003,$0.15,,,
Unstable Mutation,Revised Edition,6,Near Mint,Common,$.003,$0.15,$.018,$0.90,,,
Unsummon,Unlimited Edition,1,Good (Lightly Played),Common,$.003,$0.25,$.003,$0.25,,,
Unsummon,Revised Edition,10,Near Mint,Common,$.003,$0.10,$.030,$1.00,,,
Unwinding Clock,New Phyrexia,1,Near Mint,Rare,$3.000,$6.00,$3.000,$6.00,,,
Unworthy Dead,Urza's Saga,1,Near Mint,Common,$.003,$0.15,$.003,$0.15,,,
Updraft,Ice Age,1,Near Mint,Uncommon,$.003,$0.15,$.003,$0.15,,,
Uphill Battle,Mercadian Masques,1,Near Mint,Uncommon,$.003,$0.15,$.003,$0.15,,,
Urabrask the Hidden,New Phyrexia,1,Near Mint,MythicRare,$5.250,$10.25,$5.250,$10.25,,,
Urborg,Legends,2,Good (Lightly Played),Uncommon,$.500,$3.01,$1.000,$6.01,,,
Urborg Drake,Invasion,2,Near Mint,Uncommon,$.003,$0.15,$.006,$0.30,,,
Urborg Elf,Apocalypse,5,Near Mint,Common,$.003,$0.15,$.015,$0.75,,,
Urborg Emissary,Invasion,2,Near Mint,Uncommon,$.003,$0.15,$.006,$0.30,,,
Urborg Justice,Weatherlight,4,Near Mint,Rare,$.050,$0.90,$.200,$3.60,,,
Urborg Mindsucker,Visions,1,Near Mint,Common,$.003,$0.10,$.003,$0.10,,,
Urborg Phantom,Invasion,5,Near Mint,Common,$.003,$0.15,$.015,$0.75,,,
Urborg Shambler,Invasion,1,Near Mint,Uncommon,$.003,$0.15,$.003,$0.15,,,
Urborg Skeleton,Invasion,4,Near Mint,Common,$.003,$0.15,$.012,$0.60,,,
Urborg Uprising,Apocalypse,5,Near Mint,Common,$.003,$0.15,$.015,$0.75,,,
Urborg Volcano,Invasion,1,Near Mint,Uncommon,$.003,$0.25,$.003,$0.25,,,
"Urborg, Tomb of Yawgmoth",Magic 2015 Core Set,6,Near Mint,Rare,$5.000,$10.00,$30.000,$60.00,,,
Urza's Avenger,Fourth Edition,1,Near Mint,Rare,$.050,$0.30,$.050,$0.30,,,
Urza's Bauble,Ice Age,2,Near Mint,Uncommon,$.003,$0.25,$.006,$0.50,,,
Urza's Blueprints,Urza's Legacy,1,Near Mint,Rare,$.050,$0.30,$.050,$0.30,,,
Urza's Mine,Antiquities,1,Near Mint,Uncommon,$.003,$0.00,$.003,$0.00,,,
Urza's Mine,Antiquities,1,Near Mint,Uncommon,$.003,$0.00,$.003,$0.00,,,
Urza's Mine,Antiquities,1,Good (Lightly Played),Common,$.003,$0.00,$.003,$0.00,,,
Urza's Mine,Chronicles,1,Good (Lightly Played),Uncommon,$.003,$0.25,$.003,$0.25,,,
Urza's Mine,Antiquities,1,Near Mint,Common,$.003,$0.90,$.003,$0.90,,,
Urza's Mine,Chronicles,1,Good (Lightly Played),Uncommon,$.003,$0.00,$.003,$0.00,,,
Urza's Miter,Antiquities,1,Near Mint,Rare,$.750,$3.00,$.750,$3.00,,,
Urza's Power Plant,Antiquities,1,Near Mint,Uncommon,$.003,$0.00,$.003,$0.00,,,
Urza's Power Plant,Antiquities,1,Played,Common,$.003,$0.00,$.003,$0.00,,,
Urza's Power Plant,Antiquities,1,Good (Lightly Played),Common,$.003,$0.35,$.003,$0.35,,,
Urza's Power Plant,Chronicles,1,Played,Uncommon,$.003,$0.50,$.003,$0.50,,,
Urza's Power Plant,Antiquities,1,Played,Uncommon,$.003,$0.75,$.003,$0.75,,,
Urza's Rage,Invasion,1,Near Mint,Rare,$.050,$0.90,$.050,$0.90,,,
Urza's Tower,Antiquities,1,Played,Uncommon,$.003,$0.00,$.003,$0.00,,,
Urza's Tower,Antiquities,1,Good (Lightly Played),Uncommon,$.003,$0.40,$.003,$0.40,,,
Urza's Tower,Antiquities,1,Played,Common,$.003,$0.90,$.003,$0.90,,,
Urza's Tower,Antiquities,2,Played,Uncommon,$.003,$0.00,$.006,$0.00,,,
Uthden Troll,Revised Edition,2,Near Mint,Uncommon,$.003,$0.15,$.006,$0.30,,,
Utopia Tree,Invasion,1,Near Mint,Rare,$.100,$1.25,$.100,$1.25,,,
Utter End,Khans of Tarkir,60,Near Mint,Rare,$.050,$0.90,$3.000,$54.00,,,
Utvara Hellkite,Return to Ravnica,3,Near Mint,MythicRare,$2.500,$4.75,$7.500,$14.25,,,
Vampire Hounds,Exodus,7,Near Mint,Common,$.003,$0.15,$.021,$1.05,,,
Vampiric Tutor,Visions,1,Near Mint,Rare,$14.750,$24.65,$14.750,$24.65,,,
Vampiric Tutor,Visions,2,Played,Rare,$16.000,$26.83,$32.000,$53.65,,,
Vampiric Tutor,Visions,2,Good (Lightly Played),Rare,$17.500,$29.00,$35.000,$58.00,,,
Vanishing,Visions,2,Near Mint,Common,$.003,$0.15,$.006,$0.30,,,
Vaporous Djinn,Mirage,1,Near Mint,Uncommon,$.003,$0.15,$.003,$0.15,,,
"Varolz, the Scar-Striped",Dragon's Maze,44,Near Mint,Rare,$.050,$0.65,$2.200,$28.60,,,
Vastwood Hydra,Magic 2014 Core Set,2,Near Mint,Rare,$.050,$0.90,$.100,$1.80,,,
Vault of the Archangel,Dark Ascension,18,Near Mint,Rare,$.500,$2.25,$9.000,$40.50,,,
Veil of Birds,Urza's Saga,1,Near Mint,Common,$.003,$0.10,$.003,$0.10,,,
Veiled Crocodile,Urza's Saga,1,Near Mint,Rare,$.050,$0.30,$.050,$0.30,,,
Veiled Sentry,Urza's Saga,2,Near Mint,Uncommon,$.003,$0.25,$.006,$0.50,,,
Veiled Serpent,Urza's Saga,1,Near Mint,Common,$.003,$0.10,$.003,$0.10,,,
Venarian Gold,Legends,1,Near Mint,Common,$.003,$0.15,$.003,$0.15,,,
Vendetta,Mercadian Masques,4,Near Mint,Common,$.003,$0.15,$.012,$0.60,,,
Vendilion Clique,Modern Masters,1,Near Mint,MythicRare,$21.000,$35.00,$21.000,$35.00,,,
Vendilion Clique,Morningtide,2,Near Mint,Rare,$21.250,$35.25,$42.500,$70.50,,,
Venerable Monk,Stronghold,1,Near Mint,Common,$.003,$0.15,$.003,$0.15,,,
Vengeful Pharaoh,Magic 2012,2,Near Mint,Rare,$1.000,$3.50,$2.000,$7.00,,,
Venom,The Dark,5,Near Mint,Common,$.003,$0.10,$.015,$0.50,,,
Venomous Breath,Mercadian Masques,1,Near Mint,Uncommon,$.003,$0.15,$.003,$0.15,,,
Venomous Dragonfly,Mercadian Masques,4,Near Mint,Common,$.003,$0.15,$.012,$0.60,,,
Venomous Fangs,Urza's Saga,2,Near Mint,Common,$.003,$0.15,$.006,$0.30,,,
"Venser, Shaper Savant",Future Sight,1,Near Mint,Rare,$9.000,$17.75,$9.000,$17.75,,,
Verdant Field,Prophecy,1,Near Mint,Uncommon,$.003,$0.15,$.003,$0.15,,,
Verduran Emissary,Invasion,1,Near Mint,Uncommon,$.003,$0.15,$.003,$0.15,,,
Verduran Enchantress,Revised Edition,1,Good (Lightly Played),Rare,$.050,$0.30,$.050,$0.30,,,
Vernal Equinox,Mercadian Masques,1,Near Mint,Rare,$.050,$0.30,$.050,$0.30,,,
Veteran Warleader,Battle for Zendikar,47,Near Mint,Rare,$.050,$0.30,$2.350,$14.10,,,
Vexing Arcanix,Ice Age,1,Near Mint,Rare,$.050,$0.30,$.050,$0.30,,,
Viashino Bey,Urza's Legacy,2,Near Mint,Common,$.003,$0.15,$.006,$0.30,,,
Viashino Grappler,Invasion,4,Near Mint,Common,$.003,$0.10,$.012,$0.40,,,
Viashino Heretic,Urza's Legacy,1,Near Mint,Uncommon,$.003,$0.50,$.003,$0.50,,,
Viashino Outrider,Urza's Saga,1,Near Mint,Common,$.003,$0.10,$.003,$0.10,,,
Viashino Runner,Urza's Saga,3,Near Mint,Common,$.003,$0.15,$.009,$0.45,,,
Viashino Sandscout,Urza's Legacy,1,Near Mint,Common,$.003,$0.15,$.003,$0.15,,,
Viashino Sandswimmer,Urza's Saga,1,Near Mint,Rare,$.050,$0.30,$.050,$0.30,,,
Viashino Warrior,Mirage,2,Near Mint,Common,$.003,$0.10,$.006,$0.20,,,
Viashino Weaponsmith,Urza's Saga,2,Near Mint,Common,$.003,$0.15,$.006,$0.30,,,
Vibrating Sphere,Ice Age,1,Near Mint,Rare,$.050,$0.30,$.050,$0.30,,,
Vicious Hunger,Nemesis,9,Near Mint,Common,$.003,$0.10,$.027,$0.90,,,
Vicious Kavu,Invasion,5,Near Mint,Uncommon,$.003,$0.15,$.015,$0.75,,,
Victimize,Urza's Saga,1,Near Mint,Uncommon,$.003,$0.75,$.003,$0.75,,,
Victory's Herald,Mirrodin Besieged,4,Near Mint,Rare,$.050,$0.45,$.200,$1.80,,,
Victual Sliver,Stronghold,1,Near Mint,Uncommon,$.003,$0.25,$.003,$0.25,,,
Vigilant Drake,Urza's Legacy,1,Near Mint,Common,$.003,$0.15,$.003,$0.15,,,
Vigor,Lorwyn,2,Near Mint,Rare,$7.750,$15.50,$15.500,$31.00,,,
Vigorous Charge,Invasion,4,Near Mint,Common,$.003,$0.15,$.012,$0.60,,,
Vile Redeemer,Oath of the Gatewatch,27,Near Mint,Rare,$.050,$0.30,$1.350,$8.10,,,
Vile Requiem,Urza's Saga,2,Near Mint,Uncommon,$.003,$0.15,$.006,$0.30,,,
Villainous Wealth,Khans of Tarkir,33,Near Mint,Rare,$.050,$0.30,$1.650,$9.90,,,
Vindicate,Apocalypse,1,Near Mint,Rare,$6.250,$12.25,$6.250,$12.25,,,
Vindicate,Apocalypse,1,Near Mint,Rare,$7.000,$14.09,$7.000,$14.09,,,
Vine Dryad,Mercadian Masques,4,Near Mint,Rare,$.050,$0.55,$.200,$2.20,,,
Vintara Elephant,Prophecy,5,Near Mint,Common,$.003,$0.10,$.015,$0.50,,,
Vintara Snapper,Prophecy,1,Near Mint,Uncommon,$.003,$0.15,$.003,$0.15,,,
Viseling,Nemesis,4,Near Mint,Uncommon,$.003,$0.15,$.012,$0.60,,,
Vitalize,Classic Sixth Edition,1,Near Mint,Common,$.003,$0.15,$.003,$0.15,,,
Vitalizing Wind,Prophecy,1,Near Mint,Rare,$.050,$0.55,$.050,$0.55,,,
Vodalian Hypnotist,Invasion,1,Near Mint,Uncommon,$.003,$0.15,$.003,$0.15,,,
Vodalian Knights,Fallen Empires,4,Near Mint,Rare,$.050,$0.30,$.200,$1.20,,,
Vodalian Mage,Fallen Empires,6,Near Mint,Common,$.003,$0.15,$.018,$0.90,,,
Vodalian Mage,Fallen Empires,7,Near Mint,Common,$.003,$0.15,$.021,$1.05,,,
Vodalian Mage,Fallen Empires,8,Near Mint,Common,$.003,$0.15,$.024,$1.20,,,
Vodalian Merchant,Invasion,4,Near Mint,Common,$.003,$0.10,$.012,$0.40,,,
Vodalian Mystic,Apocalypse,8,Near Mint,Uncommon,$.003,$0.15,$.024,$1.20,,,
Vodalian Serpent,Invasion,4,Near Mint,Common,$.003,$0.10,$.012,$0.40,,,
Vodalian Soldiers,Classic Sixth Edition,1,Near Mint,Common,$.003,$0.10,$.003,$0.10,,,
Vodalian Soldiers,Fallen Empires,5,Near Mint,Common,$.003,$0.10,$.015,$0.50,,,
Vodalian Soldiers,Fallen Empires,6,Near Mint,Common,$.003,$0.15,$.018,$0.90,,,
Vodalian Soldiers,Fallen Empires,6,Near Mint,Common,$.003,$0.15,$.018,$0.90,,,
Vodalian Soldiers,Fallen Empires,7,Near Mint,Common,$.003,$0.15,$.021,$1.05,,,
Vodalian War Machine,Fallen Empires,4,Near Mint,Rare,$.050,$0.30,$.200,$1.20,,,
Vodalian Zombie,Invasion,7,Near Mint,Common,$.003,$0.15,$.021,$1.05,,,
Voice of All,Planeshift,4,Near Mint,Uncommon,$.003,$0.50,$.012,$2.00,,,
Voice of Grace,Urza's Saga,1,Near Mint,Uncommon,$.003,$0.15,$.003,$0.15,,,
Voice of Resurgence,Dragon's Maze,1,Near Mint,MythicRare,$18.500,$30.75,$18.500,$30.75,,,
Voice of Truth,Nemesis,1,Near Mint,Uncommon,$.003,$0.25,$.003,$0.25,,,
Void Stalker,Magic 2013,25,Near Mint,Rare,$.050,$0.30,$1.250,$7.50,,,
Void Winnower,Battle for Zendikar,30,Near Mint,MythicRare,$.500,$2.00,$15.000,$60.00,,,
Volatile Rig,Return to Ravnica,63,Near Mint,Rare,$.050,$0.15,$3.150,$9.45,,,
Volcanic Eruption,Revised Edition,2,Near Mint,Rare,$.050,$0.30,$.100,$0.60,,,
Volcanic Geyser,Classic Sixth Edition,1,Near Mint,Uncommon,$.003,$0.25,$.003,$0.25,,,
Volcanic Island,Revised Edition,1,Played,Rare,$197.750,$282.63,$197.750,$282.63,,,
Volcanic Island,Revised Edition,1,Played,Rare,$215.250,$307.56,$215.250,$307.56,,,
Volcanic Island,Revised Edition,1,Heavily Played,Rare,$215.250,$307.56,$215.250,$307.56,,,
Volcanic Island,Unlimited Edition,1,Good (Lightly Played),Rare,$290.000,$414.38,$290.000,$414.38,,,
Volcanic Vision,Dragons of Tarkir,23,Near Mint,Rare,$.050,$0.30,$1.150,$6.90,,,
Volcanic Wind,Mercadian Masques,1,Near Mint,Uncommon,$.003,$0.15,$.003,$0.15,,,
Volcano Imp,Planeshift,7,Near Mint,Common,$.003,$0.10,$.021,$0.70,,,
Volrath the Fallen,Nemesis,4,Near Mint,Rare,$.050,$0.65,$.200,$2.60,,,
Voodoo Doll,Chronicles,1,Near Mint,Rare,$.050,$0.30,$.050,$0.30,,,
Vorapede,Dark Ascension,24,Near Mint,MythicRare,$.250,$1.50,$6.000,$36.00,,,
Vorel of the Hull Clade,Dragon's Maze,41,Near Mint,Rare,$.050,$0.75,$2.050,$30.75,,,
"Vorinclex, Voice of Hunger",New Phyrexia,1,Near Mint,MythicRare,$13.500,$22.50,$13.500,$22.50,,,
Vraska the Unseen,Return to Ravnica,4,Near Mint,MythicRare,$2.250,$4.25,$9.000,$17.00,,,
Vryn Wingmare,Magic Origins,29,Near Mint,Rare,$.050,$0.65,$1.450,$18.85,,,
Wake of Vultures,Visions,2,Near Mint,Common,$.003,$0.15,$.006,$0.30,,,
Wall of Air,Revised Edition,4,Near Mint,Uncommon,$.003,$0.15,$.012,$0.60,,,
Wall of Bone,Revised Edition,5,Near Mint,Uncommon,$.003,$0.15,$.015,$0.75,,,
Wall of Brambles,Revised Edition,2,Near Mint,Uncommon,$.003,$0.15,$.006,$0.30,,,
Wall of Caltrops,Legends,1,Near Mint,Common,$.003,$0.15,$.003,$0.15,,,
Wall of Diffusion,Tempest,1,Near Mint,Common,$.003,$0.10,$.003,$0.10,,,
Wall of Distortion,Mercadian Masques,4,Near Mint,Common,$.003,$0.10,$.012,$0.40,,,
Wall of Dust,Legends,2,Near Mint,Uncommon,$.003,$0.50,$.006,$1.00,,,
Wall of Earth,Legends,4,Near Mint,Common,$.003,$0.15,$.012,$0.60,,,
Wall of Fire,Revised Edition,1,Near Mint,Uncommon,$.003,$0.15,$.003,$0.15,,,
Wall of Ice,Revised Edition,1,Near Mint,Uncommon,$.003,$0.15,$.003,$0.15,,,
Wall of Junk,Urza's Saga,1,Near Mint,Uncommon,$.003,$0.25,$.003,$0.25,,,
Wall of Light,Legends,1,Near Mint,Uncommon,$.003,$0.75,$.003,$0.75,,,
Wall of Nets,Exodus,1,Near Mint,Rare,$.050,$0.75,$.050,$0.75,,,
Wall of Opposition,Chronicles,2,Near Mint,Uncommon,$.003,$0.15,$.006,$0.30,,,
Wall of Putrid Flesh,Legends,1,Played,Uncommon,$.003,$0.75,$.003,$0.75,,,
Wall of Razors,Stronghold,1,Near Mint,Uncommon,$.003,$0.25,$.003,$0.25,,,
Wall of Roots,Mirage,1,Near Mint,Common,$.100,$1.50,$.100,$1.50,,,
Wall of Shadows,Legends,1,Near Mint,Common,$.003,$0.15,$.003,$0.15,,,
Wall of Shields,Ice Age,1,Near Mint,Uncommon,$.003,$0.15,$.003,$0.15,,,
Wall of Spears,Antiquities,1,Near Mint,Uncommon,$.003,$0.50,$.003,$0.50,,,
Wall of Stone,Revised Edition,1,Near Mint,Uncommon,$.003,$0.15,$.003,$0.15,,,
Wall of Swords,Unlimited Edition,1,Near Mint,Uncommon,$.003,$0.35,$.003,$0.35,,,
Wall of Swords,Revised Edition,3,Near Mint,Uncommon,$.003,$0.15,$.009,$0.45,,,
Wall of Tears,Stronghold,1,Near Mint,Uncommon,$.003,$0.25,$.003,$0.25,,,
Wall of Vapor,Chronicles,1,Near Mint,Common,$.003,$0.10,$.003,$0.10,,,
Wall of Vapor,Legends,1,Good (Lightly Played),Common,$.003,$0.15,$.003,$0.15,,,
Wall of Vapor,Legends,3,Near Mint,Common,$.003,$0.15,$.009,$0.45,,,
Wall of Water,Revised Edition,1,Near Mint,Uncommon,$.003,$0.15,$.003,$0.15,,,
Wall of Wonder,Legends,1,Near Mint,Uncommon,$.003,$0.50,$.003,$0.50,,,
Wall of Wood,Revised Edition,9,Near Mint,Common,$.003,$0.10,$.027,$0.90,,,
Wallop,Invasion,1,Near Mint,Uncommon,$.003,$0.15,$.003,$0.15,,,
Wand of Denial,Classic Sixth Edition,1,Near Mint,Rare,$.050,$0.30,$.050,$0.30,,,
Wand of Ith,The Dark,1,Near Mint,Uncommon,$.003,$0.25,$.003,$0.25,,,
Wand of Ith,The Dark,1,Good (Lightly Played),Uncommon,$.003,$0.25,$.003,$0.25,,,
Wandering Eye,Nemesis,5,Near Mint,Common,$.003,$0.10,$.015,$0.50,,,
Wandering Fumarole,Oath of the Gatewatch,11,Near Mint,Rare,$.750,$2.75,$8.250,$30.25,,,
Wandering Stream,Invasion,5,Near Mint,Common,$.003,$0.10,$.015,$0.50,,,
Wanderlust,Revised Edition,1,Near Mint,Uncommon,$.003,$0.15,$.003,$0.15,,,
Wanderwine Hub,Lorwyn,4,Near Mint,Rare,$5.000,$9.75,$20.000,$39.00,,,
War Barge,The Dark,4,Near Mint,Uncommon,$.003,$0.25,$.012,$1.00,,,
War Cadence,Mercadian Masques,2,Near Mint,Uncommon,$.003,$0.15,$.006,$0.30,,,
War Mammoth,Revised Edition,6,Near Mint,Common,$.003,$0.10,$.018,$0.60,,,
War Tax,Mercadian Masques,1,Near Mint,Uncommon,$.003,$0.25,$.003,$0.25,,,
Ward of Lights,Mirage,1,Near Mint,Common,$.003,$0.10,$.003,$0.10,,,
Warden of the First Tree,Fate Reforged,41,Near Mint,MythicRare,$.250,$1.00,$10.250,$41.00,,,
Warmonger,Mercadian Masques,1,Near Mint,Uncommon,$.003,$0.15,$.003,$0.15,,,
Warning,Ice Age,1,Near Mint,Common,$.003,$0.10,$.003,$0.10,,,
Warp Artifact,Revised Edition,1,Near Mint,Rare,$.050,$0.30,$.050,$0.30,,,
Warpath,Mercadian Masques,2,Near Mint,Uncommon,$.003,$0.15,$.006,$0.30,,,
Warped Devotion,Planeshift,3,Near Mint,Uncommon,$.003,$0.25,$.009,$0.75,,,
Warrior's Honor,Visions,2,Near Mint,Common,$.003,$0.15,$.006,$0.30,,,
Warstorm Surge,Magic 2012,4,Near Mint,Rare,$.050,$0.30,$.200,$1.20,,,
Warthog,Visions,1,Near Mint,Common,$.003,$0.15,$.003,$0.15,,,
Wash Out,Invasion,2,Near Mint,Uncommon,$.003,$0.85,$.006,$1.70,,,
Waste Not,Magic 2015 Core Set,2,Near Mint,Rare,$1.000,$4.00,$2.000,$8.00,,,
Wasteland,Tempest,4,Near Mint,Uncommon,$26.500,$52.75,$106.000,$211.00,,,
Wasteland Strangler,Battle for Zendikar,36,Near Mint,Rare,$.050,$0.65,$1.800,$23.40,,,
Water Wurm,The Dark,6,Near Mint,Common,$.003,$0.10,$.018,$0.60,,,
Waterfront Bouncer,Mercadian Masques,2,Near Mint,Common,$.003,$0.15,$.006,$0.30,,,
Waterspout Elemental,Planeshift,2,Near Mint,Rare,$.050,$0.30,$.100,$0.60,,,
Wax // Wane,Invasion,1,Near Mint,Uncommon,$.003,$0.15,$.003,$0.15,,,
Wayfaring Giant,Invasion,3,Near Mint,Uncommon,$.003,$0.15,$.009,$0.45,,,
Wayfaring Temple,Return to Ravnica,53,Near Mint,Rare,$.050,$0.30,$2.650,$15.90,,,
Waylay,Urza's Saga,1,Near Mint,Uncommon,$.003,$0.15,$.003,$0.15,,,
Weakness,Revised Edition,4,Near Mint,Common,$.003,$0.10,$.012,$0.40,,,
Wear // Tear,Dragon's Maze,4,Near Mint,Uncommon,$.003,$0.00,$.012,$0.00,,,
Weatherseed Elf,Urza's Legacy,3,Near Mint,Common,$.003,$0.15,$.009,$0.45,,,
Weatherseed Faeries,Urza's Legacy,4,Near Mint,Common,$.003,$0.15,$.012,$0.60,,,
Welcome to the Fold,Shadows over Innistrad,17,Near Mint,Rare,$.050,$0.30,$.850,$5.10,,,
Welkin Hawk,Exodus,5,Near Mint,Common,$.003,$0.15,$.015,$0.75,,,
Well-Laid Plans,Invasion,1,Near Mint,Rare,$.050,$0.30,$.050,$0.30,,,
Westvale Abbey,Shadows over Innistrad,5,Near Mint,Rare,$3.000,$5.75,$15.000,$28.75,,,
Wheel of Fortune,Revised Edition,1,Good (Lightly Played),Rare,$13.000,$21.74,$13.000,$21.74,,,
Wheel of Fortune,Revised Edition,3,Near Mint,Rare,$14.000,$23.50,$42.000,$70.50,,,
Whelming Wave,Born of the Gods,13,Near Mint,Rare,$.050,$0.45,$.650,$5.85,,,
Whim of Volrath,Tempest,1,Near Mint,Rare,$.050,$0.65,$.050,$0.65,,,
Whims of the Fates,Born of the Gods,18,Near Mint,Rare,$.050,$0.30,$.900,$5.40,,,
Whip of Erebos,Theros,6,Near Mint,Rare,$.100,$1.75,$.600,$10.50,,,
Whip Sergeant,Prophecy,2,Near Mint,Uncommon,$.003,$0.15,$.006,$0.30,,,
Whip Silk,Invasion,4,Near Mint,Common,$.003,$0.15,$.012,$0.60,,,
Whippoorwill,The Dark,5,Near Mint,Uncommon,$.003,$0.15,$.015,$0.75,,,
Whipstitched Zombie,Prophecy,5,Near Mint,Common,$.003,$0.10,$.015,$0.50,,,
Whiptongue Frog,Exodus,3,Near Mint,Common,$.003,$0.15,$.009,$0.45,,,
Whirlpool Drake,Apocalypse,7,Near Mint,Uncommon,$.003,$0.15,$.021,$1.05,,,
Whirlpool Rider,Apocalypse,4,Near Mint,Common,$.003,$0.15,$.012,$0.60,,,
Whispering Madness,Gatecrash,40,Near Mint,Rare,$.050,$0.30,$2.000,$12.00,,,
Whisperwood Elemental,Fate Reforged,44,Near Mint,MythicRare,$.250,$0.99,$11.000,$43.56,,,
White Knight,Revised Edition,2,Near Mint,Uncommon,$.003,$0.15,$.006,$0.30,,,
White Mana Battery,Legends,1,Near Mint,Uncommon,$.003,$0.50,$.003,$0.50,,,
White Sun's Zenith,Mirrodin Besieged,15,Near Mint,Rare,$.050,$0.30,$.750,$4.50,,,
White Ward,Revised Edition,4,Near Mint,Uncommon,$.003,$0.15,$.012,$0.60,,,
Whiteout,Ice Age,1,Near Mint,Uncommon,$.003,$0.15,$.003,$0.15,,,
Wicked Reward,Visions,1,Near Mint,Common,$.003,$0.15,$.003,$0.15,,,
Wild Beastmaster,Return to Ravnica,81,Near Mint,Rare,$.050,$0.15,$4.050,$12.15,,,
Wild Defiance,Avacyn Restored,17,Near Mint,Rare,$.750,$2.75,$12.750,$46.75,,,
Wild Dogs,Urza's Saga,2,Near Mint,Common,$.003,$0.15,$.006,$0.30,,,
Wild Elephant,Mirage,1,Near Mint,Common,$.003,$0.10,$.003,$0.10,,,
Wild Growth,Classic Sixth Edition,1,Near Mint,Common,$.003,$0.15,$.003,$0.15,,,
Wild Growth,Revised Edition,15,Near Mint,Common,$.003,$0.15,$.045,$2.25,,,
Wild Jhovall,Mercadian Masques,2,Near Mint,Common,$.003,$0.10,$.006,$0.20,,,
Wild Mammoth,Nemesis,1,Near Mint,Uncommon,$.003,$0.15,$.003,$0.15,,,
Wild Might,Prophecy,3,Near Mint,Common,$.003,$0.15,$.009,$0.45,,,
Wild Ricochet,Magic 2014 Core Set,8,Near Mint,Rare,$.050,$0.30,$.400,$2.40,,,
Wildcall,Fate Reforged,22,Near Mint,Rare,$.050,$0.30,$1.100,$6.60,,,
Willbreaker,Magic Origins,33,Near Mint,Rare,$.050,$0.30,$1.650,$9.90,,,
Wind Drake,Classic Sixth Edition,1,Near Mint,Common,$.003,$0.10,$.003,$0.10,,,
Wind Drake,Tempest,1,Near Mint,Common,$.003,$0.10,$.003,$0.10,,,
Wind Shear,Visions,1,Near Mint,Uncommon,$.003,$0.15,$.003,$0.15,,,
Windreader Sphinx,Magic 2014 Core Set,10,Near Mint,MythicRare,$.250,$0.99,$2.500,$9.90,,,
Windswept Heath,Khans of Tarkir,5,Near Mint,Rare,$6.000,$12.00,$30.000,$60.00,,,
Wing Snare,Urza's Legacy,2,Near Mint,Uncommon,$.003,$0.15,$.006,$0.30,,,
Wing Storm,Prophecy,2,Near Mint,Uncommon,$.003,$0.15,$.006,$0.30,,,
Wingmate Roc,Khans of Tarkir,28,Near Mint,MythicRare,$.250,$1.25,$7.000,$35.00,,,
Wings of Aesthir,Ice Age,1,Near Mint,Uncommon,$.003,$0.15,$.003,$0.15,,,
Wings of Hope,Invasion,3,Near Mint,Common,$.003,$0.10,$.009,$0.30,,,
Winnow,Invasion,1,Near Mint,Rare,$.050,$0.30,$.050,$0.30,,,
Wirecat,Urza's Saga,1,Near Mint,Uncommon,$.003,$0.15,$.003,$0.15,,,
Wishmonger,Mercadian Masques,2,Near Mint,Uncommon,$.003,$0.15,$.006,$0.30,,,
Wit's End,Magic 2013,31,Near Mint,Rare,$.050,$0.30,$1.550,$9.30,,,
Witch Hunter,The Dark,1,Good (Lightly Played),Rare,$.050,$0.65,$.050,$0.65,,,
Witchstalker,Magic 2014 Core Set,5,Near Mint,Rare,$.050,$0.65,$.250,$3.25,,,
Withering Boon,Mirage,3,Near Mint,Uncommon,$.003,$0.50,$.009,$1.50,,,
Wizard Mentor,Urza's Saga,1,Near Mint,Common,$.003,$0.15,$.003,$0.15,,,
Wizards' School,Homelands,6,Near Mint,Uncommon,$.003,$0.15,$.018,$0.90,,,
Wolf of Devil's Breach,Shadows over Innistrad,7,Near Mint,MythicRare,$.250,$0.99,$1.750,$6.93,,,
Wolfbitten Captive,Dark Ascension,2,Near Mint,Rare,$.100,$1.25,$.200,$2.50,,,
Wolfir Silverheart,Avacyn Restored,20,Near Mint,Rare,$.050,$0.75,$1.000,$15.00,,,
Wolverine Pack,Legends,3,Near Mint,Common,$.003,$0.15,$.009,$0.45,,,
Wood Elves,Exodus,2,Near Mint,Common,$.003,$0.15,$.006,$0.30,,,
Wooded Foothills,Khans of Tarkir,10,Near Mint,Rare,$8.000,$15.75,$80.000,$157.50,,,
Wooden Sphere,Revised Edition,1,Near Mint,Uncommon,$.003,$0.15,$.003,$0.15,,,
Woodland Bellower,Magic Origins,19,Near Mint,MythicRare,$.250,$1.25,$4.750,$23.75,,,
Woodland Cemetery,Innistrad,3,Near Mint,Rare,$2.750,$5.50,$8.250,$16.50,,,
Woodland Wanderer,Battle for Zendikar,56,Near Mint,Rare,$.050,$0.45,$2.800,$25.20,,,
Woodripper,Nemesis,4,Near Mint,Uncommon,$.003,$0.15,$.012,$0.60,,,
Woolly Spider,Ice Age,1,Near Mint,Common,$.003,$0.10,$.003,$0.10,,,
Word of Binding,The Dark,5,Near Mint,Common,$.003,$0.10,$.015,$0.50,,,
Word of Blasting,Mercadian Masques,1,Near Mint,Uncommon,$.003,$0.15,$.003,$0.15,,,
Word of Undoing,Ice Age,1,Near Mint,Common,$.003,$0.10,$.003,$0.10,,,
Workhorse,Exodus,1,Near Mint,Rare,$.050,$0.55,$.050,$0.55,,,
World Breaker,Oath of the Gatewatch,3,Near Mint,MythicRare,$2.500,$5.00,$7.500,$15.00,,,
Worldfire,Magic 2013,3,Near Mint,MythicRare,$.250,$1.50,$.750,$4.50,,,
Worldly Counsel,Invasion,2,Near Mint,Common,$.003,$0.15,$.006,$0.30,,,
Worldly Tutor,Mirage,1,Near Mint,Uncommon,$3.500,$6.75,$3.500,$6.75,,,
Worldslayer,Magic 2012,3,Near Mint,Rare,$.050,$0.45,$.150,$1.35,,,
Worms of the Earth,The Dark,1,Good (Lightly Played),Rare,$.050,$0.90,$.050,$0.90,,,
Worms of the Earth,The Dark,1,Near Mint,Rare,$.050,$0.90,$.050,$0.90,,,
Wormwood Treefolk,The Dark,2,Near Mint,Rare,$.050,$0.45,$.100,$0.90,,,
Worship,Urza's Saga,1,Near Mint,Rare,$6.000,$10.25,$6.000,$10.25,,,
Worship,Ninth Edition,3,Near Mint,Rare,$5.250,$12.00,$15.750,$36.00,,,
Worst Fears,Journey into Nyx,6,Near Mint,MythicRare,$.250,$0.99,$1.500,$5.94,,,
Wrecking Ogre,Gatecrash,56,Near Mint,Rare,$.050,$0.15,$2.800,$8.40,,,
Wurmcoil Engine,Commander 2014,2,Near Mint,MythicRare,$8.250,$16.25,$16.500,$32.50,,,
Wurmcoil Engine,Scars of Mirrodin,4,Near Mint,MythicRare,$8.750,$17.50,$35.000,$70.00,,,
Xathrid Gorgon,Magic 2013,25,Near Mint,Rare,$.050,$0.30,$1.250,$7.50,,,
Xathrid Necromancer,Magic 2014 Core Set,22,Near Mint,Rare,$.050,$0.45,$1.100,$9.90,,,
"Xenagos, God of Revels",Born of the Gods,12,Near Mint,MythicRare,$3.500,$7.00,$42.000,$84.00,,,
"Xenagos, the Reveler",Theros,3,Near Mint,MythicRare,$2.250,$4.50,$6.750,$13.50,,,
Xenograft,New Phyrexia,8,Near Mint,Rare,$.050,$0.45,$.400,$3.60,,,
Yasova Dragonclaw,Fate Reforged,40,Near Mint,Rare,$.050,$0.30,$2.000,$12.00,,,
Yavimaya Barbarian,Invasion,4,Near Mint,Common,$.003,$0.10,$.012,$0.40,,,
Yavimaya Coast,Magic 2015 Core Set,7,Near Mint,Rare,$.100,$1.50,$.700,$10.50,,,
Yavimaya Coast,Magic Origins,31,Near Mint,Rare,$.100,$1.50,$3.100,$46.50,,,
Yavimaya Granger,Urza's Legacy,3,Near Mint,Common,$.003,$0.15,$.009,$0.45,,,
Yavimaya Kavu,Invasion,2,Near Mint,Uncommon,$.003,$0.15,$.006,$0.30,,,
Yavimaya Wurm,Urza's Legacy,2,Near Mint,Common,$.003,$0.10,$.006,$0.20,,,
Yawgmoth's Will,Urza's Saga,1,Near Mint,Rare,$17.000,$28.50,$17.000,$28.50,,,
"Yeva, Nature's Herald",Magic 2013,20,Near Mint,Rare,$.050,$0.65,$1.000,$13.00,,,
"Yisan, the Wanderer Bard",Magic 2015 Core Set,6,Near Mint,Rare,$.050,$0.45,$.300,$2.70,,,
Yotian Soldier,Antiquities,1,Near Mint,Common,$.003,$0.15,$.003,$0.15,,,
Yotian Soldier,Fourth Edition,2,Near Mint,Common,$.003,$0.10,$.006,$0.20,,,
Youthful Knight,Stronghold,1,Near Mint,Common,$.003,$0.15,$.003,$0.15,,,
"Zada, Hedron Grinder",Battle for Zendikar,34,Near Mint,Rare,$.050,$0.65,$1.700,$22.10,,,
Zanam Djinn,Invasion,1,Near Mint,Uncommon,$.003,$0.15,$.003,$0.15,,,
Zap,Invasion,4,Near Mint,Common,$.003,$0.10,$.012,$0.40,,,
Zealots en-Dal,Exodus,1,Near Mint,Uncommon,$.003,$0.15,$.003,$0.15,,,
Zealous Conscripts,Avacyn Restored,29,Near Mint,Rare,$.050,$0.75,$1.450,$21.75,,,
Zelyon Sword,Fallen Empires,2,Near Mint,Rare,$.050,$0.30,$.100,$0.60,,,
Zendikar Resurgent,Oath of the Gatewatch,17,Near Mint,Rare,$.050,$0.65,$.850,$11.05,,,
Zephid's Embrace,Urza's Saga,1,Near Mint,Uncommon,$.003,$0.15,$.003,$0.15,,,
Zephyr Falcon,Fourth Edition,1,Near Mint,Common,$.003,$0.10,$.003,$0.10,,,
Zerapa Minotaur,Prophecy,6,Near Mint,Common,$.003,$0.10,$.018,$0.60,,,
Zhalfirin Knight,Mirage,1,Near Mint,Common,$.003,$0.10,$.003,$0.10,,,
Zhur-Taa Ancient,Dragon's Maze,55,Near Mint,Rare,$.050,$0.30,$2.750,$16.50,,,
Zombie Apocalypse,Dark Ascension,3,Near Mint,Rare,$.100,$1.00,$.300,$3.00,,,
Zombie Boa,Apocalypse,4,Near Mint,Common,$.003,$0.15,$.012,$0.60,,,
Zombie Scavengers,Weatherlight,1,Near Mint,Common,$.003,$0.15,$.003,$0.15,,,
Zuran Enchanter,Ice Age,2,Near Mint,Common,$.003,$0.10,$.006,$0.20,,,
Zurgo Bellstriker,Dragons of Tarkir,11,Near Mint,Rare,$.100,$1.00,$1.100,$11.00,,,
