Count,Tradelist Count,Name,Edition,My Price,Price
1,1,Abbey Matron,Homelands,0.18,$0.18
24,8,Abbot of Keral Keep,Magic Origins,1.63,$2.37
64,8,Abhorrent Overlord,Theros,0.28,$0.26
1,1,Abolish,Prophecy,0.24,$0.24
2,2,Abomination,Legends,0.43,$0.45
2,2,About Face,Urza's Legacy,0.18,$0.16
23,8,Abrupt Decay,Return to Ravnica,10.93,$10.93
1,1,Absorb,Invasion,3.03,$3.09
2,2,Abyssal Gatekeeper,Weatherlight,0.19,$0.19
1,1,Abyssal Specter,Classic Sixth Edition,0.24,$0.25
55,8,Abzan Ascendancy,Khans of Tarkir,0.28,$0.26
1,1,Academy Researchers,Urza's Saga,0.22,$0.22
9,8,Accumulated Knowledge,Nemesis,0.24,$0.29
1,1,Acidic Sliver,Stronghold,0.32,$0.31
1,1,Acidic Soil,Urza's Saga,0.27,$0.26
2,2,Acridian,Urza's Saga,0.16,$0.14
4,4,Active Volcano,Legends,0.19,$0.18
1,1,Adarkar Sentinel,Ice Age,0.18,$0.17
1,1,Adarkar Unicorn,Ice Age,0.17,$0.14
1,1,Adarkar Wastes,Ice Age,8.01,$7.58
1,1,Adarkar Wastes,Ninth Edition,9.64,$9.51
3,3,Adarkar Wastes,Tenth Edition,11.52,$10.88
2,2,Addle,Invasion,0.22,$0.21
24,8,Advent of the Wurm,Dragon's Maze,0.55,$0.75
1,1,Adventurers' Guildhouse,Legends,0.99,$0.94
4,4,Aegis Angel,Magic 2012,0.62,$0.64
7,7,Aegis Angel,Magic 2015 Core Set,0.5,$0.49
9,8,Aegis Angel,Magic Origins,0,$0.59
11,8,Aegis of the Gods,Journey into Nyx,1.07,$1.19
2,2,Aeolipile,Fallen Empires,0.42,$0.40
2,2,Aerathi Berserker,Legends,0,$0.56
2,2,Aether Barrier,Nemesis,0,$0.37
7,7,Aether Mutation,Apocalypse,0,$0.23
1,1,Aether Tide,Exodus,0,$0.15
33,8,Aetherling,Dragon's Maze,0,$0.61
28,8,Aetherspouts,Magic 2015 Core Set,0,$0.53
2,2,Afterlife,Mirage,0.2,$0.20
1,1,Afterlife,Mercadian Masques,0.2,$0.19
4,4,Agent of Shauku,Prophecy,0.17,$0.14
50,8,Agent of the Fates,Theros,0.3,$0.30
9,8,Aggressive Mining,Magic 2015 Core Set,0.27,$0.26
4,4,Aggressive Urge,Invasion,0.17,$0.14
4,4,Agonizing Demise,Invasion,0.17,$0.14
1,1,Agonizing Memories,Weatherlight,0.2,$0.21
13,8,Air Bladder,Nemesis,0.17,$0.14
1,1,Air Elemental,Revised Edition,0.18,$0.16
1,1,Aisling Leprechaun,Legends,0.23,$0.26
13,8,Ajani's Chosen,Magic 2014 Core Set,0.36,$0.34
4,4,"Ajani, Caller of the Pride",Magic 2013,5.22,$5.14
4,4,"Ajani, Mentor of Heroes",Journey into Nyx,12.38,$12.69
36,8,Akoum Firebird,Battle for Zendikar,0.57,$0.61
35,8,Akoum Hellkite,Battle for Zendikar,0.3,$0.27
40,8,Akroan Horse,Theros,0.25,$0.24
1,1,Alabaster Potion,Legends,0.2,$0.20
1,1,Alabaster Potion,Fourth Edition,0.14,$0.15
4,4,Alabaster Wall,Mercadian Masques,0.16,$0.14
1,1,Aladdin's Lamp,Revised Edition,0.35,$0.33
1,1,Albino Troll,Urza's Saga,0.32,$0.30
4,4,Alchemist's Refuge,Avacyn Restored,0.99,$0.98
1,1,Alchor's Tomb,Legends,2.86,$3.62
1,1,Aleatory,Mirage,0.22,$0.21
36,8,"Alesha, Who Smiles at Death",Fate Reforged,0.38,$0.39
4,4,Alexi's Cloak,Prophecy,0.2,$0.21
1,1,"Alexi, Zephyr Mage",Prophecy,0.42,$0.44
1,1,Alhammarret's Archive,Magic Origins,4.07,$4.31
33,8,"Alhammarret, High Arbiter",Magic Origins,0.36,$0.30
64,8,Aligned Hedron Network,Battle for Zendikar,0.33,$0.39
3,3,Allay,Exodus,0.2,$0.19
4,4,Alley Grifters,Mercadian Masques,0.18,$0.16
1,1,Allied Strategies,Planeshift,0.2,$0.20
64,8,Ally Encampment,Battle for Zendikar,0.81,$0.93
37,8,Alms Beast,Gatecrash,0.27,$0.25
30,8,Alpha Brawl,Dark Ascension,0.34,$0.32
3,3,Alpha Kavu,Planeshift,0.2,$0.18
9,8,Altar of the Brood,Khans of Tarkir,0.48,$0.47
31,8,Altered Ego,Shadows over Innistrad,0.36,$0.36
3,3,Aluren,Tempest,14.81,$13.89
30,8,Always Watching,Shadows over Innistrad,2,$2.09
1,1,Ambush Party,Homelands,0.17,$0.17
1,1,Amnesia,The Dark,0.6,$0.64
1,1,Amnesia,The Dark,0.6,$0.64
5,5,Amphibious Kavu,Planeshift,0.17,$0.14
4,4,Amrou Kithkin,Legends,0.19,$0.19
1,1,Amrou Kithkin,Fourth Edition,0.14,$0.15
1,1,Amulet of Kroog,Antiquities,0.19,$0.19
1,1,Amulet of Unmaking,Mirage,0.37,$0.33
4,4,An-Havva Township,Homelands,0.21,$0.20
4,4,Ana Disciple,Apocalypse,0.16,$0.14
7,7,Ana Sanctuary,Apocalypse,0.2,$0.18
1,1,Anaba Bodyguard,Classic Sixth Edition,0.14,$0.15
1,1,Anaba Shaman,Homelands,0.16,$0.15
1,1,Anaba Shaman,Classic Sixth Edition,0.14,$0.14
31,8,"Anafenza, Kin-Tree Spirit",Dragons of Tarkir,2,$2.08
44,8,"Anafenza, the Foremost",Khans of Tarkir,1.65,$1.68
1,1,Anarchist,Exodus,0.17,$0.15
30,8,Anax and Cymede,Theros,0.31,$0.28
4,4,Ancestral Mask,Mercadian Masques,0.74,$0.74
1,1,Ancestral Vision,Duel Decks: Jace vs. Chandra,47.18,$47.96
2,2,Ancient Hydra,Nemesis,0.21,$0.21
4,4,Ancient Kavu,Invasion,0.17,$0.14
1,1,Ancient Spider,Planeshift,0.34,$0.34
8,8,Ancient Spring,Invasion,0.18,$0.17
14,8,Angel of Deliverance,Shadows over Innistrad,0.3,$0.27
44,8,Angel of Flight Alabaster,Innistrad,0.36,$0.32
28,8,Angel of Glory's Rise,Avacyn Restored,0.35,$0.33
1,1,Angel of Mercy,Invasion,0.21,$0.20
15,8,Angel of Serenity,Return to Ravnica,1.34,$1.47
1,1,Angel's Trumpet,Urza's Legacy,0.26,$0.26
5,5,Angelfire Crusader,Apocalypse,0.16,$0.14
44,8,Angelic Captain,Battle for Zendikar,0.3,$0.27
2,2,Angelic Curator,Urza's Legacy,0.18,$0.16
4,4,Angelic Favor,Nemesis,0.21,$0.21
1,1,Angelic Overseer,Innistrad,2.22,$2.25
1,1,Angelic Page,Urza's Saga,0.18,$0.16
8,8,Angelic Skirmisher,Gatecrash,0.74,$0.73
32,8,Anger of the Gods,Theros,2.3,$2.24
2,2,Angry Mob,The Dark,0.24,$0.23
17,8,Anguished Unmaking,Shadows over Innistrad,1.86,$2.12
1,1,"Animar, Soul of Elements",Commander,23.92,$23.69
1,1,Animate Artifact,Revised Edition,0.19,$0.18
3,3,Animate Dead,Revised Edition,1.15,$1.14
4,4,Animate Land,Nemesis,0.22,$0.23
34,8,Animist's Awakening,Magic Origins,0.69,$0.98
4,4,Ankh of Mishra,Revised Edition,0.58,$0.52
1,1,Ankh of Mishra,Classic Sixth Edition,0.74,$0.80
35,8,Ankle Shanker,Khans of Tarkir,0.29,$0.27
3,3,Annihilate,Invasion,0.21,$0.20
2,2,Annul,Urza's Saga,0.17,$0.16
56,8,"Anthousa, Setessan Hero",Theros,0.26,$0.23
1,1,Anti-Magic Aura,Legends,0.21,$0.21
1,1,Apathy,Weatherlight,0.17,$0.14
1,1,Apprentice Necromancer,Urza's Destiny,1.49,$1.45
1,1,Apprentice Wizard,The Dark,1,$1.03
1,1,Apprentice Wizard,Fourth Edition,0.14,$0.17
8,8,Arachnus Spinner,Magic 2012,0.29,$0.26
27,8,Arashin Foremost,Dragons of Tarkir,0.59,$0.61
28,8,Arashin Sovereign,Dragons of Tarkir,0.36,$0.32
19,8,Arbiter of the Ideal,Born of the Gods,0.27,$0.26
47,8,Arbor Colossus,Theros,0.26,$0.25
2,2,Arboria,Legends,9.65,$8.85
1,1,Arc Lightning,Urza's Saga,0.19,$0.16
5,5,Arc Mage,Nemesis,0.19,$0.20
38,8,Arcane Melee,Avacyn Restored,0.35,$0.30
33,8,Arcbond,Fate Reforged,0.27,$0.25
2,2,Arcbound Ravager,Darksteel,43.94,$44.14
5,5,Archaeological Dig,Invasion,0.33,$0.31
2,2,Archangel Avacyn,Shadows over Innistrad,20.71,$21.16
1,1,Archangel of Thune,Magic 2014 Core Set,22.84,$24.12
7,7,Archangel of Tithes,Magic Origins,5,$5.69
13,8,Archangel's Light,Dark Ascension,0.87,$0.84
23,8,Archfiend of Depravity,Fate Reforged,0.53,$0.59
9,8,Archon of Justice,Magic 2012,0.34,$0.32
76,8,Archon of the Triumvirate,Return to Ravnica,0.27,$0.26
32,8,Archwing Dragon,Avacyn Restored,0.41,$0.42
1,1,Arctic Foxes,Ice Age,0.16,$0.14
9,8,Arctic Merfolk,Planeshift,0.17,$0.14
1,1,Arcum's Sleigh,Ice Age,0.19,$0.17
1,1,Arcum's Whistle,Ice Age,0.19,$0.19
4,4,Ardent Soldier,Invasion,0.17,$0.15
4,4,Arena,Media Inserts,0,$1.34
1,1,Arena of the Ancients,Legends,4.66,$5.47
10,8,Argent Sphinx,Scars of Mirrodin,0.28,$0.26
1,1,Argivian Archaeologist,Antiquities,18.82,$17.87
1,1,Argivian Blacksmith,Antiquities,0.18,$0.20
1,1,Argothian Pixies,Antiquities,0.19,$0.20
1,1,Argothian Swine,Urza's Saga,0.17,$0.15
2,2,Argothian Treefolk,Antiquities,0.19,$0.20
1,1,Argothian Treefolk,Antiquities,0.19,$0.20
1,1,Argothian Wurm,Urza's Saga,0.87,$1.05
8,8,Arlinn Kord,Shadows over Innistrad,10.92,$11.31
23,8,Armada Wurm,Return to Ravnica,0.97,$0.98
5,5,Armadillo Cloak,Invasion,0.45,$0.46
1,1,Armageddon Clock,Revised Edition,0.32,$0.30
1,1,Armageddon Clock,Fourth Edition,0.24,$0.29
2,2,Armor of Faith,Ice Age,0.16,$0.14
2,2,Armor of Thorns,Mirage,0.16,$0.14
7,7,Armor Thrull,Fallen Empires,0.17,$0.14
4,4,Armor Thrull,Fallen Empires,0.17,$0.17
4,4,Armor Thrull,Fallen Empires,0.17,$0.17
5,5,Armor Thrull,Fallen Empires,0.17,$0.17
1,1,Armored Pegasus,Classic Sixth Edition,0.14,$0.15
1,1,Armorer Guildmage,Mirage,0.16,$0.14
1,1,Arms Dealer,Mercadian Masques,0.24,$0.23
1,1,Army Ants,Visions,0.22,$0.19
3,3,Army of the Damned,Innistrad,2.5,$2.53
1,1,Arrest,Mercadian Masques,0.22,$0.20
4,4,Artifact Blast,Antiquities,0.22,$0.29
2,2,Artifact Mutation,Invasion,2.07,$2.04
1,1,Artifact Possession,Antiquities,0.19,$0.19
2,2,Artifact Possession,Antiquities,0.19,$0.19
1,1,Artifact Ward,Antiquities,0.19,$0.21
3,3,Artifact Ward,Antiquities,0.19,$0.21
60,8,Artisan of Forms,Theros,0.27,$0.25
2,2,Ascendant Evincar,Nemesis,0.89,$1.01
2,2,Asceticism,Scars of Mirrodin,9.45,$9.47
32,8,Ash Zealot,Return to Ravnica,0.52,$0.62
11,8,Ashcloud Phoenix,Khans of Tarkir,0.7,$0.68
1,1,Ashen Ghoul,Ice Age,0.28,$0.32
27,8,Ashen Rider,Theros,1.19,$1.16
5,5,Ashes to Ashes,The Dark,0.29,$0.27
1,1,"Ashiok, Nightmare Weaver",Theros,6.94,$7.27
1,1,Ashnod's Altar,Antiquities,11.68,$11.26
1,1,Ashnod's Transmogrant,Antiquities,0.36,$0.39
1,1,Assault // Battery,Invasion,0,$0.18
27,8,Assault Formation,Dragons of Tarkir,1.22,$1.34
16,8,Assemble the Legion,Gatecrash,1.46,$1.49
24,8,Astral Cornucopia,Born of the Gods,0.38,$0.36
9,8,Asylum Visitor,Shadows over Innistrad,0.95,$1.17
1,1,"Atalya, Samite Master",Invasion,0.5,$0.55
1,1,Atarka's Command,Dragons of Tarkir,5.85,$6.39
35,8,"Atarka, World Render",Fate Reforged,0.55,$0.55
8,8,"Athreos, God of Passage",Journey into Nyx,11.27,$12.25
6,6,Atog,Revised Edition,0.18,$0.18
7,7,Aura Blast,Planeshift,0.19,$0.16
2,2,Aura Flux,Urza's Legacy,0.17,$0.15
6,6,Aura Fracture,Prophecy,0.17,$0.14
1,1,Aura Mutation,Invasion,1.7,$1.62
1,1,Aura of Silence,Weatherlight,1.38,$1.41
1,1,Aura Shards,Invasion,5.8,$5.77
16,8,Aurelia's Fury,Gatecrash,1.12,$1.13
2,2,"Aurelia, the Warleader",Gatecrash,4.24,$4.41
1,1,Aurochs,Ice Age,0.17,$0.15
8,8,Aurora Griffin,Planeshift,0.17,$0.14
1,1,Austere Command,Lorwyn,10.39,$10.31
19,8,Avacyn's Judgment,Shadows over Innistrad,0.68,$0.73
2,2,"Avacyn, Angel of Hope",Avacyn Restored,24.66,$25.65
12,8,"Avacyn, Guardian Angel",Magic 2015 Core Set,0.57,$0.62
1,1,Avalanche Riders,Urza's Legacy,1.17,$1.21
29,8,Avalanche Tusker,Khans of Tarkir,0.32,$0.26
2,2,Avarice Amulet,Magic 2015 Core Set,0.26,$0.23
12,8,Avaricious Dragon,Magic Origins,1.4,$1.59
1,1,Avatar of Might,Prophecy,0.53,$0.60
67,8,Avatar of the Resolute,Dragons of Tarkir,0.92,$1.09
1,1,Avatar of Will,Prophecy,0.6,$0.64
2,2,Avatar of Woe,Prophecy,3.01,$3.22
1,1,Aven Mindcensor,Future Sight,10.4,$10.67
1,1,Avenger en-Dal,Nemesis,0.37,$0.35
1,1,Avenging Druid,Exodus,0.17,$0.15
1,1,Avizoa,Weatherlight,0.34,$0.33
2,2,Avoid Fate,Legends,0.9,$1.36
12,8,Awaken the Ancient,Magic 2014 Core Set,0.33,$0.31
1,1,Axelrod Gunnarson,Legends,2.37,$2.67
44,8,"Ayli, Eternal Pilgrim",Oath of the Gatewatch,1,$1.09
6,6,Aysen Abbey,Homelands,0.21,$0.20
1,1,Aysen Bureaucrats,Homelands,0.18,$0.17
1,1,Azimaet Drake,Mirage,0.17,$0.14
52,8,Azor's Elocutors,Return to Ravnica,0.27,$0.26
40,8,Back from the Brink,Innistrad,0.28,$0.26
1,1,Backfire,Legends,0.48,$0.48
2,2,Backlash,Invasion,0.44,$0.43
1,1,Badlands,Revised Edition,78.15,$75.21
1,1,Badlands,Revised Edition,78.15,$75.21
3,3,Badlands,Revised Edition,78.15,$75.21
2,2,Balance,Revised Edition,1.3,$1.41
1,1,Balduvian Conjurer,Ice Age,0.19,$0.17
1,1,Balduvian Horde,Classic Sixth Edition,0.4,$0.41
1,1,Balduvian Shaman,Ice Age,0.15,$0.13
1,1,Balduvian Trading Post,Alliances,0.41,$0.36
1,1,Ball Lightning,The Dark,4.72,$5.66
1,1,Ballista Squad,Mercadian Masques,0.19,$0.17
4,4,Balloon Peddler,Mercadian Masques,0.17,$0.14
1,1,Balm of Restoration,Fallen Empires,0.35,$0.29
2,2,Bandage,Stronghold,0.17,$0.15
1,1,Baneslayer Angel,Magic 2010,9.69,$10.02
2,2,Baneslayer Angel,Magic 2011,9.69,$10.16
2,2,Banshee,The Dark,0.23,$0.20
1,1,Banshee,The Dark,0.23,$0.20
2,2,Barbed Field,Prophecy,0.2,$0.20
2,2,Barbed Sextant,Ice Age,0.15,$0.14
1,1,Barbed Wire,Mercadian Masques,0.2,$0.19
2,2,Barl's Cage,The Dark,0.39,$0.42
28,8,Barrage Tyrant,Battle for Zendikar,0.26,$0.24
4,4,Barrin's Unmaking,Invasion,0.17,$0.14
1,1,Barrow Ghoul,Weatherlight,0.16,$0.14
3,3,Basal Thrull,Fallen Empires,0.18,$0.18
4,4,Basal Thrull,Fallen Empires,0.18,$0.18
6,6,Basal Thrull,Fallen Empires,0.18,$0.18
4,4,Basal Thrull,Fallen Empires,0.18,$0.17
1,1,Basalt Monolith,Revised Edition,0.8,$0.90
1,1,Baton of Morale,Ice Age,0.22,$0.21
1,1,Battering Ram,Antiquities,0.19,$0.19
1,1,Battering Ram,Fourth Edition,0.14,$0.14
2,2,Battle Frenzy,Ice Age,0.16,$0.14
39,8,Battle of Wits,Magic 2013,0.36,$0.30
5,5,Battle Rampart,Mercadian Masques,0.17,$0.14
9,8,Battlefield Forge,Magic 2015 Core Set,1.45,$1.63
31,8,Battlefield Forge,Magic Origins,1.35,$1.49
3,3,Battlefield Percher,Nemesis,0.21,$0.21
22,8,Battlefield Thaumaturge,Journey into Nyx,0.34,$0.36
1,1,Bay Falcon,Mirage,0.17,$0.15
1,1,Bayou,Unlimited Edition,275.15,$265.91
2,2,Bayou,Revised Edition,171.01,$176.19
1,1,Bayou,Revised Edition,171.01,$176.19
1,1,Bayou,Revised Edition,171.01,$176.19
49,8,Bearer of Silence,Oath of the Gatewatch,0.51,$0.57
8,8,Bearer of the Heavens,Journey into Nyx,0.38,$0.37
1,1,Beast Within,New Phyrexia,4.61,$4.57
29,8,Beastcaller Savant,Battle for Zendikar,0.45,$0.59
2,2,Beasts of Bogardan,Legends,0.34,$0.38
51,8,Beck // Call,Dragon's Maze,0,$0.62
3,3,Befoul,Urza's Saga,0.15,$0.14
23,8,Beguiler of Wills,Dark Ascension,0.95,$0.95
8,8,Behold the Beyond,Shadows over Innistrad,0.91,$1.13
5,5,Belbe's Armor,Nemesis,0.2,$0.21
10,8,Belbe's Percher,Nemesis,0.17,$0.14
2,2,Belbe's Portal,Nemesis,2.53,$2.63
4,4,Benalish Emissary,Invasion,0.24,$0.22
3,3,Benalish Heralds,Invasion,0.25,$0.20
1,1,Benalish Hero,Unlimited Edition,0.21,$0.25
10,8,Benalish Hero,Revised Edition,0.16,$0.14
2,2,Benalish Infantry,Weatherlight,0.16,$0.14
4,4,Benalish Lancer,Invasion,0.17,$0.14
2,2,Benalish Missionary,Weatherlight,0.16,$0.14
4,4,Benalish Trapper,Invasion,0.16,$0.14
1,1,Bend or Break,Invasion,0.34,$0.31
4,4,Bequeathal,Exodus,0.21,$0.19
29,8,Berserkers' Onslaught,Dragons of Tarkir,0.37,$0.36
3,3,Betrayal,Visions,0.18,$0.17
2,2,Betrothed of Fire,Weatherlight,0.17,$0.14
61,8,Bident of Thassa,Theros,0.3,$0.30
1,1,Bind,Invasion,0.76,$0.72
39,8,Biomass Mutation,Gatecrash,0.26,$0.24
26,8,Biovisionary,Gatecrash,0.4,$0.39
1,1,Bird Maiden,Fourth Edition,0.14,$0.15
1,1,Birds of Paradise,Fourth Edition,8.08,$7.87
3,3,Birds of Paradise,Magic 2012,7.95,$7.90
2,2,Birthing Pod,New Phyrexia,6.04,$6.16
1,1,Black Knight,Revised Edition,0.28,$0.27
1,1,Black Knight,Revised Edition,0.28,$0.27
2,2,Black Mana Battery,Legends,0.84,$0.88
9,8,Black Sun's Zenith,Mirrodin Besieged,1.76,$1.97
1,1,Black Vise,Unlimited Edition,7.47,$7.84
2,2,Black Vise,Revised Edition,1.45,$1.30
2,2,Black Ward,Revised Edition,0.19,$0.17
22,8,Blade Splicer,New Phyrexia,2.23,$2.30
1,1,Blanchwood Armor,Urza's Saga,0.44,$0.39
1,1,Blanchwood Treefolk,Urza's Saga,0.16,$0.14
23,8,Blasphemous Act,Innistrad,2.7,$2.62
1,1,Blasted Landscape,Urza's Saga,0.96,$0.96
4,4,Blaster Mage,Mercadian Masques,0.17,$0.14
6,6,Blastoderm,Nemesis,0.19,$0.19
3,3,Blazing Effigy,Legends,0.19,$0.20
1,1,Blazing Specter,Invasion,0.68,$0.70
29,8,Blessed Reincarnation,Dragons of Tarkir,0.36,$0.30
1,1,Blessed Wind,Prophecy,0.34,$0.36
2,2,Blessed Wine,Ice Age,0.15,$0.13
2,2,Blight,Legends,1.43,$1.69
55,8,Blight Herder,Battle for Zendikar,0.44,$0.50
4,4,Blighted Agent,New Phyrexia,0.89,$0.87
1,1,Blighted Shaman,Mirage,0.19,$0.17
25,8,Blind Obedience,Gatecrash,1.96,$2.12
1,1,Blind Seer,Invasion,0.34,$0.34
1,1,Blinding Angel,Nemesis,1.95,$1.87
1,1,Blinding Light,Invasion,0.21,$0.21
2,2,Blistering Barrier,Mirage,0.16,$0.14
1,1,Bloated Toad,Urza's Legacy,0.23,$0.22
4,4,Blockade Runner,Mercadian Masques,0.17,$0.14
13,8,Blood Baron of Vizkopa,Dragon's Maze,2.23,$2.40
2,2,Blood Crypt,Return to Ravnica,7.82,$8.15
2,2,Blood Lust,Legends,5.82,$5.64
2,2,Blood Moon,Chronicles,38.99,$38.11
2,2,Blood Moon,The Dark,55.48,$59.00
1,1,Blood Moon,The Dark,55.48,$59.00
4,4,Blood of the Martyr,The Dark,0.24,$0.21
48,8,Blood Scrivener,Dragon's Maze,0.27,$0.28
28,8,Blood-Chin Fanatic,Dragons of Tarkir,0.38,$0.35
4,4,Bloodfire Dwarf,Apocalypse,0.16,$0.14
4,4,Bloodfire Infusion,Apocalypse,0.17,$0.14
7,7,Bloodfire Kavu,Apocalypse,0.2,$0.17
9,8,Bloodgift Demon,Innistrad,0.55,$0.53
43,8,Bloodsoaked Champion,Khans of Tarkir,0.67,$0.65
6,6,Bloodstained Mire,Khans of Tarkir,14.28,$14.84
2,2,Bloodstone Cameo,Invasion,0.22,$0.20
1,1,Blossoming Wreath,Weatherlight,0.17,$0.14
12,8,Bludgeon Brawl,New Phyrexia,0.35,$0.31
8,8,Blue Elemental Blast,Revised Edition,0.18,$0.16
2,2,Blue Mana Battery,Legends,0.63,$0.67
4,4,Blue Sun's Zenith,Mirrodin Besieged,0.93,$0.96
3,3,Blue Ward,Revised Edition,0.18,$0.16
2,2,Boa Constrictor,Mercadian Masques,0.2,$0.18
6,6,Bog Down,Planeshift,0.17,$0.14
4,4,Bog Glider,Prophecy,0.17,$0.14
4,4,Bog Gnarr,Apocalypse,0.15,$0.14
5,5,Bog Imp,The Dark,0.16,$0.14
4,4,Bog Initiate,Invasion,0.18,$0.15
1,1,Bog Raiders,Urza's Saga,0.17,$0.14
6,6,Bog Rats,The Dark,0.16,$0.14
4,4,Bog Smugglers,Mercadian Masques,0.17,$0.14
4,4,Bog Witch,Mercadian Masques,0.19,$0.15
3,3,Bog Wraith,Revised Edition,0.18,$0.16
7,7,Bogbrew Witch,Magic 2014 Core Set,0.42,$0.41
1,1,Boiling Blood,Weatherlight,0.17,$0.16
10,8,Bola Warrior,Nemesis,0.16,$0.14
21,8,Boltwing Marauder,Dragons of Tarkir,0.35,$0.32
2,2,Bone Flute,The Dark,0.2,$0.18
1,1,Bone Flute,The Dark,0.2,$0.18
1,1,Bone Harvest,Mirage,0.17,$0.15
1,1,Bone Mask,Mirage,0.35,$0.32
2,2,Bone Shaman,Ice Age,0.16,$0.14
6,6,Bonescythe Sliver,Magic 2014 Core Set,1.95,$1.96
3,3,Bonfire of the Damned,Avacyn Restored,4.95,$4.96
2,2,Book of Rass,The Dark,0.25,$0.24
3,3,Boomerang,Legends,0.4,$0.56
1,1,Boomerang,Legends,0.4,$0.56
1,1,Boomerang,Classic Sixth Edition,0.14,$0.19
51,8,Boon Satyr,Theros,0.36,$0.32
25,8,Borborygmos Enraged,Gatecrash,1.04,$1.02
60,8,Boros Battleshaper,Dragon's Maze,0.28,$0.26
8,8,Boros Charm,Gatecrash,2.71,$2.73
12,8,Boros Reckoner,Gatecrash,2.61,$2.73
3,3,"Boseiju, Who Shelters All",Champions of Kamigawa,19.27,$18.76
1,1,Bottle of Suleiman,Revised Edition,0.31,$0.30
1,1,Bottomless Pit,Stronghold,0.23,$0.28
4,4,Bottomless Vault,Fallen Empires,0.8,$0.82
3,3,Bouncing Beebles,Urza's Legacy,0.17,$0.15
37,8,Bow of Nylea,Theros,1.84,$1.85
8,8,Brain in a Jar,Shadows over Innistrad,0.89,$0.96
1,1,Braingeyser,Unlimited Edition,29.99,$29.99
1,1,Braingeyser,Unlimited Edition,29.99,$29.99
2,2,Braingeyser,Revised Edition,2.56,$2.54
1,1,Brainstorm,Ice Age,0.97,$1.02
6,6,Brainstorm,Mercadian Masques,1.26,$1.27
6,6,Brainwash,The Dark,0.16,$0.14
1,1,Brainwash,Fourth Edition,0.14,$0.15
1,1,Branded Brawlers,Prophecy,0.16,$0.14
7,7,Brass Herald,Apocalypse,0.25,$0.25
1,1,Brass Man,Revised Edition,0.17,$0.15
2,2,Brassclaw Orcs,Fallen Empires,0,$0.18
7,7,Brassclaw Orcs,Fallen Empires,0,$0.15
4,4,Brassclaw Orcs,Fallen Empires,0,$0.18
4,4,Brassclaw Orcs,Fallen Empires,0,$0.18
1,1,Brawl,Mercadian Masques,0.34,$0.30
4,4,Breach,Urza's Saga,0.17,$0.15
33,8,Breaking // Entering,Dragon's Maze,0,$0.77
2,2,Breath of Darigaaz,Invasion,0.22,$0.22
2,2,Breathstealer,Mirage,0.17,$0.14
5,5,Breeding Pit,Fallen Empires,0.24,$0.25
3,3,Breezekeeper,Visions,0.17,$0.15
1,1,Briar Patch,Mercadian Masques,0.2,$0.21
2,2,Bribery,Mercadian Masques,19.43,$19.51
3,3,Brilliant Halo,Urza's Saga,0.19,$0.16
4,4,"Brimaz, King of Oreskos",Born of the Gods,8.12,$7.97
2,2,Brine Shaman,Ice Age,0.17,$0.14
58,8,Bring to Light,Battle for Zendikar,0.57,$0.79
1,1,Broken Fall,Tempest,0.17,$0.14
1,1,Bronze Tablet,Fourth Edition,0.24,$0.27
58,8,Brood Butcher,Battle for Zendikar,0.31,$0.29
4,4,Brothers of Fire,The Dark,0.21,$0.18
1,1,Brothers of Fire,Fourth Edition,0.14,$0.14
2,2,Brown Ouphe,Ice Age,0.17,$0.14
2,2,"Bruna, Light of Alabaster",Avacyn Restored,2.04,$2.06
2,2,Brush with Death,Stronghold,0.16,$0.14
1,1,Brushland,Ice Age,6.51,$6.53
45,8,Brutal Expulsion,Battle for Zendikar,0.34,$0.37
23,8,Brutal Hordechief,Fate Reforged,1.31,$1.44
1,1,Brutal Suppression,Prophecy,0.21,$0.20
2,2,Builder's Bane,Mirage,0.16,$0.14
1,1,Bull Elephant,Visions,0.16,$0.14
1,1,Bullwhip,Stronghold,0.19,$0.19
1,1,Bulwark,Urza's Saga,0.32,$0.30
4,4,Buoyancy,Mercadian Masques,0.17,$0.14
35,8,Burn at the Stake,Avacyn Restored,0.39,$0.37
11,8,Burn from Within,Shadows over Innistrad,0.38,$0.36
6,6,Burning Anger,Magic 2015 Core Set,0.25,$0.23
6,6,Burning Earth,Magic 2014 Core Set,0.42,$0.38
2,2,Burning Shield Askari,Mirage,0.16,$0.14
1,1,Burrowing,Revised Edition,0.18,$0.16
2,2,Burst of Energy,Urza's Legacy,0.17,$0.15
64,8,Butcher of the Horde,Khans of Tarkir,0.38,$0.38
12,8,Bygone Bishop,Shadows over Innistrad,1.46,$1.39
24,8,Cackling Counterpart,Innistrad,0.44,$0.42
1,1,Cackling Fiend,Urza's Saga,0.17,$0.16
1,1,Cackling Witch,Mercadian Masques,0.19,$0.17
1,1,Caged Sun,New Phyrexia,3.99,$4.19
5,5,Caldera Kavu,Planeshift,0.17,$0.14
1,1,Caldera Lake,Tempest,0.79,$0.77
27,8,Call the Gatewatch,Oath of the Gatewatch,0.35,$0.36
1,1,Call to the Grave,Magic 2012,0.87,$0.86
31,8,Call to the Kindred,Dark Ascension,0.39,$0.36
2,2,Calming Licid,Stronghold,0.2,$0.20
6,6,Calming Verse,Prophecy,0.2,$0.19
1,1,Camel,Arabian Nights,0.66,$0.65
1,1,Camel,Arabian Nights,0.66,$0.65
2,2,Cannibalize,Stronghold,0.16,$0.15
2,2,Canopy Surge,Invasion,0.2,$0.18
43,8,Canopy Vista,Battle for Zendikar,2.97,$3.14
4,4,Capashen Unicorn,Invasion,0.17,$0.15
38,8,Captain of the Mists,Avacyn Restored,0.37,$0.31
2,2,Captain of the Watch,Magic 2013,0.73,$0.72
4,4,Captain Sisay,Invasion,3.56,$3.64
27,8,Captain's Claws,Oath of the Gatewatch,0.6,$0.63
7,7,Captain's Maneuver,Apocalypse,0.19,$0.18
10,8,Carnifex Demon,Scars of Mirrodin,0.32,$0.33
64,8,Carnival Hellsteed,Return to Ravnica,0.34,$0.28
5,5,Carnivorous Plant,The Dark,0.16,$0.14
3,3,Carnophage,Exodus,0.26,$0.26
2,2,Carpet of Flowers,Urza's Saga,2.57,$2.48
4,4,Carrion Wall,Nemesis,0.2,$0.21
3,3,Castle,Revised Edition,0.19,$0.18
4,4,Castle Sengir,Homelands,0.21,$0.22
2,2,Cat Burglar,Exodus,0.17,$0.15
1,1,Cat Warriors,Legends,0.18,$0.19
3,3,Cat Warriors,Legends,0.18,$0.19
1,1,Cat Warriors,Classic Sixth Edition,0.14,$0.14
2,2,Catalog,Urza's Saga,0.16,$0.14
1,1,Catastrophe,Urza's Saga,4.34,$4.43
55,8,Catch // Release,Dragon's Maze,0,$0.32
4,4,Cateran Brute,Mercadian Masques,0.16,$0.14
1,1,Cateran Enforcer,Mercadian Masques,0.21,$0.19
1,1,Cateran Kidnappers,Mercadian Masques,0.23,$0.22
4,4,Cateran Persuader,Mercadian Masques,0.17,$0.14
1,1,Cateran Slaver,Mercadian Masques,0.35,$0.35
3,3,Cateran Summons,Mercadian Masques,0.2,$0.19
4,4,Cathars' Crusade,Avacyn Restored,1.4,$1.43
1,1,Cathedral of Serra,Legends,1.34,$1.35
22,8,Cathedral of War,Magic 2013,1.62,$1.72
1,1,Cathodion,Urza's Saga,0.2,$0.18
4,4,Cauldron Dance,Invasion,0.34,$0.32
3,3,Caustic Wasps,Mercadian Masques,0.21,$0.19
2,2,Cave People,The Dark,0.2,$0.18
4,4,Cave Sense,Mercadian Masques,0.17,$0.14
3,3,Cavern Crawler,Mercadian Masques,0.16,$0.14
6,6,Cavern Harpy,Planeshift,0.16,$0.15
2,2,Cavern of Souls,Avacyn Restored,55.91,$55.93
2,2,Caves of Koilos,Magic 2015 Core Set,1.79,$2.01
9,8,Caves of Koilos,Magic Origins,1.69,$1.89
59,8,Celestial Archon,Theros,0.33,$0.27
2,2,Celestial Colonnade,Worldwake,36.55,$39.21
2,2,Celestial Convergence,Prophecy,0.71,$0.72
1,1,Celestial Dawn,Mirage,0.82,$0.74
1,1,Celestial Dawn,Classic Sixth Edition,0.64,$0.87
1,1,Celestial Prism,Revised Edition,0.18,$0.16
5,5,Cemetery Reaper,Magic 2012,2.98,$2.97
12,8,Cerebral Eruption,Scars of Mirrodin,0.29,$0.28
4,4,Ceremonial Guard,Mercadian Masques,0.17,$0.14
4,4,Ceta Disciple,Apocalypse,0.17,$0.15
7,7,Ceta Sanctuary,Apocalypse,0.19,$0.17
3,3,Chain Lightning,Legends,12.59,$12.63
68,8,Chained to the Rocks,Theros,0.4,$0.37
1,1,Chambered Nautilus,Mercadian Masques,0.22,$0.19
2,2,Chameleon Spirit,Mercadian Masques,0.22,$0.22
23,8,Champion of Lambholt,Avacyn Restored,2.13,$2.09
14,8,Champion of Stray Souls,Born of the Gods,0.71,$0.65
2,2,Champion of the Parish,Innistrad,2.52,$2.65
9,8,Chancellor of the Annex,New Phyrexia,1.08,$1.09
14,8,Chancellor of the Dross,New Phyrexia,0.4,$0.45
4,4,Chancellor of the Forge,New Phyrexia,0.54,$0.53
15,8,Chancellor of the Spires,New Phyrexia,0.42,$0.41
10,8,Chancellor of the Tangle,New Phyrexia,0.35,$0.35
33,8,Chandra's Ignition,Magic Origins,0.4,$0.39
5,5,Chandra's Phoenix,Magic 2014 Core Set,0.43,$0.59
16,8,"Chandra, Fire of Kaladesh",Magic Origins,4.09,$4.53
3,3,"Chandra, Flamecaller",Oath of the Gatewatch,12.35,$15.56
3,3,"Chandra, Pyromaster",Magic 2015 Core Set,2.96,$3.21
9,8,Channel,Revised Edition,0.31,$0.29
62,8,Chaos Imps,Return to Ravnica,0.26,$0.24
3,3,Chaoslace,Revised Edition,0.3,$0.29
2,2,Chaotic Strike,Invasion,0.23,$0.22
1,1,Charging Paladin,Exodus,0.17,$0.15
4,4,Charging Troll,Invasion,0.22,$0.22
4,4,Charm Peddler,Mercadian Masques,0.17,$0.14
37,8,Charmbreaker Devils,Innistrad,0.3,$0.29
1,1,Charmed Griffin,Mercadian Masques,0.2,$0.18
17,8,Chief Engineer,Magic 2015 Core Set,0.53,$0.54
3,3,Chieftain en-Dal,Nemesis,0.2,$0.18
1,1,Chill,Classic Sixth Edition,0.44,$0.41
2,2,Chilling Apparition,Prophecy,0.2,$0.20
1,1,Chimeric Idol,Prophecy,0.29,$0.30
10,8,Chimeric Mass,Scars of Mirrodin,0.29,$0.28
1,1,Cho-Arrim Legate,Mercadian Masques,0.21,$0.19
4,4,Cho-Manno's Blessing,Mercadian Masques,0.18,$0.15
4,4,Choked Estuary,Shadows over Innistrad,1.9,$2.56
1,1,Choking Sands,Mirage,0.47,$0.40
1,1,Choking Vines,Weatherlight,0.18,$0.15
4,4,Chord of Calling,Magic 2015 Core Set,10.77,$10.92
12,8,Chromanticore,Born of the Gods,1.05,$1.06
1,1,Chromatic Lantern,Return to Ravnica,8.05,$8.19
3,3,Chromatic Sphere,Invasion,0.9,$0.88
3,3,Cinder Crawler,Exodus,0.16,$0.14
2,2,Cinder Elemental,Mercadian Masques,0.21,$0.20
1,1,Cinder Giant,Weatherlight,0.2,$0.21
37,8,Cinder Glade,Battle for Zendikar,2.95,$3.18
1,1,Cinder Marsh,Tempest,0.2,$0.19
1,1,Cinder Shade,Invasion,0.22,$0.22
1,1,Circle of Protection: Artifacts,Antiquities,4.44,$3.58
7,7,Circle of Protection: Black,Revised Edition,0.17,$0.16
1,1,Circle of Protection: Black,Ice Age,0.22,$0.18
10,8,Circle of Protection: Blue,Revised Edition,0.16,$0.15
9,8,Circle of Protection: Green,Revised Edition,0.17,$0.15
2,2,Circle of Protection: Green,Ice Age,0.19,$0.18
1,1,Circle of Protection: Green,Tempest,0.24,$0.19
5,5,Circle of Protection: Red,Revised Edition,0.18,$0.17
2,2,Circle of Protection: Red,Fourth Edition,0.14,$0.19
1,1,Circle of Protection: Red,Classic Sixth Edition,0.14,$0.19
9,8,Circle of Protection: White,Revised Edition,0.15,$0.14
4,4,Circle of Protection: White,Ice Age,0.15,$0.14
1,1,Circle of Protection: White,Classic Sixth Edition,0.14,$0.16
1,1,Citadel of Pain,Prophecy,0.29,$0.28
44,8,Citadel Siege,Fate Reforged,0.37,$0.36
1,1,Citanul Druid,Antiquities,0.6,$0.56
1,1,City in a Bottle,Arabian Nights,80.38,$80.01
1,1,City of Brass,Chronicles,2.86,$2.89
1,1,City of Brass,Classic Sixth Edition,2.88,$2.86
1,1,City of Shadows,The Dark,4.56,$4.32
1,1,City of Shadows,The Dark,4.56,$4.32
1,1,City of Shadows,The Dark,4.56,$4.32
3,3,City of Shadows,The Dark,4.56,$4.32
1,1,City of Traitors,Exodus,178.15,$166.95
2,2,Clairvoyance,Ice Age,0.17,$0.15
42,8,Clan Defiance,Gatecrash,0.29,$0.27
1,1,Claws of Gix,Urza's Saga,0.25,$0.25
1,1,Clay Statue,Antiquities,0.18,$0.20
1,1,Cleansing,The Dark,0.89,$0.89
1,1,Clear the Land,Mercadian Masques,0.39,$0.38
20,8,Clever Impersonator,Khans of Tarkir,3.34,$3.59
2,2,Clifftop Retreat,Innistrad,4.85,$4.98
1,1,Cloak of Confusion,Ice Age,0.17,$0.14
2,2,Cloak of Invisibility,Mirage,0.15,$0.13
1,1,Cloak of Mists,Urza's Saga,0.18,$0.18
4,4,Clockwork Beast,Revised Edition,0.31,$0.29
1,1,Clockwork Beast,Revised Edition,0.31,$0.29
1,1,Clockwork Gnomes,Homelands,0.18,$0.16
4,4,Clone,Revised Edition,0.33,$0.29
16,8,Clone,Magic 2013,0.39,$0.36
2,2,Clone,Magic 2014 Core Set,0.42,$0.40
16,8,Clone Legion,Dragons of Tarkir,1.06,$1.25
1,1,Close Quarters,Mercadian Masques,0.2,$0.19
1,1,Cloud Cover,Planeshift,0.93,$0.95
1,1,Cloud Elemental,Visions,0.17,$0.15
2,2,Cloud Spirit,Stronghold,0.17,$0.14
4,4,Cloud Sprite,Mercadian Masques,0.17,$0.15
6,6,Cloudskate,Nemesis,0.16,$0.14
3,3,Coal Golem,The Dark,0.21,$0.21
7,7,Coalition Flag,Apocalypse,0.2,$0.18
4,4,Coalition Honor Guard,Apocalypse,0.17,$0.14
1,1,Coalition Victory,Invasion,0.48,$0.48
5,5,Coastal Drake,Apocalypse,0.16,$0.14
5,5,Coastal Hornclaw,Prophecy,0.17,$0.14
1,1,Coastal Piracy,Mercadian Masques,0.72,$0.73
1,1,Cocoon,Legends,0.36,$0.37
2,2,Coercion,Visions,0.17,$0.15
1,1,Coercion,Classic Sixth Edition,0.14,$0.14
1,1,Coffin Puppets,Prophecy,0.34,$0.32
4,4,Coiling Woodworm,Nemesis,0.19,$0.20
2,2,Coils of the Medusa,Weatherlight,0.16,$0.14
1,1,Collapsing Borders,Invasion,0.35,$0.32
3,3,Collected Company,Dragons of Tarkir,15.72,$17.40
53,8,Collective Blessing,Return to Ravnica,0.37,$0.37
2,2,Collective Restraint,Invasion,4.28,$4.07
1,1,Collective Unconscious,Mercadian Masques,0.62,$0.65
14,8,Colossal Whale,Magic 2014 Core Set,0.29,$0.26
19,8,Colossus of Akros,Theros,1.29,$1.31
4,4,Combat Medic,Fallen Empires,0,$0.16
2,2,Combat Medic,Fallen Empires,0,$0.16
4,4,Combat Medic,Fallen Empires,0,$0.16
5,5,Combat Medic,Fallen Empires,0,$0.14
26,8,Commune with Lava,Dragons of Tarkir,0.39,$0.37
1,1,Complex Automaton,Nemesis,0.31,$0.31
3,3,Conch Horn,Fallen Empires,0.37,$0.33
2,2,Concordant Crossroads,Legends,21.38,$25.71
19,8,Conduit of Ruin,Battle for Zendikar,0.88,$1.01
1,1,Cone of Flame,Weatherlight,0.2,$0.20
13,8,Confirm Suspicions,Shadows over Innistrad,0.32,$0.30
10,8,Confound,Planeshift,0.18,$0.17
2,2,Congregate,Urza's Saga,0.22,$0.21
58,8,Conjured Currency,Return to Ravnica,0.26,$0.24
5,5,Conjurer's Closet,Avacyn Restored,0.81,$0.83
3,3,Consecrated Sphinx,Mirrodin Besieged,21.02,$21.76
1,1,Conservator,Unlimited Edition,0.42,$0.56
1,1,Conservator,Revised Edition,0.18,$0.16
1,1,Conservator,Fourth Edition,0.19,$0.18
5,5,Consume Strength,Apocalypse,0.16,$0.14
2,2,Consuming Aberration,Gatecrash,2.94,$2.98
3,3,Contagion Engine,Scars of Mirrodin,4.04,$4.12
1,1,Contemplation,Stronghold,0.2,$0.19
1,1,Contempt,Stronghold,0.17,$0.14
8,8,Contested War Zone,Mirrodin Besieged,0.43,$0.40
1,1,Contract from Below,Revised Edition,0.39,$0.36
1,1,Control Magic,Revised Edition,0.46,$0.46
7,7,Conversion,Revised Edition,0.19,$0.18
1,1,Conviction,Stronghold,0.17,$0.15
1,1,Copper-Leaf Angel,Prophecy,0.55,$0.63
1,1,Copy Artifact,Unlimited Edition,30.81,$28.88
7,7,Copy Artifact,Revised Edition,6.75,$6.38
1,1,Coral Fighters,Mirage,0.18,$0.17
1,1,Coral Merfolk,Urza's Saga,0.17,$0.14
27,8,Corpsejack Menace,Return to Ravnica,0.62,$0.64
29,8,Corpseweft,Dragons of Tarkir,0.34,$0.32
1,1,Corrosion,Visions,0.39,$0.35
1,1,Corrupt,Urza's Saga,0.18,$0.18
1,1,Corrupt Official,Mercadian Masques,0.33,$0.30
31,8,Corrupted Crossroads,Oath of the Gatewatch,0.51,$0.57
17,8,Corrupted Grafstone,Shadows over Innistrad,0.33,$0.35
16,8,Council of the Absolute,Dragon's Maze,0.72,$0.70
30,8,Counterflux,Return to Ravnica,0.59,$0.62
36,8,Counterlash,Dark Ascension,0.26,$0.25
1,1,Counterspell,Unlimited Edition,14.24,$16.15
2,2,Counterspell,Revised Edition,1.13,$1.09
1,1,Counterspell,Ice Age,1.13,$1.06
1,1,Counterspell,Classic Sixth Edition,0.84,$0.97
4,4,Counterspell,Mercadian Masques,1.25,$1.33
19,8,Courser of Kruphix,Born of the Gods,3.43,$3.61
55,8,Crackling Doom,Khans of Tarkir,0.63,$0.65
1,1,Cradle Guard,Urza's Saga,0.21,$0.18
4,4,Crash,Mercadian Masques,0.17,$0.14
1,1,Crashing Boars,Exodus,0.19,$0.18
27,8,Crater Elemental,Dragons of Tarkir,0.35,$0.34
39,8,Crater's Claws,Khans of Tarkir,0.39,$0.36
1,1,Craven Giant,Stronghold,0.16,$0.14
10,8,Craw Wurm,Revised Edition,0.14,$0.13
6,6,Creature Bond,Revised Edition,0.16,$0.15
1,1,Creature Bond,Fourth Edition,0.14,$0.14
1,1,Credit Voucher,Mercadian Masques,0.2,$0.19
8,8,Creeping Corrosion,Mirrodin Besieged,2.09,$2.20
1,1,Creeping Mold,Visions,0.21,$0.20
31,8,Creeping Renaissance,Innistrad,0.34,$0.32
21,8,Creepy Doll,Innistrad,0.38,$0.34
1,1,Cremate,Invasion,0.2,$0.18
2,2,Crenellated Wall,Mercadian Masques,0.25,$0.24
1,1,Crevasse,Legends,0.34,$0.38
4,4,Crimson Acolyte,Invasion,0.18,$0.17
1,1,Crooked Scales,Mercadian Masques,0.35,$0.34
2,2,Crop Rotation,Urza's Legacy,1.9,$1.91
1,1,Crosis's Attendant,Invasion,0.21,$0.18
4,4,Crosis's Catacombs,Planeshift,0.77,$0.76
4,4,Crosis's Charm,Planeshift,0.25,$0.26
2,2,"Crosis, the Purger",Invasion,3.07,$3.19
2,2,Crossbow Ambush,Stronghold,0.17,$0.14
4,4,Crossbow Infantry,Mercadian Masques,0.16,$0.14
1,1,Crovax the Cursed,Stronghold,0.43,$0.44
3,3,Crown of Flames,Invasion,0.17,$0.14
11,8,Crucible of Fire,Magic 2015 Core Set,0.85,$0.85
33,8,Crucible of the Spirit Dragon,Fate Reforged,0.39,$0.38
1,1,Crucible of Worlds,Fifth Dawn,62.98,$62.08
10,8,Cruel Sadist,Magic 2015 Core Set,0.26,$0.23
4,4,Crumble,Antiquities,0.19,$0.21
5,5,Crush of Tentacles,Oath of the Gatewatch,5.97,$2.10
39,8,Crux of Fate,Fate Reforged,0.73,$0.83
8,8,Crypt Ghast,Gatecrash,2.39,$2.55
56,8,Cryptborn Horror,Return to Ravnica,0.26,$0.25
1,1,Cryptic Command,Lorwyn,27.16,$27.50
36,8,Cryptolith Rite,Shadows over Innistrad,2.46,$2.45
2,2,Crystal Chimes,Urza's Saga,0.33,$0.31
2,2,Crystal Rod,Revised Edition,0.18,$0.16
1,1,Crystal Vein,Mirage,0.4,$0.40
2,2,Culling the Weak,Exodus,0.74,$0.71
2,2,Cunning,Exodus,0.17,$0.14
1,1,Curiosity,Exodus,0.43,$0.42
4,4,Curse Artifact,The Dark,0.2,$0.18
10,8,Curse of Bloodletting,Dark Ascension,0.52,$0.53
45,8,Curse of Death's Hold,Innistrad,0.46,$0.43
21,8,Curse of Echoes,Dark Ascension,0.28,$0.27
1,1,Curse of Marit Lage,Ice Age,0.34,$0.33
33,8,Curse of Misfortunes,Dark Ascension,0.27,$0.26
33,8,Curse of Stalked Prey,Innistrad,0.37,$0.34
34,8,Curse of the Swine,Theros,0.3,$0.29
3,3,Cursecatcher,Shadowmoor,11.52,$11.66
1,1,Cursed Flesh,Exodus,0.17,$0.15
4,4,Cursed Flesh,Invasion,0.17,$0.14
3,3,Cursed Land,Revised Edition,0.19,$0.17
1,1,Cursed Rack,Antiquities,0.6,$0.64
1,1,Customs Depot,Mercadian Masques,0.19,$0.17
4,4,Cyclonic Rift,Return to Ravnica,5.89,$5.96
1,1,Cyclopean Mummy,Legends,0.16,$0.16
2,2,Cyclopean Mummy,Legends,0.16,$0.16
6,6,D'Avenant Archer,Legends,0.18,$0.19
1,1,D'Avenant Archer,Classic Sixth Edition,0.14,$0.14
32,8,Daghatar the Adamant,Fate Reforged,0.34,$0.31
26,8,Damnable Pact,Dragons of Tarkir,0.41,$0.37
1,1,Damnation,Planar Chaos,65.3,$64.13
1,1,Dance of Many,The Dark,0.9,$0.92
1,1,Dance of the Dead,Ice Age,1.4,$1.37
3,3,Dancing Scimitar,Revised Edition,0.31,$0.28
1,1,Darigaaz's Attendant,Invasion,0.21,$0.18
3,3,Darigaaz's Charm,Planeshift,0.2,$0.22
2,2,"Darigaaz, the Igniter",Invasion,1.05,$1.39
9,8,Daring Leap,Planeshift,0.16,$0.14
9,8,Daring Thief,Journey into Nyx,0.28,$0.26
1,1,Dark Banishing,Mirage,0.17,$0.14
6,6,Dark Heart of the Wood,The Dark,0.16,$0.15
19,8,Dark Impostor,Avacyn Restored,0.9,$0.89
9,8,Dark Petition,Magic Origins,2.79,$3.14
3,3,Dark Privilege,Visions,0.17,$0.15
24,8,Dark Prophecy,Magic 2014 Core Set,0.32,$0.32
1,1,Dark Ritual,Revised Edition,0.62,$0.63
8,8,Dark Ritual,Revised Edition,0.62,$0.63
1,1,Dark Ritual,Ice Age,0.62,$0.64
1,1,Dark Ritual,Mirage,0.65,$0.68
1,1,Dark Ritual,Urza's Saga,0.62,$0.61
3,3,Dark Ritual,Mercadian Masques,0.67,$0.71
1,1,Dark Sphere,The Dark,1,$1.00
4,4,Dark Sphere,The Dark,1,$1.00
5,5,Dark Triumph,Nemesis,0.21,$0.21
1,1,Darkness,Legends,6.99,$6.58
1,1,Darkpact,Revised Edition,0.32,$0.30
2,2,Darkslick Shores,Scars of Mirrodin,8.86,$8.85
1,1,Darksteel Forge,Magic 2014 Core Set,5.61,$5.60
1,1,Darksteel Plate,Mirrodin Besieged,7.38,$7.61
4,4,Darting Merfolk,Mercadian Masques,0.16,$0.14
1,1,Dauthi Cutthroat,Exodus,0.27,$0.25
2,2,Dauthi Jackal,Exodus,0.18,$0.16
2,2,Dauthi Slayer,Tempest,0.18,$0.18
5,5,Dawnbringer Charioteers,Journey into Nyx,0.3,$0.29
50,8,Daxos of Meletis,Theros,0.33,$0.32
4,4,Day of Judgment,Magic 2012,2.49,$2.49
11,8,Day's Undoing,Magic Origins,4.75,$4.85
39,8,Daybreak Ranger,Innistrad,0.52,$0.55
10,8,Daze,Nemesis,2.47,$2.45
1,1,Dazzling Beauty,Mirage,0.16,$0.14
4,4,Dead Ringers,Apocalypse,0.17,$0.15
1,1,Deadapult,Planeshift,0.33,$0.31
12,8,Deadbridge Chant,Dragon's Maze,2.33,$2.35
37,8,Deadbridge Goliath,Return to Ravnica,0.32,$0.29
20,8,Deadeye Navigator,Avacyn Restored,2.1,$2.17
1,1,Deadfall,Legends,0.37,$0.40
1,1,Deadly Insect,Alliances,0,$0.18
1,1,Deadly Insect,Alliances,0,$0.17
4,4,Deadly Insect,Mercadian Masques,0.17,$0.14
36,8,Dearly Departed,Innistrad,0.35,$0.30
5,5,Death Bomb,Planeshift,0.17,$0.14
4,4,Death Charmer,Prophecy,0.16,$0.14
7,7,Death Mutation,Apocalypse,0.2,$0.18
1,1,Death or Glory,Invasion,0.35,$0.35
2,2,Death Pit Offering,Nemesis,0.35,$0.34
14,8,Death Ward,Revised Edition,0.15,$0.13
1,1,Death Watch,Visions,0.18,$0.16
5,5,Death's Duet,Exodus,0.17,$0.15
44,8,Death's Presence,Return to Ravnica,0.27,$0.26
22,8,Deathbringer Regent,Dragons of Tarkir,0.37,$0.34
26,8,Deathcap Cultivator,Shadows over Innistrad,0.59,$0.84
1,1,Deathgazer,Mercadian Masques,0.19,$0.17
1,1,Deathlace,Revised Edition,0.29,$0.26
9,8,Deathmist Raptor,Dragons of Tarkir,2.63,$3.96
32,8,Deathpact Angel,Gatecrash,0.97,$0.98
19,8,Deathrite Shaman,Return to Ravnica,5.28,$5.39
26,8,Deceiver of Form,Oath of the Gatewatch,0.35,$0.32
8,8,Decimator Web,Mirrodin Besieged,0.32,$0.31
5,5,Declaration in Stone,Shadows over Innistrad,5.51,$5.73
8,8,Deep Spawn,Fallen Empires,0.19,$0.20
6,6,Deep Water,The Dark,0.16,$0.14
38,8,Deepfathom Skulker,Oath of the Gatewatch,0.31,$0.29
3,3,Deepwood Drummer,Mercadian Masques,0.16,$0.14
1,1,Deepwood Elder,Mercadian Masques,0.32,$0.29
4,4,Deepwood Ghoul,Mercadian Masques,0.17,$0.14
1,1,Deepwood Legate,Mercadian Masques,0.19,$0.17
1,1,Deepwood Tantiv,Mercadian Masques,0.2,$0.18
4,4,Deepwood Wolverine,Mercadian Masques,0.17,$0.15
9,8,Defender en-Vec,Nemesis,0.16,$0.14
2,2,Defender of Chaos,Urza's Legacy,0.16,$0.14
1,1,Defender of Law,Urza's Legacy,0.18,$0.16
1,1,Defense of the Heart,Urza's Legacy,10.62,$10.76
1,1,Defensive Formation,Urza's Saga,0.22,$0.22
46,8,Defiant Bloodlord,Battle for Zendikar,0.31,$0.27
11,8,Defiant Falcon,Nemesis,0.16,$0.17
3,3,Defiant Vanguard,Nemesis,0.2,$0.21
2,2,Defiling Tears,Invasion,0.2,$0.17
30,8,Deflecting Palm,Khans of Tarkir,0.66,$0.67
4,4,Dega Disciple,Apocalypse,0.17,$0.15
7,7,Dega Sanctuary,Apocalypse,0.2,$0.18
4,4,Dehydration,Mercadian Masques,0.17,$0.14
29,8,Deicide,Journey into Nyx,0.37,$0.36
5,5,Delif's Cone,Fallen Empires,0.17,$0.16
2,2,Delif's Cube,Fallen Empires,0.34,$0.28
1,1,Delirium,Mirage,0.28,$0.24
1,1,Delraich,Mercadian Masques,0.79,$0.83
1,1,Demonic Attorney,Revised Edition,0.31,$0.29
1,1,Demonic Hordes,Revised Edition,0.92,$0.92
10,8,Demonic Pact,Magic Origins,4.45,$4.34
37,8,Demonic Rising,Avacyn Restored,0.29,$0.25
2,2,Demonic Tutor,Revised Edition,16.48,$16.36
43,8,Demonlord of Ashmouth,Avacyn Restored,0.46,$0.42
18,8,Den Protector,Dragons of Tarkir,2.33,$2.74
2,2,Deranged Hermit,Urza's Legacy,9.11,$8.50
40,8,Deranged Outcast,Dark Ascension,0.27,$0.25
2,2,Derelor,Fallen Empires,0.3,$0.28
3,3,Descend upon the Sinful,Shadows over Innistrad,1.43,$1.61
3,3,Descendants' Path,Avacyn Restored,3.2,$3.68
28,8,Descent into Madness,Avacyn Restored,0.8,$0.72
6,6,Descent of the Dragons,Dragons of Tarkir,2.18,$2.31
17,8,Desecration Demon,Return to Ravnica,1.48,$1.58
6,6,Desert,Arabian Nights,0.88,$1.18
1,1,Desert,Arabian Nights,0.88,$1.18
1,1,Desert Twister,Arabian Nights,13.82,$16.69
1,1,Desert Twister,Revised Edition,0.24,$0.22
1,1,Desert Twister,Revised Edition,0.24,$0.22
2,2,Desert Twister,Mercadian Masques,0.26,$0.24
2,2,Desertion,Visions,5.39,$5.32
31,8,Desolate Lighthouse,Avacyn Restored,1.16,$1.18
35,8,Desolation Twin,Battle for Zendikar,0.42,$0.42
3,3,Despoil,Prophecy,0.18,$0.16
24,8,Despoiler of Souls,Magic Origins,0.38,$0.47
1,1,Despondency,Urza's Saga,0.17,$0.14
24,8,Detention Sphere,Return to Ravnica,1.48,$1.60
4,4,Devastate,Prophecy,0.16,$0.14
1,1,Devastation,Portal,16.01,$17.14
21,8,Devastation Tide,Avacyn Restored,0.59,$0.59
26,8,Devil's Play,Innistrad,0.32,$0.31
12,8,Devils' Playground,Shadows over Innistrad,0.26,$0.25
2,2,Devouring Deep,Legends,0.17,$0.18
1,1,Devouring Strossus,Invasion,0.44,$0.45
3,3,Devout Harpist,Urza's Legacy,0.16,$0.14
10,8,Devout Invocation,Magic 2014 Core Set,1.4,$1.45
4,4,Devout Witness,Mercadian Masques,0.17,$0.14
1,1,Diabolic Intent,Planeshift,16.3,$15.66
4,4,Diabolic Machine,The Dark,0.2,$0.20
3,3,Diabolic Revelation,Magic 2013,1.21,$1.17
1,1,Diabolic Servitude,Urza's Saga,0.24,$0.24
1,1,Diabolic Vision,Ice Age,0.32,$0.33
3,3,Dictate of Erebos,Journey into Nyx,2.93,$2.98
13,8,Dictate of Heliod,Journey into Nyx,0.32,$0.31
7,7,Dictate of Karametra,Journey into Nyx,0.39,$0.37
10,8,Dictate of Kruphix,Journey into Nyx,1.12,$1.22
12,8,Dictate of the Twin Gods,Journey into Nyx,0.28,$0.28
1,1,Didgeridoo,Homelands,1.79,$3.48
35,8,Dig Through Time,Khans of Tarkir,1.18,$1.27
58,8,Diluvian Primordial,Gatecrash,0.32,$0.32
46,8,Dimensional Infiltrator,Oath of the Gatewatch,0.42,$0.46
2,2,Dingus Egg,Revised Edition,0.32,$0.32
1,1,Dingus Egg,Revised Edition,0.32,$0.32
2,2,Diplomatic Escort,Mercadian Masques,0.19,$0.18
3,3,Diplomatic Immunity,Mercadian Masques,0.39,$0.38
7,7,Diregraf Colossus,Shadows over Innistrad,2.17,$2.28
4,4,Dirtcowl Wurm,Tempest,0.7,$0.75
26,8,Disciple of Bolas,Magic 2013,0.54,$0.54
6,6,Disciple of Kangee,Planeshift,0.17,$0.14
2,2,Disciple of Law,Urza's Saga,0.17,$0.15
23,8,Disciple of the Ring,Magic Origins,0.85,$1.08
2,2,Disempower,Mirage,0.16,$0.14
15,8,Disenchant,Revised Edition,0.19,$0.18
1,1,Disenchant,Fourth Edition,0.14,$0.18
3,3,Disenchant,Ice Age,0.19,$0.18
1,1,Disenchant,Mirage,0.19,$0.18
1,1,Disenchant,Tempest,0.18,$0.16
1,1,Disenchant,Urza's Saga,0.19,$0.17
4,4,Disenchant,Mercadian Masques,0.18,$0.17
3,3,Disintegrate,Revised Edition,0.17,$0.16
6,6,Disintegrate,Revised Edition,0.17,$0.16
5,5,Dismantling Blow,Invasion,0.2,$0.19
25,8,Dismiss into Dream,Magic 2014 Core Set,0.28,$0.25
16,8,Displacement Wave,Magic Origins,0.33,$0.32
1,1,Disrupt,Weatherlight,0.19,$0.19
1,1,Disrupt,Invasion,0.25,$0.25
1,1,Disrupting Scepter,Revised Edition,0.31,$0.29
1,1,Disrupting Scepter,Fourth Edition,0.24,$0.27
3,3,Disruptive Student,Urza's Saga,0.18,$0.16
11,8,Distant Memories,Mirrodin Besieged,0.27,$0.26
7,7,Diversionary Tactics,Apocalypse,0.2,$0.19
31,8,Divine Deflection,Avacyn Restored,0.28,$0.26
4,4,Divine Light,Apocalypse,0.17,$0.15
1,1,Divine Offering,Legends,0.28,$0.26
3,3,Divine Offering,Legends,0.28,$0.26
1,1,Divine Offering,Mirage,0.18,$0.15
36,8,Divine Reckoning,Innistrad,0.3,$0.29
7,7,Diving Griffin,Prophecy,0.17,$0.14
1,1,Divining Witch,Nemesis,0.43,$0.53
5,5,Dizzying Gaze,Exodus,0.16,$0.14
9,8,Djinn of Wishes,Magic 2012,0.29,$0.25
2,2,Do or Die,Invasion,1.87,$1.88
7,7,Dodecapod,Apocalypse,0.2,$0.18
25,8,Domestication,Magic 2014 Core Set,0.28,$0.27
1,1,Dominaria's Judgment,Planeshift,0.33,$0.31
7,7,Dominate,Nemesis,0.25,$0.25
1,1,Donate,Urza's Destiny,3.83,$3.76
35,8,Doomwake Giant,Journey into Nyx,0.32,$0.34
7,7,Door of Destinies,Magic 2014 Core Set,4.43,$4.34
6,6,Door to Nothingness,Magic 2013,1.22,$1.24
8,8,Downhill Charge,Nemesis,0.17,$0.14
1,1,Draco,Planeshift,1.82,$1.86
4,4,Draconian Cylix,Fallen Empires,0.35,$0.30
1,1,Drafna's Restoration,Antiquities,0.24,$0.30
7,7,Dragon Arch,Apocalypse,1.79,$1.88
1,1,Dragon Broodmother,Alara Reborn,14.02,$14.15
3,3,Dragon Engine,Antiquities,0.23,$0.24
2,2,Dragon Engine,Revised Edition,0.34,$0.32
17,8,Dragon Tempest,Dragons of Tarkir,1.01,$1.12
24,8,Dragon Throne of Tarkir,Khans of Tarkir,0.31,$0.27
5,5,Dragon Whelp,Revised Edition,0.22,$0.20
2,2,Dragon Whelp,Revised Edition,0.22,$0.20
17,8,Dragon Whisperer,Dragons of Tarkir,1.4,$1.51
24,8,Dragon-Style Twins,Khans of Tarkir,0.3,$0.25
4,4,Dragonlord Atarka,Dragons of Tarkir,8.41,$9.68
3,3,Dragonlord Dromoka,Dragons of Tarkir,5.26,$5.87
7,7,Dragonlord Kolaghan,Dragons of Tarkir,3.6,$4.08
7,7,Dragonlord Ojutai,Dragons of Tarkir,6.86,$8.53
1,1,Dragonlord Silumgar,Dragons of Tarkir,6.02,$6.62
22,8,Dragonlord's Prerogative,Dragons of Tarkir,0.39,$0.41
23,8,Dragonmaster Outcast,Battle for Zendikar,2.37,$2.39
13,8,Dragonscale General,Fate Reforged,0.35,$0.33
39,8,Dragonshift,Dragon's Maze,0.26,$0.27
1,1,Dragonskull Summit,Magic 2012,2.5,$2.57
6,6,Dragonskull Summit,Magic 2013,2.49,$2.57
4,4,Drain Life,Revised Edition,0.17,$0.16
1,1,Drain Life,Mirage,0.19,$0.16
3,3,Drain Power,Revised Edition,0.75,$0.69
3,3,Drake Hatchling,Mercadian Masques,0.16,$0.14
2,2,Drake-Skull Cameo,Invasion,0.19,$0.17
29,8,Drana's Chosen,Oath of the Gatewatch,0.34,$0.29
19,8,"Drana, Liberator of Malakir",Battle for Zendikar,5.75,$5.92
32,8,Dread Defiler,Oath of the Gatewatch,0.34,$0.29
1,1,Dread of Night,Classic Sixth Edition,0.48,$0.48
27,8,Dread Slaver,Avacyn Restored,0.3,$0.28
40,8,Dreadbore,Return to Ravnica,3.35,$3.39
1,1,Dream Cache,Classic Sixth Edition,0.14,$0.18
2,2,Dream Coat,Legends,0.4,$0.39
1,1,Dream Fighter,Mirage,0.17,$0.14
1,1,Dream Prowler,Stronghold,0.17,$0.15
4,4,Dream Thrush,Invasion,0.17,$0.14
1,1,Dreams of the Dead,Ice Age,0.2,$0.18
2,2,Dredge,Invasion,0.22,$0.22
4,4,Drifting Meadow,Urza's Saga,0.18,$0.17
19,8,Drogskol Cavalry,Shadows over Innistrad,0.27,$0.27
2,2,Drogskol Reaver,Dark Ascension,1.97,$2.04
3,3,Dromar's Cavern,Planeshift,0.48,$0.48
4,4,Dromar's Charm,Planeshift,0.26,$0.26
1,1,"Dromar, the Banisher",Invasion,3.51,$3.62
18,8,Dromoka's Command,Dragons of Tarkir,3.87,$4.17
32,8,"Dromoka, the Eternal",Fate Reforged,0.34,$0.38
2,2,Dromosaur,Urza's Saga,0.16,$0.14
5,5,Drowned,The Dark,0.16,$0.14
7,7,Drowned Catacomb,Magic 2012,2.96,$3.10
1,1,Drowned Catacomb,Magic 2013,2.98,$3.11
42,8,Drowner of Hope,Battle for Zendikar,0.42,$0.43
22,8,Drownyard Temple,Shadows over Innistrad,0.82,$0.96
2,2,Drudge Skeletons,Revised Edition,0.16,$0.14
3,3,Drudge Skeletons,Revised Edition,0.16,$0.14
1,1,Drudge Skeletons,Classic Sixth Edition,0.14,$0.14
9,8,Druidic Satchel,Magic 2012,0.29,$0.27
33,8,Druids' Repository,Avacyn Restored,0.29,$0.29
43,8,Dual Casting,Avacyn Restored,0.47,$0.48
3,3,Dual Nature,Prophecy,0.5,$0.54
1,1,Duct Crawler,Stronghold,0.17,$0.15
54,8,Duneblast,Khans of Tarkir,0.34,$0.30
30,8,Dungeon Geists,Dark Ascension,0.27,$0.28
3,3,Dungeon Shade,Stronghold,0.17,$0.15
2,2,Dungrove Elder,Magic 2012,5.03,$5.08
1,1,Duress,Urza's Saga,0.54,$0.52
27,8,Duskmantle Seer,Gatecrash,0.78,$0.70
2,2,Duskrider Falcon,Weatherlight,0.17,$0.15
4,4,Duskwalker,Invasion,0.17,$0.14
66,8,Dust Stalker,Battle for Zendikar,0.36,$0.34
6,6,Dust to Dust,The Dark,0.23,$0.23
1,1,Dust to Dust,The Dark,0.23,$0.23
2,2,Dwarven Armorer,Fallen Empires,0.37,$0.31
1,1,Dwarven Berserker,Weatherlight,0.17,$0.14
3,3,Dwarven Catapult,Fallen Empires,0.2,$0.18
1,1,Dwarven Demolition Team,Unlimited Edition,0.51,$0.91
2,2,Dwarven Hold,Fallen Empires,0.7,$0.73
5,5,Dwarven Landslide,Apocalypse,0.16,$0.14
4,4,Dwarven Lieutenant,Fallen Empires,0.21,$0.18
8,8,Dwarven Patrol,Apocalypse,0.19,$0.17
4,4,Dwarven Ruins,Fallen Empires,0.28,$0.26
9,8,Dwarven Soldier,Fallen Empires,0,$0.16
5,5,Dwarven Soldier,Fallen Empires,0,$0.16
5,5,Dwarven Soldier,Fallen Empires,0,$0.14
1,1,Dwarven Song,Legends,0.39,$0.42
2,2,Dwarven Vigilantes,Visions,0.18,$0.15
4,4,Dwarven Warriors,Revised Edition,0.16,$0.14
21,8,"Dwynen, Gilt-Leaf Daen",Magic Origins,0.62,$0.96
4,4,Earth Elemental,Revised Edition,0.17,$0.15
5,5,Earthbind,Revised Edition,0.16,$0.14
12,8,Eater of Hope,Born of the Gods,0.35,$0.28
1,1,Eater of the Dead,The Dark,4.48,$5.00
1,1,Eater of the Dead,The Dark,4.48,$5.00
2,2,Ebon Praetor,Fallen Empires,0.35,$0.31
1,1,Ebon Praetor,Fallen Empires,0.35,$0.31
3,3,Ebon Stronghold,Fallen Empires,0.27,$0.26
1,1,Ebony Charm,Mirage,0.18,$0.15
3,3,Ebony Horse,Revised Edition,0.31,$0.30
7,7,Ebony Treefolk,Apocalypse,0.2,$0.21
11,8,Eerie Interlude,Shadows over Innistrad,0.63,$0.74
11,8,Eidolon of Blossoms,Journey into Nyx,0.45,$0.49
19,8,Eidolon of Countless Battles,Born of the Gods,0.63,$0.65
7,7,Eidolon of the Great Revel,Journey into Nyx,8.7,$9.03
2,2,Ekundu Griffin,Mirage,0.17,$0.14
1,1,Ekundu Griffin,Classic Sixth Edition,0.14,$0.14
1,1,El-Hajjâj,Revised Edition,0,$0.25
1,1,Eladamri's Call,Planeshift,8.02,$8.10
1,1,"Eladamri, Lord of Leaves",Tempest,10.98,$11.36
43,8,Elder of Laurels,Innistrad,0.28,$0.27
1,1,Elder Spawn,Legends,1.63,$2.16
8,8,Elderscale Wurm,Magic 2013,2.27,$2.34
3,3,Eldrazi Displacer,Oath of the Gatewatch,4.48,$4.84
25,8,Eldrazi Mimic,Oath of the Gatewatch,0.87,$1.14
35,8,Eldrazi Obligator,Oath of the Gatewatch,0.51,$0.54
2,2,Electric Eel,The Dark,0.21,$0.18
1,1,Elemental Augury,Ice Age,0.37,$0.33
1,1,"Elesh Norn, Grand Cenobite",Modern Masters 2015 Edition,17.73,$18.26
2,2,"Elesh Norn, Grand Cenobite",New Phyrexia,18.11,$17.69
3,3,Elfhame Palace,Invasion,0.25,$0.25
1,1,Elfhame Sanctuary,Invasion,0.31,$0.32
19,8,Elite Arcanist,Magic 2014 Core Set,0.41,$0.42
34,8,Elite Inquisitor,Innistrad,0.4,$0.39
1,1,Elite Javelineer,Tempest,0.17,$0.14
3,3,Elspeth Tirel,Scars of Mirrodin,10.31,$10.62
2,2,"Elspeth, Knight-Errant",Modern Event Deck 2014,0,$12.71
1,1,"Elspeth, Knight-Errant",Shards of Alara,14.06,$14.63
12,8,Elusive Tormentor,Shadows over Innistrad,0.38,$0.35
4,4,Elven Fortress,Fallen Empires,0.17,$0.14
6,6,Elven Fortress,Fallen Empires,0.17,$0.17
8,8,Elven Fortress,Fallen Empires,0.17,$0.17
4,4,Elven Fortress,Fallen Empires,0.17,$0.17
4,4,Elven Lyre,Fallen Empires,0.37,$0.31
1,1,Elven Palisade,Exodus,0.19,$0.17
1,1,Elves of Deep Shadow,The Dark,1.2,$1.32
1,1,Elvish Archdruid,Magic 2012,2.34,$2.37
7,7,Elvish Archdruid,Magic 2013,2.39,$2.43
2,2,Elvish Berserker,Exodus,0.17,$0.15
1,1,Elvish Champion,Invasion,4.45,$4.41
4,4,Elvish Farmer,Fallen Empires,0.87,$0.90
2,2,Elvish Healer,Ice Age,0.16,$0.14
1,1,Elvish Herder,Urza's Saga,0.2,$0.20
4,4,Elvish Hunter,Fallen Empires,0.18,$0.18
4,4,Elvish Hunter,Fallen Empires,0.18,$0.15
6,6,Elvish Hunter,Fallen Empires,0.18,$0.18
1,1,Elvish Lyrist,Urza's Saga,0.17,$0.16
4,4,Elvish Scout,Fallen Empires,0.18,$0.18
6,6,Elvish Scout,Fallen Empires,0.18,$0.19
3,3,Elvish Scout,Fallen Empires,0.18,$0.18
1,1,Embargo,Mercadian Masques,0.38,$0.37
43,8,Ember Swallower,Theros,0.25,$0.23
34,8,Embermaw Hellion,Magic Origins,0.36,$0.34
7,7,Emblazoned Golem,Apocalypse,0.19,$0.17
1,1,Emerald Charm,Visions,0.19,$0.17
3,3,Emerald Dragonfly,Legends,0.18,$0.18
1,1,Emerald Dragonfly,Legends,0.18,$0.18
31,8,Emeria Shepherd,Battle for Zendikar,0.32,$0.31
45,8,Emmara Tandris,Dragon's Maze,0.42,$0.41
2,2,Empress Galina,Invasion,3.7,$3.66
27,8,Empty the Pits,Khans of Tarkir,0.72,$0.73
2,2,"Emrakul, the Aeons Torn",Modern Masters 2015 Edition,33.67,$34.68
72,8,End Hostilities,Khans of Tarkir,0.42,$0.42
1,1,Endangered Armodon,Stronghold,0.16,$0.14
32,8,Endbringer,Oath of the Gatewatch,0.48,$0.47
43,8,Endless One,Battle for Zendikar,0.95,$1.12
1,1,Endless Ranks of the Dead,Innistrad,4.87,$4.64
2,2,Endoskeleton,Urza's Saga,0.2,$0.18
2,2,Energy Flux,Revised Edition,0.23,$0.21
1,1,Energy Flux,Mercadian Masques,0.26,$0.24
2,2,Energy Tap,Legends,0.2,$0.21
6,6,Enervate,Ice Age,0.17,$0.14
2,2,Enfeeblement,Mirage,0.16,$0.14
2,2,Engineered Plague,Urza's Legacy,0.48,$0.46
10,8,Engulf the Shore,Shadows over Innistrad,1.24,$1.29
4,4,Enlightened Tutor,Mirage,11.99,$12.52
1,1,Enlightened Tutor,Classic Sixth Edition,12.84,$13.55
7,7,Enlistment Officer,Apocalypse,0.21,$0.20
1,1,Enslaved Horror,Mercadian Masques,0.2,$0.18
4,4,Ensnare,Nemesis,0.23,$0.22
1,1,Ensnaring Bridge,Stronghold,41.01,$42.80
2,2,Entangler,Prophecy,0.52,$0.52
26,8,Enter the Infinite,Gatecrash,1.35,$1.40
1,1,Entomb,Eternal Masters,15.31,$15.87
1,1,Entropic Specter,Exodus,0.34,$0.31
26,8,"Ephara, God of the Polis",Born of the Gods,1.75,$1.94
16,8,Epic Experiment,Return to Ravnica,0.8,$0.84
27,8,Epiphany at the Drownyard,Shadows over Innistrad,0.43,$0.48
1,1,Equinox,Legends,0.28,$0.31
1,1,Equipoise,Visions,0.61,$0.60
1,1,Erase,Urza's Legacy,0.18,$0.16
16,8,Erebos's Titan,Magic Origins,1.01,$1.19
20,8,"Erebos, God of the Dead",Theros,7.06,$7.37
4,4,Erg Raiders,Revised Edition,0.16,$0.14
5,5,Erosion,The Dark,0.15,$0.14
2,2,Errant Minion,Ice Age,0.17,$0.14
1,1,Errantry,Ice Age,0.16,$0.14
1,1,Erratic Portal,Exodus,1.46,$1.44
3,3,Ertai's Trickery,Planeshift,0.2,$0.18
6,6,Escape Routes,Planeshift,0.18,$0.15
1,1,Essence Filter,Ice Age,0.17,$0.14
1,1,Essence Flare,Ice Age,0.15,$0.13
1,1,Essence Leak,Invasion,0.2,$0.18
33,8,Essence of the Wild,Innistrad,0.74,$0.74
3,3,Etched Champion,Scars of Mirrodin,3.39,$3.35
1,1,Etched Monstrosity,New Phyrexia,0.74,$0.79
4,4,Eternal Flame,The Dark,0.43,$0.42
2,2,Eternal Warrior,Legends,0.35,$0.39
7,7,Evasive Action,Apocalypse,0.19,$0.18
12,8,Ever After,Shadows over Innistrad,0.63,$0.76
1,1,Everglades,Visions,0.28,$0.28
1,1,Evil Presence,Revised Edition,0.2,$0.19
1,1,Evil Presence,Revised Edition,0.2,$0.19
31,8,Evil Twin,Innistrad,0.58,$0.55
1,1,Evincar's Justice,Tempest,0.24,$0.22
46,8,Evolutionary Leap,Magic Origins,0.95,$1.09
1,1,Exalted Dragon,Exodus,0.35,$0.34
32,8,"Exava, Rakdos Blood Witch",Dragon's Maze,0.39,$0.39
1,1,Excavation,Prophecy,0.2,$0.20
4,4,Excise,Prophecy,0.17,$0.14
4,4,Exclude,Invasion,0.24,$0.24
51,8,Exert Influence,Battle for Zendikar,0.32,$0.28
2,2,Exhume,Urza's Saga,0.96,$1.02
1,1,Exorcist,The Dark,1.2,$1.24
4,4,Exotic Curse,Invasion,0.17,$0.14
1,1,Exotic Disease,Planeshift,0.2,$0.18
3,3,Expendable Troops,Urza's Legacy,0.17,$0.15
4,4,Explosive Growth,Invasion,0.17,$0.14
1,1,Expunge,Urza's Saga,0.16,$0.14
1,1,Exquisite Blood,Avacyn Restored,10.78,$11.12
20,8,Exquisite Firecraft,Magic Origins,2.18,$2.32
5,5,Extinguish All Hope,Journey into Nyx,0.25,$0.25
2,2,Extortion,Mercadian Masques,0.33,$0.30
4,4,Extraplanar Lens,Mirrodin,13.66,$13.67
1,1,Extraplanar Lens,Mirrodin,13.66,$13.67
6,6,Eye of Ugin,Modern Masters 2015 Edition,10.45,$10.66
2,2,Eye of Ugin,Worldwake,11.79,$12.31
5,5,Ezuri's Brigade,Scars of Mirrodin,0.28,$0.26
30,8,Fabled Hero,Theros,0.49,$0.48
1,1,Fact or Fiction,Invasion,1.02,$1.06
4,4,Fade Away,Exodus,0.22,$0.21
2,2,Faerie Conclave,Urza's Legacy,1.41,$1.39
4,4,Faerie Squadron,Invasion,0.17,$0.14
1,1,Faith Healer,Urza's Saga,0.42,$0.41
20,8,Faith's Reward,Magic 2013,0.98,$0.95
13,8,Falkenrath Aristocrat,Dark Ascension,2.98,$3.11
9,8,Falkenrath Gorger,Shadows over Innistrad,1.18,$1.25
42,8,Falkenrath Marauders,Innistrad,0.39,$0.34
18,8,Fall of the Titans,Oath of the Gatewatch,0.59,$0.66
1,1,Fallen Angel,Classic Sixth Edition,0.42,$0.44
3,3,Fallen Askari,Visions,0.17,$0.15
7,7,Falling Timber,Planeshift,0.17,$0.14
1,1,Fallow Earth,Mirage,0.2,$0.18
2,2,False Demise,Mercadian Masques,0.22,$0.22
1,1,False Orders,Unlimited Edition,0.3,$0.33
1,1,False Orders,Unlimited Edition,0.3,$0.33
3,3,False Orders,Unlimited Edition,0.3,$0.33
2,2,Falter,Urza's Saga,0.17,$0.15
4,4,Fanatical Devotion,Nemesis,0.17,$0.15
2,2,Farrel's Mantle,Fallen Empires,0.19,$0.18
5,5,Farrel's Zealot,Fallen Empires,0.17,$0.17
5,5,Farrel's Zealot,Fallen Empires,0.17,$0.14
5,5,Farrel's Zealot,Fallen Empires,0.17,$0.17
6,6,Farrelite Priest,Fallen Empires,0.2,$0.18
1,1,Fastbond,Unlimited Edition,21.65,$21.30
2,2,Fastbond,Revised Edition,4.2,$4.26
3,3,Fasting,The Dark,0.21,$0.21
1,1,Fatal Blow,Weatherlight,0.17,$0.14
1,1,Fatal Blow,Classic Sixth Edition,0.14,$0.16
18,8,Fate Unraveler,Born of the Gods,0.32,$0.30
15,8,Fated Conflagration,Born of the Gods,0.26,$0.23
17,8,Fated Infatuation,Born of the Gods,0.33,$0.33
22,8,Fated Intervention,Born of the Gods,0.27,$0.24
34,8,Fated Retribution,Born of the Gods,0.29,$0.26
17,8,Fated Return,Born of the Gods,0.3,$0.27
57,8,Fathom Feeder,Battle for Zendikar,0.44,$0.49
44,8,Fathom Mage,Gatecrash,0.42,$0.44
1,1,Fault Line,Urza's Saga,0.87,$0.85
3,3,Fault Riders,Prophecy,0.17,$0.14
6,6,Fauna Shaman,Magic 2011,11.23,$11.68
1,1,Favorable Destiny,Mirage,0.2,$0.21
5,5,Fear,Revised Edition,0.15,$0.13
1,1,Fear,Ice Age,0.16,$0.14
35,8,Feed the Pack,Dark Ascension,0.37,$0.35
2,2,Feedback,Unlimited Edition,0.36,$0.52
1,1,Feedback,Revised Edition,0.19,$0.18
1,1,Feldon's Cane,Antiquities,1.93,$2.53
15,8,Felhide Spiritbinder,Born of the Gods,0.28,$0.25
43,8,Felidar Sovereign,Battle for Zendikar,0.49,$0.56
3,3,Fellwar Stone,The Dark,4.83,$4.87
1,1,Femeref Healer,Mirage,0.16,$0.14
1,1,Femeref Knight,Mirage,0.16,$0.14
4,4,Fen Stalker,Prophecy,0.17,$0.14
1,1,Feral Instinct,Visions,0.17,$0.15
4,4,Feral Thallid,Fallen Empires,0.22,$0.21
4,4,Ferocity,Mercadian Masques,0.17,$0.14
2,2,Fertile Ground,Urza's Saga,0.18,$0.18
4,4,Fertile Ground,Invasion,0.18,$0.18
37,8,Fervor,Magic 2013,0.46,$0.47
1,1,Festering Evil,Weatherlight,0.21,$0.21
2,2,Festival,The Dark,0.17,$0.15
5,5,Festival,The Dark,0.17,$0.15
1,1,Fetid Horror,Mirage,0.16,$0.14
20,8,Fevered Visions,Shadows over Innistrad,0.81,$1.02
2,2,Fickle Efreet,Prophecy,0.33,$0.33
1,1,Field of Dreams,Legends,32.53,$34.09
34,8,Fiend of the Shadows,Dark Ascension,0.28,$0.27
5,5,Fiendslayer Paladin,Magic 2014 Core Set,2.17,$2.21
1,1,Fiery Justice,Ice Age,0.34,$0.32
1,1,Fiery Mantle,Urza's Saga,0.16,$0.14
1,1,Fight or Flight,Invasion,0.35,$0.32
1,1,Final Fortune,Mirage,1.04,$1.03
7,7,Fire // Ice,Apocalypse,0,$0.47
4,4,Fire and Brimstone,The Dark,0.21,$0.19
1,1,Fire Diamond,Classic Sixth Edition,0.28,$0.28
2,2,Fire Drake,The Dark,0.2,$0.20
3,3,Fire Elemental,Revised Edition,0.19,$0.18
4,4,Fire Whip,Weatherlight,0.17,$0.18
1,1,Fireball,Revised Edition,0.17,$0.15
8,8,Fireball,Revised Edition,0.17,$0.15
1,1,Fireblast,Visions,0.98,$0.97
1,1,Firebrand Ranger,Invasion,0.21,$0.18
10,8,Firebreathing,Revised Edition,0.15,$0.13
1,1,Firebreathing,Mirage,0.15,$0.14
1,1,Firebreathing,Classic Sixth Edition,0.14,$0.14
23,8,Firedrinker Satyr,Theros,0.39,$0.38
34,8,Firemane Avenger,Gatecrash,0.44,$0.44
72,8,Firemind's Foresight,Return to Ravnica,0.33,$0.28
5,5,Fires of Yavimaya,Invasion,0.3,$0.31
4,4,Firescreamer,Invasion,0.17,$0.14
1,1,Firestorm,Weatherlight,11.21,$11.58
20,8,Firewing Phoenix,Magic 2013,0.36,$0.31
8,8,Fissure,The Dark,0.17,$0.16
2,2,Fissure,The Dark,0.17,$0.16
2,2,Fit of Rage,Weatherlight,0.16,$0.14
1,1,Fit of Rage,Classic Sixth Edition,0.14,$0.14
52,8,Five-Alarm Fire,Gatecrash,0.26,$0.24
2,2,Flailing Manticore,Mercadian Masques,0.33,$0.30
2,2,Flailing Soldier,Mercadian Masques,0.16,$0.14
4,4,Flame Rift,Nemesis,0.5,$0.56
2,2,Flame Spirit,Ice Age,0.18,$0.17
1,1,Flame Spirit,Classic Sixth Edition,0.14,$0.14
7,7,Flame-Wreathed Phoenix,Born of the Gods,0.78,$0.77
11,8,Flameblade Angel,Shadows over Innistrad,0.32,$0.30
2,2,Flameblast Dragon,Magic 2012,0.59,$0.57
35,8,Flamerush Rider,Fate Reforged,0.35,$0.31
16,8,Flameshadow Conjuring,Magic Origins,0.32,$0.33
2,2,Flameshot,Prophecy,0.22,$0.21
3,3,Flametongue Kavu,Planeshift,0.44,$0.47
36,8,Flamewake Phoenix,Fate Reforged,0.43,$0.44
4,4,Flaming Sword,Mercadian Masques,0.17,$0.15
2,2,Flare,Ice Age,0.17,$0.14
1,1,Flare,Mirage,0.16,$0.14
3,3,Flash Counter,Legends,0.19,$0.20
4,4,Flash Counter,Legends,0.19,$0.20
4,4,Flash Flood,Legends,0.18,$0.19
2,2,Flashfires,Revised Edition,0.18,$0.16
4,4,Flay,Prophecy,0.17,$0.14
27,8,Flayer of the Hatebound,Dark Ascension,0.35,$0.35
26,8,Fleecemane Lion,Theros,0.92,$1.01
3,3,Fleetfoot Panther,Planeshift,0.23,$0.22
34,8,Flesh // Blood,Dragon's Maze,0,$0.29
4,4,Flight,Unlimited Edition,0.22,$0.26
1,1,Flight,Revised Edition,0.16,$0.15
1,1,Flight,Fourth Edition,0.14,$0.14
2,2,Fling,Stronghold,0.22,$0.22
6,6,Flint Golem,Nemesis,0.2,$0.21
3,3,Flood,The Dark,0.31,$0.31
2,2,Flood,The Dark,0.31,$0.31
1,1,Flooded Shoreline,Visions,0.4,$0.44
3,3,Flooded Strand,Khans of Tarkir,15.96,$17.07
2,2,Flowering Field,Prophecy,0.22,$0.22
2,2,Flowstone Armor,Nemesis,0.2,$0.21
7,7,Flowstone Charger,Apocalypse,0.19,$0.17
6,6,Flowstone Crusher,Nemesis,0.16,$0.14
1,1,Flowstone Flood,Exodus,0.2,$0.18
1,1,Flowstone Giant,Tempest,0.15,$0.13
1,1,Flowstone Hellion,Stronghold,0.2,$0.18
2,2,Flowstone Overseer,Nemesis,0.31,$0.31
1,1,Flowstone Shambler,Stronghold,0.17,$0.15
1,1,Flowstone Slide,Nemesis,0.31,$0.31
6,6,Flowstone Strike,Nemesis,0.16,$0.14
4,4,Flowstone Surge,Nemesis,0.2,$0.21
7,7,Flowstone Thopter,Nemesis,0.2,$0.21
11,8,Flowstone Wall,Nemesis,0.17,$0.14
1,1,Fluctuator,Urza's Saga,2.6,$2.57
2,2,Flying Carpet,Revised Edition,0.32,$0.30
39,8,Flying Crane Technique,Khans of Tarkir,0.32,$0.27
23,8,Foe-Razer Regent,Dragons of Tarkir,0.38,$0.34
5,5,Fog,Revised Edition,0.17,$0.15
1,1,Fog,Mirage,0.18,$0.15
1,1,Fog,Classic Sixth Edition,0.19,$0.18
2,2,Fog Elemental,Weatherlight,0.16,$0.15
1,1,Fog Elemental,Classic Sixth Edition,0.14,$0.16
1,1,Fog of Gnats,Urza's Legacy,0.18,$0.17
11,8,Fog Patch,Nemesis,0.17,$0.16
2,2,Foil,Prophecy,0.48,$0.54
1,1,Forbid,Exodus,2,$1.88
6,6,Forbidding Watchtower,Urza's Legacy,0.29,$0.27
1,1,Force Spike,Legends,0.64,$0.75
3,3,Force Spike,Legends,0.64,$0.75
28,8,Foreboding Ruins,Shadows over Innistrad,2.22,$2.66
2,2,Forest,Unhinged,0,$7.28
1,1,Forest,Invasion,0,$0.26
1,1,Forethought Amulet,Legends,2.28,$2.76
1,1,Forethought Amulet,Legends,2.28,$2.76
13,8,Forgestoker Dragon,Born of the Gods,0.27,$0.24
11,8,Forgotten Creation,Shadows over Innistrad,0.39,$0.38
2,2,Fork,Revised Edition,4.66,$4.58
5,5,Fork,Revised Edition,4.66,$4.58
2,2,Forsaken City,Planeshift,0.8,$0.85
2,2,Fortified Area,Fourth Edition,0.14,$0.15
14,8,Fortified Village,Shadows over Innistrad,2.06,$2.37
1,1,Fortitude,Urza's Saga,0.17,$0.15
2,2,Foster,Mercadian Masques,0.35,$0.32
7,7,Foul Presence,Apocalypse,0.2,$0.18
37,8,Foul Renewal,Dragons of Tarkir,0.37,$0.32
58,8,Foundry Champion,Gatecrash,0.26,$0.24
1,1,Fountain of Cho,Mercadian Masques,0.29,$0.25
2,2,Fountain of Youth,The Dark,0.28,$0.29
1,1,Fountain of Youth,The Dark,0.28,$0.29
1,1,Fountain Watch,Mercadian Masques,2.65,$2.65
1,1,Foxfire,Ice Age,0.16,$0.14
4,4,Frankenstein's Monster,The Dark,0.86,$0.89
1,1,Frantic Search,Urza's Legacy,0.51,$0.46
1,1,Freewind Falcon,Visions,0.17,$0.15
1,1,Frenetic Efreet,Mirage,0.36,$0.36
4,4,Frenzied Tilling,Invasion,0.17,$0.14
11,8,Fresh Meat,New Phyrexia,0.29,$0.28
4,4,Fresh Volunteers,Mercadian Masques,0.17,$0.14
23,8,From Beyond,Battle for Zendikar,0.76,$0.98
15,8,From Under the Floorboards,Shadows over Innistrad,0.43,$0.42
27,8,Frontier Siege,Fate Reforged,0.46,$0.44
17,8,Frontline Medic,Gatecrash,0.46,$0.45
1,1,Frost Giant,Legends,0.39,$0.43
5,5,Frost Titan,Magic 2012,0.94,$1.07
9,8,Frozen Shade,Revised Edition,0.15,$0.13
2,2,Fugue,Exodus,0.19,$0.17
1,1,Funeral Charm,Visions,0.95,$0.91
6,6,Fungal Bloom,Fallen Empires,0.8,$0.80
2,2,Fungusaur,Revised Edition,0.29,$0.27
4,4,Furious Assault,Mercadian Masques,0.17,$0.14
2,2,Furnace Brood,Exodus,0.16,$0.14
1,1,Furnace Spirit,Stronghold,0.17,$0.15
1,1,Furyborn Hellkite,Magic 2012,2.39,$2.44
1,1,Fylgja,Ice Age,0.16,$0.14
1,1,Fyndhorn Bow,Ice Age,0.19,$0.17
1,1,Fyndhorn Brownie,Ice Age,0.17,$0.14
2,2,Fyndhorn Elves,Ice Age,0.66,$0.63
2,2,Gaddock Teeg,Lorwyn,21.89,$25.87
7,7,Gaea's Balance,Apocalypse,0.19,$0.18
1,1,Gaea's Blessing,Weatherlight,0.73,$0.73
4,4,Gaea's Bounty,Urza's Saga,0.17,$0.15
2,2,Gaea's Cradle,Urza's Saga,269.96,$260.21
1,1,Gaea's Herald,Planeshift,0.7,$0.70
6,6,Gaea's Might,Planeshift,0.17,$0.15
22,8,Gaea's Revenge,Magic Origins,0.4,$0.54
4,4,Gaea's Skyfolk,Apocalypse,0.16,$0.14
1,1,Gaea's Touch,The Dark,0.5,$0.54
4,4,Galina's Knight,Invasion,0.17,$0.14
1,1,Gallowbraid,Weatherlight,0.33,$0.33
31,8,Gallows at Willow Hill,Avacyn Restored,0.36,$0.29
10,8,Galvanoth,Mirrodin Besieged,0.29,$0.28
1,1,Gamble,Eternal Masters,11.42,$12.47
2,2,Gamble,Urza's Saga,20.99,$22.53
4,4,Game Trail,Shadows over Innistrad,2,$2.45
1,1,Gang of Elk,Urza's Legacy,0.2,$0.18
1,1,Gangrenous Zombies,Ice Age,0.16,$0.14
9,8,Garruk's Horde,Magic 2012,0.29,$0.27
10,8,Garruk's Horde,Magic 2014 Core Set,0.39,$0.32
1,1,"Garruk, Primal Hunter",Magic 2013,6.58,$6.44
1,1,Gaseous Form,Legends,0.19,$0.19
1,1,Gaseous Form,Fourth Edition,0.14,$0.15
1,1,Gaseous Form,Classic Sixth Edition,0.14,$0.14
2,2,Gauntlet of Power,Time Spiral,15.24,$15.34
2,2,Gauntlets of Chaos,Legends,2.01,$2.37
1,1,Gavony Township,Innistrad,5.95,$5.86
30,8,Gaze of Granite,Dragon's Maze,0.36,$0.33
15,8,Geier Reach Bandit,Shadows over Innistrad,0.89,$0.90
8,8,Geist of Saint Traft,Innistrad,8.74,$8.83
37,8,Geist-Honored Monk,Innistrad,0.3,$0.27
1,1,Gemstone Mine,Weatherlight,7.63,$7.55
19,8,General Tazri,Oath of the Gatewatch,0.75,$0.77
9,8,Genesis Hydra,Magic 2015 Core Set,0.95,$0.96
1,1,Genesis Wave,Scars of Mirrodin,6.9,$7.17
8,8,Geothermal Crevice,Invasion,0.18,$0.17
7,7,Geralf's Masterpiece,Shadows over Innistrad,0.95,$0.96
7,7,Geralf's Messenger,Dark Ascension,4.94,$5.02
31,8,Geralf's Mindcrusher,Dark Ascension,0.3,$0.31
6,6,Gerrard's Command,Planeshift,0.16,$0.14
4,4,Gerrard's Irregulars,Mercadian Masques,0.16,$0.14
7,7,Gerrard's Verdict,Apocalypse,0.28,$0.32
1,1,"Geth, Lord of the Vault",Scars of Mirrodin,6.86,$7.33
16,8,Ghastly Conscription,Fate Reforged,0.71,$0.65
3,3,Ghitu Encampment,Urza's Legacy,0.25,$0.25
1,1,Ghitu Fire,Invasion,0.32,$0.30
1,1,Ghitu Slinger,Urza's Legacy,0.17,$0.16
1,1,Ghitu War Cry,Urza's Legacy,0.21,$0.18
5,5,Ghost Ship,The Dark,0.16,$0.14
1,1,Ghost Ship,The Dark,0.16,$0.14
40,8,Ghostfire Blade,Khans of Tarkir,0.74,$0.75
4,4,Ghosts of the Damned,Legends,0.18,$0.19
1,1,Ghoul's Feast,Mercadian Masques,0.19,$0.18
8,8,Ghoultree,Dark Ascension,0.88,$0.89
8,8,Giant Adephage,Gatecrash,1.53,$1.52
3,3,Giant Caterpillar,Visions,0.17,$0.15
1,1,Giant Caterpillar,Mercadian Masques,0.17,$0.14
2,2,Giant Cockroach,Urza's Legacy,0.17,$0.15
7,7,Giant Growth,Revised Edition,0.15,$0.15
2,2,Giant Growth,Ice Age,0.19,$0.17
5,5,Giant Shark,The Dark,0.18,$0.16
1,1,Giant Slug,Legends,0.18,$0.19
8,8,Giant Spider,Revised Edition,0.16,$0.14
1,1,Giant Strength,Classic Sixth Edition,0.14,$0.15
3,3,Gibbering Hyenas,Mirage,0.16,$0.14
1,1,Gideon's Avenger,Magic 2012,0.79,$0.80
30,8,Gideon's Phalanx,Magic Origins,0.34,$0.31
10,8,"Gideon, Ally of Zendikar",Battle for Zendikar,19.94,$20.14
35,8,Gift of Immortality,Theros,0.7,$0.71
1,1,Gifts Ungiven,Modern Masters,16.75,$18.06
18,8,Gild,Born of the Gods,0.29,$0.27
1,1,Gilded Drake,Urza's Saga,25.1,$24.23
1,1,Gilded Lotus,Magic 2013,8.32,$8.54
26,8,Gilt-Leaf Winnower,Magic Origins,0.41,$0.47
1,1,"Gisela, Blade of Goldnight",Avacyn Restored,6.29,$6.61
1,1,Gitaxian Probe,New Phyrexia,3.86,$3.85
3,3,Glacial Chasm,Ice Age,0.59,$0.51
4,4,Glacial Fortress,Magic 2012,2.14,$2.25
8,8,Glacial Fortress,Magic 2013,2.33,$2.41
4,4,Glade Gnarr,Apocalypse,0.16,$0.14
10,8,Gladehart Cavalry,Oath of the Gatewatch,0.25,$0.24
29,8,Glaring Spotlight,Gatecrash,0.42,$0.40
1,1,Glasses of Urza,Revised Edition,0.19,$0.17
1,1,Glasses of Urza,Classic Sixth Edition,0.19,$0.25
23,8,Gleam of Authority,Dragons of Tarkir,0.45,$0.44
1,1,Gliding Licid,Stronghold,0.2,$0.18
4,4,Glimmering Angel,Invasion,0.18,$0.17
2,2,Glimmervoid,Mirrodin,32.02,$32.18
1,1,Glimmervoid,Mirrodin,32.02,$32.18
1,1,"Glissa, the Traitor",Mirrodin Besieged,2.96,$2.82
6,6,Glistening Oil,New Phyrexia,0.34,$0.33
1,1,Glittering Lion,Prophecy,0.2,$0.20
2,2,Glittering Lynx,Prophecy,0.17,$0.14
4,4,Gloom,Revised Edition,0.19,$0.17
38,8,Gloom Surgeon,Avacyn Restored,0.36,$0.32
1,1,Glowing Anemone,Mercadian Masques,0.2,$0.18
1,1,Glyph of Delusion,Legends,0.2,$0.21
3,3,Glyph of Destruction,Legends,0.18,$0.19
1,1,Glyph of Destruction,Legends,0.18,$0.19
4,4,Glyph of Doom,Legends,0.18,$0.19
1,1,Glyph of Life,Legends,0.18,$0.19
3,3,Glyph of Life,Legends,0.18,$0.19
1,1,Glyph of Reincarnation,Legends,0.19,$0.19
1,1,Goblin Balloon Brigade,Revised Edition,0.18,$0.16
1,1,Goblin Caves,The Dark,0.41,$0.34
4,4,Goblin Caves,The Dark,0.41,$0.34
1,1,Goblin Chieftain,Magic 2012,5.95,$5.96
5,5,Goblin Chirurgeon,Fallen Empires,0.24,$0.24
5,5,Goblin Chirurgeon,Fallen Empires,0.24,$0.22
6,6,Goblin Chirurgeon,Fallen Empires,0.24,$0.24
26,8,Goblin Dark-Dwellers,Oath of the Gatewatch,2.09,$2.27
1,1,Goblin Digging Team,The Dark,0.16,$0.14
12,8,Goblin Diplomats,Magic 2014 Core Set,0.29,$0.26
1,1,Goblin Elite Infantry,Mirage,0.17,$0.14
1,1,Goblin Elite Infantry,Classic Sixth Edition,0.14,$0.14
3,3,Goblin Flotilla,Fallen Empires,0.38,$0.35
3,3,Goblin Game,Planeshift,0.91,$0.91
3,3,Goblin Grenade,Fallen Empires,0,$0.73
3,3,Goblin Grenade,Fallen Empires,0,$0.68
4,4,Goblin Grenade,Fallen Empires,0,$0.73
5,5,Goblin Hero,The Dark,0.16,$0.14
10,8,Goblin Kaboomist,Magic 2015 Core Set,0.26,$0.25
1,1,Goblin King,Revised Edition,1.34,$1.35
1,1,Goblin King,Revised Edition,1.34,$1.35
6,6,Goblin Kites,Fallen Empires,0.19,$0.17
1,1,Goblin Lackey,Urza's Saga,7.51,$7.66
4,4,Goblin Legionnaire,Apocalypse,0.17,$0.14
2,2,Goblin Matron,Urza's Saga,0.53,$0.52
1,1,Goblin Offensive,Urza's Saga,1.32,$1.29
1,1,Goblin Patrol,Urza's Saga,0.17,$0.14
36,8,Goblin Piledriver,Magic Origins,2.03,$2.33
11,8,Goblin Rabblemaster,Magic 2015 Core Set,2.45,$2.49
3,3,Goblin Raider,Urza's Saga,0.17,$0.14
1,1,Goblin Recruiter,Visions,1.69,$1.73
1,1,Goblin Recruiter,Classic Sixth Edition,1.59,$1.70
7,7,Goblin Ringleader,Apocalypse,1.9,$1.88
5,5,Goblin Rock Sled,The Dark,0.15,$0.14
1,1,Goblin Rock Sled,Fourth Edition,0.14,$0.14
1,1,Goblin Sappers,Ice Age,0.17,$0.14
5,5,Goblin Shrine,The Dark,0.16,$0.14
2,2,Goblin Spelunkers,Urza's Saga,0.17,$0.15
1,1,Goblin Spy,Invasion,0.19,$0.17
3,3,Goblin Swine-Rider,Visions,0.17,$0.16
2,2,Goblin War Buggy,Urza's Saga,0.16,$0.14
5,5,Goblin War Drums,Fallen Empires,0,$0.16
6,6,Goblin War Drums,Fallen Empires,0,$0.16
5,5,Goblin War Drums,Fallen Empires,0,$0.16
3,3,Goblin War Drums,Fallen Empires,0,$0.16
2,2,Goblin Warrens,Fallen Empires,0.88,$0.86
1,1,Goblin Wizard,The Dark,7.78,$8.00
1,1,Goblins of the Flarg,The Dark,0.16,$0.14
7,7,Goblins of the Flarg,The Dark,0.16,$0.14
1,1,Godless Shrine,Gatecrash,10.54,$10.90
2,2,Godsend,Journey into Nyx,6.06,$6.27
3,3,Goham Djinn,Invasion,0.21,$0.18
8,8,Goldnight Castigator,Shadows over Innistrad,1.91,$2.13
1,1,Gorilla Pack,Ice Age,0.17,$0.14
1,1,Gorilla Warrior,Urza's Saga,0.17,$0.14
6,6,Goryo's Vengeance,Betrayers of Kamigawa,31.2,$31.66
1,1,Gossamer Chains,Visions,0.19,$0.17
1,1,Grafdigger's Cage,Dark Ascension,10.18,$10.00
2,2,Grand Abolisher,Magic 2012,4.35,$4.23
5,5,Grand Architect,Scars of Mirrodin,2.71,$2.66
1,1,Granger Guildmage,Mirage,0.16,$0.14
1,1,Grapeshot Catapult,Antiquities,0.19,$0.19
1,1,Grapeshot Catapult,Fourth Edition,0.14,$0.14
1,1,Grasslands,Mirage,0.44,$0.42
39,8,Grave Betrayal,Return to Ravnica,1.16,$1.06
7,7,Grave Defiler,Apocalypse,0.22,$0.23
2,2,Grave Robbers,The Dark,0.44,$0.45
2,2,Grave Servitude,Mirage,0.16,$0.14
1,1,Gravebane Zombie,Mirage,0.16,$0.14
1,1,Gravebind,Ice Age,0.37,$0.31
27,8,Graveblade Marauder,Magic Origins,0.33,$0.37
1,1,Gravecrawler,Dark Ascension,5.39,$5.72
1,1,Gravedigger,Tempest,0.17,$0.14
1,1,Gravedigger,Classic Sixth Edition,0.14,$0.14
1,1,Gravity Sphere,Legends,33.63,$29.70
1,1,Great Wall,Legends,0.35,$0.39
3,3,Greater Good,Urza's Saga,11,$11.20
1,1,Greed,Legends,16.93,$17.36
7,7,Greel's Caress,Prophecy,0.17,$0.14
1,1,"Greel, Mind Raker",Prophecy,0.36,$0.39
1,1,Green Mana Battery,Legends,0.56,$0.59
4,4,Green Ward,Revised Edition,0.18,$0.16
1,1,Greener Pastures,Urza's Saga,0.34,$0.32
28,8,Greenwarden of Murasa,Battle for Zendikar,1.21,$1.40
1,1,Griffin Canyon,Visions,0.98,$0.92
34,8,Grim Backwoods,Dark Ascension,0.33,$0.28
59,8,Grim Haruspex,Khans of Tarkir,0.32,$0.34
2,2,Grim Lavamancer,Magic 2012,6.94,$6.96
1,1,Grim Monolith,Urza's Legacy,62.57,$61.13
19,8,Grim Return,Magic 2014 Core Set,0.38,$0.38
27,8,"Grimgrin, Corpse-Born",Innistrad,3.76,$3.99
1,1,Grimoire of the Dead,Innistrad,3.21,$3.33
13,8,Grindclock,Scars of Mirrodin,0.38,$0.35
1,1,Grindclock,Magic 2015 Core Set,0.28,$0.25
5,5,Griselbrand,Avacyn Restored,12.15,$12.97
2,2,Grollub,Exodus,0.17,$0.15
38,8,Ground Seal,Magic 2013,0.34,$0.34
2,2,Groundskeeper,Mercadian Masques,0.31,$0.29
1,1,Grove of the Burnwillows,Future Sight,65.24,$65.06
56,8,Grove of the Guardian,Return to Ravnica,0.25,$0.26
9,8,Growing Ranks,Return to Ravnica,0.77,$0.78
28,8,Gruesome Slaughter,Battle for Zendikar,0.31,$0.29
52,8,Gruul Ragebeast,Gatecrash,0.25,$0.23
3,3,Guard Dogs,Planeshift,0.19,$0.17
5,5,Guardian Angel,Revised Edition,0.16,$0.14
34,8,Guardian of Tazeem,Battle for Zendikar,0.3,$0.27
23,8,Guardian of the Ages,Magic 2014 Core Set,0.28,$0.25
71,8,Guild Feud,Return to Ravnica,0.26,$0.23
3,3,Gulf Squid,Prophecy,0.18,$0.15
4,4,Gush,Mercadian Masques,1.42,$1.43
38,8,Gutter Grime,Innistrad,0.35,$0.32
47,8,Guul Draz Overseer,Battle for Zendikar,0.3,$0.25
17,8,Gyre Sage,Gatecrash,1.42,$1.46
16,8,Hall of Triumph,Journey into Nyx,0.58,$0.59
1,1,Hallowed Fountain,Return to Ravnica,7.8,$7.88
25,8,Hallowed Moonlight,Magic Origins,1.66,$1.76
33,8,Hamletback Goliath,Magic 2013,0.28,$0.26
2,2,Hammer Mage,Mercadian Masques,0.21,$0.19
47,8,Hammer of Purphoros,Theros,0.34,$0.36
1,1,Hammerhead Shark,Stronghold,0.17,$0.15
1,1,Hammerheim,Legends,1.77,$2.21
2,2,Hand of Justice,Fallen Empires,0.41,$0.41
17,8,Hangarback Walker,Magic Origins,3.49,$3.88
6,6,Hanweir Militia Captain,Shadows over Innistrad,1.08,$1.14
25,8,Harbinger of the Hunt,Dragons of Tarkir,0.35,$0.33
20,8,Harbinger of the Tides,Magic Origins,1.3,$1.48
31,8,Hardened Scales,Khans of Tarkir,1.64,$1.81
1,1,Harmonic Convergence,Urza's Legacy,0.2,$0.20
17,8,Harness by Force,Journey into Nyx,0.27,$0.26
10,8,Harness the Storm,Shadows over Innistrad,0.32,$0.32
4,4,Harrow,Invasion,0.19,$0.17
8,8,Harvest Mage,Nemesis,0.17,$0.14
6,6,Harvester of Souls,Avacyn Restored,1.04,$1.05
2,2,Hate Weaver,Invasion,0.2,$0.19
7,7,Haunted Angel,Apocalypse,0.2,$0.19
1,1,Haunted Crossroads,Mercadian Masques,0.52,$0.51
8,8,Haunted Plate Mail,Magic 2014 Core Set,0.29,$0.27
3,3,Haunted Plate Mail,Magic 2015 Core Set,0.26,$0.24
11,8,Haven of the Spirit Dragon,Dragons of Tarkir,1.48,$1.86
2,2,Havengul Lich,Dark Ascension,4.18,$4.32
28,8,Havengul Runebinder,Dark Ascension,0.36,$0.32
5,5,Havenwood Battleground,Fallen Empires,0.23,$0.23
65,8,Havoc Festival,Return to Ravnica,0.27,$0.24
1,1,Hawkeater Moth,Urza's Saga,0.2,$0.18
1,1,Hazerider Drake,Mirage,0.19,$0.17
5,5,Hazy Homunculus,Prophecy,0.17,$0.14
1,1,Headless Horseman,Legends,0.29,$0.27
4,4,Heal,Ice Age,0.17,$0.15
10,8,Healing Salve,Revised Edition,0.16,$0.14
1,1,Healing Salve,Urza's Saga,0.17,$0.15
1,1,Hearth Charm,Visions,0.18,$0.15
33,8,Heartless Summoning,Innistrad,1.52,$1.75
1,1,Heartstone,Stronghold,0.37,$0.36
1,1,Heat of Battle,Stronghold,0.22,$0.20
1,1,Heat Ray,Urza's Saga,0.17,$0.14
1,1,Heat Stroke,Weatherlight,0.45,$0.44
2,2,Heat Wave,Visions,0.2,$0.17
1,1,Heaven's Gate,Legends,0.49,$0.55
1,1,Heavy Ballista,Weatherlight,0.16,$0.14
1,1,Heavy Ballista,Classic Sixth Edition,0.19,$0.21
1,1,Hecatomb,Ice Age,0.49,$0.57
25,8,Hedonist's Trove,Dragons of Tarkir,0.36,$0.35
26,8,Hedron Alignment,Oath of the Gatewatch,0.32,$0.31
29,8,"Heliod, God of the Sun",Theros,3.94,$4.29
4,4,Helionaut,Apocalypse,0.17,$0.15
2,2,Hell Swarm,Legends,0.18,$0.19
1,1,Hellfire,Legends,14.07,$15.90
20,8,Hellion Crucible,Magic 2013,0.29,$0.26
9,8,Hellkite Igniter,Mirrodin Besieged,0.35,$0.32
3,3,Hellkite Tyrant,Gatecrash,3,$3.32
9,8,Hellrider,Dark Ascension,0.58,$0.57
1,1,Helm of Awakening,Visions,1.04,$1.03
2,2,Helm of Chatzuk,Revised Edition,0.32,$0.30
1,1,Helm of Chatzuk,Fourth Edition,0.24,$0.29
23,8,Helm of the Gods,Magic Origins,0.31,$0.33
24,8,Helvault,Dark Ascension,0.68,$0.67
1,1,Henge Guardian,Mercadian Masques,0.19,$0.17
2,2,Henge of Ramos,Mercadian Masques,0.2,$0.19
22,8,Herald of Anafenza,Khans of Tarkir,0.33,$0.30
23,8,Herald of the Pantheon,Magic Origins,0.48,$0.62
34,8,Herald of Torment,Born of the Gods,0.29,$0.26
43,8,Heretic's Punishment,Innistrad,0.34,$0.29
2,2,Hermetic Study,Urza's Saga,0.18,$0.17
1,1,Hero of Bladehold,Mirrodin Besieged,7.94,$8.04
33,8,Hero of Goma Fada,Battle for Zendikar,0.33,$0.29
26,8,Hero of Iroas,Born of the Gods,0.79,$0.82
18,8,Hero of Leina Tower,Born of the Gods,0.3,$0.29
11,8,Hero of Oxid Ridge,Mirrodin Besieged,0.98,$0.93
14,8,Hero's Downfall,Theros,1.91,$1.93
5,5,Heroes' Bane,Journey into Nyx,0.58,$0.62
20,8,Heroes' Podium,Born of the Gods,0.27,$0.25
3,3,Heroes' Reunion,Invasion,0.3,$0.30
3,3,Heroic Defiance,Planeshift,0.17,$0.14
6,6,Heroism,Fallen Empires,0.19,$0.17
8,8,Hex Parasite,New Phyrexia,0.54,$0.55
4,4,Hickory Woodlot,Mercadian Masques,0.16,$0.15
1,1,Hidden Ancients,Urza's Saga,0.22,$0.21
33,8,Hidden Dragonslayer,Dragons of Tarkir,1.01,$1.20
1,1,Hidden Path,The Dark,0.7,$0.69
1,1,Hidden Retreat,Stronghold,0.32,$0.30
2,2,Hidden Spider,Urza's Saga,0.18,$0.16
1,1,High Ground,Exodus,0.21,$0.19
2,2,High Market,Mercadian Masques,3.96,$3.95
40,8,High Priest of Penance,Gatecrash,0.56,$0.61
2,2,High Seas,Mercadian Masques,0.2,$0.18
37,8,High Sentinels of Arashin,Khans of Tarkir,0.32,$0.31
6,6,High Tide,Fallen Empires,0.56,$0.56
7,7,High Tide,Fallen Empires,0.56,$0.54
5,5,High Tide,Fallen Empires,0.56,$0.56
4,4,Highway Robber,Mercadian Masques,0.17,$0.15
4,4,Hinterland Harbor,Innistrad,5.11,$5.19
1,1,Hipparion,Ice Age,0.19,$0.17
1,1,Hired Giant,Mercadian Masques,0.2,$0.18
10,8,Hissing Quagmire,Oath of the Gatewatch,3.73,$4.06
27,8,"Hixus, Prison Warden",Magic Origins,0.33,$0.30
1,1,Hoar Shade,Ice Age,0.17,$0.14
3,3,Hoard-Smelter Dragon,Scars of Mirrodin,0.31,$0.31
12,8,Hoarding Dragon,Magic 2015 Core Set,0.26,$0.24
7,7,Hobble,Planeshift,0.17,$0.15
3,3,Hollow Dogs,Urza's Saga,0.17,$0.14
4,4,Hollow Trees,Fallen Empires,0.68,$0.63
3,3,Hollow Warrior,Prophecy,0.19,$0.19
8,8,Holy Armor,Revised Edition,0.16,$0.14
1,1,Holy Armor,Fourth Edition,0.14,$0.14
4,4,Holy Day,Invasion,0.26,$0.24
5,5,Holy Light,The Dark,0.25,$0.25
6,6,Holy Strength,Revised Edition,0.16,$0.14
1,1,Holy Strength,Fourth Edition,0.14,$0.15
7,7,Homarid,Fallen Empires,0.17,$0.17
7,7,Homarid,Fallen Empires,0.17,$0.17
5,5,Homarid,Fallen Empires,0.17,$0.14
6,6,Homarid,Fallen Empires,0.17,$0.17
2,2,Homarid Shaman,Fallen Empires,0.39,$0.35
4,4,Homarid Spawning Bed,Fallen Empires,0.21,$0.21
6,6,Homarid Warrior,Fallen Empires,0,$0.16
5,5,Homarid Warrior,Fallen Empires,0,$0.14
5,5,Homarid Warrior,Fallen Empires,0,$0.16
1,1,Honor Guard,Stronghold,0.17,$0.15
3,3,Honor of the Pure,Magic 2012,1.77,$1.95
1,1,Honorable Passage,Visions,0.19,$0.18
5,5,Honorable Scout,Planeshift,0.17,$0.14
28,8,Honored Hierarch,Magic Origins,0.34,$0.42
13,8,Hooded Hydra,Khans of Tarkir,1.01,$1.12
4,4,Hooded Kavu,Invasion,0.17,$0.14
4,4,Hoodwink,Mercadian Masques,0.2,$0.17
1,1,Hope Charm,Visions,0.17,$0.15
1,1,Hopping Automaton,Urza's Saga,0.2,$0.18
1,1,Horn of Deafening,Chronicles,0.31,$0.27
3,3,Horned Cheetah,Invasion,0.2,$0.18
6,6,Horned Kavu,Planeshift,0.17,$0.16
4,4,Horned Troll,Mercadian Masques,0.16,$0.14
4,4,Hornet Cobra,Legends,0.19,$0.19
11,8,Hornet Nest,Magic 2015 Core Set,1.14,$1.17
9,8,Hornet Queen,Magic 2015 Core Set,0.98,$1.01
1,1,Horrible Hordes,Mirage,0.18,$0.17
2,2,Horror of Horrors,Legends,0.38,$0.45
1,1,Horseshoe Crab,Urza's Saga,0.17,$0.16
36,8,Hound of Griselbrand,Avacyn Restored,0.39,$0.37
1,1,Howl from Beyond,Revised Edition,0.15,$0.13
9,8,Howl from Beyond,Revised Edition,0.15,$0.13
1,1,Howl from Beyond,Classic Sixth Edition,0.14,$0.16
32,8,Howl of the Horde,Khans of Tarkir,0.32,$0.30
1,1,Howling Mine,Fourth Edition,2.78,$2.83
1,1,Howling Mine,Fourth Edition,2.78,$2.83
1,1,Howling Mine,Fifth Edition,2.49,$2.61
4,4,Howling Wolf,Mercadian Masques,0.17,$0.14
9,8,Hull Breach,Planeshift,0.2,$0.21
3,3,Humility,Tempest,23.98,$21.87
1,1,Humility,Tempest,23.98,$21.87
50,8,Hundred-Handed One,Theros,0.4,$0.34
2,2,Hungry Mist,Homelands,0,$0.16
1,1,Hunted Wumpus,Mercadian Masques,0.2,$0.19
25,8,Hunter's Prowess,Born of the Gods,0.27,$0.24
6,6,Hunting Drake,Planeshift,0.17,$0.14
1,1,Hunting Kavu,Invasion,0.2,$0.18
1,1,Huntmaster of the Fells,Dark Ascension,13.37,$13.62
3,3,Hurkyl's Recall,Revised Edition,3.61,$3.75
1,1,Hurloon Minotaur,Fourth Edition,0.14,$0.14
3,3,Hurricane,Revised Edition,0.19,$0.19
1,1,Hush,Urza's Saga,0.17,$0.14
13,8,Hushwing Gryff,Magic 2015 Core Set,0.57,$0.61
1,1,Hyalopterous Lemure,Ice Age,0.19,$0.17
15,8,Hydra Broodmaster,Journey into Nyx,0.63,$0.64
2,2,Hydroblast,Ice Age,0.61,$0.58
8,8,Hymn to Tourach,Fallen Empires,0,$1.43
6,6,Hymn to Tourach,Fallen Empires,0,$1.49
5,5,Hymn to Tourach,Fallen Empires,0,$1.49
5,5,Hymn to Tourach,Fallen Empires,0,$1.49
1,1,Hyperion Blacksmith,Legends,0.37,$0.37
1,1,Hyperion Blacksmith,Legends,0.37,$0.37
43,8,Hypersonic Dragon,Return to Ravnica,0.33,$0.30
4,4,Hypnotic Cloud,Invasion,0.17,$0.14
20,8,Hypnotic Siren,Journey into Nyx,0.34,$0.32
3,3,Hypnotic Specter,Revised Edition,0.86,$0.82
21,8,Hythonia the Cruel,Theros,0.7,$0.71
6,6,Icatian Infantry,Fallen Empires,0.17,$0.17
8,8,Icatian Infantry,Fallen Empires,0.17,$0.17
5,5,Icatian Infantry,Fallen Empires,0.17,$0.17
4,4,Icatian Infantry,Fallen Empires,0.17,$0.14
7,7,Icatian Javelineers,Fallen Empires,0,$0.18
6,6,Icatian Javelineers,Fallen Empires,0,$0.18
6,6,Icatian Javelineers,Fallen Empires,0,$0.19
1,1,Icatian Lieutenant,Fallen Empires,0.35,$0.32
8,8,Icatian Moneychanger,Fallen Empires,0.17,$0.14
4,4,Icatian Moneychanger,Fallen Empires,0.17,$0.17
4,4,Icatian Moneychanger,Fallen Empires,0.17,$0.17
10,8,Icatian Phalanx,Fallen Empires,0.19,$0.17
5,5,Icatian Priest,Fallen Empires,0.19,$0.17
6,6,Icatian Scout,Fallen Empires,0,$0.17
6,6,Icatian Scout,Fallen Empires,0,$0.17
9,8,Icatian Scout,Fallen Empires,0,$0.17
7,7,Icatian Scout,Fallen Empires,0,$0.14
3,3,Icatian Skirmishers,Fallen Empires,0.39,$0.35
5,5,Icatian Store,Fallen Empires,0.47,$0.45
1,1,Icatian Town,Fallen Empires,0.3,$0.30
1,1,Ice Floe,Ice Age,0.28,$0.26
29,8,Icefall Regent,Dragons of Tarkir,0.94,$1.14
2,2,Icequake,Ice Age,0.35,$0.35
1,1,Ichneumon Druid,Legends,0.87,$0.85
42,8,Icy Blast,Khans of Tarkir,0.32,$0.30
1,1,Icy Manipulator,Ice Age,0.36,$0.42
1,1,Ifh-Bíff Efreet,Arabian Nights,0,$21.42
1,1,Ignoble Soldier,Mercadian Masques,0.2,$0.18
1,1,Ill-Gotten Gains,Urza's Saga,1.03,$1.39
7,7,Illuminate,Apocalypse,0.2,$0.20
8,8,Illusion // Reality,Apocalypse,0,$0.17
2,2,Illusionary Forces,Ice Age,0.16,$0.14
4,4,Illusionist's Bracers,Gatecrash,1.97,$1.92
1,1,Illusions of Grandeur,Ice Age,5.14,$4.73
20,8,Illusory Gains,Dragons of Tarkir,0.37,$0.32
1,1,Imaginary Pet,Urza's Saga,0.33,$0.30
2,2,Immolation,Legends,0.19,$0.19
2,2,Immolation,Legends,0.19,$0.19
22,8,Immortal Servitude,Gatecrash,0.54,$0.55
4,4,Implements of Sacrifice,Fallen Empires,0.36,$0.29
2,2,Implode,Planeshift,0.21,$0.21
21,8,Imposing Sovereign,Magic 2014 Core Set,0.4,$0.43
3,3,Imposing Visage,Ice Age,0.17,$0.14
3,3,In Garruk's Wake,Magic 2015 Core Set,0.56,$0.56
1,1,In the Eye of Chaos,Legends,42.83,$44.62
3,3,Incinerate,Ice Age,0.2,$0.20
26,8,Increasing Ambition,Dark Ascension,0.98,$1.01
1,1,Increasing Confusion,Dark Ascension,1.59,$1.62
3,3,Increasing Devotion,Dark Ascension,0.51,$0.57
14,8,Increasing Savagery,Dark Ascension,0.85,$0.87
39,8,Increasing Vengeance,Dark Ascension,1.28,$1.34
1,1,Indentured Djinn,Mercadian Masques,0.31,$0.27
14,8,Indestructibility,Magic 2014 Core Set,0.55,$0.54
4,4,Indestructible Aura,Legends,0.2,$0.21
5,5,Index,Apocalypse,0.18,$0.15
2,2,Indomitable Archangel,Scars of Mirrodin,1.43,$1.49
16,8,Indulgent Tormentor,Magic 2015 Core Set,0.72,$0.75
13,8,Inexorable Blob,Shadows over Innistrad,0.35,$0.35
2,2,Inexorable Tide,Scars of Mirrodin,0.64,$0.66
1,1,Infernal Harvest,Visions,0.17,$0.15
1,1,Infernal Medusa,Legends,1.42,$1.34
1,1,Infernal Medusa,Legends,1.42,$1.34
1,1,Infernal Spawn of Evil,Unglued,1.98,$2.22
1,1,Infernal Tribute,Weatherlight,1.06,$1.07
2,2,Inferno,The Dark,0.86,$0.87
15,8,Infiltrate,Nemesis,0.17,$0.14
22,8,Infinite Obliteration,Magic Origins,1.67,$1.62
22,8,Infinite Reflection,Avacyn Restored,0.42,$0.37
5,5,Inflame,Prophecy,0.16,$0.14
3,3,Infuse,Ice Age,0.17,$0.14
5,5,Initiates of the Ebon Hand,Fallen Empires,0,$0.14
4,4,Initiates of the Ebon Hand,Fallen Empires,0,$0.16
7,7,Initiates of the Ebon Hand,Fallen Empires,0,$0.16
2,2,Inkmoth Nexus,Mirrodin Besieged,26.48,$27.47
5,5,Inquisition,The Dark,0.16,$0.14
1,1,Inquisition of Kozilek,Rise of the Eldrazi,13.55,$14.88
10,8,Insolence,Planeshift,0.17,$0.14
2,2,Instigator,Mercadian Masques,0.33,$0.30
28,8,Instigator Gang,Innistrad,0.85,$0.85
3,3,Instill Energy,Revised Edition,0.24,$0.23
4,4,Insubordination,Mercadian Masques,0.17,$0.14
1,1,Intervene,Urza's Legacy,0.16,$0.14
1,1,Intimidation,Mercadian Masques,0.22,$0.22
12,8,Into the Wilds,Magic 2014 Core Set,0.44,$0.43
1,1,Intrepid Hero,Urza's Saga,0.92,$1.02
12,8,Intrepid Hero,Magic 2013,0.85,$0.80
7,7,Invader Parasite,New Phyrexia,0.36,$0.32
15,8,Inverter of Truth,Oath of the Gatewatch,0.87,$0.97
4,4,Invigorate,Mercadian Masques,0.8,$0.83
3,3,Inviolability,Mercadian Masques,0.19,$0.20
2,2,Invisibility,Unlimited Edition,0.31,$0.36
1,1,Invisibility,Unlimited Edition,0.31,$0.36
2,2,Invisibility,Unlimited Edition,0.31,$0.36
13,8,Invocation of Saint Traft,Shadows over Innistrad,0.3,$0.33
32,8,Ire Shaman,Dragons of Tarkir,0.39,$0.38
1,1,"Iroas, God of Victory",Journey into Nyx,7.85,$7.97
1,1,Iron Lance,Mercadian Masques,0.19,$0.17
2,2,Iron Star,Revised Edition,0.18,$0.16
7,7,Ironroot Treefolk,Revised Edition,0.15,$0.13
1,1,Ironroot Treefolk,Fourth Edition,0.14,$0.15
6,6,Irrigation Ditch,Invasion,0.17,$0.16
1,1,Island,Unhinged,0,$9.98
1,1,Island Fish Jasconius,Revised Edition,0.32,$0.30
10,8,Isolated Chapel,Innistrad,3.39,$3.53
40,8,"Isperia, Supreme Judge",Return to Ravnica,0.75,$0.78
1,1,Ivory Cup,Limited Edition Beta,1.86,$1.93
2,2,Ivory Cup,Revised Edition,0.17,$0.15
1,1,Ivory Mask,Mercadian Masques,0.75,$0.76
1,1,Ivory Tower,Revised Edition,1.16,$1.28
20,8,Ivorytusk Fortress,Khans of Tarkir,0.31,$0.27
1,1,Jabari's Banner,Weatherlight,0.2,$0.21
1,1,Jace's Archivist,Magic 2012,0.4,$0.41
18,8,Jace's Mindseeker,Magic 2014 Core Set,0.28,$0.26
21,8,Jace's Sanctum,Magic Origins,0.48,$0.50
1,1,"Jace, Memory Adept",Magic 2012,6.16,$6.17
4,4,"Jace, Memory Adept",Magic 2014 Core Set,5.93,$6.19
6,6,"Jace, the Living Guildpact",Magic 2015 Core Set,2.8,$2.85
1,1,"Jace, the Mind Sculptor",Eternal Masters,66.86,$69.10
1,1,"Jace, Unraveler of Secrets",Shadows over Innistrad,6.33,$6.77
4,4,"Jace, Vryn's Prodigy",Magic Origins,31.54,$32.17
2,2,Jackalope Herd,Exodus,0.16,$0.14
1,1,Jade Leech,Invasion,0.32,$0.29
4,4,Jaded Response,Apocalypse,0.16,$0.14
2,2,"Jalira, Master Polymorphist",Magic 2015 Core Set,0.27,$0.26
1,1,Jalum Tome,Antiquities,0.75,$0.73
1,1,Jamuraan Lion,Visions,0.17,$0.15
2,2,Jandor's Ring,Revised Edition,0.31,$0.28
1,1,Jandor's Saddlebags,Revised Edition,0.31,$0.29
1,1,Jangling Automaton,Weatherlight,0.17,$0.14
33,8,Jar of Eyeballs,Dark Ascension,0.32,$0.29
50,8,Jarad's Orders,Return to Ravnica,0.35,$0.35
12,8,"Jarad, Golgari Lich Lord",Return to Ravnica,1.06,$1.08
1,1,Jayemdae Tome,Revised Edition,0.31,$0.29
20,8,Jeering Instigator,Khans of Tarkir,0.31,$0.27
79,8,Jeskai Ascendancy,Khans of Tarkir,0.8,$0.76
31,8,Jeskai Infiltrator,Fate Reforged,0.35,$0.28
2,2,Jester's Cap,Ice Age,2.01,$2.22
1,1,Jeweled Torque,Mercadian Masques,0.19,$0.17
1,1,Jhovall Queen,Mercadian Masques,0.43,$0.45
1,1,Jhovall Rider,Mercadian Masques,0.19,$0.17
4,4,Jilt,Apocalypse,0.18,$0.15
1,1,Jinxed Ring,Stronghold,0.34,$0.33
1,1,Jolrael's Centaur,Mirage,0.16,$0.14
4,4,"Jolrael, Empress of Beasts",Prophecy,0.36,$0.37
1,1,Jolt,Mirage,0.17,$0.15
4,4,Jolting Merfolk,Nemesis,0.2,$0.21
14,8,"Jor Kadeen, the Prevailer",New Phyrexia,0.37,$0.33
38,8,"Jori En, Ruin Diver",Oath of the Gatewatch,0.5,$0.60
1,1,Jovial Evil,Legends,4.52,$5.23
5,5,Juggernaut,Revised Edition,0.18,$0.20
5,5,Jump,Revised Edition,0.16,$0.14
7,7,Jungle Barrier,Apocalypse,0.2,$0.18
1,1,Jungle Basin,Visions,0.3,$0.30
1,1,Jungle Wurm,Mirage,0.16,$0.14
2,2,Juniper Order Druid,Ice Age,0.17,$0.15
2,2,Juxtapose,Legends,1.64,$2.18
1,1,Kaalia of the Vast,Commander,39.97,$40.75
1,1,Kaalia of the Vast,Commander,39.97,$40.75
1,1,Kaervek's Torch,Mirage,0.21,$0.19
1,1,"Kalitas, Traitor of Ghet",Oath of the Gatewatch,23.76,$24.72
2,2,Kalonian Hydra,Magic 2014 Core Set,10.38,$10.83
7,7,Kalonian Twingrove,Magic 2015 Core Set,0.35,$0.34
1,1,"Kangee, Aerie Keeper",Invasion,0.54,$0.54
1,1,Karakas,Eternal Masters,68.26,$74.26
1,1,Karakas,Legends,120.99,$114.18
17,8,"Karametra, God of Harvests",Born of the Gods,3.26,$3.43
4,4,Karma,Revised Edition,0.18,$0.16
2,2,Karma,Fourth Edition,0.19,$0.19
1,1,Karplusan Forest,Ice Age,7.21,$7.33
1,1,Karplusan Forest,Classic Sixth Edition,6.49,$6.95
1,1,"Karrthus, Tyrant of Jund",Alara Reborn,14.28,$14.75
4,4,Kavu Aggressor,Invasion,0.17,$0.15
5,5,Kavu Chameleon,Invasion,0.2,$0.18
4,4,Kavu Climber,Invasion,0.17,$0.14
5,5,Kavu Glider,Apocalypse,0.17,$0.15
7,7,Kavu Howler,Apocalypse,0.2,$0.18
1,1,Kavu Monarch,Invasion,0.38,$0.37
5,5,Kavu Recluse,Planeshift,0.16,$0.14
2,2,Kavu Runner,Invasion,0.21,$0.18
4,4,Kavu Scout,Invasion,0.17,$0.14
1,1,Kavu Titan,Invasion,0.83,$0.83
1,1,Keeper of the Beasts,Exodus,0.2,$0.18
1,1,Keeper of the Flame,Exodus,0.21,$0.20
2,2,Keeper of the Mind,Exodus,0.2,$0.19
4,4,Keepers of the Faith,Legends,0.18,$0.19
4,4,Keldon Battlewagon,Prophecy,0.31,$0.28
8,8,Keldon Mantle,Planeshift,0.17,$0.14
2,2,Keldon Necropolis,Invasion,0.37,$0.36
1,1,Kelsinko Ranger,Ice Age,0.16,$0.14
19,8,"Kemba, Kha Regent",Scars of Mirrodin,0.42,$0.41
15,8,"Keranos, God of Storms",Journey into Nyx,11.11,$11.72
41,8,Kessig Cagebreakers,Innistrad,0.34,$0.31
1,1,Kessig Wolf Run,Innistrad,2.26,$2.28
1,1,Kezzerdrix,Tempest,0.32,$0.29
36,8,Kheru Lich Lord,Khans of Tarkir,0.32,$0.28
30,8,Kheru Spellsnatcher,Khans of Tarkir,0.3,$0.27
3,3,"Kiki-Jiki, Mirror Breaker",Modern Masters 2015 Edition,14.72,$16.13
2,2,Kill Switch,Nemesis,0.41,$0.38
1,1,Killer Whale,Exodus,0.21,$0.20
11,8,Killing Wave,Avacyn Restored,0.88,$0.92
1,1,King Cheetah,Visions,0.17,$0.15
1,1,King Crab,Urza's Legacy,0.21,$0.18
13,8,"King Macar, the Gold-Cursed",Journey into Nyx,0.29,$0.27
34,8,"Kiora, Master of the Depths",Battle for Zendikar,2.81,$3.03
8,8,"Kiora, the Crashing Wave",Born of the Gods,2.83,$2.98
2,2,"Kira, Great Glass-Spinner",Modern Masters,15.42,$15.66
1,1,"Kira, Great Glass-Spinner",Betrayers of Kamigawa,16.59,$15.66
1,1,Kismet,Fourth Edition,0.19,$0.24
2,2,Kitchen Finks,Modern Masters,14.59,$14.15
1,1,Kitchen Finks,Shadowmoor,14.78,$14.97
2,2,Kithkin Armor,Weatherlight,0.17,$0.16
2,2,Kjeldoran Dead,Ice Age,0.17,$0.16
1,1,Kjeldoran Guard,Ice Age,0.17,$0.14
1,1,Kjeldoran Warrior,Ice Age,0.16,$0.14
1,1,Knight of the Mists,Visions,0.17,$0.15
1,1,Knight of the Reliquary,Conflux,11.03,$11.67
9,8,Knight of the White Orchid,Magic Origins,3.14,$3.31
1,1,Knight of Valor,Visions,0.17,$0.15
1,1,Knights of Thorn,The Dark,0.86,$0.87
7,7,Knowledge Pool,Mirrodin Besieged,0.29,$0.28
1,1,Knowledge Vault,Legends,3.59,$4.05
5,5,Kolaghan's Command,Dragons of Tarkir,8.79,$9.41
44,8,"Kolaghan, the Storm's Fury",Fate Reforged,0.57,$0.56
1,1,Kookus,Visions,0.35,$0.32
2,2,Kor Haven,Nemesis,7.2,$7.30
2,2,Kor Spiritdancer,Planechase 2012,13.19,$13.34
4,4,Kor Spiritdancer,Rise of the Eldrazi,12.03,$12.77
1,1,Kormus Bell,Revised Edition,0.31,$0.30
1,1,Koskun Keep,Homelands,0.2,$0.21
26,8,"Kothophed, Soul Hoarder",Magic Origins,0.37,$0.41
3,3,"Kozilek, Butcher of Truth",Modern Masters 2015 Edition,20,$20.86
12,8,"Kozilek, the Great Distortion",Oath of the Gatewatch,4.74,$5.02
4,4,Kris Mage,Mercadian Masques,0.17,$0.14
1,1,Krovikan Sorcerer,Ice Age,0.17,$0.14
4,4,Krovikan Vampire,Ice Age,0.31,$0.29
3,3,Kruin Outlaw,Innistrad,1.96,$1.99
15,8,"Kruphix, God of Horizons",Journey into Nyx,6.35,$6.55
2,2,Kry Shield,Legends,0.36,$0.39
2,2,Kudzu,Revised Edition,0.33,$0.31
1,1,Kukemssa Pirates,Mirage,0.42,$0.39
3,3,Kuldotha Forgemaster,Scars of Mirrodin,2.2,$2.26
11,8,Kuldotha Phoenix,Scars of Mirrodin,0.28,$0.28
3,3,"Kurkesh, Onakke Ancient",Magic 2015 Core Set,0.27,$0.27
1,1,Kyren Archive,Mercadian Masques,0.32,$0.29
4,4,Kyren Glider,Mercadian Masques,0.16,$0.14
2,2,Kyren Legate,Mercadian Masques,0.2,$0.21
1,1,Kyren Negotiations,Mercadian Masques,0.22,$0.22
4,4,Kyren Sniper,Mercadian Masques,0.16,$0.14
1,1,Kyren Toy,Mercadian Masques,0.38,$0.37
41,8,Kytheon's Irregulars,Magic Origins,0.28,$0.27
1,1,"Kytheon, Hero of Akros",Magic Origins,9.57,$10.02
1,1,"Kytheon, Hero of Akros",Magic Origins,9.57,$10.02
1,1,Lab Rats,Stronghold,0.19,$0.18
6,6,Laboratory Maniac,Innistrad,3.05,$3.09
50,8,Labyrinth Champion,Theros,0.31,$0.27
7,7,Laccolith Grunt,Nemesis,0.17,$0.14
8,8,Laccolith Rig,Nemesis,0.16,$0.14
1,1,Laccolith Titan,Nemesis,0.32,$0.32
2,2,Laccolith Warrior,Nemesis,0.2,$0.21
10,8,Laccolith Whelp,Nemesis,0.17,$0.14
1,1,Lady Caleria,Legends,3.85,$4.56
2,2,Lance,Revised Edition,0.18,$0.16
2,2,Land Cap,Ice Age,0.34,$0.32
4,4,Land Grant,Mercadian Masques,0.29,$0.38
5,5,Land Leeches,The Dark,0.16,$0.14
2,2,Land Tax,Fourth Edition,13.29,$13.36
3,3,Land's Edge,Legends,10.64,$14.03
1,1,Languish,Magic Origins,5.31,$5.51
26,8,Lantern Scout,Battle for Zendikar,0.73,$0.76
1,1,Lapis Lazuli Talisman,Ice Age,0.19,$0.19
1,1,Larceny,Mercadian Masques,0.2,$0.21
7,7,Lashknife,Nemesis,0.17,$0.14
3,3,Lashknife Barrier,Planeshift,0.22,$0.21
4,4,Lashwrithe,New Phyrexia,0.42,$0.47
2,2,Last Breath,Mercadian Masques,0.25,$0.25
4,4,Last Caress,Apocalypse,0.16,$0.14
6,6,Latulla's Orders,Prophecy,0.17,$0.14
2,2,Launch,Urza's Saga,0.18,$0.16
11,8,Launch the Fleet,Journey into Nyx,0.64,$0.67
4,4,Lava Axe,Urza's Legacy,0.17,$0.15
6,6,Lava Zombie,Planeshift,0.17,$0.14
46,8,Lavinia of the Tenth,Dragon's Maze,0.26,$0.25
12,8,Lawbringer,Nemesis,0.16,$0.14
4,4,Lay of the Land,Apocalypse,0.17,$0.16
7,7,"Lazav, Dimir Mastermind",Gatecrash,2.47,$2.73
1,1,Lead-Belly Chimera,Visions,0.21,$0.20
2,2,Leap,Stronghold,0.16,$0.14
1,1,Leering Gargoyle,Mirage,0.35,$0.31
11,8,Legion's Initiative,Dragon's Maze,1.51,$1.60
2,2,Legions of Lim-Dûl,Ice Age,0,$0.11
10,8,Leonin Arbiter,Scars of Mirrodin,4.69,$4.73
1,1,Lesser Gargadon,Prophecy,0.2,$0.20
1,1,Lesser Werewolf,Legends,0.68,$0.71
1,1,Lesser Werewolf,Legends,0.68,$0.71
1,1,Leviathan,The Dark,0.87,$0.90
1,1,Levitation,Urza's Legacy,0.21,$0.18
1,1,Ley Line,Mercadian Masques,0.2,$0.18
4,4,Library of Leng,Revised Edition,0.33,$0.30
1,1,Lich,Unlimited Edition,29.04,$31.36
4,4,Liege of the Hollows,Weatherlight,0.86,$0.83
7,7,Life // Death,Apocalypse,0,$0.26
5,5,Life Chisel,Legends,0.78,$0.84
1,1,Life Matrix,Legends,3.26,$3.72
5,5,Life's Finale,New Phyrexia,1.72,$1.74
13,8,Life's Legacy,Magic 2015 Core Set,0.39,$0.39
10,8,Lifebane Zombie,Magic 2014 Core Set,0.58,$0.57
3,3,Lifeforce,Revised Edition,0.2,$0.19
1,1,Lifelace,Fourth Edition,0.24,$0.27
2,2,Lifeline,Urza's Saga,3.9,$3.77
2,2,Lifetap,Revised Edition,0.18,$0.16
8,8,Lightbringer,Nemesis,0.16,$0.14
4,4,Lightning Bolt,Revised Edition,2.32,$2.46
2,2,Lightning Bolt,Revised Edition,2.32,$2.46
4,4,Lightning Bolt,Fourth Edition,2.18,$2.22
1,1,Lightning Elemental,Tempest,0.16,$0.14
4,4,Lightning Hounds,Mercadian Masques,0.16,$0.14
1,1,Lightning Reflexes,Mirage,0.15,$0.13
18,8,Liliana's Reaver,Magic 2014 Core Set,0.49,$0.53
1,1,Lilting Refrain,Urza's Saga,0.26,$0.24
1,1,Lim-Dûl's Cohort,Ice Age,0,$0.10
1,1,"Lin Sivvi, Defiant Hero",Nemesis,0.96,$1.23
10,8,"Linvala, the Preserver",Oath of the Gatewatch,2.81,$2.93
3,3,Livewire Lash,Scars of Mirrodin,0.4,$0.40
4,4,Living Airship,Apocalypse,0.17,$0.15
1,1,Living Armor,The Dark,0.2,$0.18
2,2,Living Armor,The Dark,0.2,$0.18
1,1,Living End,Time Spiral,13.93,$14.92
33,8,Living Lore,Dragons of Tarkir,0.37,$0.33
1,1,Living Plane,Legends,49.98,$47.00
3,3,Living Wall,Revised Edition,0.24,$0.23
4,4,Llanowar Cavalry,Invasion,0.17,$0.14
4,4,Llanowar Dead,Apocalypse,0.21,$0.18
1,1,Llanowar Druid,Weatherlight,0.19,$0.18
3,3,Llanowar Elite,Invasion,0.17,$0.16
14,8,Llanowar Elves,Revised Edition,0.19,$0.19
1,1,Llanowar Elves,Classic Sixth Edition,0.19,$0.22
4,4,Llanowar Knight,Invasion,0.16,$0.14
1,1,Llanowar Sentinel,Weatherlight,0.17,$0.16
3,3,Llanowar Vanguard,Invasion,0.17,$0.14
6,6,Llanowar Wastes,Magic 2015 Core Set,1.95,$2.25
28,8,Llanowar Wastes,Magic Origins,1.77,$1.82
1,1,Lobotomy,Invasion,0.26,$0.26
39,8,Lone Revenant,Avacyn Restored,0.35,$0.30
2,2,Lone Wolf,Urza's Legacy,0.2,$0.18
1,1,Longbow Archer,Visions,0.3,$0.31
1,1,Looming Shade,Urza's Saga,0.17,$0.14
1,1,Lord of Atlantis,Revised Edition,4.96,$4.82
1,1,Lord of Extinction,Alara Reborn,16.17,$16.80
6,6,Lord of the Unreal,Magic 2012,0.83,$0.87
2,2,Lord of the Void,Gatecrash,3.97,$4.02
34,8,Lost in the Woods,Dark Ascension,0.27,$0.25
1,1,Lost Soul,Legends,0.19,$0.19
1,1,Lost Soul,Fourth Edition,0.14,$0.16
1,1,Lost Soul,Classic Sixth Edition,0.14,$0.16
39,8,Lotleth Troll,Return to Ravnica,0.74,$0.74
2,2,Lotus Cobra,Zendikar,14.47,$15.54
1,1,Lowland Basilisk,Stronghold,0.17,$0.15
37,8,Loxodon Smiter,Return to Ravnica,2.2,$2.43
12,8,Ludevic's Test Subject,Innistrad,0.34,$0.31
1,1,Lull,Urza's Saga,0.19,$0.17
88,8,Lumbering Falls,Battle for Zendikar,1.39,$1.75
1,1,Lumbering Satyr,Mercadian Masques,0.2,$0.18
22,8,Luminate Primordial,Gatecrash,0.33,$0.30
43,8,Lunar Mystic,Avacyn Restored,0.34,$0.34
4,4,Lunge,Mercadian Masques,0.16,$0.14
8,8,Lure,Revised Edition,0.18,$0.16
1,1,Lure,Mercadian Masques,0.2,$0.18
1,1,Lurker,The Dark,0.37,$0.38
1,1,Lurking Evil,Urza's Saga,0.36,$0.32
1,1,Lux Cannon,Scars of Mirrodin,2.94,$3.07
2,2,Maelstrom Pulse,Modern Masters,14.7,$14.22
1,1,Maelstrom Wanderer,Eternal Masters,11,$11.49
1,1,Mage il-Vec,Exodus,0.17,$0.15
30,8,Mage-Ring Responder,Magic Origins,0.35,$0.29
2,2,Mageta's Boon,Prophecy,0.17,$0.14
9,8,Maggot Carrier,Planeshift,0.16,$0.14
4,4,Maggot Therapy,Mercadian Masques,0.16,$0.14
3,3,Magical Hack,Revised Edition,0.31,$0.29
1,1,Magical Hack,Fourth Edition,0.24,$0.29
1,1,Magistrate's Veto,Mercadian Masques,0.21,$0.19
8,8,Magma Burst,Planeshift,0.17,$0.14
1,1,Magma Mine,Visions,0.2,$0.17
30,8,Magmaquake,Magic 2013,0.3,$0.30
11,8,Magnetic Mine,Mirrodin Besieged,0.35,$0.31
1,1,Magnetic Mountain,Revised Edition,0.31,$0.29
2,2,Mahamoti Djinn,Fourth Edition,0.29,$0.28
10,8,Mahamoti Djinn,Magic 2015 Core Set,0.31,$0.30
9,8,Mahamoti Djinn,Magic Origins,0,$0.49
7,7,Malicious Advice,Planeshift,0.17,$0.14
1,1,Malignus,Avacyn Restored,2.23,$2.28
2,2,Man-o'-War,Visions,0.25,$0.26
57,8,Mana Bloom,Return to Ravnica,0.29,$0.30
2,2,Mana Breach,Exodus,0.22,$0.22
3,3,Mana Cache,Nemesis,0.39,$0.36
1,1,Mana Chains,Weatherlight,0.17,$0.14
1,1,Mana Clash,The Dark,0.47,$0.48
1,1,Mana Clash,The Dark,0.47,$0.48
3,3,Mana Confluence,Journey into Nyx,4.42,$4.84
1,1,Mana Crypt,Eternal Masters,85.86,$93.02
2,2,Mana Cylix,Planeshift,0.21,$0.22
1,1,Mana Drain,Legends,205.86,$217.00
1,1,Mana Drain,Legends,205.86,$217.00
4,4,Mana Flare,Revised Edition,1.88,$2.11
1,1,Mana Maze,Invasion,0.48,$0.46
1,1,Mana Short,Revised Edition,0.71,$0.69
1,1,Mana Short,Revised Edition,0.71,$0.69
2,2,Mana Vapors,Prophecy,0.25,$0.23
4,4,Mana Vault,Revised Edition,10.99,$10.41
1,1,Mana Vault,Revised Edition,10.99,$10.41
1,1,Mana Vortex,The Dark,3.96,$4.40
2,2,Mana Vortex,The Dark,3.96,$4.40
2,2,Manabarbs,Revised Edition,0.33,$0.32
12,8,Manabarbs,Magic 2012,0.31,$0.30
1,1,Manabond,Exodus,4.38,$4.40
4,4,Manacles of Decay,Apocalypse,0.15,$0.14
33,8,Managorger Hydra,Magic Origins,1.44,$1.73
1,1,Mangara's Equity,Mirage,0.19,$0.18
1,1,Maniacal Rage,Exodus,0.17,$0.15
4,4,Maniacal Rage,Invasion,0.17,$0.14
4,4,Manipulate Fate,Invasion,0.35,$0.43
34,8,Manor Gargoyle,Innistrad,0.28,$0.26
55,8,Mantis Rider,Khans of Tarkir,0.48,$0.47
1,1,Marble Diamond,Mirage,0.23,$0.22
1,1,Marble Priest,Legends,0.36,$0.36
44,8,March from the Tomb,Battle for Zendikar,0.37,$0.37
1,1,March of Souls,Planeshift,0.62,$0.61
35,8,Mardu Ascendancy,Khans of Tarkir,0.36,$0.34
33,8,Mardu Strike Leader,Fate Reforged,0.58,$0.63
14,8,Markov Blademaster,Dark Ascension,0.68,$0.69
14,8,Markov Dreadknight,Shadows over Innistrad,0.26,$0.28
3,3,Marsh Boa,Prophecy,0.19,$0.15
2,2,Marsh Crocodile,Planeshift,0.2,$0.22
1,1,Marsh Flats,Zendikar,44.18,$43.99
5,5,Marsh Gas,The Dark,0.16,$0.14
7,7,Marsh Goblins,The Dark,0.16,$0.14
5,5,Marsh Viper,The Dark,0.16,$0.14
62,8,Martial Law,Return to Ravnica,0.33,$0.28
1,1,Martyr's Cry,The Dark,0.71,$0.71
7,7,Martyrs' Tomb,Apocalypse,0.19,$0.17
1,1,Mask of the Mimic,Stronghold,0.3,$0.29
12,8,Mass Calcify,Magic 2015 Core Set,0.29,$0.27
4,4,Massacre,Nemesis,0.59,$0.55
1,1,Master of Arms,Weatherlight,0.19,$0.20
1,1,Master of Etherium,Duel Decks: Elspeth vs. Tezzeret,11.75,$11.17
33,8,Master of Pearls,Khans of Tarkir,0.32,$0.27
13,8,Master of Predicaments,Magic 2015 Core Set,0.26,$0.23
19,8,Master of the Feast,Journey into Nyx,0.91,$1.09
10,8,Master of the Pearl Trident,Magic 2013,7.1,$7.66
1,1,Master of the Wild Hunt,Magic 2010,13.46,$14.55
1,1,Master of the Wild Hunt,Magic 2010,13.46,$14.55
9,8,Master of Waves,Theros,4.06,$4.33
34,8,Mastery of the Unseen,Fate Reforged,0.41,$0.40
36,8,Matter Reshaper,Oath of the Gatewatch,4.05,$3.50
3,3,Maze of Ith,Eternal Masters,13.58,$14.85
1,1,Maze of Ith,The Dark,21.92,$23.97
1,1,Maze of Ith,The Dark,21.92,$23.97
2,2,Maze of Ith,The Dark,21.92,$23.97
13,8,Maze's End,Dragon's Maze,0.92,$0.98
42,8,Meandering Towershell,Khans of Tarkir,0.29,$0.26
26,8,Medomai the Ageless,Theros,0.84,$0.83
1,1,Meekstone,Revised Edition,1.49,$1.49
13,8,Megantic Sliver,Magic 2014 Core Set,0.68,$0.70
1,1,Melee,Ice Age,0.19,$0.17
15,8,"Melek, Izzet Paragon",Dragon's Maze,0.32,$0.31
62,8,Meletis Charlatan,Theros,0.26,$0.24
2,2,"Melira, Sylvok Outcast",New Phyrexia,8.69,$9.17
1,1,Memoricide,Scars of Mirrodin,0.38,$0.35
1,1,Memory Lapse,Mirage,0.18,$0.19
13,8,Mentor of the Meek,Innistrad,1.04,$1.03
1,1,Mercadia's Downfall,Mercadian Masques,0.19,$0.17
1,1,Mercadian Bazaar,Mercadian Masques,0.32,$0.30
1,1,Mercenary Informer,Prophecy,0.34,$0.35
45,8,Merciless Eviction,Gatecrash,0.98,$0.99
36,8,Mercurial Chemister,Return to Ravnica,0.27,$0.27
2,2,Mercurial Pretender,Magic 2015 Core Set,0.26,$0.24
3,3,Merfolk Assassin,The Dark,0.51,$0.52
4,4,Merfolk Looter,Exodus,0.17,$0.16
4,4,Merfolk of the Pearl Trident,Revised Edition,0.16,$0.15
1,1,Merfolk Raiders,Mirage,0.17,$0.14
6,6,Merseine,Fallen Empires,0.17,$0.17
7,7,Merseine,Fallen Empires,0.17,$0.17
6,6,Merseine,Fallen Empires,0.17,$0.14
6,6,Merseine,Fallen Empires,0.17,$0.17
5,5,Mesa Enchantress,Magic 2012,0.33,$0.31
1,1,Mesa Falcon,Classic Sixth Edition,0.14,$0.14
9,8,Mesa Pegasus,Revised Edition,0.16,$0.14
1,1,Mesmeric Orb,Mirrodin,11.92,$11.72
2,2,Metalworker,Urza's Destiny,38.95,$37.46
1,1,Metathran Transport,Invasion,0.2,$0.18
4,4,Metathran Zombie,Invasion,0.18,$0.15
1,1,Meteor Crater,Planeshift,1.46,$1.43
2,2,Meteor Shower,Ice Age,0.17,$0.14
1,1,Midnight Ritual,Mercadian Masques,0.33,$0.30
2,2,Might Weaver,Invasion,0.2,$0.18
1,1,Mightstone,Antiquities,0.45,$0.59
2,2,Mijae Djinn,Revised Edition,0.4,$0.36
2,2,"Mikaeus, the Lunarch",Innistrad,3.61,$3.66
1,1,Millstone,Revised Edition,0.46,$0.42
2,2,Mimic Vat,Scars of Mirrodin,2.95,$3.41
29,8,"Mina and Denn, Wildborn",Oath of the Gatewatch,0.49,$0.56
2,2,"Minamo, School at Water's Edge",Champions of Kamigawa,24.35,$23.46
1,1,Mind Bomb,The Dark,0.62,$0.63
4,4,Mind Extraction,Apocalypse,0.17,$0.14
1,1,Mind Games,Stronghold,0.17,$0.16
7,7,Mind Grind,Gatecrash,1.99,$2.05
2,2,Mind Maggots,Exodus,0.2,$0.18
1,1,Mind Over Matter,Exodus,13.43,$13.29
1,1,Mind Peel,Stronghold,0.22,$0.23
2,2,Mind Ravel,Ice Age,0.16,$0.14
6,6,Mind Slash,Nemesis,0.48,$0.42
6,6,Mind Swords,Nemesis,0.16,$0.14
2,2,Mind Twist,Revised Edition,2.7,$2.69
6,6,Mind Unbound,Magic 2012,0.31,$0.29
2,2,Mindless Automaton,Exodus,0.36,$0.34
13,8,Mindreaver,Born of the Gods,0.27,$0.26
26,8,Mindshrieker,Innistrad,0.38,$0.37
1,1,Mindslaver,Scars of Mirrodin,4.93,$4.99
12,8,Mindsparker,Magic 2014 Core Set,0.34,$0.34
8,8,Mindstab Thrull,Fallen Empires,0,$0.17
5,5,Mindstab Thrull,Fallen Empires,0,$0.18
5,5,Mindstab Thrull,Fallen Empires,0,$0.17
60,8,Mindswipe,Khans of Tarkir,0.29,$0.29
13,8,Mindwrack Demon,Shadows over Innistrad,2.52,$2.78
1,1,Mine Bearer,Prophecy,0.17,$0.14
7,7,Minotaur Illusionist,Apocalypse,0.19,$0.17
4,4,Minotaur Tactician,Apocalypse,0.17,$0.14
7,7,Miracle Worker,The Dark,0.16,$0.14
6,6,Mire Kavu,Planeshift,0.17,$0.14
15,8,"Mirko Vosk, Mind Drinker",Dragon's Maze,0.97,$0.95
4,4,Mirran Crusader,Mirrodin Besieged,1.56,$1.61
12,8,Mirror Mockery,Dragons of Tarkir,0.47,$0.46
29,8,Mirror-Mad Phantasm,Innistrad,0.68,$0.70
5,5,Mirrorpool,Oath of the Gatewatch,2.1,$2.55
1,1,Mirrorwood Treefolk,Planeshift,0.2,$0.18
8,8,Mirrorworks,Mirrodin Besieged,1.66,$1.67
1,1,Miscalculation,Urza's Legacy,0.23,$0.23
1,1,Mischievous Poltergeist,Weatherlight,0.21,$0.21
1,1,Misdirection,Mercadian Masques,4.97,$5.62
1,1,Mishra's Factory,Antiquities,0,$20.28
1,1,Mishra's Factory,Antiquities,0,$20.28
1,1,Mishra's Factory,Antiquities,0,$50.00
1,1,Mishra's Factory,Antiquities,0,$12.00
1,1,Mishra's Factory,Antiquities,0,$69.00
2,2,Mishra's Factory,Fourth Edition,1.66,$1.77
1,1,Mishra's Helix,Urza's Saga,1.15,$1.32
1,1,Mishra's Workshop,Antiquities,999.95,$975.60
3,3,Misshapen Fiend,Mercadian Masques,0.17,$0.14
4,4,Misstep,Mercadian Masques,0.16,$0.14
45,8,Mistcutter Hydra,Theros,0.53,$0.50
17,8,Misthollow Griffin,Avacyn Restored,0.93,$0.93
1,1,Misty Rainforest,Zendikar,55.97,$57.14
14,8,Mitotic Manipulation,Mirrodin Besieged,0.28,$0.27
25,8,Mizzium Meddler,Magic Origins,0.3,$0.46
26,8,Mizzium Mortars,Return to Ravnica,0.4,$0.45
1,1,Mob Justice,Stronghold,0.18,$0.16
17,8,Mob Rule,Fate Reforged,0.3,$0.28
1,1,Mobile Fort,Urza's Saga,0.21,$0.20
6,6,Mogg Alarm,Nemesis,0.24,$0.24
3,3,Mogg Bombers,Stronghold,0.17,$0.15
1,1,Mogg Flunkies,Stronghold,0.17,$0.15
1,1,Mogg Hollows,Tempest,0.19,$0.17
3,3,Mogg Jailer,Planeshift,0.21,$0.18
1,1,Mogg Maniac,Stronghold,0.94,$0.91
4,4,Mogg Salvage,Nemesis,0.19,$0.20
1,1,Mogg Sentry,Planeshift,0.31,$0.31
5,5,Mogg Toady,Nemesis,0.16,$0.14
3,3,Moggcatcher,Nemesis,5,$5.17
17,8,"Mogis, God of Slaughter",Born of the Gods,4.99,$5.17
38,8,Moldgraf Monstrosity,Innistrad,0.37,$0.35
1,1,Mole Worms,Ice Age,0.2,$0.18
27,8,Molten Primordial,Gatecrash,0.26,$0.26
11,8,Molten Psyche,Scars of Mirrodin,0.38,$0.37
18,8,Molten Vortex,Magic Origins,0.42,$0.53
10,8,Moltensteel Dragon,New Phyrexia,0.49,$0.50
1,1,Molting Harpy,Mercadian Masques,0.2,$0.18
4,4,Moment of Silence,Mercadian Masques,0.17,$0.16
27,8,Monastery Siege,Fate Reforged,0.62,$0.63
10,8,Monastery Swiftspear,Khans of Tarkir,2.19,$2.21
30,8,Mondronen Shaman,Dark Ascension,0.45,$0.44
2,2,Monk Realist,Urza's Saga,0.17,$0.15
2,2,Monomania,Magic 2012,0.29,$0.28
4,4,Mons's Goblin Raiders,Revised Edition,0.16,$0.14
1,1,Moonlit Wake,Mercadian Masques,0.24,$0.22
2,2,Moonveil Dragon,Dark Ascension,2.14,$2.28
33,8,Moorland Haunt,Innistrad,0.29,$0.28
7,7,Morale,The Dark,0.16,$0.14
1,1,Morgue Thrull,Stronghold,0.17,$0.15
6,6,Morgue Toad,Planeshift,0.16,$0.14
2,2,Mortal Wound,Visions,0.17,$0.15
1,1,Mortuary,Stronghold,0.37,$0.36
1,1,Moss Diamond,Classic Sixth Edition,0.24,$0.26
2,2,Moss Monster,Legends,0.19,$0.19
11,8,Mossdog,Nemesis,0.17,$0.14
2,2,Mountain,Unhinged,0,$6.38
1,1,Mountain Goat,Ice Age,0.17,$0.15
1,1,Mountain Goat,Classic Sixth Edition,0.14,$0.15
2,2,Mountain Stronghold,Legends,0.5,$0.56
1,1,Mountain Yeti,Legends,0.37,$0.40
4,4,Mournful Zombie,Apocalypse,0.16,$0.14
4,4,Mourning,Invasion,0.18,$0.15
2,2,Mox Opal,Scars of Mirrodin,39.23,$39.15
1,1,Mtenda Lion,Mirage,0.16,$0.14
2,2,Mulch,Stronghold,0.2,$0.18
2,2,Multani's Acolyte,Urza's Legacy,0.19,$0.19
1,1,Multani's Harmony,Planeshift,0.21,$0.21
20,8,Munda's Vanguard,Oath of the Gatewatch,0.33,$0.31
64,8,"Munda, Ambush Leader",Battle for Zendikar,0.3,$0.29
1,1,Mundungu,Visions,0.27,$0.29
2,2,Murderous Betrayal,Nemesis,0.31,$0.31
5,5,Murk Dwellers,The Dark,0.16,$0.14
1,1,Muscle Sliver,Tempest,0.71,$0.76
2,2,Mutagenic Growth,New Phyrexia,0.81,$0.74
3,3,Mutavault,Morningtide,15.77,$16.30
1,1,Mutavault,Magic 2014 Core Set,12.75,$14.22
23,8,Mutilate,Magic 2013,0.58,$0.59
4,4,Muzzle,Mercadian Masques,0.16,$0.14
1,1,Mycosynth Golem,Fifth Dawn,12.35,$12.38
1,1,Mycosynth Golem,Fifth Dawn,12.35,$12.38
1,1,Mycosynth Lattice,Darksteel,21.6,$21.51
8,8,Myr Battlesphere,Scars of Mirrodin,0.56,$0.67
9,8,Myr Propagator,Scars of Mirrodin,0.33,$0.34
10,8,Myr Reservoir,Scars of Mirrodin,0.55,$0.56
8,8,Myr Superion,New Phyrexia,1.75,$1.77
11,8,Myr Turbine,Mirrodin Besieged,1.31,$1.33
11,8,Myr Welder,Mirrodin Besieged,0.3,$0.31
50,8,Mystic Genesis,Gatecrash,0.27,$0.24
1,1,Mystic Veil,Visions,0.18,$0.17
1,1,Mystical Tutor,Classic Sixth Edition,6.47,$6.98
45,8,Myth Realized,Dragons of Tarkir,0.62,$0.65
1,1,Nacre Talisman,Ice Age,0.19,$0.17
5,5,"Nahiri, the Harbinger",Shadows over Innistrad,23.5,$25.05
4,4,Nakaya Shade,Prophecy,0.21,$0.20
4,4,Nalathni Dragon,Media Inserts,0,$0.77
2,2,Nameless Race,The Dark,0.41,$0.41
1,1,Narset Transcendent,Dragons of Tarkir,8.59,$8.79
28,8,"Narset, Enlightened Master",Khans of Tarkir,0.88,$0.91
1,1,Natural Affinity,Mercadian Masques,0.42,$0.41
2,2,Natural Emergence,Planeshift,0.33,$0.32
3,3,Natural Order,Eternal Masters,24.77,$26.23
1,1,Nature's Kiss,Weatherlight,0.17,$0.14
2,2,Nausea,Exodus,0.17,$0.15
4,4,Necra Disciple,Apocalypse,0.17,$0.15
7,7,Necra Sanctuary,Apocalypse,0.19,$0.17
6,6,Necrite,Fallen Empires,0,$0.18
8,8,Necrite,Fallen Empires,0,$0.18
5,5,Necrite,Fallen Empires,0,$0.15
1,1,Necrologia,Exodus,0.2,$0.20
7,7,Necromancer's Stockpile,Magic 2015 Core Set,0.28,$0.27
23,8,Necromaster Dragon,Dragons of Tarkir,0.36,$0.33
2,2,Necropolis,The Dark,0.23,$0.22
49,8,Necropolis Fiend,Khans of Tarkir,0.31,$0.27
21,8,Necropolis Regent,Return to Ravnica,2.05,$2.14
3,3,Necropotence,Ice Age,8.93,$8.90
1,1,Necrosavant,Visions,0.31,$0.29
12,8,Necrotic Ooze,Scars of Mirrodin,1.4,$1.49
31,8,Needle Spires,Oath of the Gatewatch,1.54,$1.82
4,4,"Nefarox, Overlord of Grixis",Magic 2013,0.63,$0.67
1,1,"Nemata, Grove Guardian",Planeshift,1.46,$1.46
20,8,Nephalia Drownyard,Innistrad,0.45,$0.45
18,8,Nephalia Moondrakes,Shadows over Innistrad,0.31,$0.27
4,4,Nessian Wilds Ravager,Born of the Gods,0.27,$0.26
5,5,Nesting Wurm,Nemesis,0.2,$0.20
1,1,Nether Spirit,Mercadian Masques,2.47,$2.61
1,1,Nether Void,Legends,367.59,$294.88
5,5,Netter en-Dal,Nemesis,0.16,$0.14
1,1,Nettling Imp,Unlimited Edition,0.75,$0.81
7,7,Nettling Imp,Revised Edition,0.22,$0.22
39,8,Nevermore,Innistrad,0.74,$0.75
1,1,Nevinyrral's Disk,Revised Edition,1.95,$2.31
1,1,Nevinyrral's Disk,Fourth Edition,1.86,$2.72
1,1,Nevinyrral's Disk,Fourth Edition,1.86,$2.72
1,1,Nevinyrral's Disk,Fourth Edition,1.86,$2.72
1,1,Niall Silvain,The Dark,0.52,$0.50
7,7,Night // Day,Apocalypse,0,$0.18
1,1,Night of Souls' Betrayal,Champions of Kamigawa,10.71,$9.62
7,7,Night Soil,Fallen Empires,0,$0.16
7,7,Night Soil,Fallen Empires,0,$0.18
4,4,Night Soil,Fallen Empires,0,$0.18
67,8,Nighthowler,Theros,0.32,$0.29
7,7,Nightmare,Magic 2014 Core Set,0.3,$0.28
7,7,Nightmare,Magic 2015 Core Set,0.32,$0.32
8,8,Nightmare,Magic Origins,0,$0.44
4,4,Nightscape Apprentice,Invasion,0.17,$0.14
2,2,Nightscape Battlemage,Planeshift,0.21,$0.21
8,8,Nightscape Familiar,Planeshift,0.2,$0.21
13,8,Nightveil Specter,Gatecrash,0.92,$0.97
4,4,Nightwind Glider,Mercadian Masques,0.17,$0.14
2,2,Nimbus Maze,Future Sight,29,$29.14
52,8,Nissa's Renewal,Battle for Zendikar,0.7,$0.98
16,8,Nissa's Revelation,Magic Origins,0.39,$0.39
1,1,"Nissa, Voice of Zendikar",Oath of the Gatewatch,11.42,$12.26
1,1,"Nissa, Worldwaker",Magic 2015 Core Set,9.98,$10.25
10,8,"Niv-Mizzet, Dracogenius",Return to Ravnica,1.52,$1.55
62,8,Nivmagus Elemental,Return to Ravnica,0.44,$0.45
1,1,No Mercy,Urza's Legacy,10.66,$10.52
2,2,No Rest for the Wicked,Urza's Saga,0.24,$0.23
1,1,Noble Benefactor,Weatherlight,0.27,$0.26
2,2,Noble Hierarch,Modern Masters 2015 Edition,49.7,$49.27
2,2,Noble Purpose,Mercadian Masques,0.34,$0.43
4,4,Noble Stand,Nemesis,0.2,$0.21
4,4,Nomadic Elf,Invasion,0.17,$0.14
2,2,Norn's Annex,New Phyrexia,2.92,$3.04
1,1,Norritt,Ice Age,0.16,$0.16
35,8,Notion Thief,Dragon's Maze,0.74,$0.76
1,1,Nova Pentacle,Legends,5.12,$5.47
4,4,Noxious Vapors,Planeshift,0.2,$0.18
41,8,"Noyan Dar, Roil Shaper",Battle for Zendikar,0.36,$0.32
1,1,Null Rod,Weatherlight,31.41,$31.96
6,6,"Nykthos, Shrine to Nyx",Theros,6.57,$6.92
20,8,"Nylea, God of the Hunt",Theros,4.99,$4.94
4,4,Oasis,Fourth Edition,0.19,$0.19
25,8,Oath of Chandra,Oath of the Gatewatch,0.29,$0.29
29,8,Oath of Gideon,Oath of the Gatewatch,0.47,$0.53
25,8,Oath of Jace,Oath of the Gatewatch,0.57,$0.85
1,1,Oath of Mages,Exodus,0.34,$0.31
8,8,Oath of Nissa,Oath of the Gatewatch,2.96,$3.06
24,8,Oath of the Ancient Wood,Magic 2014 Core Set,0.28,$0.26
7,7,Ob Nixilis Reignited,Battle for Zendikar,6.14,$6.55
11,8,"Ob Nixilis, Unshackled",Magic 2015 Core Set,2.16,$2.08
1,1,Obelisk of Undoing,Chronicles,0.29,$0.25
10,8,Obelisk of Urd,Magic 2015 Core Set,2.42,$2.35
4,4,Obliterate,Invasion,3.27,$3.26
28,8,Oblivion Sower,Battle for Zendikar,1.82,$1.91
2,2,Oblivion Stone,Commander,26.18,$26.42
1,1,Oblivion Stone,Mirrodin,26.45,$26.88
2,2,"Oboro, Palace in the Clouds",Saviors of Kamigawa,21.34,$21.29
30,8,Obscuring Aether,Dragons of Tarkir,0,$0.33
2,2,Obsianus Golem,Revised Edition,0.18,$0.16
1,1,Obsianus Golem,Fourth Edition,0.19,$0.17
4,4,Obsidian Acolyte,Invasion,0.18,$0.19
54,8,Obzedat's Aid,Dragon's Maze,0.33,$0.33
3,3,"Obzedat, Ghost Council",Gatecrash,3.38,$3.71
7,7,"Odric, Lunarch Marshal",Shadows over Innistrad,0.57,$0.56
13,8,"Odric, Master Tactician",Magic 2013,1.58,$1.56
7,7,Off Balance,Nemesis,0.17,$0.14
10,8,Ogre Battledriver,Magic 2014 Core Set,0.28,$0.27
1,1,Ogre Shaman,Exodus,0.34,$0.30
31,8,Ogre Slumlord,Gatecrash,0.45,$0.47
1,1,Ogre Taskmaster,Mercadian Masques,0.19,$0.17
24,8,Ojutai Exemplars,Dragons of Tarkir,1.06,$1.11
21,8,Ojutai's Command,Dragons of Tarkir,1.79,$1.85
39,8,"Ojutai, Soul of Winter",Fate Reforged,0.35,$0.32
3,3,Olivia Voldaren,Innistrad,9.34,$10.49
4,4,"Olivia, Mobilized for War",Shadows over Innistrad,5.23,$5.45
10,8,Omen Machine,New Phyrexia,0.29,$0.29
22,8,"Omnath, Locus of Rage",Battle for Zendikar,1.6,$1.74
3,3,Onslaught,Exodus,0.17,$0.16
1,1,Onulet,Antiquities,0.36,$0.41
1,1,Onulet,Revised Edition,0.3,$0.29
50,8,Ooze Flux,Gatecrash,0.35,$0.32
3,3,Opal Caryatid,Urza's Saga,0.16,$0.14
3,3,Opal Champion,Urza's Legacy,0.17,$0.14
1,1,Opal Gargoyle,Urza's Saga,0.17,$0.14
1,1,Opal Titan,Urza's Saga,0.34,$0.31
1,1,Opportunity,Urza's Legacy,0.21,$0.20
4,4,Opt,Invasion,0.21,$0.21
16,8,Oracle of Bones,Born of the Gods,0.26,$0.24
1,1,Oracle's Attendants,Nemesis,0.31,$0.30
42,8,Oran-Rief Hydra,Battle for Zendikar,0.29,$0.30
4,4,Oraxid,Nemesis,0.17,$0.14
22,8,Orbs of Warding,Magic Origins,0.44,$0.48
4,4,Orc General,The Dark,0.19,$0.17
1,1,Orcish Artillery,Classic Sixth Edition,0.19,$0.20
6,6,Orcish Captain,Fallen Empires,0.2,$0.18
1,1,Orcish Farmer,Ice Age,0.16,$0.14
1,1,Orcish Librarian,Ice Age,0.31,$0.27
1,1,Orcish Lumberjack,Ice Age,0.17,$0.15
1,1,Orcish Mine,Homelands,0.2,$0.21
5,5,Orcish Oriflamme,Revised Edition,0.18,$0.16
1,1,Orcish Oriflamme,Fourth Edition,0.19,$0.19
6,6,Orcish Spy,Fallen Empires,0,$0.14
6,6,Orcish Spy,Fallen Empires,0,$0.17
6,6,Orcish Spy,Fallen Empires,0,$0.17
5,5,Orcish Veteran,Fallen Empires,0.17,$0.17
7,7,Orcish Veteran,Fallen Empires,0.17,$0.17
5,5,Orcish Veteran,Fallen Empires,0.17,$0.14
6,6,Orcish Veteran,Fallen Empires,0.17,$0.17
7,7,Order // Chaos,Apocalypse,0,$0.20
4,4,Order of Leitbur,Fallen Empires,0.2,$0.20
3,3,Order of Leitbur,Fallen Empires,0.2,$0.20
3,3,Order of Leitbur,Fallen Empires,0.2,$0.21
3,3,Order of the Ebon Hand,Fallen Empires,0.19,$0.19
8,8,Order of the Ebon Hand,Fallen Empires,0.19,$0.20
5,5,Order of the Ebon Hand,Fallen Empires,0.19,$0.19
1,1,Order of the White Shield,Ice Age,0.27,$0.25
2,2,Ordered Migration,Invasion,0.2,$0.18
2,2,Orgg,Fallen Empires,0.29,$0.25
4,4,Orim's Cure,Mercadian Masques,0.17,$0.14
4,4,Orim's Thunder,Apocalypse,0.18,$0.15
3,3,Orim's Touch,Invasion,0.17,$0.14
1,1,Ornithopter,Antiquities,1.86,$2.03
1,1,Ornithopter,Antiquities,1.86,$2.03
3,3,Ornithopter,Revised Edition,0.34,$0.32
1,1,Orzhov Pontiff,Guildpact,12.25,$12.18
1,1,Osai Vultures,Legends,0.19,$0.19
1,1,Ostracize,Urza's Legacy,0.17,$0.16
24,8,Otherworld Atlas,Avacyn Restored,0.46,$0.43
1,1,Oubliette,Arabian Nights,27.7,$28.48
3,3,Oubliette,Arabian Nights,27.7,$27.82
3,3,Outbreak,Prophecy,0.22,$0.22
41,8,Outland Colossus,Magic Origins,0.27,$0.26
36,8,Outpost Siege,Fate Reforged,0.65,$0.69
1,1,Overabundance,Invasion,0.35,$0.35
1,1,Overgrown Tomb,Return to Ravnica,8.65,$8.90
1,1,Overgrowth,Stronghold,0.25,$0.25
1,1,Overlaid Terrain,Nemesis,0.32,$0.30
4,4,Overload,Invasion,0.17,$0.14
3,3,Overrun,Tempest,0.3,$0.31
18,8,Overwhelming Denial,Oath of the Gatewatch,0.37,$0.35
2,2,Pacifism,Mirage,0.17,$0.16
1,1,Pacifism,Tempest,0.17,$0.17
1,1,Pacifism,Urza's Saga,0.17,$0.14
1,1,Pacifism,Classic Sixth Edition,0.17,$0.18
1,1,Pack Hunt,Nemesis,0.46,$0.46
12,8,Pack Rat,Return to Ravnica,1.93,$1.98
2,2,Pain // Suffering,Invasion,0,$0.20
26,8,Pain Seer,Born of the Gods,0.31,$0.31
1,1,Painful Memories,Classic Sixth Edition,0.14,$0.15
3,3,Painful Quandary,Scars of Mirrodin,2.78,$2.79
33,8,Painful Truths,Battle for Zendikar,0.72,$0.94
2,2,Painter's Servant,Shadowmoor,19.89,$20.19
34,8,Palace Siege,Fate Reforged,0.45,$0.46
3,3,Pale Moon,Nemesis,1.21,$1.22
3,3,Palinchron,Urza's Legacy,20.79,$20.88
57,8,Palisade Giant,Return to Ravnica,0.33,$0.30
1,1,Panacea,Mercadian Masques,0.19,$0.17
2,2,Pangosaur,Mercadian Masques,0.34,$0.33
5,5,Panic Attack,Prophecy,0.17,$0.14
1,1,Panther Warriors,Classic Sixth Edition,0.14,$0.14
8,8,Parallax Dementia,Nemesis,0.16,$0.14
1,1,Parallax Inhibitor,Nemesis,0.31,$0.31
2,2,Parallax Tide,Nemesis,0.85,$0.89
2,2,Parallax Wave,Nemesis,2.74,$2.81
1,1,Parallel Lives,Innistrad,7.24,$7.45
4,4,Paralyze,Revised Edition,0.15,$0.14
1,1,Parapet,Visions,0.17,$0.15
2,2,Parch,Urza's Legacy,0.17,$0.15
9,8,Part the Waterveil,Battle for Zendikar,3.95,$4.39
1,1,Part Water,Legends,0.36,$0.36
9,8,Past in Flames,Innistrad,8.99,$9.36
1,1,Patagia Golem,Mirage,0.19,$0.17
16,8,Path of Bravery,Magic 2014 Core Set,0.49,$0.47
2,2,Path of Peace,Urza's Saga,0.17,$0.15
3,3,Path to Exile,Modern Masters,11,$10.91
1,1,Path to Exile,Conflux,10.68,$10.74
1,1,Path to Exile,Conflux,10.68,$10.74
1,1,Patriarch's Bidding,Onslaught,11.36,$11.35
1,1,Peace and Quiet,Urza's Legacy,0.2,$0.17
5,5,Peace of Mind,Exodus,0.2,$0.20
1,1,Peace Talks,Visions,0.2,$0.21
38,8,Pearl Lake Ancient,Khans of Tarkir,0.74,$0.71
5,5,Pearled Unicorn,Revised Edition,0.16,$0.14
2,2,Peat Bog,Mercadian Masques,0.17,$0.16
1,1,Pegasus Charger,Urza's Saga,0.17,$0.15
1,1,Pegasus Refuge,Tempest,0.31,$0.29
1,1,Pegasus Stampede,Exodus,0.2,$0.19
1,1,Pendelhaven,Legends,15.55,$17.48
1,1,Pendelhaven,"Time Spiral ""Timeshifted""",13.75,$13.91
2,2,Pendrell Drake,Urza's Saga,0.17,$0.14
1,1,Pendrell Flux,Urza's Saga,0.17,$0.14
10,8,Pentavus,Magic 2012,0.28,$0.26
4,4,Penumbra Bobcat,Apocalypse,0.17,$0.15
7,7,Penumbra Kavu,Apocalypse,0.19,$0.17
2,2,People of the Woods,The Dark,0.21,$0.21
1,1,People of the Woods,The Dark,0.21,$0.21
4,4,Perilous Vault,Magic 2015 Core Set,1.98,$2.26
14,8,Perplexing Chimera,Born of the Gods,0.34,$0.31
7,7,Personal Sanctuary,Magic 2012,0.28,$0.28
4,4,Pestilence,Revised Edition,0.17,$0.16
1,1,Pestilence,Classic Sixth Edition,0.19,$0.24
1,1,Pestilence Rats,Ice Age,0.19,$0.17
5,5,Phantasmal Forces,Revised Edition,0.19,$0.17
1,1,Phantasmal Terrain,Fourth Edition,0.14,$0.13
1,1,Phantasmal Terrain,Classic Sixth Edition,0.14,$0.14
7,7,Phantasmal Terrain,Invasion,0.17,$0.14
3,3,Phantom Monster,Revised Edition,0.18,$0.16
17,8,"Pharika, God of Affliction",Journey into Nyx,2.42,$2.62
25,8,"Phenax, God of Deception",Born of the Gods,5.19,$5.45
12,8,Pheres-Band Warchief,Journey into Nyx,0.36,$0.31
22,8,Phylactery Lich,Magic 2013,0.36,$0.34
2,2,Phyrexian Altar,Invasion,28,$27.07
4,4,Phyrexian Battleflies,Invasion,0.17,$0.14
7,7,Phyrexian Bloodstock,Planeshift,0.17,$0.14
2,2,Phyrexian Broodlings,Urza's Legacy,0.17,$0.15
7,7,Phyrexian Crusader,Mirrodin Besieged,5.83,$5.95
2,2,Phyrexian Debaser,Urza's Legacy,0.17,$0.15
2,2,Phyrexian Delver,Invasion,0.34,$0.32
1,1,Phyrexian Dreadnought,Mirage,16.43,$16.15
6,6,Phyrexian Driver,Nemesis,0.16,$0.14
7,7,Phyrexian Gargantua,Apocalypse,0.2,$0.19
1,1,Phyrexian Ghoul,Urza's Saga,0.19,$0.19
3,3,Phyrexian Gremlins,Antiquities,0.19,$0.26
8,8,Phyrexian Hydra,Mirrodin Besieged,0.56,$0.55
1,1,Phyrexian Infiltrator,Invasion,0.32,$0.29
11,8,Phyrexian Ingester,New Phyrexia,0.3,$0.30
1,1,Phyrexian Lens,Invasion,0.32,$0.29
1,1,Phyrexian Metamorph,New Phyrexia,6.53,$6.60
1,1,Phyrexian Obliterator,New Phyrexia,31.46,$31.80
1,1,Phyrexian Plaguelord,Urza's Legacy,0.33,$0.33
1,1,Phyrexian Processor,Urza's Saga,1.74,$1.72
4,4,Phyrexian Prowler,Nemesis,0.21,$0.21
4,4,Phyrexian Rager,Apocalypse,0.19,$0.17
6,6,Phyrexian Reaper,Invasion,0.17,$0.15
10,8,Phyrexian Rebirth,Mirrodin Besieged,0.74,$0.74
1,1,Phyrexian Reclamation,Urza's Legacy,0.43,$0.40
1,1,Phyrexian Revoker,Mirrodin Besieged,1.21,$1.24
26,8,Phyrexian Revoker,Magic 2015 Core Set,1.14,$1.15
1,1,Phyrexian Scuta,Planeshift,0.5,$0.50
3,3,Phyrexian Slayer,Invasion,0.17,$0.14
1,1,Phyrexian Swarmlord,New Phyrexia,0.49,$0.47
1,1,Phyrexian Tower,Urza's Saga,26.78,$27.77
2,2,Phyrexian Tyranny,Planeshift,2.38,$2.39
9,8,Phyrexian Unlife,New Phyrexia,2.63,$2.59
10,8,Phyrexian Vatmother,Mirrodin Besieged,0.36,$0.34
2,2,Phyrexian Walker,Visions,0.42,$0.42
3,3,Phytotitan,Magic 2015 Core Set,0.29,$0.27
10,8,Pia and Kiran Nalaar,Magic Origins,1.83,$2.34
1,1,Piety,Fourth Edition,0.14,$0.15
5,5,Pikemen,The Dark,0.16,$0.14
4,4,Pincer Spider,Invasion,0.17,$0.14
1,1,Pincher Beetles,Tempest,0.16,$0.14
4,4,Pious Warrior,Mercadian Masques,0.17,$0.15
2,2,Pirate Ship,Revised Edition,0.31,$0.30
3,3,Pit Raptor,Prophecy,0.2,$0.19
1,1,Pit Scorpion,Legends,0.16,$0.17
3,3,Pit Scorpion,Legends,0.16,$0.17
1,1,Pit Spawn,Exodus,0.71,$0.72
1,1,Pit Trap,Ice Age,0.19,$0.17
19,8,Pithing Needle,Return to Ravnica,2.46,$2.56
24,8,Pitiless Horde,Dragons of Tarkir,0.44,$0.39
5,5,Plague Fiend,Prophecy,0.17,$0.14
12,8,Plague Rats,Revised Edition,0.15,$0.14
2,2,Plague Spitter,Invasion,0.34,$0.34
5,5,Plague Spores,Invasion,0.17,$0.14
11,8,Plague Witch,Nemesis,0.17,$0.14
4,4,Plains,Unhinged,0,$6.34
1,1,Plains,Mercadian Masques,0,$0.21
1,1,Plains,Invasion,0,$0.27
1,1,Plains,Invasion,0,$0.28
25,8,Planar Cleansing,Magic 2013,0.39,$0.37
14,8,Planar Cleansing,Magic 2014 Core Set,0.37,$0.34
50,8,Planar Outburst,Battle for Zendikar,0.52,$0.63
1,1,Planar Overlay,Planeshift,0.3,$0.29
2,2,Planar Portal,Invasion,4.16,$4.18
1,1,Planeswalker's Favor,Planeshift,0.31,$0.29
1,1,Planeswalker's Scorn,Planeshift,0.31,$0.29
30,8,Plasm Capture,Dragon's Maze,0.36,$0.37
2,2,Plateau,Revised Edition,65.99,$64.64
2,2,Plateau,Revised Edition,65.99,$64.64
2,2,Plated Rootwalla,Exodus,0.17,$0.14
4,4,Plea for Guidance,Born of the Gods,0.27,$0.27
1,1,Pledge of Loyalty,Invasion,0.21,$0.18
35,8,Polis Crusher,Theros,0.25,$0.23
9,8,Pollen Remedy,Planeshift,0.17,$0.14
4,4,Polluted Delta,Khans of Tarkir,17.26,$18.36
9,8,"Polukranos, World Eater",Theros,1.06,$1.10
17,8,Polymorphist's Jest,Magic 2015 Core Set,1.23,$1.31
10,8,Polymorphous Rush,Journey into Nyx,0.27,$0.26
41,8,Pontiff of Blight,Dragon's Maze,0.29,$0.29
4,4,Port Inspector,Mercadian Masques,0.17,$0.14
15,8,Port Town,Shadows over Innistrad,2.1,$2.50
3,3,Portent,Ice Age,0.18,$0.17
61,8,Possibility Storm,Dragon's Maze,0.37,$0.36
1,1,Pouncing Jaguar,Urza's Saga,0.18,$0.16
4,4,Pouncing Kavu,Invasion,0.18,$0.17
5,5,Power Armor,Invasion,0.2,$0.18
1,1,Power Artifact,Antiquities,39.99,$44.43
1,1,Power Artifact,Antiquities,39.99,$44.43
6,6,Power Leak,Revised Edition,0.16,$0.15
1,1,Power Matrix,Mercadian Masques,1.46,$1.47
6,6,Power Sink,Revised Edition,0.16,$0.16
3,3,Power Sink,Urza's Saga,0.17,$0.15
1,1,Power Surge,Revised Edition,0.32,$0.32
1,1,Power Taint,Urza's Saga,0.17,$0.15
2,2,Pradesh Gypsies,Legends,0.34,$0.35
1,1,Pradesh Gypsies,Classic Sixth Edition,0.14,$0.15
3,3,Praetor's Grasp,New Phyrexia,0.72,$0.65
28,8,Prairie Stream,Battle for Zendikar,3.03,$3.31
2,2,Preacher,The Dark,5.34,$5.88
1,1,Preacher,The Dark,5.34,$5.88
15,8,Precinct Captain,Return to Ravnica,0.48,$0.60
9,8,Precursor Golem,Scars of Mirrodin,0.29,$0.27
6,6,Predator Ooze,Dark Ascension,2.48,$2.60
2,2,"Predator, Flagship",Nemesis,0.93,$0.96
2,2,Predatory Hunger,Exodus,0.18,$0.18
43,8,Predatory Rampage,Magic 2013,0.28,$0.25
6,6,Preeminent Captain,Magic 2015 Core Set,0.65,$0.67
1,1,Presence of the Master,Legends,1.4,$1.50
1,1,Presence of the Master,Urza's Saga,0.23,$0.21
1,1,Pretender's Claim,Mercadian Masques,0.2,$0.18
2,2,Price of Progress,Exodus,4.78,$4.60
26,8,Priest of the Blood Rite,Magic Origins,0.39,$0.51
3,3,Priest of Titania,Urza's Saga,2.36,$2.29
1,1,Primal Clay,Antiquities,0.38,$0.40
3,3,Primal Clay,Antiquities,0.38,$0.40
1,1,Primal Clay,Revised Edition,0.31,$0.29
3,3,Primal Growth,Planeshift,0.18,$0.18
23,8,Primal Surge,Avacyn Restored,1.59,$1.62
11,8,Prime Speaker Zegana,Gatecrash,1.39,$1.42
3,3,Primeval Bounty,Magic 2014 Core Set,4.46,$4.64
1,1,Primeval Shambler,Mercadian Masques,0.19,$0.17
3,3,Primeval Titan,Magic 2012,8.73,$8.98
8,8,Primordial Hydra,Magic 2013,7.07,$7.43
36,8,Prism Array,Battle for Zendikar,0.29,$0.25
1,1,Prismatic Omen,Shadowmoor,15.09,$15.60
1,1,Prismatic Ward,Ice Age,0.16,$0.14
4,4,Prison Barricade,Invasion,0.17,$0.14
30,8,Pristine Skywise,Dragons of Tarkir,0.37,$0.32
1,1,Privileged Position,Ravnica: City of Guilds,13.22,$13.16
18,8,Prized Amalgam,Shadows over Innistrad,2.55,$2.32
4,4,Probe,Invasion,0.19,$0.18
3,3,Prodigal Sorcerer,Revised Edition,0.17,$0.15
5,5,Prodigal Sorcerer,Revised Edition,0.17,$0.15
23,8,Profaner of the Dead,Dragons of Tarkir,0.4,$0.38
23,8,Profound Journey,Dragons of Tarkir,0.36,$0.32
1,1,Progenitor Mimic,Dragon's Maze,4.17,$4.31
39,8,Prognostic Sphinx,Theros,0.36,$0.36
4,4,Prohibit,Invasion,0.18,$0.17
18,8,Prophet of Kruphix,Theros,1.41,$1.51
23,8,Prophetic Flamespeaker,Journey into Nyx,1.12,$1.14
4,4,Protective Sphere,Invasion,0.17,$0.14
8,8,Prototype Portal,Scars of Mirrodin,1.28,$1.30
1,1,Psychic Allergy,The Dark,0.44,$0.44
49,8,Psychic Intrusion,Theros,0.25,$0.23
1,1,Psychic Purge,Legends,0.28,$0.33
11,8,Psychic Surgery,New Phyrexia,0.3,$0.30
4,4,Psychic Venom,Revised Edition,0.16,$0.15
6,6,Psychic Venom,Revised Edition,0.16,$0.15
1,1,Psychosis Crawler,Mirrodin Besieged,0.86,$0.87
2,2,Puffer Extract,Mercadian Masques,0.2,$0.17
1,1,Pulse of Llanowar,Invasion,0.22,$0.23
1,1,Pulverize,Mercadian Masques,0.54,$0.53
2,2,Puppet Master,Legends,0.34,$0.35
1,1,Puppet Master,Legends,0.34,$0.35
1,1,Puppet's Verdict,Mercadian Masques,1.57,$1.44
1,1,Pure Reflection,Invasion,0.32,$0.29
1,1,Purelace,Revised Edition,0.3,$0.29
11,8,"Purphoros, God of the Forge",Theros,8.82,$8.77
1,1,Purraj of Urborg,Mirage,0.37,$0.34
1,1,Putrefaction,Mercadian Masques,0.2,$0.18
11,8,Putrefax,Scars of Mirrodin,0.31,$0.30
4,4,Putrid Warrior,Apocalypse,0.16,$0.14
5,5,Pygmy Kavu,Planeshift,0.17,$0.14
1,1,Pygmy Pyrosaur,Urza's Legacy,0.17,$0.15
1,1,Pygmy Razorback,Prophecy,0.17,$0.14
1,1,Pygmy Troll,Exodus,0.17,$0.15
2,2,Pyknite,Ice Age,0.17,$0.14
1,1,Pyre Zombie,Invasion,0.43,$0.43
43,8,Pyrewild Shaman,Dragon's Maze,0.34,$0.32
1,1,Pyric Salamander,Mirage,0.16,$0.14
2,2,Pyroblast,Ice Age,1.71,$1.64
1,1,Pyroblast,Ice Age,1.71,$1.64
1,1,Pyroclasm,Ice Age,0.79,$0.75
12,8,Pyromancer's Gauntlet,Magic 2014 Core Set,0.28,$0.25
5,5,Pyromancer's Goggles,Magic Origins,4.07,$5.04
1,1,Pyromancy,Urza's Legacy,0.33,$0.31
1,1,Pyrotechnics,Legends,0.18,$0.19
3,3,Pyrotechnics,Legends,0.18,$0.19
1,1,Pyrotechnics,Classic Sixth Edition,0.14,$0.15
2,2,Python,Visions,0.17,$0.15
1,1,Python,Classic Sixth Edition,0.14,$0.14
54,8,Pyxis of Pandemonium,Theros,0.26,$0.24
1,1,Quagmire,Legends,0.39,$0.42
5,5,Quagmire Druid,Apocalypse,0.17,$0.15
1,1,Quagmire Lamprey,Mercadian Masques,0.2,$0.18
28,8,Quarantine Field,Battle for Zendikar,1.18,$1.33
1,1,Questing Phelddagrif,Planeshift,0.9,$0.89
6,6,Quicken,Magic 2014 Core Set,0.97,$1.04
2,2,Quicksilver Amulet,Magic 2012,9.51,$9.76
4,4,Quicksilver Dagger,Apocalypse,0.16,$0.16
4,4,Quicksilver Gargantuan,Scars of Mirrodin,0.92,$0.93
1,1,Quicksilver Wall,Prophecy,0.2,$0.20
40,8,Quirion Dryad,Magic 2013,0.3,$0.29
4,4,Quirion Elves,Invasion,0.19,$0.18
10,8,Quirion Explorer,Planeshift,0.17,$0.14
1,1,Quirion Ranger,Visions,1.9,$1.75
4,4,Quirion Sentinel,Invasion,0.17,$0.14
3,3,Quirion Trailblazer,Invasion,0.17,$0.15
1,1,Rabid Rats,Stronghold,0.17,$0.14
3,3,Rabid Wolverines,Exodus,0.16,$0.14
6,6,Rackling,Nemesis,0.22,$0.23
74,8,Radiant Flames,Battle for Zendikar,0.49,$0.59
1,1,Radiant Kavu,Planeshift,0.3,$0.29
18,8,Radiant Purge,Dragons of Tarkir,0.43,$0.55
2,2,Radiant's Judgment,Urza's Legacy,0.18,$0.16
1,1,Radjan Spirit,Legends,0.38,$0.42
1,1,Radjan Spirit,Fourth Edition,0.19,$0.18
2,2,Rag Man,The Dark,0.42,$0.43
1,1,Rage Weaver,Invasion,0.2,$0.18
25,8,Rageblood Shaman,Theros,0.34,$0.33
1,1,Raging Goblin,Exodus,0.17,$0.16
1,1,Raging Kavu,Invasion,0.35,$0.33
4,4,Raging Ravine,Worldwake,15.74,$16.25
1,1,Raging Spirit,Mirage,0.16,$0.14
7,7,Raiding Party,Fallen Empires,0.2,$0.18
1,1,Rain of Filth,Urza's Saga,0.42,$0.42
3,3,Rainbow Crow,Invasion,0.2,$0.18
1,1,Rainbow Vale,Fallen Empires,0.97,$0.88
1,1,Raise Dead,Revised Edition,0.16,$0.15
5,5,Raise Dead,Revised Edition,0.16,$0.15
1,1,Raise Dead,Fourth Edition,0.14,$0.14
4,4,Raka Disciple,Apocalypse,0.16,$0.14
7,7,Raka Sanctuary,Apocalypse,0.19,$0.17
14,8,Rakdos's Return,Return to Ravnica,1.13,$1.39
11,8,"Rakdos, Lord of Riots",Return to Ravnica,2.3,$2.49
67,8,Rakshasa Deathdealer,Khans of Tarkir,0.39,$0.39
23,8,Rakshasa Vizier,Khans of Tarkir,0.32,$0.28
2,2,Rally,Ice Age,0.17,$0.14
22,8,Rally the Ancestors,Fate Reforged,0.71,$0.76
1,1,Ramirez DePietro,Legends,0.86,$1.01
1,1,Ramosian Captain,Mercadian Masques,0.21,$0.19
1,1,Ramosian Commander,Mercadian Masques,0.21,$0.21
4,4,Ramosian Lieutenant,Mercadian Masques,0.19,$0.18
4,4,Ramosian Rally,Mercadian Masques,0.19,$0.16
4,4,Ramosian Sergeant,Mercadian Masques,0.18,$0.16
1,1,Ramosian Sky Marshal,Mercadian Masques,0.32,$0.32
5,5,Rampant Elephant,Invasion,0.17,$0.14
4,4,Rampart Crawler,Mercadian Masques,0.17,$0.14
3,3,Rancor,Urza's Legacy,2.84,$2.97
1,1,Rappelling Scouts,Mercadian Masques,0.33,$0.31
1,1,Rashka the Slayer,Homelands,0.21,$0.20
1,1,Ratchet Bomb,Scars of Mirrodin,1.1,$1.08
8,8,Ratchet Bomb,Magic 2014 Core Set,0.99,$1.02
3,3,Rath's Edge,Nemesis,0.32,$0.33
3,3,Rathi Assassin,Nemesis,0.39,$0.37
4,4,Rathi Fiend,Nemesis,0.2,$0.21
7,7,Rathi Intimidator,Nemesis,0.17,$0.14
2,2,Rattlechains,Shadows over Innistrad,5.62,$4.40
37,8,Rattleclaw Mystic,Khans of Tarkir,0.74,$0.82
35,8,Ravenous Demon,Dark Ascension,0.36,$0.32
2,2,Ravenous Rats,Invasion,0.18,$0.17
2,2,Ravenous Skirge,Urza's Saga,0.17,$0.15
1,1,Ray of Command,Ice Age,0.17,$0.16
2,2,Raze,Urza's Saga,0.22,$0.21
2,2,Razing Snidd,Planeshift,0.19,$0.17
1,1,Razor Pendulum,Mirage,0.36,$0.31
4,4,Razorfin Hunter,Apocalypse,0.19,$0.19
4,4,Razorfoot Griffin,Invasion,0.17,$0.14
5,5,Razorverge Thicket,Scars of Mirrodin,8.22,$8.71
39,8,Ready // Willing,Dragon's Maze,0,$0.26
38,8,Reality Smasher,Oath of the Gatewatch,4.06,$4.19
1,1,Reality Twist,Ice Age,0.36,$0.33
31,8,Realmwright,Gatecrash,0.27,$0.24
1,1,Reanimate,Tempest,9.24,$9.15
26,8,Reap Intellect,Dragon's Maze,0.7,$0.71
2,2,Reaper from the Abyss,Innistrad,1.33,$1.48
34,8,Reaper of the Wilds,Theros,0.36,$0.35
3,3,Reaping the Rewards,Exodus,0.16,$0.14
1,1,Rebuild,Urza's Legacy,0.28,$0.26
1,1,Recall,Legends,28,$32.17
1,1,Reckless Assault,Invasion,0.31,$0.28
6,6,Reckless Ogre,Exodus,0.17,$0.15
4,4,Reckless Spite,Invasion,0.21,$0.20
2,2,Reclaim,Exodus,0.17,$0.15
4,4,Recoil,Invasion,0.16,$0.17
4,4,Reconstruction,Revised Edition,0.16,$0.15
4,4,Recover,Invasion,0.17,$0.14
7,7,Red Elemental Blast,Revised Edition,0.19,$0.20
1,1,Red Elemental Blast,Revised Edition,0.19,$0.20
1,1,Red Mana Battery,Legends,0.72,$0.73
10,8,Red Sun's Zenith,Mirrodin Besieged,0.56,$0.57
2,2,Red Ward,Revised Edition,0.19,$0.17
6,6,Redirect,Magic 2012,0.39,$0.37
4,4,Redirect,Magic 2013,0.49,$0.49
1,1,Redwood Treefolk,Weatherlight,0.17,$0.14
1,1,Redwood Treefolk,Classic Sixth Edition,0.14,$0.14
4,4,Reef Shaman,Apocalypse,0.17,$0.16
4,4,Reflecting Mirror,The Dark,0.22,$0.22
3,3,Reflexes,Urza's Saga,0.17,$0.15
17,8,Reforge the Soul,Avacyn Restored,2.56,$2.62
4,4,Refreshing Rain,Nemesis,0.23,$0.23
2,2,Regal Force,Eventide,11.65,$11.32
1,1,Regeneration,Unlimited Edition,0.22,$0.28
6,6,Regeneration,Revised Edition,0.17,$0.14
1,1,Regeneration,Classic Sixth Edition,0.14,$0.14
4,4,Regrowth,Revised Edition,1.3,$1.24
2,2,Reiterate,Time Spiral,9.45,$9.51
4,4,Rejuvenation Chamber,Nemesis,0.19,$0.20
1,1,Relearn,Weatherlight,0.23,$0.23
1,1,Relentless Assault,Visions,0.46,$0.46
5,5,Relentless Dead,Shadows over Innistrad,12.3,$13.42
1,1,Relic Barrier,Legends,2.91,$3.13
3,3,Relic Bind,Legends,0.35,$0.39
25,8,Relic Seeker,Magic Origins,0.41,$0.60
2,2,Remedy,Visions,0.17,$0.15
1,1,Remedy,Classic Sixth Edition,0.14,$0.14
29,8,Remorseless Punishment,Oath of the Gatewatch,0.35,$0.32
5,5,Remote Farm,Mercadian Masques,0.17,$0.17
2,2,Remote Isle,Urza's Saga,0.2,$0.20
1,1,Remove Enchantments,Legends,0.22,$0.23
2,2,Remove Soul,Legends,0.21,$0.20
3,3,Remove Soul,Legends,0.21,$0.20
19,8,Render Silent,Dragon's Maze,0.83,$0.86
48,8,Renegade Krasis,Dragon's Maze,0.47,$0.47
1,1,Renegade Warlord,Tempest,0.19,$0.17
1,1,Renounce,Mercadian Masques,0.23,$0.23
42,8,Renounce the Guilds,Dragon's Maze,0.36,$0.32
1,1,Repopulate,Urza's Legacy,0.18,$0.15
3,3,Repulse,Invasion,0.16,$0.17
31,8,Requiem Angel,Dark Ascension,0.37,$0.34
3,3,Rescind,Urza's Saga,0.17,$0.15
3,3,Resistance Fighter,Visions,0.17,$0.15
7,7,Resolute Archangel,Magic 2015 Core Set,0.5,$0.49
1,1,Respite,Tempest,0.17,$0.18
24,8,Rest in Peace,Return to Ravnica,4.42,$4.52
1,1,Restless Dead,Mirage,0.16,$0.14
15,8,Restoration Angel,Avacyn Restored,11.24,$11.82
4,4,Restrain,Invasion,0.17,$0.15
7,7,Resurrection,Revised Edition,0.24,$0.23
1,1,Retaliation,Urza's Saga,0.2,$0.18
7,7,Rethink,Prophecy,0.18,$0.16
32,8,Retribution of the Ancients,Khans of Tarkir,0.3,$0.27
1,1,Retromancer,Urza's Saga,0.17,$0.15
13,8,Return to the Ranks,Magic 2015 Core Set,1.1,$1.13
2,2,Reveille Squad,Prophecy,0.26,$0.24
12,8,Revel of the Fallen God,Journey into Nyx,0.27,$0.24
1,1,Revelation,Legends,2.45,$2.44
26,8,Revenge of the Hunted,Avacyn Restored,0.4,$0.39
10,8,Reverberate,Magic 2012,0.63,$0.63
3,3,Reverberate,Magic 2013,0.71,$0.66
4,4,Revered Elder,Mercadian Masques,0.17,$0.14
35,8,Reverent Hunter,Theros,0.29,$0.27
1,1,Reverent Mantra,Mercadian Masques,0.42,$0.41
8,8,Reverent Silence,Nemesis,0.19,$0.21
1,1,Reverse Damage,Revised Edition,0.35,$0.35
1,1,Reverse Polarity,Antiquities,0.18,$0.19
1,1,Reverse Polarity,Revised Edition,0.18,$0.16
1,1,Revive,Mercadian Masques,0.22,$0.20
4,4,Reviving Dose,Invasion,0.17,$0.14
2,2,Reviving Vapors,Invasion,0.2,$0.18
2,2,Rewards of Diversity,Invasion,0.21,$0.20
2,2,Rewind,Urza's Saga,0.28,$0.29
3,3,Rhox,Nemesis,0.39,$0.37
2,2,Rhox Faithmender,Magic 2013,4.48,$4.44
2,2,Rhystic Cave,Prophecy,0.25,$0.24
4,4,Rhystic Circle,Prophecy,0.16,$0.14
2,2,Rhystic Deluge,Prophecy,0.18,$0.15
4,4,Rhystic Lightning,Prophecy,0.17,$0.14
2,2,Rhystic Scrying,Prophecy,0.22,$0.22
3,3,Rhystic Shield,Prophecy,0.17,$0.14
4,4,Rhystic Study,Prophecy,4.48,$4.35
1,1,Rhystic Syphon,Prophecy,0.2,$0.20
2,2,Rib Cage Spider,Prophecy,0.17,$0.14
6,6,Ribbon Snake,Prophecy,0.17,$0.14
31,8,Riders of Gavony,Avacyn Restored,0.39,$0.37
5,5,Ridgeline Rager,Prophecy,0.16,$0.14
2,2,Righteous Aura,Visions,0.17,$0.16
1,1,Righteous Aura,Mercadian Masques,0.22,$0.22
56,8,Righteous Authority,Return to Ravnica,0.25,$0.25
2,2,Righteous Indignation,Mercadian Masques,0.19,$0.17
1,1,Ring of Immortals,Legends,5.39,$5.92
1,1,Ring of Immortals,Legends,5.39,$5.92
2,2,Ring of Renewal,Fallen Empires,0.35,$0.32
1,1,Ring of Three Wishes,Magic 2014 Core Set,3.23,$3.45
5,5,Riptide,The Dark,0.16,$0.14
1,1,Riptide Crab,Invasion,0.2,$0.18
1,1,Rise of the Dark Realms,Magic 2014 Core Set,6.8,$6.55
3,3,Rishadan Airship,Mercadian Masques,0.18,$0.16
4,4,Rishadan Cutpurse,Mercadian Masques,0.18,$0.16
2,2,Rishadan Footpad,Mercadian Masques,0.32,$0.31
1,1,Rishadan Pawnshop,Mercadian Masques,0.33,$0.30
1,1,Rishadan Port,Mercadian Masques,114.54,$119.63
2,2,Rising Waters,Nemesis,0.72,$0.75
41,8,Rite of Ruin,Avacyn Restored,0.35,$0.29
7,7,Rites of Flourishing,Magic 2012,1.31,$1.26
2,2,Rith's Attendant,Invasion,0.2,$0.18
1,1,Rith's Charm,Planeshift,0.2,$0.21
4,4,Rith's Grove,Planeshift,0.37,$0.44
1,1,Riven Turnbull,Legends,0.71,$0.73
4,4,River Boa,Visions,0.19,$0.19
1,1,River Boa,Classic Sixth Edition,0.29,$0.29
2,2,River Delta,Ice Age,0.36,$0.33
4,4,River Merfolk,Fallen Empires,0.38,$0.33
1,1,Robber Fly,Mercadian Masques,0.21,$0.18
4,4,Robe of Mirrors,Exodus,0.18,$0.16
3,3,Roc of Kher Ridges,Revised Edition,0.32,$0.32
1,1,Rock Badger,Mercadian Masques,0.19,$0.17
2,2,Rock Hydra,Revised Edition,0.44,$0.39
2,2,Rock Slide,Visions,0.17,$0.15
2,2,Rod of Ruin,Revised Edition,0.18,$0.16
2,2,Rod of Ruin,Revised Edition,0.18,$0.16
1,1,Rod of Ruin,Classic Sixth Edition,0.19,$0.20
1,1,"Rofellos, Llanowar Emissary",Urza's Destiny,14.97,$15.60
6,6,Rogue Kavu,Invasion,0.17,$0.15
1,1,Rohgahh of Kher Keep,Legends,8.45,$10.15
14,8,Rooftop Storm,Innistrad,0.87,$0.89
2,2,Root Cage,Prophecy,0.2,$0.20
9,8,Root Greevil,Planeshift,0.17,$0.14
4,4,Rootbound Crag,Magic 2012,1.81,$1.83
15,8,Rootbound Crag,Magic 2013,1.88,$1.86
4,4,Rootwater Alligator,Exodus,0.17,$0.15
9,8,Rootwater Commando,Nemesis,0.17,$0.14
1,1,Rootwater Hunter,Tempest,0.18,$0.16
2,2,Rootwater Mystic,Exodus,0.17,$0.15
1,1,Rootwater Thief,Nemesis,1.16,$1.28
4,4,Rouse,Mercadian Masques,0.17,$0.16
17,8,Rubblebelt Raiders,Gatecrash,0.29,$0.28
48,8,Rubblehulk,Gatecrash,0.27,$0.26
1,1,Rubinia Soulsinger,Chronicles,0.35,$0.35
1,1,Rubinia Soulsinger,Legends,5.93,$6.82
3,3,Ruham Djinn,Invasion,0.23,$0.20
1,1,Ruination,Stronghold,0.98,$0.98
53,8,Ruinous Path,Battle for Zendikar,1.53,$1.73
32,8,Ruins of Oran-Rief,Oath of the Gatewatch,0.41,$0.47
6,6,Ruins of Trokair,Fallen Empires,0.21,$0.20
1,1,Rukh Egg,Arabian Nights,2.31,$2.24
2,2,Rukh Egg,Arabian Nights,2.31,$2.24
1,1,Rukh Egg,Arabian Nights,2.31,$2.24
1,1,Rune of Protection: Artifacts,Urza's Saga,0.27,$0.26
1,1,Rune of Protection: Black,Urza's Saga,0.17,$0.15
1,1,Rune of Protection: Green,Urza's Saga,0.18,$0.15
2,2,Rune of Protection: Red,Urza's Saga,0.25,$0.23
1,1,Rune of Protection: White,Urza's Saga,0.18,$0.15
39,8,Runechanter's Pike,Innistrad,0.42,$0.40
1,1,Runed Arch,Ice Age,0.32,$0.28
4,4,Runesword,The Dark,0.21,$0.21
5,5,Rupture,Nemesis,0.2,$0.21
30,8,"Ruric Thar, the Unbowed",Dragon's Maze,0.4,$0.41
7,7,Rushing River,Planeshift,0.16,$0.16
4,4,Rushwood Dryad,Mercadian Masques,0.17,$0.14
1,1,Rushwood Elemental,Mercadian Masques,0.88,$0.92
1,1,Rushwood Grove,Mercadian Masques,0.27,$0.27
4,4,Rushwood Herbalist,Mercadian Masques,0.17,$0.14
2,2,Rushwood Legate,Mercadian Masques,0.22,$0.22
4,4,Rust,Legends,0.18,$0.18
7,7,Rusting Golem,Nemesis,0.2,$0.21
1,1,Saber Ants,Mercadian Masques,0.28,$0.25
1,1,Sabertooth Wyvern,Exodus,0.2,$0.18
1,1,Sabretooth Tiger,Classic Sixth Edition,0.14,$0.14
4,4,Sacred Prey,Mercadian Masques,0.16,$0.14
1,1,Sacrifice,Unlimited Edition,0.4,$0.56
3,3,Sacrifice,Revised Edition,0.2,$0.20
3,3,Safe Haven,The Dark,0.85,$0.86
11,8,Sage of Ancient Lore,Shadows over Innistrad,0.36,$0.36
8,8,Sage of Hours,Journey into Nyx,2.57,$2.76
1,1,Sage of Lat-Nam,Antiquities,0.21,$0.22
28,8,Sage of the Inward Eye,Khans of Tarkir,0.3,$0.25
2,2,Sage Owl,Weatherlight,0.16,$0.14
22,8,Sage-Eye Avengers,Fate Reforged,0.34,$0.28
45,8,Sagu Mauler,Khans of Tarkir,0.37,$0.34
1,1,Sailmonger,Mercadian Masques,0.2,$0.18
2,2,Salt Flats,Tempest,0.76,$0.76
2,2,Salt Marsh,Invasion,0.35,$0.35
1,1,Samite Archer,Invasion,0.21,$0.20
1,1,Samite Blessing,Stronghold,0.15,$0.14
12,8,Samite Healer,Revised Edition,0.16,$0.14
1,1,Samite Healer,Classic Sixth Edition,0.14,$0.14
2,2,Samite Ministration,Invasion,0.21,$0.18
7,7,Samite Pilgrim,Planeshift,0.17,$0.14
2,2,Samite Sanctuary,Prophecy,0.33,$0.31
1,1,Sanctum Custodian,Urza's Saga,0.17,$0.15
11,8,Sanctum of Ugin,Battle for Zendikar,1.14,$1.21
2,2,Sand Silos,Fallen Empires,0.63,$0.60
3,3,Sandbar Crocodile,Mirage,0.16,$0.14
1,1,Sandbar Merfolk,Urza's Saga,0.17,$0.16
20,8,Sands of Delirium,Magic 2013,0.75,$0.77
26,8,Sandsteppe Mastodon,Fate Reforged,0.27,$0.25
6,6,Sandstone Needle,Mercadian Masques,0.2,$0.21
2,2,Sandstorm,Fourth Edition,0.14,$0.14
3,3,Sangromancer,Mirrodin Besieged,1.92,$1.93
11,8,Sanguine Bond,Magic 2014 Core Set,0,$2.61
1,1,Sapphire Leech,Invasion,0.32,$0.29
1,1,Saprazzan Bailiff,Mercadian Masques,0.32,$0.28
2,2,Saprazzan Breaker,Mercadian Masques,0.19,$0.17
1,1,Saprazzan Cove,Mercadian Masques,0.36,$0.36
1,1,Saprazzan Legate,Mercadian Masques,0.2,$0.18
4,4,Saprazzan Outrigger,Mercadian Masques,0.17,$0.14
4,4,Saprazzan Raider,Mercadian Masques,0.17,$0.14
5,5,Saprazzan Skerry,Mercadian Masques,0.19,$0.19
2,2,Saproling Burst,Nemesis,0.6,$0.79
1,1,Saproling Infestation,Invasion,0.32,$0.30
1,1,Saproling Symbiosis,Invasion,2.91,$3.06
5,5,Sarkhan Unbroken,Dragons of Tarkir,4.77,$5.20
25,8,"Sarkhan, the Dragonspeaker",Khans of Tarkir,2.58,$2.66
9,8,Satyr Firedancer,Born of the Gods,0.64,$0.62
2,2,Savaen Elves,The Dark,0.15,$0.14
4,4,Savaen Elves,The Dark,0.15,$0.14
4,4,Savage Gorilla,Apocalypse,0.17,$0.15
60,8,Savage Knuckleblade,Khans of Tarkir,0.39,$0.38
4,4,Savage Offensive,Invasion,0.17,$0.14
20,8,Savage Summoning,Magic 2014 Core Set,0.29,$0.29
5,5,Savageborn Hydra,Dragon's Maze,2.21,$2.34
1,1,Savannah,Revised Edition,87.49,$84.61
3,3,Savannah,Revised Edition,87.49,$84.61
1,1,Sawtooth Loon,Planeshift,0.2,$0.18
24,8,Scab-Clan Berserker,Magic Origins,0.44,$0.58
1,1,Scald,Urza's Saga,0.2,$0.20
1,1,Scalding Tarn,Zendikar,87.65,$87.39
1,1,Scalebane's Elite,Visions,0.2,$0.17
1,1,Scaled Wurm,Classic Sixth Edition,0.14,$0.14
2,2,Scandalmonger,Mercadian Masques,0.2,$0.18
2,2,Scapeshift,Morningtide,40.83,$40.46
1,1,Scare Tactics,Exodus,0.17,$0.15
1,1,Scarecrow,The Dark,0.32,$0.30
4,4,Scarred Puma,Invasion,0.17,$0.15
3,3,Scarwood Bandits,The Dark,0.57,$0.57
9,8,Scarwood Goblins,The Dark,0.16,$0.14
3,3,Scarwood Hag,The Dark,0.23,$0.23
5,5,Scathe Zombies,Revised Edition,0.15,$0.14
1,1,Scathe Zombies,Classic Sixth Edition,0.14,$0.14
56,8,Scatter to the Winds,Battle for Zendikar,0.46,$0.57
4,4,Scavenged Weaponry,Invasion,0.17,$0.14
7,7,Scavenger Folk,The Dark,0.16,$0.14
1,1,Scavenging Ghoul,Revised Edition,0.17,$0.15
2,2,Scavenging Ooze,Magic 2014 Core Set,6.78,$7.19
2,2,School of Piranha,Exodus,0.16,$0.14
62,8,Scion of Vitu-Ghazi,Dragon's Maze,0.33,$0.29
1,1,Scorched Ruins,Weatherlight,10.75,$10.55
7,7,Scorching Lava,Invasion,0.17,$0.15
1,1,Scoria Cat,Prophecy,0.2,$0.20
4,4,Scourge of Fleets,Journey into Nyx,0.33,$0.32
15,8,Scourge of Skola Vale,Born of the Gods,0.36,$0.33
14,8,Scourge Wolf,Shadows over Innistrad,0.34,$0.39
1,1,Scouting Trek,Invasion,0.33,$0.32
12,8,Scrambleverse,Magic 2012,0.3,$0.28
2,2,Scrap,Urza's Saga,0.17,$0.16
17,8,Scroll of the Masters,Fate Reforged,0.34,$0.30
2,2,Scrubland,Revised Edition,78.69,$76.94
2,2,Scrubland,Revised Edition,78.69,$76.94
2,2,Scrubland,Revised Edition,78.69,$76.94
9,8,Scryb Sprites,Revised Edition,0.16,$0.14
22,8,Scuttling Doom Engine,Magic 2015 Core Set,0.47,$0.45
22,8,Sea Gate Wreckage,Oath of the Gatewatch,0.9,$1.03
1,1,Sea Kings' Blessing,Legends,0.41,$0.43
5,5,Sea Serpent,Revised Edition,0.15,$0.14
7,7,Sea Snidd,Planeshift,0.17,$0.14
3,3,Seachrome Coast,Scars of Mirrodin,5.36,$5.83
7,7,Seal of Cleansing,Nemesis,0.18,$0.19
5,5,Seal of Doom,Nemesis,0.17,$0.15
5,5,Seal of Fire,Nemesis,0.19,$0.19
7,7,Seal of Removal,Nemesis,0.19,$0.21
6,6,Seal of Strength,Nemesis,0.2,$0.18
33,8,Séance,Dark Ascension,0.53,$0.49
51,8,Search the City,Return to Ravnica,0.26,$0.25
2,2,Searing Rays,Invasion,0.2,$0.18
2,2,Searing Spear Askari,Mirage,0.16,$0.14
3,3,Seashell Cameo,Invasion,0.21,$0.18
7,7,Seasinger,Fallen Empires,0.23,$0.21
2,2,Season of the Witch,The Dark,0.98,$0.97
1,1,Seasoned Marshal,Urza's Saga,0.2,$0.18
4,4,Seasons Past,Shadows over Innistrad,2.22,$2.77
1,1,Second Chance,Urza's Legacy,0.43,$0.42
10,8,Second Harvest,Shadows over Innistrad,0.54,$0.54
3,3,Secure the Wastes,Dragons of Tarkir,5.33,$6.16
1,1,Security Detail,Mercadian Masques,0.32,$0.29
2,2,Sedge Troll,Revised Edition,0.36,$0.36
8,8,See the Unwritten,Khans of Tarkir,0.93,$0.94
1,1,Seedborn Muse,Legions,20.72,$20.78
1,1,Seedborn Muse,Legions,20.72,$20.78
1,1,Seedling Charm,Mirage,0.17,$0.14
2,2,Seer's Vision,Invasion,0.2,$0.18
1,1,Seething Anger,Stronghold,0.17,$0.15
1,1,Seismic Assault,Exodus,1.79,$1.79
1,1,Seizures,Ice Age,0.17,$0.14
6,6,Semblance Anvil,Scars of Mirrodin,1.12,$1.15
1,1,Sen Triplets,Alara Reborn,23.73,$23.88
1,1,Sensei's Divining Top,Champions of Kamigawa,23.54,$23.13
1,1,Sentinel,Legends,2.69,$2.64
1,1,Sentinel,Legends,2.69,$2.64
19,8,Sepulchral Primordial,Gatecrash,0.45,$0.41
12,8,Seraph of the Sword,Magic 2014 Core Set,0.75,$0.77
1,1,Serendib Efreet,Revised Edition,0.82,$0.81
2,2,Serene Heart,Mirage,0.15,$0.15
1,1,Serpent Generator,Chronicles,0.48,$0.44
1,1,Serpent Warrior,Stronghold,0.17,$0.15
4,4,Serpentine Kavu,Invasion,0.17,$0.14
35,8,Serpentine Spike,Battle for Zendikar,0.31,$0.26
2,2,Serra Angel,Revised Edition,0.36,$0.41
5,5,Serra Avatar,Magic 2013,1.2,$1.16
7,7,Serra Avenger,Magic 2013,2.09,$2.14
1,1,Serra Paladin,Homelands,0.18,$0.16
3,3,Serra Zealot,Urza's Saga,0.17,$0.14
1,1,Serra's Embrace,Urza's Saga,0.23,$0.22
1,1,Servant of Volrath,Tempest,0.17,$0.14
11,8,Setessan Tactics,Journey into Nyx,0.45,$0.42
4,4,Sever Soul,Mercadian Masques,0.17,$0.14
28,8,Sever the Bloodline,Innistrad,0.35,$0.32
1,1,Sewer Rats,Mirage,0.16,$0.14
4,4,Sewers of Estark,Media Inserts,0,$0.65
2,2,Shackles,Exodus,0.17,$0.15
4,4,Shackles,Invasion,0.18,$0.15
1,1,Shadow Guildmage,Mirage,0.16,$0.14
7,7,Shadowborn Apostle,Magic 2014 Core Set,1.64,$1.65
5,5,Shadowborn Demon,Magic 2014 Core Set,1.02,$0.99
10,8,Shaman of Forgotten Ways,Dragons of Tarkir,2.32,$2.54
28,8,Shaman of the Great Hunt,Fate Reforged,0.94,$0.97
19,8,Shamanic Revelation,Fate Reforged,0.31,$0.31
1,1,Shambling Strider,Ice Age,0.17,$0.14
48,8,Shambling Vent,Battle for Zendikar,3.13,$3.53
4,4,Shape Anew,Scars of Mirrodin,1.06,$0.85
1,1,Shapeshifter,Antiquities,1.6,$2.08
3,3,Shardless Agent,Planechase 2012,12.04,$12.37
10,8,Shatter,Revised Edition,0.15,$0.13
1,1,Shatter,Tempest,0.17,$0.14
1,1,Shatter,Classic Sixth Edition,0.14,$0.14
1,1,Shattered Crypt,Weatherlight,0.16,$0.14
1,1,Shattering Pulse,Exodus,0.23,$0.23
4,4,Shatterstorm,Revised Edition,1.13,$1.48
1,1,Shelkin Brownie,Legends,0.19,$0.19
1,1,Sheltered Valley,Alliances,0.36,$0.32
1,1,"Sheoldred, Whispering One",New Phyrexia,18.86,$19.17
1,1,Shield Bearer,Ice Age,0.17,$0.14
3,3,Shield Dancer,Prophecy,0.22,$0.21
5,5,Shield Mate,Exodus,0.19,$0.16
4,4,Shield of Duty and Reason,Apocalypse,0.16,$0.14
6,6,Shield of the Avatar,Magic 2015 Core Set,0.26,$0.23
4,4,Shifting Sky,Planeshift,0.21,$0.22
1,1,Shifting Wall,Stronghold,0.35,$0.41
25,8,Shimian Specter,Magic 2013,0.3,$0.30
2,2,Shimmer Myr,Mirrodin Besieged,1.22,$1.21
4,4,Shimmering Mirage,Apocalypse,0.17,$0.15
4,4,Shimmering Wings,Invasion,0.18,$0.15
60,8,Shipbreaker Kraken,Theros,0.25,$0.23
1,1,Shivan Dragon,Revised Edition,1.04,$1.04
2,2,Shivan Dragon,Revised Edition,1.04,$1.04
1,1,Shivan Dragon,Revised Edition,1.04,$1.04
1,1,Shivan Dragon,Fourth Edition,0.72,$0.76
3,3,Shivan Dragon,Magic 2014 Core Set,0.29,$0.26
5,5,Shivan Dragon,Magic 2015 Core Set,0.34,$0.31
6,6,Shivan Dragon,Magic Origins,0,$0.49
4,4,Shivan Emissary,Invasion,0.2,$0.18
1,1,Shivan Harvest,Invasion,0.35,$0.32
1,1,Shivan Oasis,Invasion,0.29,$0.27
1,1,Shivan Raptor,Urza's Saga,0.21,$0.20
4,4,Shivan Reef,Magic 2015 Core Set,2.93,$3.27
4,4,Shivan Reef,Magic Origins,2.65,$2.97
1,1,Shivan Wurm,Planeshift,0.99,$1.04
4,4,Shivan Zombie,Invasion,0.17,$0.14
4,4,Shock Troops,Mercadian Masques,0.16,$0.14
10,8,Shorecrasher Elemental,Dragons of Tarkir,0.85,$1.01
4,4,Shoreline Raider,Invasion,0.17,$0.15
2,2,Shoving Match,Mercadian Masques,0.19,$0.17
1,1,Show and Tell,Urza's Saga,56.93,$59.53
2,2,Shower of Sparks,Urza's Saga,0.17,$0.15
8,8,Shriek of Dread,Planeshift,0.17,$0.14
2,2,Shrieking Drake,Visions,0.21,$0.18
3,3,Shrieking Mogg,Nemesis,0.38,$0.37
23,8,Shrine of the Forsaken Gods,Battle for Zendikar,0.94,$1.14
2,2,Shrink,Homelands,0.16,$0.15
32,8,"Shu Yun, the Silent Tempest",Fate Reforged,0.37,$0.33
2,2,Sick and Tired,Urza's Legacy,0.17,$0.15
1,1,Sicken,Urza's Saga,0.17,$0.15
33,8,"Sidisi, Brood Tyrant",Khans of Tarkir,0.88,$0.90
15,8,"Sidisi, Undead Vizier",Dragons of Tarkir,3.17,$3.29
4,4,Siege Dragon,Magic 2015 Core Set,0.27,$0.25
45,8,Siege Rhino,Khans of Tarkir,1.44,$1.51
47,8,Sifter of Skulls,Oath of the Gatewatch,0.36,$0.30
14,8,"Sigarda, Heron's Grace",Shadows over Innistrad,2.06,$2.39
22,8,Sigil of the Empty Throne,Magic Origins,0.45,$0.74
41,8,Signal the Clans,Gatecrash,0.28,$0.27
6,6,Silence,Magic 2014 Core Set,1.04,$1.06
20,8,Silence the Believers,Journey into Nyx,0.38,$0.35
2,2,Silent Attendant,Urza's Saga,0.17,$0.15
20,8,Silent Sentinel,Born of the Gods,0.33,$0.28
1,1,Silhouette,Legends,0.43,$0.50
7,7,Silkenfist Fighter,Nemesis,0.16,$0.14
4,4,Silkenfist Order,Nemesis,0.19,$0.20
38,8,Silklash Spider,Magic 2013,0.3,$0.30
3,3,Silt Crawler,Prophecy,0.16,$0.14
25,8,Silumgar Assassin,Dragons of Tarkir,0.37,$0.33
34,8,Silumgar's Command,Dragons of Tarkir,0.55,$0.63
48,8,"Silumgar, the Drifting Death",Fate Reforged,0.48,$0.48
8,8,Silver Drake,Planeshift,0.17,$0.14
24,8,Silverblade Paladin,Avacyn Restored,0.59,$0.57
14,8,Silverfur Partisan,Shadows over Innistrad,0.89,$0.92
4,4,Silverglade Elemental,Mercadian Masques,0.18,$0.16
1,1,Silverglade Pathfinder,Mercadian Masques,0.22,$0.22
2,2,Simian Grunts,Urza's Legacy,0.16,$0.14
42,8,Simic Manipulator,Gatecrash,0.32,$0.30
1,1,Simoon,Visions,0.2,$0.20
2,2,Simulacrum,Revised Edition,0.2,$0.20
11,8,Sin Prodder,Shadows over Innistrad,0.95,$1.00
1,1,Sindbad,Fourth Edition,0.19,$0.18
9,8,Singe,Planeshift,0.17,$0.14
4,4,Sinister Strength,Planeshift,0.18,$0.17
3,3,Sinkhole,Eternal Masters,11.29,$13.61
3,3,Sinkhole,Unlimited Edition,21.09,$24.05
37,8,Sire of Insanity,Dragon's Maze,0.28,$0.28
36,8,Sire of Stagnation,Battle for Zendikar,1.06,$1.16
3,3,Siren's Call,Unlimited Edition,0.34,$0.47
6,6,Siren's Call,Revised Edition,0.19,$0.17
5,5,Sisay's Ingenuity,Planeshift,0.17,$0.14
2,2,Sisay's Ring,Visions,0.19,$0.17
1,1,Sisters of the Flame,The Dark,0.22,$0.21
4,4,Sivvi's Ruse,Nemesis,0.23,$0.22
3,3,Sivvi's Valor,Nemesis,0.32,$0.32
3,3,Sizzle,Mercadian Masques,0.18,$0.16
8,8,Skaab Ruinator,Innistrad,1.3,$1.34
66,8,Skarrg Goliath,Gatecrash,0.26,$0.26
1,1,Skeleton Ship,Ice Age,0.66,$0.64
3,3,Skinshifter,Magic 2012,0.56,$0.53
18,8,Skirsdag High Priest,Innistrad,0.43,$0.50
2,2,"Skithiryx, the Blight Dragon",Scars of Mirrodin,11.57,$11.34
3,3,Skittering Skirge,Urza's Saga,0.17,$0.15
3,3,Skittish Kavu,Invasion,0.21,$0.18
1,1,Skizzik,Invasion,0.74,$0.83
4,4,Skulking Fugitive,Mercadian Masques,0.16,$0.14
4,4,Skull of Orm,The Dark,0.48,$0.48
1,1,Skull of Ramos,Mercadian Masques,0.7,$0.64
3,3,Skullcrack,Gatecrash,1.03,$1.01
3,3,Sky Weaver,Invasion,0.2,$0.18
15,8,Skybind,Journey into Nyx,0.26,$0.25
25,8,Skylasher,Dragon's Maze,0.39,$0.47
1,1,Skyshaper,Exodus,0.21,$0.19
1,1,Skyship Weatherlight,Planeshift,0.96,$0.95
1,1,Skyshroud Archer,Stronghold,0.17,$0.15
2,2,Skyshroud Behemoth,Nemesis,0.32,$0.31
3,3,Skyshroud Blessing,Planeshift,0.2,$0.18
9,8,Skyshroud Claim,Nemesis,1.85,$1.90
1,1,Skyshroud Condor,Tempest,0.2,$0.21
6,6,Skyshroud Cutter,Nemesis,0.17,$0.14
1,1,Skyshroud Elite,Exodus,0.32,$0.36
2,2,Skyshroud Falcon,Stronghold,0.17,$0.15
1,1,Skyshroud Forest,Tempest,0.78,$0.74
2,2,Skyshroud Poacher,Nemesis,2.38,$2.41
4,4,Skyshroud Ridgeback,Nemesis,0.17,$0.14
4,4,Skyshroud Sentinel,Nemesis,0.16,$0.14
1,1,Skyshroud Troopers,Stronghold,0.17,$0.15
9,8,Slag Fiend,New Phyrexia,0.28,$0.27
13,8,Slagstorm,Mirrodin Besieged,0.39,$0.40
1,1,Slaughter,Exodus,0.24,$0.24
34,8,Slaughter Games,Return to Ravnica,0.62,$0.64
1,1,Slaughter Pact,Future Sight,9.41,$9.55
1,1,Slay,Planeshift,0.19,$0.17
15,8,Slayer's Plate,Shadows over Innistrad,0.26,$0.27
23,8,Slayers' Stronghold,Avacyn Restored,0.48,$0.50
1,1,Sleeper Agent,Urza's Saga,0.4,$0.39
4,4,Sleeper's Guile,Urza's Legacy,0.18,$0.15
1,1,Sleeper's Robe,Invasion,0.27,$0.26
5,5,Sleeping Potion,Planeshift,0.17,$0.14
8,8,Slimy Kavu,Invasion,0.17,$0.14
8,8,Slingshot Goblin,Planeshift,0.17,$0.14
2,2,Slinking Serpent,Invasion,0.2,$0.18
1,1,Slippery Karst,Urza's Saga,0.19,$0.17
4,4,Sliver Hive,Magic 2015 Core Set,4.82,$5.01
1,1,Sliver Hivelord,Magic 2015 Core Set,9.72,$9.44
1,1,Slow Motion,Urza's Legacy,0.18,$0.16
1,1,Sluggishness,Urza's Legacy,0.17,$0.15
13,8,Slumbering Dragon,Magic 2013,1.98,$2.00
4,4,Smash,Apocalypse,0.17,$0.15
1,1,Smite,Stronghold,0.17,$0.14
28,8,Smoldering Marsh,Battle for Zendikar,2.85,$3.12
67,8,Smothering Abomination,Battle for Zendikar,0.35,$0.39
3,3,Snag,Prophecy,0.21,$0.20
1,1,Snake Pit,Mercadian Masques,0.25,$0.24
1,1,Snap,Urza's Legacy,2.49,$2.46
4,4,Sneak Attack,Eternal Masters,24.6,$25.61
11,8,Sneaky Homunculus,Nemesis,0.17,$0.14
4,4,Snorting Gahr,Mercadian Masques,0.17,$0.14
1,1,Snow Devil,Ice Age,0.17,$0.14
1,1,Snow Fortress,Ice Age,0.34,$0.30
1,1,Snow Hound,Ice Age,0.2,$0.19
1,1,Snowfall,Ice Age,0.17,$0.14
4,4,Snuff Out,Mercadian Masques,0.29,$0.28
1,1,Sol Ring,Revised Edition,4.13,$4.08
3,3,Sol Ring,Revised Edition,4.13,$4.08
1,1,Soldevi Excavations,Alliances,7.47,$2.43
1,1,Soldevi Simulacrum,Ice Age,0.19,$0.17
31,8,Soldier of the Pantheon,Theros,0.42,$0.39
1,1,Solemn Simulacrum,Magic 2012,3.99,$4.07
4,4,Solfatara,Visions,0.17,$0.15
1,1,Soltari Priest,Tempest,0.38,$0.60
2,2,Soltari Visionary,Exodus,0.2,$0.21
30,8,Somberwald Sage,Avacyn Restored,1.41,$1.45
1,1,Song of Blood,Visions,0.17,$0.15
3,3,Sonic Burst,Exodus,0.17,$0.15
4,4,Soothing Balm,Mercadian Masques,0.17,$0.15
2,2,Soothsaying,Mercadian Masques,1.61,$1.60
1,1,Sorceress Queen,Revised Edition,0.52,$0.48
1,1,Sorin's Vengeance,Magic 2012,1.18,$1.20
4,4,"Sorin, Grim Nemesis",Shadows over Innistrad,8.74,$9.51
1,1,"Sorin, Lord of Innistrad",Dark Ascension,6.57,$6.85
14,8,"Sorin, Solemn Visitor",Khans of Tarkir,4.76,$5.26
5,5,Sorrow's Path,The Dark,0.79,$0.80
2,2,Soul Barrier,Ice Age,0.23,$0.21
1,1,Soul Burn,Ice Age,0.17,$0.14
5,5,Soul Burn,Invasion,0.18,$0.16
3,3,Soul Channeling,Mercadian Masques,0.17,$0.14
8,8,Soul Charmer,Prophecy,0.16,$0.14
10,8,Soul Conduit,New Phyrexia,0.3,$0.31
9,8,Soul Exchange,Fallen Empires,0.31,$0.27
4,4,Soul Kiss,Ice Age,0.14,$0.12
5,5,Soul Link,Apocalypse,0.2,$0.21
1,1,Soul Net,Unlimited Edition,0.36,$0.53
1,1,Soul Net,Revised Edition,0.18,$0.16
5,5,Soul of Innistrad,Magic 2015 Core Set,1.09,$1.14
4,4,Soul of New Phyrexia,Magic 2015 Core Set,2.56,$2.60
6,6,Soul of Ravnica,Magic 2015 Core Set,0.61,$0.64
9,8,Soul of Shandalar,Magic 2015 Core Set,0.73,$0.75
27,8,Soul of the Harvest,Avacyn Restored,0.49,$0.49
7,7,Soul of Theros,Magic 2015 Core Set,0.98,$0.99
10,8,Soul of Zendikar,Magic 2015 Core Set,0.66,$0.64
59,8,Soul Ransom,Gatecrash,0.32,$0.30
3,3,Soul Strings,Prophecy,0.17,$0.14
14,8,Soul Swallower,Shadows over Innistrad,0.28,$0.29
3,3,Soul Warden,Exodus,0.94,$0.90
37,8,Soulblade Djinn,Magic Origins,0.32,$0.27
22,8,Soulfire Grand Master,Fate Reforged,2.96,$3.69
36,8,Soulflayer,Fate Reforged,0.3,$0.31
2,2,Soulshriek,Mirage,0.15,$0.13
48,8,Spark Trooper,Gatecrash,0.32,$0.33
1,1,Sparring Golem,Invasion,0.2,$0.18
1,1,Spatial Binding,Mirage,0.18,$0.17
5,5,Spawn of Thraxes,Journey into Nyx,0.28,$0.26
5,5,Spawning Pool,Urza's Legacy,0.25,$0.25
56,8,Spear of Heliod,Theros,0.64,$0.65
4,4,Specter's Wail,Mercadian Masques,0.16,$0.14
1,1,Spectra Ward,Magic 2015 Core Set,0.65,$0.64
1,1,Spectral Bears,Homelands,0.21,$0.21
1,1,Spectral Shield,Ice Age,0.2,$0.19
1,1,Spell Blast,Unlimited Edition,0.22,$0.27
7,7,Spell Blast,Revised Edition,0.16,$0.15
2,2,Spellskite,Modern Masters 2015 Edition,27.65,$27.41
26,8,Spelltwine,Magic 2013,0.28,$0.28
48,8,Sphinx of the Chimes,Return to Ravnica,0.26,$0.25
14,8,Sphinx of the Final Word,Oath of the Gatewatch,1.18,$1.61
10,8,Sphinx of Uthuun,Magic 2012,0.27,$0.28
29,8,Sphinx of Uthuun,Magic 2013,0.37,$0.34
3,3,Sphinx's Revelation,Return to Ravnica,6.16,$6.18
2,2,Spider Climb,Visions,0.17,$0.15
3,3,Spidersilk Armor,Mercadian Masques,0.9,$0.87
1,1,Spike Breeder,Stronghold,0.33,$0.32
1,1,Spike Cannibal,Exodus,0.24,$0.23
2,2,Spike Colony,Stronghold,0.16,$0.14
2,2,Spike Drone,Tempest,0.16,$0.14
1,1,Spike Rogue,Exodus,0.21,$0.20
1,1,Spike Weaver,Exodus,4.64,$4.86
2,2,Spike Worker,Stronghold,0.17,$0.15
9,8,Spikeshot Elder,Scars of Mirrodin,0.4,$0.36
3,3,Spiketail Hatchling,Prophecy,0.18,$0.16
1,1,Spindrift Drake,Stronghold,0.17,$0.14
8,8,Spine of Ish Sah,Mirrodin Besieged,0.38,$0.36
1,1,Spined Fluke,Urza's Saga,0.22,$0.21
1,1,Spined Sliver,Stronghold,0.27,$0.26
2,2,Spined Wurm,Stronghold,0.17,$0.15
10,8,Spineless Thug,Nemesis,0.16,$0.14
2,2,Spire Owl,Urza's Saga,0.18,$0.15
38,8,Spirit Away,Avacyn Restored,0.34,$0.29
3,3,Spirit Bonds,Magic 2015 Core Set,0.39,$0.37
1,1,Spirit en-Kor,Stronghold,0.17,$0.14
1,1,Spirit Link,Fourth Edition,0.24,$0.30
1,1,Spirit of Resistance,Invasion,0.7,$0.66
2,2,Spirit of the Labyrinth,Born of the Gods,0.87,$0.88
2,2,Spirit Shackle,Legends,0.19,$0.19
2,2,Spirit Shield,Fallen Empires,0.37,$0.31
1,1,Spirit Weaver,Invasion,0.2,$0.18
1,1,Spiritual Asylum,Nemesis,0.47,$0.46
4,4,Spite // Malice,Invasion,0,$0.20
4,4,Spiteful Bully,Nemesis,0.17,$0.14
2,2,Spitting Slug,The Dark,0.2,$0.18
3,3,Spitting Spider,Prophecy,0.21,$0.20
27,8,Splinterfright,Innistrad,0.38,$0.37
6,6,Spore Cloud,Fallen Empires,0.18,$0.18
6,6,Spore Cloud,Fallen Empires,0.18,$0.16
7,7,Spore Cloud,Fallen Empires,0.18,$0.18
6,6,Spore Flower,Fallen Empires,0.35,$0.34
6,6,Spore Frog,Prophecy,0.53,$0.53
3,3,Spur Grappler,Prophecy,0.16,$0.14
4,4,Squall,Mercadian Masques,0.17,$0.14
1,1,Squallmonger,Mercadian Masques,0.2,$0.18
1,1,Squandered Resources,Visions,6.4,$6.25
4,4,Squee's Embrace,Apocalypse,0.18,$0.18
7,7,Squee's Revenge,Apocalypse,0.24,$0.23
4,4,Squire,The Dark,0.16,$0.14
9,8,Staff of Nin,Magic 2013,0.98,$1.00
1,1,Staff of Zegon,Antiquities,0.18,$0.19
1,1,Staff of Zegon,Antiquities,0.18,$0.19
13,8,Stain the Mind,Magic 2015 Core Set,0.33,$0.31
1,1,Stalking Stones,Tempest,0.23,$0.22
1,1,Stalking Tiger,Mirage,0.16,$0.14
1,1,Stamina,Mercadian Masques,0.2,$0.18
3,3,Stampede Driver,Nemesis,0.2,$0.21
2,2,Stampeding Wildebeests,Visions,0.21,$0.20
3,3,Stand // Deliver,Invasion,0,$0.21
4,4,Standard Bearer,Apocalypse,0.28,$0.27
4,4,Standing Stones,The Dark,0.21,$0.22
2,2,Standing Troops,Exodus,0.17,$0.15
1,1,Star Compass,Planeshift,0.32,$0.30
19,8,Starfield of Nyx,Magic Origins,2.38,$2.51
1,1,Startled Awake,Shadows over Innistrad,2.65,$2.93
1,1,Stasis,Revised Edition,1.53,$1.54
1,1,Stasis,Revised Edition,1.53,$1.54
1,1,Statecraft,Mercadian Masques,3.99,$1.57
2,2,Steadfast Guard,Mercadian Masques,0.17,$0.15
1,1,Steal Artifact,Unlimited Edition,0.63,$0.72
3,3,Steal Artifact,Revised Edition,0.19,$0.17
5,5,Steal Strength,Prophecy,0.17,$0.14
65,8,Steam Augury,Theros,0.26,$0.23
6,6,Steel Hellkite,Scars of Mirrodin,0.95,$1.01
7,7,Steel Leaf Paladin,Planeshift,0.16,$0.14
1,1,Steel Overseer,Duel Decks: Elspeth vs. Tezzeret,13.99,$14.68
38,8,Stensia Bloodhall,Innistrad,0.28,$0.26
4,4,Stinging Barrier,Mercadian Masques,0.17,$0.14
42,8,Stolen Goods,Avacyn Restored,0.3,$0.27
24,8,Stolen Identity,Gatecrash,0.44,$0.42
1,1,Stone Calendar,The Dark,2.4,$2.34
2,2,Stone Calendar,The Dark,2.4,$2.34
1,1,Stone Giant,Revised Edition,0.18,$0.16
24,8,Stone Haven Outfitter,Oath of the Gatewatch,0.45,$0.45
9,8,Stone Kavu,Planeshift,0.17,$0.14
3,3,Stone Rain,Revised Edition,0.17,$0.15
6,6,Stone Rain,Revised Edition,0.17,$0.15
1,1,Stone Rain,Fourth Edition,0.18,$0.17
1,1,Stone Rain,Ice Age,0.16,$0.15
1,1,Stone Rain,Mirage,0.19,$0.17
1,1,Stone Rain,Tempest,0.17,$0.18
4,4,Stone Rain,Mercadian Masques,0.17,$0.18
36,8,Stoneforge Masterwork,Oath of the Gatewatch,0.87,$0.94
1,1,Stoneforge Mystic,Worldwake,18.06,$20.32
3,3,Stoneforge Mystic,Worldwake,18.06,$20.32
20,8,Stony Silence,Innistrad,10.04,$10.60
1,1,Storm Front,Tempest,0.19,$0.17
1,1,Storm Seeker,Legends,1.51,$1.77
1,1,Storm World,Legends,24.1,$23.30
1,1,Storm World,Legends,24.1,$23.30
24,8,Stormbreath Dragon,Theros,2.23,$2.41
5,5,Stormscape Apprentice,Invasion,0.18,$0.16
6,6,Stormscape Battlemage,Planeshift,0.22,$0.22
8,8,Stormscape Familiar,Planeshift,0.18,$0.17
22,8,Stormtide Leviathan,Magic 2013,0.32,$0.38
9,8,Stormtide Leviathan,Magic 2015 Core Set,0.32,$0.30
5,5,Stormwatch Eagle,Prophecy,0.17,$0.14
2,2,Story Circle,Mercadian Masques,0.68,$0.72
3,3,Strafe,Planeshift,0.2,$0.18
7,7,Strata Scythe,Scars of Mirrodin,0.29,$0.31
2,2,Stratadon,Planeshift,0.2,$0.21
18,8,Stratus Dancer,Dragons of Tarkir,0.99,$1.09
11,8,Stream of Life,Revised Edition,0.16,$0.14
1,1,Stream of Life,Fourth Edition,0.14,$0.16
5,5,Strength of Night,Apocalypse,0.16,$0.14
4,4,Strength of Unity,Invasion,0.17,$0.15
17,8,Strionic Resonator,Magic 2014 Core Set,2.54,$2.58
2,2,Strip Mine,Antiquities,0,$8.25
1,1,Strip Mine,Antiquities,0,$14.24
3,3,Striped Bears,Weatherlight,0.17,$0.16
3,3,Stroke of Genius,Urza's Saga,2.55,$2.45
1,1,Stroke of Genius,Urza's Saga,2.55,$2.45
27,8,Stromkirk Noble,Innistrad,0.83,$0.82
2,2,Strongarm Thug,Mercadian Masques,0.21,$0.21
2,2,Stronghold Biologist,Nemesis,0.2,$0.21
4,4,Stronghold Discipline,Nemesis,0.17,$0.14
1,1,Stronghold Gambit,Nemesis,0.9,$1.13
4,4,Stronghold Machinist,Nemesis,0.2,$0.21
4,4,Stronghold Zeppelin,Nemesis,0.2,$0.21
4,4,Stuffy Doll,Magic 2013,2.29,$2.21
4,4,Stun,Invasion,0.17,$0.15
1,1,Stupor,Mirage,0.31,$0.28
44,8,Sturmgeist,Innistrad,0.35,$0.30
1,1,Subdue,Legends,0.19,$0.19
3,3,Submerge,Nemesis,1.66,$2.07
1,1,Subterranean Hangar,Mercadian Masques,0.29,$0.27
1,1,Subversion,Urza's Legacy,0.81,$0.84
21,8,Sudden Disappearance,Dark Ascension,0.33,$0.28
5,5,Sulfur Falls,Innistrad,8.92,$9.60
8,8,Sulfur Vent,Invasion,0.19,$0.17
50,8,Sultai Ascendancy,Khans of Tarkir,0.32,$0.28
1,1,Summer Bloom,Visions,2.15,$2.06
1,1,Summer Bloom,Classic Sixth Edition,1.99,$2.48
3,3,Summoner's Pact,Modern Masters,11.19,$11.27
2,2,Summoner's Pact,Future Sight,11.77,$11.97
1,1,Sun Titan,Magic 2012,2.4,$2.64
3,3,Sunblast Angel,Scars of Mirrodin,0.73,$0.73
25,8,Sunbringer's Touch,Dragons of Tarkir,0.36,$0.34
1,1,Sundial of the Infinite,Magic 2012,0.57,$0.55
1,1,Sunglasses of Urza,Revised Edition,0.32,$0.30
5,5,Sunken City,The Dark,0.17,$0.15
1,1,Sunken City,Fourth Edition,0.14,$0.15
32,8,Sunken Hollow,Battle for Zendikar,2.49,$2.75
1,1,Sunken Hope,Planeshift,0.33,$0.31
2,2,Sunken Ruins,Shadowmoor,16.26,$17.24
1,1,Sunpetal Grove,Magic 2013,2.35,$2.32
4,4,Sunscape Apprentice,Invasion,0.17,$0.15
2,2,Sunscape Battlemage,Planeshift,0.23,$0.22
6,6,Sunscape Familiar,Planeshift,0.23,$0.21
1,1,Sunscape Master,Invasion,0.37,$0.34
25,8,Sunscorch Regent,Dragons of Tarkir,0.69,$0.68
34,8,Supplant Form,Fate Reforged,0.33,$0.29
7,7,Suppress,Apocalypse,0.19,$0.17
27,8,Supreme Verdict,Return to Ravnica,5.99,$6.04
1,1,Suq'Ata Assassin,Visions,0.33,$0.30
1,1,Suq'Ata Lancer,Visions,0.16,$0.15
1,1,Surgical Extraction,New Phyrexia,6.7,$6.70
3,3,Surprise Deployment,Planeshift,0.2,$0.17
33,8,Surrak Dragonclaw,Khans of Tarkir,0.91,$0.93
29,8,"Surrak, the Hunt Caller",Dragons of Tarkir,0.51,$0.58
1,1,Sustainer of the Realm,Urza's Legacy,0.21,$0.21
1,1,Sustenance,Mercadian Masques,0.2,$0.18
8,8,Sutured Ghoul,Magic 2012,0.3,$0.29
5,5,Svyelunite Priest,Fallen Empires,0.19,$0.17
7,7,Svyelunite Temple,Fallen Empires,0.24,$0.24
1,1,Swamp,Unhinged,0,$9.52
1,1,Swamp Mosquito,Alliances,0,$0.17
1,1,Swamp Mosquito,Alliances,0,$0.18
88,8,Swan Song,Theros,1.15,$1.19
2,2,Swat,Urza's Legacy,0.17,$0.15
2,2,Sway of Illusion,Invasion,0.22,$0.21
2,2,Sword Dancer,Prophecy,0.21,$0.20
14,8,Sword of the Animist,Magic Origins,2.08,$2.30
2,2,Sword of the Meek,Future Sight,10.67,$11.74
3,3,Sword of the Meek,Future Sight,10.67,$11.74
1,1,Swords to Plowshares,Revised Edition,2.52,$2.75
1,1,Swords to Plowshares,Ice Age,2.69,$2.73
1,1,Sylvan Advocate,Oath of the Gatewatch,5.62,$6.01
5,5,Sylvan Advocate,Oath of the Gatewatch,5.62,$6.01
10,8,Sylvan Caryatid,Theros,2.12,$2.24
3,3,Sylvan Library,Eternal Masters,18.06,$19.20
2,2,Sylvan Library,Fifth Edition,20.67,$21.28
7,7,Sylvan Messenger,Apocalypse,0.55,$0.65
25,8,Sylvan Primordial,Gatecrash,0.47,$0.50
2,2,Symbiosis,Urza's Saga,0.17,$0.15
1,1,Syphon Sliver,Magic 2014 Core Set,2.21,$2.35
4,4,Syphon Soul,Legends,0.19,$0.19
1,1,Syphon Soul,Classic Sixth Edition,0.19,$0.19
1,1,Tablet of Epityr,Antiquities,0.18,$0.19
4,4,Tahngarth's Glare,Apocalypse,0.15,$0.14
2,2,"Tahngarth, Talruum Hero",Planeshift,0.73,$0.73
3,3,Taiga,Revised Edition,87.43,$83.34
1,1,Taiga,Revised Edition,87.43,$83.34
15,8,Tainted Remedy,Magic Origins,0.59,$0.90
4,4,Tainted Well,Invasion,0.17,$0.14
17,8,"Tajic, Blade of the Legion",Dragon's Maze,0.73,$0.75
29,8,Talent of the Telepath,Magic Origins,0.48,$0.58
4,4,"Talrand, Sky Summoner",Magic 2013,1.13,$1.27
3,3,Talruum Champion,Visions,0.17,$0.15
1,1,Talruum Minotaur,Classic Sixth Edition,0.14,$0.14
1,1,Talruum Piper,Visions,0.2,$0.17
9,8,Tamiyo's Journal,Shadows over Innistrad,0.59,$0.61
1,1,"Tamiyo, the Moon Sage",Avacyn Restored,19.58,$20.05
1,1,"Tamiyo, the Moon Sage",Avacyn Restored,19.58,$20.05
2,2,"Tamiyo, the Moon Sage",Avacyn Restored,19.58,$20.05
2,2,Tangle,Invasion,2.07,$2.10
2,2,Tangle Kelp,The Dark,0.2,$0.20
1,1,Tangle Kelp,The Dark,0.2,$0.20
2,2,Tangle Wire,Nemesis,4.24,$4.32
1,1,Tarmogoyf,Modern Masters,274.94,$139.48
2,2,Tarmogoyf,Modern Masters 2015 Edition,134.97,$134.92
1,1,Tarmogoyf,Future Sight,164.15,$168.93
2,2,Tarpan,Ice Age,0.17,$0.14
41,8,"Tasigur, the Golden Fang",Fate Reforged,2.76,$2.85
2,2,Task Force,Mercadian Masques,0.19,$0.17
1,1,Task Mage Assembly,Prophecy,0.33,$0.31
1,1,Tawnos's Weaponry,Antiquities,0.34,$0.38
1,1,Tectonic Break,Mercadian Masques,0.45,$0.45
1,1,Tectonic Instability,Invasion,0.34,$0.31
1,1,Teferi's Care,Invasion,0.21,$0.18
2,2,Teferi's Curse,Mirage,0.17,$0.14
2,2,Teferi's Drake,Mirage,0.16,$0.14
2,2,Teferi's Isle,Mirage,0.89,$0.92
3,3,Teferi's Puzzle Box,Visions,2.78,$2.81
1,1,Teferi's Response,Invasion,0.9,$0.90
1,1,"Teferi, Mage of Zhalfir",Time Spiral,13.75,$13.60
1,1,Teleport,Chronicles,0.3,$0.26
9,8,Tempered Steel,Scars of Mirrodin,1.38,$1.50
1,1,Tempest Drake,Visions,0.2,$0.17
28,8,Temple of Abandon,Theros,0.73,$0.77
21,8,Temple of Deceit,Theros,1.79,$1.73
16,8,Temple of Enlightenment,Born of the Gods,2.29,$2.34
9,8,Temple of Epiphany,Journey into Nyx,2.91,$3.13
20,8,Temple of Malady,Journey into Nyx,2.05,$2.16
8,8,Temple of Malice,Born of the Gods,1.67,$1.68
26,8,Temple of Mystery,Theros,1.02,$1.05
4,4,Temple of Plenty,Born of the Gods,1.78,$1.84
33,8,Temple of Silence,Theros,1.46,$1.50
23,8,Temple of Triumph,Theros,0.89,$0.92
1,1,Temporal Distortion,Invasion,0.35,$0.34
4,4,Temporal Spring,Apocalypse,0.16,$0.14
23,8,Temporal Trespass,Fate Reforged,1.42,$1.49
64,8,Temur Ascendancy,Khans of Tarkir,0.29,$0.28
29,8,Temur War Shaman,Fate Reforged,0.32,$0.28
1,1,Tendo Ice Bridge,Betrayers of Kamigawa,12.29,$13.21
2,2,Teremko Griffin,Mirage,0.17,$0.15
3,3,Terminal Moraine,Planeshift,0.2,$0.20
6,6,Terminate,Planeshift,2.72,$2.62
14,8,Terminus,Avacyn Restored,3.17,$3.30
5,5,Terra Stomper,Magic 2015 Core Set,0.6,$0.55
8,8,Terra Stomper,Magic Origins,0,$0.72
10,8,Terrain Generator,Nemesis,2.04,$2.14
1,1,Territorial Dispute,Mercadian Masques,0.32,$0.29
3,3,Terror,Revised Edition,0.17,$0.15
1,1,Terror,Fourth Edition,0.14,$0.15
1,1,Terror,Classic Sixth Edition,0.14,$0.19
1,1,Tetravus,Antiquities,20.5,$25.25
41,8,"Teysa, Envoy of Ghosts",Dragon's Maze,0.34,$0.35
1,1,"Tezzeret, Agent of Bolas",Mirrodin Besieged,24.36,$26.34
1,1,"Tezzeret, Agent of Bolas",Mirrodin Besieged,24.36,$26.34
1,1,Thalakos Scout,Exodus,0.17,$0.15
9,8,Thalia's Lieutenant,Shadows over Innistrad,3.5,$3.64
7,7,"Thalia, Guardian of Thraben",Dark Ascension,8.97,$9.18
6,6,Thallid,Fallen Empires,0,$0.19
6,6,Thallid,Fallen Empires,0,$0.19
7,7,Thallid,Fallen Empires,0,$0.15
5,5,Thallid,Fallen Empires,0,$0.19
10,8,Thallid Devourer,Fallen Empires,0.27,$0.25
8,8,"Thassa, God of the Sea",Theros,5.84,$5.89
4,4,The Chain Veil,Magic 2015 Core Set,1.8,$1.81
2,2,The Fallen,The Dark,0.23,$0.23
1,1,The Fallen,The Dark,0.23,$0.23
21,8,The Gitrog Monster,Shadows over Innistrad,3.27,$3.94
15,8,The Great Aurora,Magic Origins,1.72,$1.82
2,2,The Rack,Revised Edition,2.18,$2.19
1,1,The Tabernacle at Pendrell Vale,Legends,1300,"$1,429.34"
3,3,Theft of Dreams,Exodus,0.17,$0.15
8,8,Thelon's Chant,Fallen Empires,0.19,$0.17
3,3,Thelon's Curse,Fallen Empires,0.35,$0.30
8,8,Thelonite Druid,Fallen Empires,0.21,$0.18
1,1,Thelonite Monk,Fallen Empires,0.37,$0.32
4,4,Thermal Glider,Mercadian Masques,0.16,$0.14
6,6,Thespian's Stage,Gatecrash,2.7,$2.94
1,1,Thicket Basilisk,Unlimited Edition,0.44,$0.58
5,5,Thicket Basilisk,Revised Edition,0.19,$0.17
6,6,Thing in the Ice,Shadows over Innistrad,4.46,$5.02
1,1,Thirst,Mirage,0.16,$0.14
15,8,Thopter Assembly,Mirrodin Besieged,0.51,$0.52
26,8,Thopter Spy Network,Magic Origins,0.66,$0.85
2,2,Thorn of Amethyst,Lorwyn,16.56,$16.63
6,6,Thorn Thallid,Fallen Empires,0.18,$0.17
7,7,Thorn Thallid,Fallen Empires,0.18,$0.18
9,8,Thorn Thallid,Fallen Empires,0.18,$0.18
6,6,Thorn Thallid,Fallen Empires,0.18,$0.18
3,3,Thorncaster Sliver,Magic 2014 Core Set,0.71,$0.73
3,3,Thornscape Apprentice,Invasion,0.17,$0.15
2,2,Thornscape Battlemage,Planeshift,0.2,$0.18
8,8,Thornscape Familiar,Planeshift,0.17,$0.15
1,1,Thornscape Master,Invasion,0.32,$0.32
1,1,Thornwind Faeries,Urza's Legacy,0.18,$0.19
12,8,Thought-Knot Seer,Oath of the Gatewatch,6.5,$6.84
1,1,Thoughtlace,Revised Edition,0.29,$0.27
4,4,Thoughtseize,Theros,14.2,$15.12
39,8,Thousand Winds,Khans of Tarkir,0.32,$0.28
1,1,Thraben Doomsayer,Dark Ascension,0.97,$0.98
1,1,Thran Quarry,Urza's Saga,2.23,$2.22
1,1,Thran Turbine,Urza's Saga,0.31,$0.31
1,1,Thran War Machine,Urza's Legacy,0.2,$0.18
3,3,Threads of Disloyalty,Betrayers of Kamigawa,9.7,$10.55
1,1,Threads of Disloyalty,Betrayers of Kamigawa,9.7,$10.55
5,5,Thresher Beast,Prophecy,0.18,$0.17
5,5,Thrive,Prophecy,0.17,$0.16
1,1,Throne of Bone,Revised Edition,0.18,$0.16
8,8,Throne of Empires,Magic 2012,0.32,$0.31
4,4,Thrull Champion,Fallen Empires,0.39,$0.38
6,6,Thrull Retainer,Fallen Empires,0.2,$0.18
1,1,Thrull Surgeon,Exodus,0.16,$0.14
5,5,Thrull Wizard,Fallen Empires,0.2,$0.18
29,8,Thunderbreak Regent,Dragons of Tarkir,1.79,$2.17
4,4,Thunderclap,Mercadian Masques,0.16,$0.14
1,1,Thundering Giant,Urza's Saga,0.2,$0.18
5,5,Thunderscape Apprentice,Invasion,0.17,$0.14
2,2,Thunderscape Battlemage,Planeshift,0.2,$0.21
8,8,Thunderscape Familiar,Planeshift,0.17,$0.15
1,1,Thwart,Mercadian Masques,0.77,$0.88
1,1,Ticking Gnomes,Urza's Legacy,0.2,$0.18
4,4,Tidal Bore,Mercadian Masques,0.17,$0.14
7,7,Tidal Courier,Apocalypse,0.2,$0.19
6,6,Tidal Flats,Fallen Empires,0.19,$0.19
4,4,Tidal Flats,Fallen Empires,0.19,$0.15
7,7,Tidal Flats,Fallen Empires,0.19,$0.19
7,7,Tidal Influence,Fallen Empires,0.19,$0.17
2,2,Tidal Surge,Stronghold,0.17,$0.15
1,1,Tidal Surge,Classic Sixth Edition,0.14,$0.14
5,5,Tidal Visionary,Invasion,0.18,$0.16
2,2,Tidal Warrior,Stronghold,0.19,$0.17
1,1,Tidal Wave,Mirage,0.2,$0.18
27,8,Tidebinder Mage,Magic 2014 Core Set,0.87,$0.89
4,4,Tiger Claws,Mercadian Masques,0.17,$0.14
1,1,Tigereye Cameo,Invasion,0.2,$0.18
1,1,Timber Wolves,Revised Edition,0.33,$0.31
2,2,Timberline Ridge,Ice Age,0.36,$0.31
1,1,Time Elemental,Legends,17.14,$17.18
9,8,Time Reversal,Magic 2012,0.98,$0.95
1,1,Time Warp,Magic 2010,17.95,$18.45
1,1,Timetwister,Unlimited Edition,840.41,$702.52
1,1,Timid Drake,Mercadian Masques,0.2,$0.18
1,1,Tin-Wing Chimera,Visions,0.21,$0.21
8,8,Tinder Farm,Invasion,0.18,$0.17
3,3,Tinder Wall,Ice Age,0.22,$0.29
3,3,Tireless Tracker,Shadows over Innistrad,4.99,$5.15
10,8,Titan Forge,Mirrodin Besieged,0.68,$0.67
49,8,Titan of Eternal Fire,Theros,0.26,$0.23
1,1,Titania's Boon,Urza's Saga,0.2,$0.18
3,3,Titania's Song,Antiquities,0.39,$0.42
1,1,Titania's Song,Revised Edition,0.31,$0.29
3,3,Tivadar's Crusade,The Dark,0.67,$0.66
12,8,To the Slaughter,Shadows over Innistrad,0.68,$0.82
1,1,Tolaria,Legends,0.71,$0.73
1,1,Tolaria,Legends,0.71,$0.73
1,1,Tolaria,Legends,0.71,$0.73
1,1,Tolarian Academy,Urza's Saga,43.99,$39.69
2,2,Tolarian Drake,Weatherlight,0.17,$0.14
2,2,Tolarian Emissary,Invasion,0.21,$0.18
1,1,Tolarian Winds,Urza's Saga,0.16,$0.15
1,1,Tonic Peddler,Mercadian Masques,0.2,$0.18
1,1,Tooth and Nail,Mirrodin,22.02,$21.27
4,4,Topple,Nemesis,0.16,$0.14
1,1,Tor Giant,Ice Age,0.17,$0.14
3,3,Torment,Stronghold,0.17,$0.15
1,1,Tormod's Crypt,Chronicles,0.22,$0.27
1,1,Tormod's Crypt,The Dark,1.81,$1.90
1,1,Tormod's Crypt,The Dark,1.81,$1.90
1,1,Tormod's Crypt,The Dark,1.81,$1.90
4,4,Torpor Orb,New Phyrexia,3.43,$3.53
11,8,Torrent Elemental,Fate Reforged,0.82,$0.84
1,1,Torture,Homelands,0.18,$0.18
1,1,Torture,Homelands,0.18,$0.17
1,1,Tortured Existence,Stronghold,0.26,$0.27
1,1,Touch of Death,Ice Age,0.17,$0.14
32,8,Touch of the Eternal,Magic 2013,0.36,$0.29
1,1,Touch of Vitae,Ice Age,0.19,$0.17
9,8,Tourach's Chant,Fallen Empires,0.2,$0.18
5,5,Tourach's Gate,Fallen Empires,0.36,$0.30
4,4,Tower Drake,Invasion,0.17,$0.14
10,8,Tower of Calamities,Scars of Mirrodin,0.34,$0.31
4,4,Tower of Coireall,The Dark,0.22,$0.22
2,2,Tower of the Magistrate,Mercadian Masques,2.85,$3.89
1,1,Toymaker,Mercadian Masques,0.19,$0.17
1,1,Tracker,The Dark,0.61,$0.60
1,1,Trade Routes,Mercadian Masques,0.44,$0.44
32,8,Trading Post,Magic 2013,0.32,$0.32
16,8,Trading Post,Magic 2014 Core Set,0.32,$0.31
22,8,Tragic Arrogance,Magic Origins,0.85,$0.99
1,1,Tragic Poet,Urza's Legacy,0.17,$0.15
30,8,Trail of Mystery,Khans of Tarkir,0.31,$0.29
45,8,Trait Doctoring,Dragon's Maze,0.27,$0.26
2,2,Tranquil Domain,Mirage,0.16,$0.14
4,4,Tranquil Path,Apocalypse,0.17,$0.15
3,3,Tranquility,Revised Edition,0.15,$0.13
2,2,Tranquility,Mercadian Masques,0.17,$0.14
5,5,Tranquility,Invasion,0.18,$0.15
1,1,Transmogrifying Licid,Exodus,0.2,$0.18
1,1,Transmutation,Legends,0.19,$0.19
2,2,Transmute Artifact,Antiquities,62,$58.85
27,8,Trap Essence,Khans of Tarkir,0.31,$0.26
1,1,Trap Runner,Mercadian Masques,0.2,$0.21
5,5,Traumatize,Magic 2014 Core Set,1.78,$1.84
4,4,Traveler's Cloak,Invasion,0.18,$0.15
7,7,Traverse the Ulvenwald,Shadows over Innistrad,1.97,$2.13
30,8,Treacherous Pit-Dweller,Avacyn Restored,0.36,$0.31
1,1,Treasure Hunter,Exodus,0.2,$0.18
49,8,Treasury Thrull,Gatecrash,0.26,$0.24
2,2,Treefolk Healer,Invasion,0.21,$0.18
2,2,Treefolk Mystic,Urza's Legacy,0.18,$0.16
9,8,Treetop Bracers,Nemesis,0.16,$0.14
3,3,Treetop Rangers,Urza's Saga,0.17,$0.15
2,2,Treetop Village,Urza's Legacy,2.69,$2.69
1,1,Tremor,Classic Sixth Edition,0.14,$0.14
4,4,Tremor,Mercadian Masques,0.17,$0.15
1,1,Trench Wurm,Invasion,0.23,$0.21
3,3,Trenching Steed,Prophecy,0.17,$0.14
2,2,Treva's Attendant,Invasion,0.22,$0.19
1,1,Treva's Charm,Planeshift,0.2,$0.20
1,1,Treva's Ruins,Planeshift,0.69,$0.68
57,8,Triad of Fates,Theros,0.3,$0.27
4,4,Tribal Flames,Invasion,0.18,$0.17
8,8,Trickster Mage,Nemesis,0.17,$0.14
1,1,Trinisphere,Darksteel,14.99,$14.00
2,2,Triskaidekaphobia,Shadows over Innistrad,1.28,$1.27
1,1,Troll-Horn Cameo,Invasion,0.2,$0.18
9,8,Tromokratis,Born of the Gods,0.27,$0.25
1,1,Tropical Island,Unlimited Edition,329.99,$322.04
3,3,Tropical Island,Revised Edition,237.49,$227.21
1,1,Tropical Island,Revised Edition,237.49,$227.21
1,1,Tropical Storm,Mirage,0.19,$0.17
3,3,"Trostani, Selesnya's Voice",Return to Ravnica,3.43,$3.60
5,5,Troubled Healer,Prophecy,0.17,$0.14
2,2,True Conviction,Scars of Mirrodin,1.45,$1.48
3,3,True-Name Nemesis,Commander 2013,12.97,$13.14
2,2,Tsabo's Decree,Invasion,0.75,$0.72
1,1,Tsabo's Web,Invasion,0.73,$0.75
2,2,Tsunami,Revised Edition,0.2,$0.18
1,1,Tsunami,Fourth Edition,0.19,$0.19
1,1,Tundra,Unlimited Edition,401.85,$400.81
1,1,Tundra,Unlimited Edition,401.85,$400.81
1,1,Tundra,Revised Edition,215.59,$203.76
1,1,Tundra,Revised Edition,215.59,$203.76
4,4,Tundra Kavu,Apocalypse,0.17,$0.15
3,3,Tundra Wolves,Legends,0.19,$0.20
1,1,Tundra Wolves,Classic Sixth Edition,0.14,$0.14
13,8,Tunnel Ignus,Scars of Mirrodin,0.29,$0.28
3,3,Turf Wound,Invasion,0.18,$0.15
2,2,Twiddle,Unlimited Edition,0.22,$0.29
1,1,Twiddle,Unlimited Edition,0.22,$0.29
1,1,Twilight Mire,Eventide,37.05,$38.17
1,1,Twilight's Call,Invasion,0.61,$0.67
14,8,Twinflame,Journey into Nyx,0.3,$0.29
59,8,"Tymaret, the Murder King",Theros,0.27,$0.25
41,8,Tyrant of Discord,Avacyn Restored,0.35,$0.32
28,8,Tyrant of Valakut,Oath of the Gatewatch,0.29,$0.28
33,8,Ugin's Insight,Battle for Zendikar,0.33,$0.31
87,8,Ugin's Nexus,Khans of Tarkir,0.7,$0.69
5,5,"Ugin, the Spirit Dragon",Fate Reforged,22.79,$24.60
1,1,Uktabi Efreet,Weatherlight,0.17,$0.15
1,1,"Ulamog, the Ceaseless Hunger",Battle for Zendikar,12.47,$12.49
2,2,"Ulamog, the Infinite Gyre",Modern Masters 2015 Edition,15.86,$16.61
1,1,"Ulamog, the Infinite Gyre",Rise of the Eldrazi,17.95,$18.48
7,7,Ulvenwald Hydra,Shadows over Innistrad,1.95,$2.30
37,8,Ulvenwald Tracker,Avacyn Restored,0.58,$0.60
8,8,Unbreathing Horde,Innistrad,1.11,$1.06
1,1,Uncle Istvan,The Dark,0.34,$0.33
14,8,Undead Alchemist,Innistrad,0.85,$0.89
56,8,Undercity Plague,Gatecrash,0.26,$0.24
1,1,Underground River,Ice Age,4.7,$4.75
1,1,Underground Sea,Unlimited Edition,598,$601.19
1,1,Underground Sea,Revised Edition,358.85,$368.24
1,1,Underground Sea,Revised Edition,358.85,$368.24
1,1,Underground Sea,Revised Edition,358.85,$368.24
43,8,Undergrowth Champion,Battle for Zendikar,1.57,$1.75
1,1,Undermine,Invasion,1.88,$2.07
4,4,Undertaker,Mercadian Masques,0.18,$0.16
1,1,Undertow,Legends,0.35,$0.39
17,8,Underworld Cerberus,Theros,0.74,$0.75
24,8,Underworld Connections,Return to Ravnica,0.43,$0.54
1,1,Undo,Visions,0.18,$0.15
2,2,Unearth,Urza's Legacy,1.5,$1.46
1,1,Unerring Sling,Mirage,0.18,$0.17
25,8,Unexpected Results,Gatecrash,0.32,$0.29
2,2,Unholy Citadel,Legends,0.57,$0.62
1,1,Unholy Strength,Revised Edition,0.15,$0.14
4,4,Unholy Strength,Revised Edition,0.15,$0.14
1,1,Unmask,Mercadian Masques,4.54,$4.62
1,1,Unnatural Selection,Apocalypse,0.68,$0.64
1,1,Unnerve,Urza's Saga,0.17,$0.16
1,1,Unseen Walker,Mirage,0.2,$0.18
6,6,Unstable Mutation,Revised Edition,0.16,$0.15
1,1,Unsummon,Unlimited Edition,0.24,$0.30
10,8,Unsummon,Revised Edition,0.16,$0.14
1,1,Unwinding Clock,New Phyrexia,5.94,$5.97
1,1,Unworthy Dead,Urza's Saga,0.17,$0.15
1,1,Updraft,Ice Age,0.2,$0.20
1,1,Uphill Battle,Mercadian Masques,0.22,$0.22
1,1,Urabrask the Hidden,New Phyrexia,10.14,$10.59
2,2,Urborg,Legends,3.33,$4.12
2,2,Urborg Drake,Invasion,0.2,$0.18
5,5,Urborg Elf,Apocalypse,0.18,$0.18
2,2,Urborg Emissary,Invasion,0.2,$0.18
4,4,Urborg Justice,Weatherlight,0.89,$0.92
1,1,Urborg Mindsucker,Visions,0.16,$0.14
5,5,Urborg Phantom,Invasion,0.18,$0.16
1,1,Urborg Shambler,Invasion,0.21,$0.18
4,4,Urborg Skeleton,Invasion,0.18,$0.15
5,5,Urborg Uprising,Apocalypse,0.18,$0.16
1,1,Urborg Volcano,Invasion,0.3,$0.30
6,6,"Urborg, Tomb of Yawgmoth",Magic 2015 Core Set,10.03,$11.58
1,1,Urza's Avenger,Fourth Edition,0.24,$0.29
2,2,Urza's Bauble,Ice Age,0.24,$0.32
1,1,Urza's Blueprints,Urza's Legacy,0.35,$0.34
1,1,Urza's Mine,Chronicles,0,$1.81
1,1,Urza's Mine,Chronicles,0,$0.25
1,1,Urza's Mine,Antiquities,0,$1.81
1,1,Urza's Mine,Antiquities,0,$1.00
1,1,Urza's Mine,Antiquities,0,$1.70
1,1,Urza's Mine,Antiquities,0,$3.21
1,1,Urza's Miter,Antiquities,3.09,$3.58
1,1,Urza's Power Plant,Chronicles,0,$0.72
1,1,Urza's Power Plant,Antiquities,0,$0.96
1,1,Urza's Power Plant,Antiquities,0,$3.14
1,1,Urza's Power Plant,Antiquities,0,$0.50
1,1,Urza's Power Plant,Antiquities,0,$2.45
1,1,Urza's Rage,Invasion,0.86,$0.91
1,1,Urza's Tower,Antiquities,0,$3.50
2,2,Urza's Tower,Antiquities,0,$2.40
1,1,Urza's Tower,Antiquities,0,$0.68
1,1,Urza's Tower,Antiquities,0,$1.00
2,2,Uthden Troll,Revised Edition,0.18,$0.16
1,1,Utopia Tree,Invasion,1.3,$1.27
60,8,Utter End,Khans of Tarkir,0.75,$0.85
3,3,Utvara Hellkite,Return to Ravnica,4.75,$4.73
7,7,Vampire Hounds,Exodus,0.19,$0.19
2,2,Vampiric Tutor,Visions,28.99,$28.90
1,1,Vampiric Tutor,Visions,28.99,$28.90
2,2,Vampiric Tutor,Visions,28.99,$28.90
2,2,Vanishing,Visions,0.2,$0.18
1,1,Vaporous Djinn,Mirage,0.19,$0.17
44,8,"Varolz, the Scar-Striped",Dragon's Maze,0.68,$0.65
2,2,Vastwood Hydra,Magic 2014 Core Set,0.84,$0.87
18,8,Vault of the Archangel,Dark Ascension,2.3,$2.36
1,1,Veil of Birds,Urza's Saga,0.17,$0.14
1,1,Veiled Crocodile,Urza's Saga,0.33,$0.30
2,2,Veiled Sentry,Urza's Saga,0.28,$0.27
1,1,Veiled Serpent,Urza's Saga,0.17,$0.14
1,1,Venarian Gold,Legends,0.19,$0.19
4,4,Vendetta,Mercadian Masques,0.19,$0.16
1,1,Vendilion Clique,Modern Masters,35.1,$35.68
2,2,Vendilion Clique,Morningtide,35.31,$35.54
1,1,Venerable Monk,Stronghold,0.17,$0.15
2,2,Vengeful Pharaoh,Magic 2012,3.4,$3.21
5,5,Venom,The Dark,0.16,$0.14
1,1,Venomous Breath,Mercadian Masques,0.2,$0.18
4,4,Venomous Dragonfly,Mercadian Masques,0.17,$0.15
2,2,Venomous Fangs,Urza's Saga,0.17,$0.15
1,1,"Venser, Shaper Savant",Future Sight,17.64,$17.79
1,1,Verdant Field,Prophecy,0.2,$0.20
1,1,Verduran Emissary,Invasion,0.21,$0.18
1,1,Verduran Enchantress,Revised Edition,0.39,$0.38
1,1,Vernal Equinox,Mercadian Masques,0.38,$0.37
47,8,Veteran Warleader,Battle for Zendikar,0.3,$0.29
1,1,Vexing Arcanix,Ice Age,0.31,$0.27
2,2,Viashino Bey,Urza's Legacy,0.17,$0.15
4,4,Viashino Grappler,Invasion,0.17,$0.14
1,1,Viashino Heretic,Urza's Legacy,0.5,$0.48
1,1,Viashino Outrider,Urza's Saga,0.17,$0.14
3,3,Viashino Runner,Urza's Saga,0.17,$0.15
1,1,Viashino Sandscout,Urza's Legacy,0.17,$0.15
1,1,Viashino Sandswimmer,Urza's Saga,0.33,$0.31
2,2,Viashino Warrior,Mirage,0.17,$0.14
2,2,Viashino Weaponsmith,Urza's Saga,0.17,$0.15
1,1,Vibrating Sphere,Ice Age,0.3,$0.27
9,8,Vicious Hunger,Nemesis,0.17,$0.14
5,5,Vicious Kavu,Invasion,0.2,$0.18
1,1,Victimize,Urza's Saga,0.69,$0.83
4,4,Victory's Herald,Mirrodin Besieged,0.37,$0.42
1,1,Victual Sliver,Stronghold,0.33,$0.35
1,1,Vigilant Drake,Urza's Legacy,0.17,$0.15
2,2,Vigor,Lorwyn,15.39,$15.80
4,4,Vigorous Charge,Invasion,0.18,$0.15
27,8,Vile Redeemer,Oath of the Gatewatch,0.35,$0.35
2,2,Vile Requiem,Urza's Saga,0.21,$0.22
33,8,Villainous Wealth,Khans of Tarkir,0.33,$0.29
1,1,Vindicate,Apocalypse,12.23,$12.82
1,1,Vindicate,Apocalypse,12.23,$12.82
4,4,Vine Dryad,Mercadian Masques,0.52,$0.51
5,5,Vintara Elephant,Prophecy,0.17,$0.14
1,1,Vintara Snapper,Prophecy,0.21,$0.21
4,4,Viseling,Nemesis,0.22,$0.19
1,1,Vitalize,Classic Sixth Edition,0.19,$0.21
1,1,Vitalizing Wind,Prophecy,0.43,$0.50
1,1,Vodalian Hypnotist,Invasion,0.2,$0.18
4,4,Vodalian Knights,Fallen Empires,0.41,$0.39
8,8,Vodalian Mage,Fallen Empires,0.18,$0.18
7,7,Vodalian Mage,Fallen Empires,0.18,$0.18
6,6,Vodalian Mage,Fallen Empires,0.18,$0.17
4,4,Vodalian Merchant,Invasion,0.17,$0.14
8,8,Vodalian Mystic,Apocalypse,0.2,$0.18
4,4,Vodalian Serpent,Invasion,0.17,$0.14
5,5,Vodalian Soldiers,Fallen Empires,0,$0.14
6,6,Vodalian Soldiers,Fallen Empires,0,$0.16
7,7,Vodalian Soldiers,Fallen Empires,0,$0.16
6,6,Vodalian Soldiers,Fallen Empires,0,$0.16
1,1,Vodalian Soldiers,Classic Sixth Edition,0.14,$0.14
4,4,Vodalian War Machine,Fallen Empires,0.35,$0.31
7,7,Vodalian Zombie,Invasion,0.17,$0.15
4,4,Voice of All,Planeshift,0.38,$0.40
1,1,Voice of Grace,Urza's Saga,0.22,$0.21
1,1,Voice of Resurgence,Dragon's Maze,30.71,$30.84
1,1,Voice of Truth,Nemesis,0.25,$0.29
25,8,Void Stalker,Magic 2013,0.28,$0.25
30,8,Void Winnower,Battle for Zendikar,1.98,$2.20
63,8,Volatile Rig,Return to Ravnica,0.26,$0.24
2,2,Volcanic Eruption,Revised Edition,0.32,$0.30
1,1,Volcanic Geyser,Classic Sixth Edition,0.24,$0.26
1,1,Volcanic Island,Unlimited Edition,487.47,$488.38
1,1,Volcanic Island,Revised Edition,332.49,$316.59
1,1,Volcanic Island,Revised Edition,332.49,$316.59
1,1,Volcanic Island,Revised Edition,332.49,$316.59
23,8,Volcanic Vision,Dragons of Tarkir,0.37,$0.32
1,1,Volcanic Wind,Mercadian Masques,0.19,$0.17
7,7,Volcano Imp,Planeshift,0.17,$0.14
4,4,Volrath the Fallen,Nemesis,0.63,$0.69
1,1,Voodoo Doll,Chronicles,0.29,$0.25
24,8,Vorapede,Dark Ascension,1.46,$1.47
41,8,Vorel of the Hull Clade,Dragon's Maze,0.75,$0.78
1,1,"Vorinclex, Voice of Hunger",New Phyrexia,22.53,$22.16
4,4,Vraska the Unseen,Return to Ravnica,4.3,$4.51
29,8,Vryn Wingmare,Magic Origins,0.49,$0.61
2,2,Wake of Vultures,Visions,0.17,$0.15
4,4,Wall of Air,Revised Edition,0.19,$0.17
5,5,Wall of Bone,Revised Edition,0.19,$0.17
2,2,Wall of Brambles,Revised Edition,0.19,$0.17
1,1,Wall of Caltrops,Legends,0.21,$0.23
1,1,Wall of Diffusion,Tempest,0.17,$0.14
4,4,Wall of Distortion,Mercadian Masques,0.16,$0.14
2,2,Wall of Dust,Legends,0.39,$0.45
4,4,Wall of Earth,Legends,0.2,$0.21
1,1,Wall of Fire,Revised Edition,0.18,$0.16
1,1,Wall of Ice,Revised Edition,0.2,$0.20
1,1,Wall of Junk,Urza's Saga,0.27,$0.26
1,1,Wall of Light,Legends,0.8,$0.82
1,1,Wall of Nets,Exodus,0.75,$0.76
2,2,Wall of Opposition,Chronicles,0.19,$0.17
1,1,Wall of Putrid Flesh,Legends,0.74,$0.75
1,1,Wall of Razors,Stronghold,0.31,$0.29
1,1,Wall of Roots,Mirage,1.49,$1.29
1,1,Wall of Shadows,Legends,0.21,$0.20
1,1,Wall of Shields,Ice Age,0.2,$0.20
1,1,Wall of Spears,Antiquities,0.37,$0.40
1,1,Wall of Stone,Revised Edition,0.2,$0.20
1,1,Wall of Swords,Unlimited Edition,0.41,$0.54
3,3,Wall of Swords,Revised Edition,0.19,$0.17
1,1,Wall of Tears,Stronghold,0.33,$0.32
1,1,Wall of Vapor,Chronicles,0.15,$0.13
1,1,Wall of Vapor,Legends,0.18,$0.19
3,3,Wall of Vapor,Legends,0.18,$0.19
1,1,Wall of Water,Revised Edition,0.18,$0.16
1,1,Wall of Wonder,Legends,0.37,$0.44
9,8,Wall of Wood,Revised Edition,0.16,$0.14
1,1,Wallop,Invasion,0.22,$0.19
1,1,Wand of Denial,Classic Sixth Edition,0.33,$0.34
1,1,Wand of Ith,The Dark,0.28,$0.28
1,1,Wand of Ith,The Dark,0.28,$0.28
5,5,Wandering Eye,Nemesis,0.16,$0.14
11,8,Wandering Fumarole,Oath of the Gatewatch,2.83,$2.95
5,5,Wandering Stream,Invasion,0.17,$0.14
1,1,Wanderlust,Revised Edition,0.18,$0.16
4,4,Wanderwine Hub,Lorwyn,9.71,$9.77
4,4,War Barge,The Dark,0.28,$0.26
2,2,War Cadence,Mercadian Masques,0.19,$0.18
6,6,War Mammoth,Revised Edition,0.17,$0.14
1,1,War Tax,Mercadian Masques,0.39,$0.34
1,1,Ward of Lights,Mirage,0.17,$0.14
41,8,Warden of the First Tree,Fate Reforged,0.96,$1.06
1,1,Warmonger,Mercadian Masques,0.2,$0.18
1,1,Warning,Ice Age,0.17,$0.14
1,1,Warp Artifact,Revised Edition,0.32,$0.30
2,2,Warpath,Mercadian Masques,0.19,$0.17
3,3,Warped Devotion,Planeshift,0.27,$0.27
2,2,Warrior's Honor,Visions,0.17,$0.15
4,4,Warstorm Surge,Magic 2012,0.41,$0.39
1,1,Warthog,Visions,0.17,$0.15
2,2,Wash Out,Invasion,0.69,$0.85
2,2,Waste Not,Magic 2015 Core Set,3.92,$4.06
4,4,Wasteland,Tempest,52.75,$53.41
36,8,Wasteland Strangler,Battle for Zendikar,0.7,$0.71
6,6,Water Wurm,The Dark,0.16,$0.14
2,2,Waterfront Bouncer,Mercadian Masques,0.19,$0.20
2,2,Waterspout Elemental,Planeshift,0.3,$0.29
1,1,Wax // Wane,Invasion,0,$0.20
3,3,Wayfaring Giant,Invasion,0.23,$0.20
53,8,Wayfaring Temple,Return to Ravnica,0.42,$0.38
1,1,Waylay,Urza's Saga,0.21,$0.21
4,4,Weakness,Revised Edition,0.16,$0.14
4,4,Wear // Tear,Dragon's Maze,0,$1.03
3,3,Weatherseed Elf,Urza's Legacy,0.17,$0.15
4,4,Weatherseed Faeries,Urza's Legacy,0.17,$0.15
17,8,Welcome to the Fold,Shadows over Innistrad,0.29,$0.27
5,5,Welkin Hawk,Exodus,0.17,$0.15
1,1,Well-Laid Plans,Invasion,0.33,$0.31
5,5,Westvale Abbey,Shadows over Innistrad,5.74,$6.56
1,1,Wheel of Fortune,Revised Edition,23.46,$23.03
3,3,Wheel of Fortune,Revised Edition,23.46,$23.03
13,8,Whelming Wave,Born of the Gods,0.43,$0.42
1,1,Whim of Volrath,Tempest,0.75,$0.74
18,8,Whims of the Fates,Born of the Gods,0.34,$0.30
6,6,Whip of Erebos,Theros,1.79,$2.02
2,2,Whip Sergeant,Prophecy,0.2,$0.20
4,4,Whip Silk,Invasion,0.19,$0.15
5,5,Whippoorwill,The Dark,0.22,$0.23
5,5,Whipstitched Zombie,Prophecy,0.17,$0.14
3,3,Whiptongue Frog,Exodus,0.17,$0.15
7,7,Whirlpool Drake,Apocalypse,0.19,$0.17
4,4,Whirlpool Rider,Apocalypse,0.18,$0.15
40,8,Whispering Madness,Gatecrash,0.29,$0.27
44,8,Whisperwood Elemental,Fate Reforged,0.88,$0.82
2,2,White Knight,Revised Edition,0.27,$0.24
1,1,White Mana Battery,Legends,0.57,$0.62
15,8,White Sun's Zenith,Mirrodin Besieged,0.37,$0.37
4,4,White Ward,Revised Edition,0.18,$0.16
1,1,Whiteout,Ice Age,0.19,$0.17
1,1,Wicked Reward,Visions,0.17,$0.15
81,8,Wild Beastmaster,Return to Ravnica,0.26,$0.24
17,8,Wild Defiance,Avacyn Restored,2.73,$2.83
2,2,Wild Dogs,Urza's Saga,0.18,$0.15
1,1,Wild Elephant,Mirage,0.16,$0.14
15,8,Wild Growth,Revised Edition,0.17,$0.15
1,1,Wild Growth,Classic Sixth Edition,0.14,$0.20
2,2,Wild Jhovall,Mercadian Masques,0.16,$0.14
1,1,Wild Mammoth,Nemesis,0.2,$0.21
3,3,Wild Might,Prophecy,0.18,$0.15
8,8,Wild Ricochet,Magic 2014 Core Set,0,$0.33
22,8,Wildcall,Fate Reforged,0.34,$0.31
33,8,Willbreaker,Magic Origins,0.31,$0.35
1,1,Wind Drake,Tempest,0.16,$0.14
1,1,Wind Drake,Classic Sixth Edition,0.14,$0.14
1,1,Wind Shear,Visions,0.2,$0.20
10,8,Windreader Sphinx,Magic 2014 Core Set,0.75,$0.74
5,5,Windswept Heath,Khans of Tarkir,12.05,$12.69
2,2,Wing Snare,Urza's Legacy,0.2,$0.17
2,2,Wing Storm,Prophecy,0.2,$0.20
28,8,Wingmate Roc,Khans of Tarkir,1.25,$1.26
1,1,Wings of Aesthir,Ice Age,0.2,$0.20
3,3,Wings of Hope,Invasion,0.17,$0.14
1,1,Winnow,Invasion,0.33,$0.31
1,1,Wirecat,Urza's Saga,0.2,$0.18
2,2,Wishmonger,Mercadian Masques,0.2,$0.21
31,8,Wit's End,Magic 2013,0.36,$0.30
1,1,Witch Hunter,The Dark,0.72,$0.73
5,5,Witchstalker,Magic 2014 Core Set,0.58,$0.61
3,3,Withering Boon,Mirage,0.48,$0.42
1,1,Wizard Mentor,Urza's Saga,0.17,$0.15
6,6,Wizards' School,Homelands,0.2,$0.20
7,7,Wolf of Devil's Breach,Shadows over Innistrad,0.79,$0.97
2,2,Wolfbitten Captive,Dark Ascension,1.14,$1.13
20,8,Wolfir Silverheart,Avacyn Restored,0.75,$0.81
3,3,Wolverine Pack,Legends,0.19,$0.19
2,2,Wood Elves,Exodus,0.2,$0.20
10,8,Wooded Foothills,Khans of Tarkir,15.84,$16.61
1,1,Wooden Sphere,Revised Edition,0.18,$0.16
19,8,Woodland Bellower,Magic Origins,1.21,$1.48
3,3,Woodland Cemetery,Innistrad,5.42,$5.72
56,8,Woodland Wanderer,Battle for Zendikar,0.38,$0.45
4,4,Woodripper,Nemesis,0.2,$0.22
1,1,Woolly Spider,Ice Age,0.15,$0.13
5,5,Word of Binding,The Dark,0.16,$0.14
1,1,Word of Blasting,Mercadian Masques,0.19,$0.17
1,1,Word of Undoing,Ice Age,0.17,$0.14
1,1,Workhorse,Exodus,0.54,$0.50
3,3,World Breaker,Oath of the Gatewatch,5.05,$5.52
3,3,Worldfire,Magic 2013,1.48,$1.42
2,2,Worldly Counsel,Invasion,0.18,$0.15
1,1,Worldly Tutor,Mirage,6.86,$6.72
3,3,Worldslayer,Magic 2012,0.49,$0.45
1,1,Worms of the Earth,The Dark,0.99,$0.99
1,1,Worms of the Earth,The Dark,0.99,$0.99
2,2,Wormwood Treefolk,The Dark,0.47,$0.48
1,1,Worship,Urza's Saga,10.33,$10.67
3,3,Worship,Ninth Edition,11.95,$12.00
6,6,Worst Fears,Journey into Nyx,0.85,$0.86
56,8,Wrecking Ogre,Gatecrash,0.26,$0.24
2,2,Wurmcoil Engine,Commander 2014,16.34,$16.71
4,4,Wurmcoil Engine,Scars of Mirrodin,17.48,$18.12
25,8,Xathrid Gorgon,Magic 2013,0.38,$0.33
22,8,Xathrid Necromancer,Magic 2014 Core Set,0.4,$0.43
12,8,"Xenagos, God of Revels",Born of the Gods,6.97,$6.80
3,3,"Xenagos, the Reveler",Theros,4.55,$4.82
8,8,Xenograft,New Phyrexia,0.4,$0.40
40,8,Yasova Dragonclaw,Fate Reforged,0.29,$0.27
4,4,Yavimaya Barbarian,Invasion,0.17,$0.14
7,7,Yavimaya Coast,Magic 2015 Core Set,1.5,$1.54
31,8,Yavimaya Coast,Magic Origins,1.44,$1.66
3,3,Yavimaya Granger,Urza's Legacy,0.17,$0.15
2,2,Yavimaya Kavu,Invasion,0.22,$0.22
2,2,Yavimaya Wurm,Urza's Legacy,0.17,$0.14
1,1,Yawgmoth's Will,Urza's Saga,28.39,$28.31
20,8,"Yeva, Nature's Herald",Magic 2013,0.65,$0.69
6,6,"Yisan, the Wanderer Bard",Magic 2015 Core Set,0.43,$0.41
1,1,Yotian Soldier,Antiquities,0.2,$0.22
2,2,Yotian Soldier,Fourth Edition,0.14,$0.14
1,1,Youthful Knight,Stronghold,0.17,$0.15
34,8,"Zada, Hedron Grinder",Battle for Zendikar,0.57,$0.72
1,1,Zanam Djinn,Invasion,0.2,$0.18
4,4,Zap,Invasion,0.17,$0.14
1,1,Zealots en-Dal,Exodus,0.2,$0.18
29,8,Zealous Conscripts,Avacyn Restored,0.76,$0.83
2,2,Zelyon Sword,Fallen Empires,0.39,$0.34
17,8,Zendikar Resurgent,Oath of the Gatewatch,0.49,$0.60
1,1,Zephid's Embrace,Urza's Saga,0.23,$0.22
1,1,Zephyr Falcon,Fourth Edition,0.14,$0.14
6,6,Zerapa Minotaur,Prophecy,0.16,$0.14
1,1,Zhalfirin Knight,Mirage,0.16,$0.14
55,8,Zhur-Taa Ancient,Dragon's Maze,0.34,$0.29
3,3,Zombie Apocalypse,Dark Ascension,1.01,$1.03
4,4,Zombie Boa,Apocalypse,0.18,$0.15
1,1,Zombie Scavengers,Weatherlight,0.16,$0.15
2,2,Zuran Enchanter,Ice Age,0.17,$0.14
11,8,Zurgo Bellstriker,Dragons of Tarkir,0.94,$1.13
0,0,0,0,0,$0.00
0,0,0,0,0,$0.00
0,0,0,0,0,$0.00
0,0,0,0,0,$0.00
0,0,0,0,0,$0.00
0,0,0,0,0,$0.00
0,0,0,0,0,$0.00
0,0,0,0,0,$0.00
0,0,0,0,0,$0.00
0,0,0,0,0,$0.00
0,0,0,0,0,$0.00
0,0,0,0,0,$0.00
0,0,0,0,0,$0.00
0,0,0,0,0,$0.00
0,0,0,0,0,$0.00
0,0,0,0,0,$0.00
0,0,0,0,0,$0.00
0,0,0,0,0,$0.00
0,0,0,0,0,$0.00
0,0,0,0,0,$0.00
0,0,0,0,0,$0.00
0,0,0,0,0,$0.00
0,0,0,0,0,$0.00
0,0,0,0,0,$0.00
0,0,0,0,0,$0.00
0,0,0,0,0,$0.00
0,0,0,0,0,$0.00
0,0,0,0,0,$0.00
0,0,0,0,0,$0.00
0,0,0,0,0,$0.00
0,0,0,0,0,$0.00
0,0,0,0,0,$0.00
0,0,0,0,0,$0.00
0,0,0,0,0,$0.00
0,0,0,0,0,$0.00
0,0,0,0,0,$0.00
0,0,0,0,0,$0.00
0,0,0,0,0,$0.00
0,0,0,0,0,$0.00
0,0,0,0,0,$0.00
0,0,0,0,0,$0.00
0,0,0,0,0,$0.00
0,0,0,0,0,$0.00
0,0,0,0,0,$0.00
0,0,0,0,0,$0.00
0,0,0,0,0,$0.00
0,0,0,0,0,$0.00
0,0,0,0,0,$0.00
0,0,0,0,0,$0.00
0,0,0,0,0,$0.00
0,0,0,0,0,$0.00
0,0,0,0,0,$0.00
0,0,0,0,0,$0.00
0,0,0,0,0,$0.00
0,0,0,0,0,$0.00
0,0,0,0,0,$0.00
0,0,0,0,0,$0.00
0,0,0,0,0,$0.00
0,0,0,0,0,$0.00
0,0,0,0,0,$0.00
0,0,0,0,0,$0.00
0,0,0,0,0,$0.00
0,0,0,0,0,$0.00
0,0,0,0,0,$0.00
0,0,0,0,0,$0.00
0,0,0,0,0,$0.00
0,0,0,0,0,$0.00
0,0,0,0,0,$0.00
0,0,0,0,0,$0.00
0,0,0,0,0,$0.00
0,0,0,0,0,$0.00
0,0,0,0,0,$0.00
0,0,0,0,0,$0.00
0,0,0,0,0,$0.00
0,0,0,0,0,$0.00
0,0,0,0,0,$0.00
0,0,0,0,0,$0.00
0,0,0,0,0,$0.00
0,0,0,0,0,$0.00
0,0,0,0,0,$0.00
0,0,0,0,0,$0.00
0,0,0,0,0,$0.00
0,0,0,0,0,$0.00
0,0,0,0,0,$0.00
0,0,0,0,0,$0.00
0,0,0,0,0,$0.00
0,0,0,0,0,$0.00
0,0,0,0,0,$0.00
0,0,0,0,0,$0.00
0,0,0,0,0,$0.00
0,0,0,0,0,$0.00
0,0,0,0,0,$0.00
0,0,0,0,0,$0.00
0,0,0,0,0,$0.00
0,0,0,0,0,$0.00
0,0,0,0,0,$0.00
0,0,0,0,0,$0.00
0,0,0,0,0,$0.00
0,0,0,0,0,$0.00
0,0,0,0,0,$0.00
0,0,0,0,0,$0.00
0,0,0,0,0,$0.00
0,0,0,0,0,$0.00
0,0,0,0,0,$0.00
0,0,0,0,0,$0.00
0,0,0,0,0,$0.00
0,0,0,0,0,$0.00
0,0,0,0,0,$0.00
0,0,0,0,0,$0.00
0,0,0,0,0,$0.00
0,0,0,0,0,$0.00
0,0,0,0,0,$0.00
0,0,0,0,0,$0.00
0,0,0,0,0,$0.00
0,0,0,0,0,$0.00
0,0,0,0,0,$0.00
0,0,0,0,0,$0.00
0,0,0,0,0,$0.00
0,0,0,0,0,$0.00
0,0,0,0,0,$0.00
0,0,0,0,0,$0.00
0,0,0,0,0,$0.00
0,0,0,0,0,$0.00
0,0,0,0,0,$0.00
0,0,0,0,0,$0.00
0,0,0,0,0,$0.00
0,0,0,0,0,$0.00
0,0,0,0,0,$0.00
0,0,0,0,0,$0.00
0,0,0,0,0,$0.00
0,0,0,0,0,$0.00
