TCGplayer Id,Product Line,Total Quantity,Set Name,Product Name,Title,Number,Rarity,Condition,TCG Market Price,TCG Direct Low,TCG Low Price With Shipping,TCG Low Price,Add to Quantity,TCG Marketplace Price,Photo URL
393972,Magic,2,Aether Revolt,Aetherwind Basker,,104,M,Lightly Played,0.24,,1.57,0.08,0,0.28,
505246,Magic,3,Battle for Zendikar,Quarantine Field,,43,M,Lightly Played,0.26,0.1,1.59,0.1,0,0.28,
853523,Magic,3,Dark Ascension,Helvault,,151,M,Lightly Played,0.27,0.25,1.64,0.15,0,0.25,
2896355,Magic,2,Magic 2015 (M15),Soul of Ravnica,,78,M,Lightly Played,0.28,,1.61,0.12,0,0.21,
2896365,Magic,3,Magic 2015 (M15),Soul of Shandalar,,163,M,Lightly Played,0.28,0.23,1.63,0.14,0,0.22,
1277377,Magic,12,Fate Reforged,Whisperwood Elemental,,145,M,Near Mint,0.29,0.29,1.62,0.13,0,0.75,
3200230,Magic,1,Scars of Mirrodin,Molten-Tail Masticore,,177,M,Lightly Played,0.29,0.22,1.63,0.14,0,0.24,
1131782,Magic,15,Theros,Underworld Cerberus,,208,M,Near Mint,0.31,0.25,1.69,0.2,0,0.25,
1076429,Magic,60,Fate Reforged,Whisperwood Elemental,,145,M,Lightly Played,0.31,,1.59,0.1,0,0.36,
3325673,Magic,4,Shadows over Innistrad,Wolf of Devil's Breach,,192,M,Lightly Played,0.31,0.29,1.59,0.1,0,0.26,
871880,Magic,5,Dragon's Maze,Deadbridge Chant,,63,M,Lightly Played,0.32,,1.68,0.19,0,0.78,
3156579,Magic,3,Eldritch Moon,Gisa and Geralf,,183,M,Near Mint,0.34,,1.74,0.25,0,0.41,
3457521,Magic,1,Ixalan,Rowdy Crew,,159,M,Near Mint,0.34,0.26,1.69,0.2,0,0.29,
871859,Magic,3,Dragon's Maze,Council of the Absolute,,62,M,Lightly Played,0.34,0.25,1.58,0.09,0,0.2,
2898918,Magic,13,Magic Origins,Disciple of the Ring,,53,M,Lightly Played,0.35,0.25,1.69,0.2,0,0.23,
1132813,Magic,11,Theros,Hythonia the Cruel,,91,M,Near Mint,0.36,0.41,1.74,0.25,0,0.33,
1131761,Magic,3,Innistrad,Skaab Ruinator,,77,M,Lightly Played,0.36,,1.63,0.14,0,0.41,
1182430,Magic,2,Kaladesh,"Rashmi, Eternities Crafter",,184,M,Lightly Played,0.36,,1.8,0.31,0,0.8,
1226892,Magic,24,Khans of Tarkir,Pearl Lake Ancient,,49,M,Lightly Played,0.36,0.38,1.68,0.19,0,0.41,
1278009,Magic,4,Fate Reforged,Torrent Elemental,,56,M,Near Mint,0.37,,1.76,0.27,0,0.29,
3413947,Magic,12,Hour of Devastation,Majestic Myriarch,,122,M,Near Mint,0.37,,1.72,0.23,0,0.33,
1042564,Magic,13,Return to Ravnica,"Isperia, Supreme Judge",,171,M,Near Mint,0.37,0.3,1.59,0.1,0,0.26,
852271,Magic,5,Dark Ascension,Falkenrath Aristocrat,,138,M,Lightly Played,0.37,,1.82,0.33,0,0.3,
3042774,Magic,29,Oath of the Gatewatch,Sphinx of the Final Word,,63,M,Near Mint,0.38,,1.77,0.28,0,0.82,
2736963,Magic,1,Magic 2014 (M14),Windreader Sphinx,,81,M,Lightly Played,0.38,,1.72,0.23,0,0.26,
3098972,Magic,10,Return to Ravnica,Epic Experiment,,159,M,Lightly Played,0.38,0.29,1.79,0.3,0,0.38,
1045316,Magic,19,Return to Ravnica,Armada Wurm,,143,M,Near Mint,0.39,,1.78,0.29,0,0.45,
3201590,Magic,25,Kaladesh,Cataclysmic Gearhulk,,9,M,Near Mint,0.4,0.4,1.69,0.2,0,0.26,
2955487,Magic,3,New Phyrexia,Etched Monstrosity,,135,M,Lightly Played,0.4,0.4,1.69,0.2,0,0.32,
3044037,Magic,6,Oath of the Gatewatch,Sphinx of the Final Word,,63,M,Lightly Played,0.41,,1.74,0.25,0,0.63,
760216,Magic,14,Dark Ascension,Falkenrath Aristocrat,,138,M,Near Mint,0.42,,1.85,0.36,0,0.59,
3464438,Magic,3,Ixalan,Overflowing Insight,,66,M,Near Mint,0.43,,1.74,0.25,0,0.44,
1255034,Magic,31,Khans of Tarkir,Pearl Lake Ancient,,49,M,Near Mint,0.43,0.48,1.84,0.35,0,0.37,
3325961,Magic,4,Amonkhet,Kefnet the Mindful,,59,M,Near Mint,0.45,0.43,1.72,0.23,0,0.45,
1124709,Magic,2,Magic 2014 (M14),"Chandra, Pyromaster",,132,M,Near Mint,0.46,,1.92,0.43,0,0.91,
760343,Magic,14,Dark Ascension,Vorapede,,131,M,Near Mint,0.47,,1.79,0.3,0,0.71,
501270,Magic,7,Innistrad,Essence of the Wild,,178,M,Near Mint,0.47,0.4,1.78,0.29,0,0.35,
501267,Magic,1,Innistrad,Skaab Ruinator,,77,M,Near Mint,0.47,,1.74,0.25,0,0.64,
1228458,Magic,3,Khans of Tarkir,See the Unwritten,,149,M,Lightly Played,0.47,,1.94,0.45,0,0.49,
3326577,Magic,2,Theros,Ashen Rider,,187,M,Lightly Played,0.47,,1.74,0.25,0,0.31,
936908,Magic,3,Magic 2013 (M13),Serra Avatar,,32,M,Near Mint,0.48,,1.89,0.4,0,0.39,
1043475,Magic,12,Return to Ravnica,Epic Experiment,,159,M,Near Mint,0.48,0.4,1.77,0.28,0,0.42,
937215,Magic,1,Dragon's Maze,Savageborn Hydra,,100,M,Lightly Played,0.48,,1.88,0.39,0,0.42,
3092952,Magic,2,Oath of the Gatewatch,World Breaker,,126,M,Lightly Played,0.49,0.49,1.68,0.19,0,0.79,
3258560,Magic,43,Aether Revolt,Aethertide Whale,,27,R,Near Mint,0.08,,1.5,0.01,0,0.14,
2900986,Magic,8,Magic Origins,Shivan Dragon,,285,R,Near Mint,0.08,,1.56,0.07,0,0.22,
2949759,Magic,11,Magic Origins,Priest of the Blood Rite,,112,R,Lightly Played,0.08,,1.53,0.04,0,0.17,
3093200,Magic,2,Return to Ravnica,Archon of the Triumvirate,,142,R,Lightly Played,0.08,,1.53,0.04,0,0.06,
1277487,Magic,20,Fate Reforged,Sage-Eye Avengers,,50,R,Near Mint,0.09,,1.54,0.05,0,0.08,
1226881,Magic,10,Magic 2015 (M15),Mahamoti Djinn,,275,R,Near Mint,0.09,,1.5,0.01,0,0.06,
395823,Magic,1,Amonkhet,Dispossess,,86,R,Lightly Played,0.09,0.04,1.53,0.04,0,0.08,
414442,Magic,8,Amonkhet,Prepare // Fight,,220,R,Lightly Played,0.09,,1.57,0.08,0,0.07,
506825,Magic,2,Born of the Gods,Eater of Hope,,66,R,Lightly Played,0.09,,1.54,0.05,0,0.07,
853447,Magic,13,Dark Ascension,Havengul Runebinder,,39,R,Lightly Played,0.09,,1.57,0.08,0,0.13,
1076493,Magic,4,Gatecrash,Alms Beast,,141,R,Lightly Played,0.09,,1.53,0.04,0,0.06,
1090494,Magic,2,Gatecrash,Wrecking Ogre,,112,R,Lightly Played,0.09,,1.54,0.05,0,0.06,
1231764,Magic,10,Magic 2012 (M12),Djinn of Wishes,,51,R,Lightly Played,0.09,,1.54,0.05,0,0.07,
3156549,Magic,38,Eldritch Moon,Bloodhall Priest,,181,R,Near Mint,0.1,,1.57,0.08,0,0.13,
3469471,Magic,12,Ixalan,Repeating Barrage,,156,R,Near Mint,0.1,,1.54,0.05,0,0.08,
3202332,Magic,20,Kaladesh,Verdant Crescendo,,273,R,Near Mint,0.1,,1.57,0.08,0,0.09,
1226931,Magic,9,Magic 2015 (M15),Shivan Dragon,,281,R,Near Mint,0.1,,1.54,0.05,0,0.09,
394707,Magic,3,Aether Revolt,Midnight Entourage,,66,R,Lightly Played,0.1,,1.52,0.03,0,0.06,
414226,Magic,1,Amonkhet,Heart-Piercer Manticore,,138,R,Lightly Played,0.1,,1.52,0.03,0,0.06,
871856,Magic,2,Dragon's Maze,Catch // Release,,125,R,Lightly Played,0.1,,1.54,0.05,0,0.12,
1277498,Magic,8,Magic 2013 (M13),Touch of the Eternal,,37,R,Lightly Played,0.1,,1.54,0.05,0,0.08,
3328547,Magic,12,Theros,Labyrinth Champion,,126,R,Lightly Played,0.1,,1.5,0.01,0,0.05,
3981310,Magic,7,Theros,Titan of Eternal Fire,,144,R,Lightly Played,0.1,,1.5,0.01,0,0.05,
3257870,Magic,1,Aether Revolt,Greenwheel Liberator,,108,R,Near Mint,0.11,,1.53,0.04,0,0.1,
1278099,Magic,24,Fate Reforged,Mastery of the Unseen,,19,R,Near Mint,0.11,,1.54,0.05,0,0.15,
3042589,Magic,50,Oath of the Gatewatch,Remorseless Punishment,,89,R,Near Mint,0.11,,1.54,0.05,0,0.11,
1131318,Magic,40,Theros,Ember Swallower,,120,R,Near Mint,0.11,0.08,1.52,0.03,0,0.15,
1131771,Magic,36,Theros,Polis Crusher,,198,R,Near Mint,0.11,0.05,1.5,0.01,0,0.08,
1132951,Magic,38,Theros,Prognostic Sphinx,,60,R,Near Mint,0.11,,1.56,0.07,0,0.12,
760172,Magic,5,Born of the Gods,Fated Conflagration,,94,R,Lightly Played,0.11,,1.53,0.04,0,0.09,
760604,Magic,7,Born of the Gods,Gild,,73,R,Lightly Played,0.11,,1.54,0.05,0,0.11,
1043239,Magic,3,Dragons of Tarkir,Myth Realized,,26,R,Lightly Played,0.11,,1.52,0.03,0,0.09,
1067428,Magic,23,Fate Reforged,Mastery of the Unseen,,19,R,Lightly Played,0.11,,1.53,0.04,0,0.09,
1077569,Magic,3,Gatecrash,Skarrg Goliath,,133,R,Lightly Played,0.11,,1.5,0.01,0,0.1,
1098335,Magic,1,Hour of Devastation,Hour of Glory,,65,R,Lightly Played,0.11,,1.5,0.01,0,0.08,
1182553,Magic,3,Kaladesh,Skyship Stalker,,130,R,Lightly Played,0.11,,1.53,0.04,0,0.14,
1182877,Magic,16,Khans of Tarkir,Avalanche Tusker,,166,R,Lightly Played,0.11,,1.5,0.01,0,0.08,
1228236,Magic,30,Khans of Tarkir,Savage Knuckleblade,,197,R,Lightly Played,0.11,,1.54,0.05,0,0.09,
1229022,Magic,19,Khans of Tarkir,Thousand Winds,,58,R,Lightly Played,0.11,,1.58,0.09,0,0.07,
2897338,Magic,22,Magic Origins,"Alhammarret, High Arbiter",,43,R,Lightly Played,0.11,,1.53,0.04,0,0.11,
2900637,Magic,19,Magic Origins,Mizzium Meddler,,64,R,Lightly Played,0.11,,1.53,0.04,0,0.08,
2949809,Magic,21,Magic Origins,Soulblade Djinn,,75,R,Lightly Played,0.11,,1.54,0.05,0,0.17,
3101522,Magic,1,Return to Ravnica,Sphinx of the Chimes,,52,R,Lightly Played,0.11,0.05,1.54,0.05,0,0.06,
3411235,Magic,2,Theros,Psychic Intrusion,,200,R,Lightly Played,0.11,,1.53,0.04,0,0.11,
3258690,Magic,37,Aether Revolt,Solemn Recruit,,22,R,Near Mint,0.12,,1.53,0.04,0,0.07,
3326296,Magic,18,Amonkhet,Glory-Bound Initiate,,16,R,Near Mint,0.12,0.05,1.51,0.02,0,0.1,
2954939,Magic,56,Battle for Zendikar,Prism Array,,81,R,Near Mint,0.12,0.05,1.53,0.04,0,0.07,
1164441,Magic,13,Born of the Gods,Fated Conflagration,,94,R,Near Mint,0.12,,1.51,0.02,0,0.13,
505844,Magic,36,Innistrad,Heretic's Punishment,,147,R,Near Mint,0.12,,1.58,0.09,0,0.07,
2901001,Magic,2,Magic Origins,Terra Stomper,,288,R,Near Mint,0.12,,1.57,0.08,0,0.16,
414232,Magic,8,Amonkhet,Heaven // Earth,,224,R,Lightly Played,0.12,,1.55,0.06,0,0.1,
1077575,Magic,1,Gatecrash,Soul Ransom,,198,R,Lightly Played,0.12,,1.57,0.08,0,0.11,
1090487,Magic,5,Gatecrash,Treasury Thrull,,201,R,Lightly Played,0.12,,1.55,0.06,0,0.11,
1228101,Magic,29,Khans of Tarkir,Sagu Mauler,,196,R,Lightly Played,0.12,,1.58,0.09,0,0.19,
1277378,Magic,8,Magic 2013 (M13),Sphinx of Uthuun,,69,R,Lightly Played,0.12,,1.58,0.09,0,0.09,
3324433,Magic,2,Shadows over Innistrad,To the Slaughter,,139,R,Lightly Played,0.12,,1.57,0.08,0,0.11,
871106,Magic,22,Avacyn Restored,Spirit Away,,76,R,Near Mint,0.13,,1.59,0.1,0,0.14,
1131694,Magic,41,Theros,Titan of Eternal Fire,,144,R,Near Mint,0.13,0.08,1.51,0.02,0,0.11,
471614,Magic,14,Avacyn Restored,Rite of Ruin,,153,R,Lightly Played,0.13,,1.54,0.05,0,0.11,
505339,Magic,19,Battle for Zendikar,Radiant Flames,,151,R,Lightly Played,0.13,0.05,1.53,0.04,0,0.11,
1076728,Magic,2,Gatecrash,Foundry Champion,,165,R,Lightly Played,0.13,,1.54,0.05,0,0.07,
1077553,Magic,2,Gatecrash,Rubblebelt Raiders,,224,R,Lightly Played,0.13,,1.59,0.1,0,0.12,
1124798,Magic,17,Innistrad,Dearly Departed,,9,R,Lightly Played,0.13,,1.55,0.06,0,0.1,
1132774,Magic,8,Journey Into Nyx,Dawnbringer Charioteers,,6,R,Lightly Played,0.13,,1.55,0.06,0,0.09,
1166237,Magic,8,Kaladesh,Madcap Experiment,,122,R,Lightly Played,0.13,,1.54,0.05,0,0.12,
1183027,Magic,22,Khans of Tarkir,Dragon-Style Twins,,108,R,Lightly Played,0.13,,1.54,0.05,0,0.09,
2744120,Magic,4,Magic 2015 (M15),Nightmare,,276,R,Lightly Played,0.13,,1.53,0.04,0,0.09,
2898978,Magic,19,Magic Origins,Gilt-Leaf Winnower,,99,R,Lightly Played,0.13,0.05,1.53,0.04,0,0.1,
3092912,Magic,4,Oath of the Gatewatch,Tyrant of Valakut,,119,R,Lightly Played,0.13,,1.53,0.04,0,0.06,
3326247,Magic,8,Theros,"Anthousa, Setessan Hero",,149,R,Lightly Played,0.13,,1.53,0.04,0,0.03,
3327111,Magic,7,Theros,Boon Satyr,,152,R,Lightly Played,0.13,,1.52,0.02,0,0.14,
2743089,Magic,27,Dragons of Tarkir,Blessed Reincarnation,,47,R,Near Mint,0.14,,1.55,0.06,0,0.13,
2741824,Magic,29,Dragons of Tarkir,Ire Shaman,,141,R,Near Mint,0.14,,1.6,0.11,0,0.15,
3157879,Magic,33,Eldritch Moon,Stromkirk Occultist,,146,R,Near Mint,0.14,,1.51,0.01,0,0.2,
934707,Magic,9,Magic 2013 (M13),Firewing Phoenix,,131,R,Near Mint,0.14,,1.59,0.1,0,0.17,
2896374,Magic,17,Magic Origins,Mizzium Meddler,,64,R,Near Mint,0.14,,1.54,0.05,0,0.1,
2899667,Magic,41,Magic Origins,Outland Colossus,,193,R,Near Mint,0.14,,1.53,0.04,0,0.19,
2896364,Magic,28,Magic Origins,Relic Seeker,,29,R,Near Mint,0.14,,1.58,0.09,0,0.33,
3043080,Magic,58,Oath of the Gatewatch,Corrupted Crossroads,,169,R,Near Mint,0.14,,1.59,0.1,0,0.16,
3099994,Magic,66,Shadows over Innistrad,Scourge Wolf,,179,R,Near Mint,0.14,,1.59,0.1,0,0.19,
1131359,Magic,30,Theros,Reverent Hunter,,173,R,Near Mint,0.14,0.03,1.54,0.05,0,0.16,
394941,Magic,2,Aether Revolt,Solemn Recruit,,22,R,Lightly Played,0.14,,1.52,0.03,0,0.08,
852143,Magic,30,Dark Ascension,Deranged Outcast,,112,R,Lightly Played,0.14,,1.54,0.05,0,0.15,
853310,Magic,16,Dark Ascension,Fiend of the Shadows,,62,R,Lightly Played,0.14,,1.59,0.1,0,0.13,
1043379,Magic,10,Dragons of Tarkir,Pristine Skywise,,228,R,Lightly Played,0.14,,1.56,0.07,0,0.11,
1066586,Magic,1,Eldritch Moon,Stromkirk Occultist,,146,R,Lightly Played,0.14,,1.54,0.05,0,0.16,
1098045,Magic,1,Hour of Devastation,Hazoret's Undying Fury,,96,R,Lightly Played,0.14,,1.53,0.04,0,0.09,
1182733,Magic,4,Kaladesh,Verdant Crescendo,,273,R,Lightly Played,0.14,,1.56,0.07,0,0.09,
1182907,Magic,47,Khans of Tarkir,Butcher of the Horde,,168,R,Lightly Played,0.14,,1.58,0.09,0,0.13,
2900927,Magic,4,Magic Origins,Nightmare,,282,R,Lightly Played,0.14,,1.55,0.06,0,0.11,
3203893,Magic,8,Shadows over Innistrad,Elusive Tormentor,,108,R,Lightly Played,0.14,,1.58,0.09,0,0.12,
3410928,Magic,8,Theros,Prognostic Sphinx,,60,R,Lightly Played,0.14,,1.55,0.06,0,0.07,
3255804,Magic,41,Aether Revolt,Consulate Crackdown,,11,R,Near Mint,0.15,,1.56,0.07,0,0.18,
2954919,Magic,85,Battle for Zendikar,"Munda, Ambush Leader",,215,R,Near Mint,0.15,,1.55,0.06,0,0.09,
1166016,Magic,10,Born of the Gods,Gild,,73,R,Near Mint,0.15,0.12,1.57,0.08,0,0.18,
2743409,Magic,28,Dragons of Tarkir,Corpseweft,,92,R,Near Mint,0.15,,1.59,0.1,0,0.12,
2737012,Magic,44,Dragons of Tarkir,Hidden Dragonslayer,,23,R,Near Mint,0.15,0.08,1.54,0.05,0,0.25,
3411544,Magic,16,Hour of Devastation,Imminent Doom,,98,R,Near Mint,0.15,,1.54,0.05,0,0.1,
500361,Magic,9,Innistrad,Dearly Departed,,9,R,Near Mint,0.15,,1.59,0.1,0,0.12,
1183218,Magic,25,Journey Into Nyx,Deicide,,7,R,Near Mint,0.15,0.05,1.51,0.02,0,0.12,
3200821,Magic,54,Kaladesh,Bristling Hydra,,147,R,Near Mint,0.15,,1.54,0.05,0,0.11,
1253852,Magic,22,Khans of Tarkir,Herald of Anafenza,,12,R,Near Mint,0.15,,1.57,0.08,0,0.15,
1228100,Magic,9,Magic 2015 (M15),Hoarding Dragon,,149,R,Near Mint,0.15,,1.57,0.08,0,0.17,
1226891,Magic,10,Magic 2015 (M15),Nightmare,,276,R,Near Mint,0.15,,1.54,0.05,0,0.13,
2900015,Magic,31,Magic Origins,Mage-Ring Responder,,232,R,Near Mint,0.15,0.03,1.59,0.1,0,0.12,
2900971,Magic,11,Magic Origins,Nightmare,,282,R,Near Mint,0.15,,1.58,0.09,0,0.13,
1041695,Magic,6,Return to Ravnica,Deadbridge Goliath,,120,R,Near Mint,0.15,0.11,1.52,0.03,0,0.13,
1043264,Magic,17,Return to Ravnica,Guild Feud,,97,R,Near Mint,0.15,0.1,1.57,0.08,0,0.15,
3099291,Magic,12,Shadows over Innistrad,Confirm Suspicions,,53,R,Near Mint,0.15,,1.56,0.07,0,0.18,
1133863,Magic,65,Theros,Meletis Charlatan,,54,R,Near Mint,0.15,0.1,1.55,0.06,0,0.12,
394249,Magic,6,Aether Revolt,Aid from the Cowl,,105,R,Lightly Played,0.15,,1.51,0.02,0,0.18,
394599,Magic,8,Aether Revolt,Greenwheel Liberator,,108,R,Lightly Played,0.15,0.04,1.53,0.04,0,0.1,
414215,Magic,2,Amonkhet,Glory-Bound Initiate,,16,R,Lightly Played,0.15,,1.53,0.04,0,0.08,
501223,Magic,5,Battle for Zendikar,Guardian of Tazeem,,78,R,Lightly Played,0.15,,1.59,0.1,0,0.12,
760652,Magic,7,Born of the Gods,Hero of Leina Tower,,123,R,Lightly Played,0.15,,1.55,0.06,0,0.11,
1042879,Magic,10,Dragons of Tarkir,Hedonist's Trove,,106,R,Lightly Played,0.15,,1.55,0.06,0,0.1,
1043295,Magic,18,Dragons of Tarkir,Obscuring Aether,,194,R,Lightly Played,0.15,,1.56,0.07,0,0.22,
1075513,Magic,31,Fate Reforged,Temur War Shaman,,142,R,Lightly Played,0.15,0.12,1.58,0.09,0,0.18,
1077565,Magic,20,Gatecrash,Rubblehulk,,191,R,Lightly Played,0.15,,1.58,0.09,0,0.11,
1182420,Magic,6,Kaladesh,Pia Nalaar,,124,R,Lightly Played,0.15,0.13,1.58,0.09,0,0.09,
1182813,Magic,33,Khans of Tarkir,Abzan Ascendancy,,160,R,Lightly Played,0.15,,1.59,0.1,0,0.15,
1183219,Magic,36,Khans of Tarkir,Duneblast,,174,R,Lightly Played,0.15,,1.59,0.1,0,0.2,
1254902,Magic,16,Magic 2013 (M13),Ground Seal,,176,R,Lightly Played,0.15,,1.55,0.06,0,0.18,
1277658,Magic,2,Magic 2014 (M14),Bogbrew Witch,,88,R,Lightly Played,0.15,,1.59,0.1,0,0.08,
2742460,Magic,7,Magic 2015 (M15),Cruel Sadist,,93,R,Lightly Played,0.15,,1.57,0.08,0,0.14,
2897004,Magic,2,Magic 2015 (M15),Terra Stomper,,284,R,Lightly Played,0.15,,1.59,0.1,0,0.15,
2898988,Magic,10,Magic Origins,Graveblade Marauder,,101,R,Lightly Played,0.15,0.1,1.53,0.04,0,0.06,
2899658,Magic,15,Magic Origins,"Hixus, Prison Warden",,19,R,Lightly Played,0.15,,1.51,0.02,0,0.13,
2901002,Magic,18,Magic Origins,Outland Colossus,,193,R,Lightly Played,0.15,,1.52,0.03,0,0.09,
2949789,Magic,2,Magic Origins,Shivan Dragon,,285,R,Lightly Played,0.15,,1.55,0.06,0,0.12,
3096545,Magic,7,Return to Ravnica,Cryptborn Horror,,212,R,Lightly Played,0.15,,1.53,0.04,0,0.14,
3098982,Magic,9,Return to Ravnica,Firemind's Foresight,,162,R,Lightly Played,0.15,,1.55,0.06,0,0.17,
3099690,Magic,5,Return to Ravnica,Mercurial Chemister,,180,R,Lightly Played,0.15,,1.52,0.03,0,0.07,
3157445,Magic,2,Scars of Mirrodin,Ezuri's Brigade,,121,R,Lightly Played,0.15,,1.61,0.12,0,0.17,
3258561,Magic,3,Shadows over Innistrad,Nephalia Moondrakes,,75,R,Lightly Played,0.15,,1.5,0.01,0,0.07,
3327471,Magic,7,Theros,Daxos of Meletis,,191,R,Lightly Played,0.15,,1.58,0.09,0,0.14,
3411345,Magic,7,Theros,Rageblood Shaman,,138,R,Lightly Played,0.15,,1.56,0.07,0,0.14,
3411375,Magic,15,Theros,Reaper of the Wilds,,201,R,Lightly Played,0.15,,1.58,0.09,0,0.1,
3257960,Magic,20,Aether Revolt,Freejam Regent,,81,R,Near Mint,0.16,,1.53,0.04,0,0.1,
3326291,Magic,5,Amonkhet,Gideon's Resolve,,272,R,Near Mint,0.16,,1.55,0.06,0,0.18,
2952037,Magic,47,Battle for Zendikar,Drowner of Hope,,57,R,Near Mint,0.16,,1.58,0.09,0,0.15,
2949778,Magic,66,Battle for Zendikar,Ruinous Path,,123,R,Near Mint,0.16,0.1,1.52,0.03,0,0.13,
2956176,Magic,87,Battle for Zendikar,Scatter to the Winds,,85,R,Near Mint,0.16,,1.54,0.05,0,0.12,
3413355,Magic,21,Hour of Devastation,Hour of Eternity,,36,R,Near Mint,0.16,,1.56,0.07,0,0.14,
3457581,Magic,22,Ixalan,Emperor's Vanguard,,189,R,Near Mint,0.16,0.1,1.53,0.04,0,0.11,
1183462,Magic,1,Journey Into Nyx,Revel of the Fallen God,,155,R,Near Mint,0.16,0.06,1.54,0.05,0,0.15,
3200229,Magic,64,Kaladesh,Architect of the Untamed,,143,R,Near Mint,0.16,,1.54,0.05,0,0.11,
1254871,Magic,25,Khans of Tarkir,Avalanche Tusker,,166,R,Near Mint,0.16,0.08,1.53,0.04,0,0.08,
474902,Magic,5,Magic 2012 (M12),Djinn of Wishes,,51,R,Near Mint,0.16,0.1,1.57,0.08,0,0.08,
937322,Magic,24,Magic 2013 (M13),Sphinx of Uthuun,,69,R,Near Mint,0.16,0.14,1.58,0.09,0,0.1,
2898927,Magic,28,Magic Origins,Graveblade Marauder,,101,R,Near Mint,0.16,0.1,1.52,0.03,0,0.06,
2897287,Magic,27,Magic Origins,Soulblade Djinn,,75,R,Near Mint,0.16,,1.58,0.09,0,0.17,
3042050,Magic,53,Oath of the Gatewatch,Tyrant of Valakut,,119,R,Near Mint,0.16,,1.53,0.04,0,0.12,
1042549,Magic,30,Return to Ravnica,Archon of the Triumvirate,,142,R,Near Mint,0.16,0.12,1.51,0.02,0,0.1,
3099236,Magic,65,Shadows over Innistrad,Welcome to the Fold,,96,R,Near Mint,0.16,,1.54,0.05,0,0.11,
1132773,Magic,37,Theros,Arbor Colossus,,150,R,Near Mint,0.16,0.05,1.55,0.05,0,0.13,
1133397,Magic,28,Theros,Firedrinker Satyr,,122,R,Near Mint,0.16,,1.54,0.05,0,0.14,
1134273,Magic,42,Theros,Labyrinth Champion,,126,R,Near Mint,0.16,0.07,1.5,0.01,0,0.07,
501347,Magic,5,Battle for Zendikar,"Munda, Ambush Leader",,215,R,Lightly Played,0.16,,1.54,0.05,0,0.07,
505202,Magic,7,Battle for Zendikar,Planar Outburst,,42,R,Lightly Played,0.16,,1.59,0.1,0,0.08,
765069,Magic,12,Born of the Gods,Pain Seer,,80,R,Lightly Played,0.16,0.1,1.57,0.08,0,0.17,
871851,Magic,2,Dragon's Maze,Boros Battleshaper,,58,R,Lightly Played,0.16,0.1,1.51,0.02,0,0.16,
1067010,Magic,20,Fate Reforged,"Alesha, Who Smiles at Death",,90,R,Lightly Played,0.16,,1.62,0.13,0,0.23,
1067178,Magic,28,Fate Reforged,Daghatar the Adamant,,9,R,Lightly Played,0.16,,1.53,0.04,0,0.1,
1067630,Magic,18,Fate Reforged,Sandsteppe Mastodon,,137,R,Lightly Played,0.16,,1.53,0.04,0,0.07,
1076431,Magic,27,Fate Reforged,Wildcall,,146,R,Lightly Played,0.16,,1.52,0.03,0,0.05,
1076629,Magic,8,Gatecrash,Clan Defiance,,151,R,Lightly Played,0.16,,1.59,0.1,0,0.17,
1077577,Magic,3,Gatecrash,Spark Trooper,,199,R,Lightly Played,0.16,,1.59,0.1,0,0.19,
1097655,Magic,1,Hour of Devastation,Chaos Maw,,87,R,Lightly Played,0.16,0.09,1.58,0.09,0,0.11,
1124485,Magic,18,Innistrad,Back from the Brink,,44,R,Lightly Played,0.16,,1.59,0.1,0,0.12,
1132214,Magic,16,Innistrad,Stensia Bloodhall,,247,R,Lightly Played,0.16,,1.59,0.1,0,0.18,
1165977,Magic,4,Kaladesh,Eliminate the Competition,,78,R,Lightly Played,0.16,,1.51,0.02,0,0.06,
1226422,Magic,20,Khans of Tarkir,High Sentinels of Arashin,,13,R,Lightly Played,0.16,,1.55,0.06,0,0.07,
1226582,Magic,21,Khans of Tarkir,Jeering Instigator,,113,R,Lightly Played,0.16,,1.62,0.13,0,0.15,
2736309,Magic,8,Magic 2014 (M14),Mindsparker,,146,R,Lightly Played,0.16,,1.57,0.08,0,0.1,
2896375,Magic,7,Magic 2015 (M15),Stain the Mind,,117,R,Lightly Played,0.16,,1.59,0.1,0,0.16,
2900137,Magic,12,Magic Origins,Mage-Ring Responder,,232,R,Lightly Played,0.16,0.04,1.53,0.04,0,0.09,
2949739,Magic,11,Magic Origins,Pia and Kiran Nalaar,,157,R,Lightly Played,0.16,,1.57,0.08,0,0.15,
3042885,Magic,6,Oath of the Gatewatch,Hedron Alignment,,57,R,Lightly Played,0.16,,1.53,0.04,0,0.11,
3043378,Magic,7,Oath of the Gatewatch,Overwhelming Denial,,61,R,Lightly Played,0.16,,1.58,0.09,0,0.15,
3154676,Magic,4,Return to Ravnica,Wayfaring Temple,,209,R,Lightly Played,0.16,,1.58,0.09,0,0.1,
3156630,Magic,40,Scars of Mirrodin,Cerebral Eruption,,86,R,Lightly Played,0.16,0.09,1.59,0.1,0,0.12,
3258570,Magic,38,Aether Revolt,Call for Unity,,9,R,Near Mint,0.17,,1.59,0.1,0,0.21,
3325991,Magic,33,Amonkhet,Prepare // Fight,,220,R,Near Mint,0.17,,1.59,0.1,0,0.14,
1277507,Magic,18,Fate Reforged,Flamerush Rider,,99,R,Near Mint,0.17,,1.58,0.09,0,0.18,
1278129,Magic,10,Fate Reforged,Wildcall,,146,R,Near Mint,0.17,,1.56,0.07,0,0.1,
1067363,Magic,23,Gatecrash,Undercity Plague,,83,R,Near Mint,0.17,,1.59,0.1,0,0.13,
1182732,Magic,21,Journey Into Nyx,Silence the Believers,,82,R,Near Mint,0.17,0.08,1.57,0.08,0,0.16,
3202482,Magic,70,Kaladesh,Aethersquall Ancient,,39,R,Near Mint,0.17,0.12,1.54,0.05,0,0.15,
1258527,Magic,24,Khans of Tarkir,High Sentinels of Arashin,,13,R,Near Mint,0.17,,1.55,0.06,0,0.12,
1255074,Magic,39,Khans of Tarkir,Rakshasa Deathdealer,,192,R,Near Mint,0.17,,1.57,0.07,0,0.12,
474877,Magic,5,Magic 2012 (M12),Pentavus,,213,R,Near Mint,0.17,,1.59,0.1,0,0.12,
1226421,Magic,8,Magic 2015 (M15),Mercurial Pretender,,68,R,Near Mint,0.17,,1.59,0.1,0,0.2,
3043190,Magic,52,Oath of the Gatewatch,Overwhelming Denial,,61,R,Near Mint,0.17,,1.59,0.1,0,0.19,
1042561,Magic,29,Return to Ravnica,Carnival Hellsteed,,147,R,Near Mint,0.17,0.01,1.5,0.01,0,0.09,
1043324,Magic,33,Return to Ravnica,Loxodon Smiter,,178,R,Near Mint,0.17,,1.61,0.12,0,0.22,
1131440,Magic,52,Theros,Hundred-Handed One,,20,R,Near Mint,0.17,,1.63,0.14,0,0.15,
1133407,Magic,61,Theros,Triad of Fates,,206,R,Near Mint,0.17,,1.55,0.06,0,0.14,
394371,Magic,11,Aether Revolt,Consulate Crackdown,,11,R,Lightly Played,0.17,,1.52,0.03,0,0.12,
765130,Magic,4,Dark Ascension,Counterlash,,33,R,Lightly Played,0.17,,1.59,0.1,0,0.16,
852152,Magic,17,Dark Ascension,Dungeon Geists,,36,R,Lightly Played,0.17,0.13,1.59,0.1,0,0.12,
855132,Magic,7,Dark Ascension,Lost in the Woods,,123,R,Lightly Played,0.17,,1.5,0.01,0,0.16,
870977,Magic,13,Dark Ascension,Sudden Disappearance,,23,R,Lightly Played,0.17,,1.57,0.08,0,0.19,
1066583,Magic,1,Eldritch Moon,Soul Separator,,199,R,Lightly Played,0.17,0.02,1.53,0.04,0,0.11,
1067381,Magic,32,Fate Reforged,Flamerush Rider,,99,R,Lightly Played,0.17,,1.63,0.13,0,0.15,
1131401,Magic,12,Innistrad,Moldgraf Monstrosity,,194,R,Lightly Played,0.17,,1.6,0.11,0,0.26,
1164512,Magic,7,Kaladesh,Bristling Hydra,,147,R,Lightly Played,0.17,,1.57,0.08,0,0.11,
1182713,Magic,6,Kaladesh,Toolcraft Exemplar,,32,R,Lightly Played,0.17,0.01,1.58,0.09,0,0.06,
1258938,Magic,7,Magic 2013 (M13),Shimian Specter,,109,R,Lightly Played,0.17,,1.54,0.05,0,0.19,
1277528,Magic,6,Magic 2013 (M13),Void Stalker,,77,R,Lightly Played,0.17,,1.52,0.03,0,0.1,
2737228,Magic,5,Magic 2015 (M15),Burning Anger,,133,R,Lightly Played,0.17,,1.58,0.09,0,0.17,
2742560,Magic,7,Magic 2015 (M15),Hoarding Dragon,,149,R,Lightly Played,0.17,0.1,1.59,0.1,0,0.12,
2898968,Magic,17,Magic Origins,Gideon's Phalanx,,14,R,Lightly Played,0.17,,1.52,0.03,0,0.09,
2899678,Magic,17,Magic Origins,Infinite Obliteration,,103,R,Lightly Played,0.17,,1.57,0.08,0,0.11,
3099087,Magic,12,Return to Ravnica,Grove of the Guardian,,240,R,Lightly Played,0.17,,1.54,0.05,0,0.17,
2737098,Magic,2,Theros,Triad of Fates,,206,R,Lightly Played,0.17,,1.54,0.05,0,0.09,
3259000,Magic,43,Aether Revolt,Dark Intimations,,128,R,Near Mint,0.18,,1.59,0.1,0,0.24,
3328070,Magic,30,Amonkhet,Heaven // Earth,,224,R,Near Mint,0.18,,1.57,0.08,0,0.14,
2949738,Magic,84,Battle for Zendikar,Nissa's Renewal,,180,R,Near Mint,0.18,,1.6,0.11,0,0.23,
764507,Magic,35,Dark Ascension,Deranged Outcast,,112,R,Near Mint,0.18,0.1,1.56,0.07,0,0.14,
1077146,Magic,31,Dragon's Maze,Dragonshift,,66,R,Near Mint,0.18,,1.58,0.09,0,0.19,
2743159,Magic,19,Dragons of Tarkir,Illusory Gains,,59,R,Near Mint,0.18,,1.58,0.09,0,0.14,
2736596,Magic,33,Dragons of Tarkir,Silumgar Assassin,,121,R,Near Mint,0.18,,1.56,0.07,0,0.18,
1067361,Magic,4,Gatecrash,Rubblebelt Raiders,,224,R,Near Mint,0.18,,1.54,0.05,0,0.11,
1067778,Magic,28,Gatecrash,Spark Trooper,,199,R,Near Mint,0.18,,1.59,0.1,0,0.16,
3457361,Magic,12,Ixalan,Daring Saboteur,,49,R,Near Mint,0.18,,1.5,0.01,0,0.12,
1182812,Magic,19,Journey Into Nyx,Polymorphous Rush,,46,R,Near Mint,0.18,,1.59,0.1,0,0.14,
939194,Magic,14,Magic 2013 (M13),Shimian Specter,,109,R,Near Mint,0.18,,1.58,0.09,0,0.18,
1226961,Magic,3,Magic 2015 (M15),Terra Stomper,,284,R,Near Mint,0.18,,1.55,0.06,0,0.17,
2899647,Magic,14,Magic Origins,Gilt-Leaf Winnower,,99,R,Near Mint,0.18,0.14,1.55,0.06,0,0.13,
392529,Magic,6,Aether Revolt,Aethertide Whale,,27,R,Lightly Played,0.18,,1.5,0.01,0,0.14,
394712,Magic,5,Aether Revolt,Release the Gremlins,,96,R,Lightly Played,0.18,,1.59,0.1,0,0.24,
418208,Magic,27,Avacyn Restored,Gallows at Willow Hill,,215,R,Lightly Played,0.18,,1.62,0.13,0,0.15,
474659,Magic,19,Avacyn Restored,Spirit Away,,76,R,Lightly Played,0.18,,1.59,0.1,0,0.08,
870975,Magic,3,Dark Ascension,Ravenous Demon,,71,R,Lightly Played,0.18,,1.59,0.1,0,0.11,
937073,Magic,12,Dragon's Maze,Renounce the Guilds,,5,R,Lightly Played,0.18,0.1,1.59,0.1,0,0.06,
1042907,Magic,16,Dragons of Tarkir,Ire Shaman,,141,R,Lightly Played,0.18,,1.58,0.09,0,0.07,
1131319,Magic,29,Innistrad,Manor Gargoyle,,228,R,Lightly Played,0.18,,1.5,0.01,0,0.14,
1131695,Magic,10,Innistrad,Sever the Bloodline,,115,R,Lightly Played,0.18,0.07,1.53,0.04,0,0.23,
1164462,Magic,2,Kaladesh,Aetherstorm Roc,,3,R,Lightly Played,0.18,0.1,1.57,0.08,0,0.06,
1164572,Magic,1,Kaladesh,Confiscation Coup,,41,R,Lightly Played,0.18,,1.54,0.05,0,0.11,
1183534,Magic,13,Khans of Tarkir,Flying Crane Technique,,176,R,Lightly Played,0.18,,1.55,0.06,0,0.17,
1254235,Magic,6,Magic 2012 (M12),Sutured Ghoul,,112,R,Lightly Played,0.18,,1.59,0.1,0,0.11,
3326192,Magic,11,Theros,Anax and Cymede,,186,R,Lightly Played,0.18,,1.56,0.07,0,0.16,
3327130,Magic,14,Amonkhet,Never // Return,,212,R,Near Mint,0.19,,1.57,0.08,0,0.31,
2737142,Magic,17,Dragons of Tarkir,Blood-Chin Fanatic,,88,R,Near Mint,0.19,,1.59,0.1,0,0.28,
3157689,Magic,44,Eldritch Moon,Collective Defiance,,123,R,Near Mint,0.19,,1.62,0.13,0,0.55,
505295,Magic,8,Innistrad,Stensia Bloodhall,,247,R,Near Mint,0.19,,1.59,0.1,0,0.24,
1254881,Magic,27,Khans of Tarkir,Sage of the Inward Eye,,195,R,Near Mint,0.19,,1.58,0.09,0,0.15,
2895486,Magic,16,Magic Origins,Pia and Kiran Nalaar,,157,R,Near Mint,0.19,,1.63,0.14,0,0.17,
416755,Magic,3,New Phyrexia,Slag Fiend,,95,R,Near Mint,0.19,0.13,1.59,0.1,0,0.17,
3103226,Magic,57,Shadows over Innistrad,Slayer's Plate,,264,R,Near Mint,0.19,,1.59,0.1,0,0.13,
505343,Magic,15,Battle for Zendikar,Ruinous Path,,123,R,Lightly Played,0.19,0.07,1.57,0.08,0,0.09,
939924,Magic,16,Dragons of Tarkir,Den Protector,,181,R,Lightly Played,0.19,,1.64,0.15,0,0.19,
1067286,Magic,18,Fate Reforged,Dragonscale General,,11,R,Lightly Played,0.19,,1.58,0.09,0,0.11,
1067384,Magic,15,Fate Reforged,Mardu Strike Leader,,75,R,Lightly Played,0.19,,1.59,0.1,0,0.22,
1076871,Magic,4,Gatecrash,High Priest of Penance,,171,R,Lightly Played,0.19,0.15,1.63,0.14,0,0.14,
1077171,Magic,8,Gatecrash,Realmwright,,45,R,Lightly Played,0.19,,1.6,0.11,0,0.16,
1182937,Magic,21,Khans of Tarkir,Crater's Claws,,106,R,Lightly Played,0.19,,1.6,0.11,0,0.17,
1226352,Magic,5,Khans of Tarkir,Herald of Anafenza,,12,R,Lightly Played,0.19,,1.51,0.02,0,0.11,
1229052,Magic,20,Khans of Tarkir,Trail of Mystery,,154,R,Lightly Played,0.19,0.09,1.54,0.05,0,0.08,
1253813,Magic,8,Magic 2012 (M12),Garruk's Horde,,176,R,Lightly Played,0.19,,1.63,0.14,0,0.14,
1255035,Magic,15,Magic 2013 (M13),Hellion Crucible,,226,R,Lightly Played,0.19,0.19,1.57,0.08,0,0.16,
2742540,Magic,2,Magic 2015 (M15),Haunted Plate Mail,,218,R,Lightly Played,0.19,,1.57,0.08,0,0.12,
3042288,Magic,15,Oath of the Gatewatch,Corrupted Crossroads,,169,R,Lightly Played,0.19,,1.59,0.1,0,0.14,
3042755,Magic,7,Oath of the Gatewatch,Gladehart Cavalry,,132,R,Lightly Played,0.19,0.09,1.52,0.03,0,0.14,
3043161,Magic,3,Oath of the Gatewatch,Munda's Vanguard,,29,R,Lightly Played,0.19,,1.59,0.1,0,0.12,
3097453,Magic,22,Return to Ravnica,Deadbridge Goliath,,120,R,Lightly Played,0.19,,1.53,0.04,0,0.08,
3202483,Magic,5,Shadows over Innistrad,Deathcap Cultivator,,202,R,Lightly Played,0.19,,1.54,0.05,0,0.2,
3258511,Magic,4,Shadows over Innistrad,Markov Dreadknight,,122,R,Lightly Played,0.19,,1.53,0.04,0,0.07,
3326292,Magic,2,Theros,Arbor Colossus,,150,R,Lightly Played,0.19,0.06,1.54,0.05,0,0.17,
3326297,Magic,2,Theros,Artisan of Forms,,40,R,Lightly Played,0.19,,1.58,0.09,0,0.21,
3327491,Magic,5,Theros,Ember Swallower,,120,R,Lightly Played,0.19,0.08,1.59,0.1,0,0.08,
3144908,Magic,10,Theros,"Tymaret, the Murder King",,207,R,Lightly Played,0.19,,1.57,0.08,0,0.13,
3258470,Magic,36,Aether Revolt,Release the Gremlins,,96,R,Near Mint,0.2,,1.59,0.1,0,0.22,
855013,Magic,27,Avacyn Restored,Rite of Ruin,,153,R,Near Mint,0.2,,1.54,0.05,0,0.12,
2954849,Magic,80,Battle for Zendikar,Brutal Expulsion,,200,R,Near Mint,0.2,0.06,1.5,0.01,0,0.13,
2955091,Magic,41,Battle for Zendikar,Dust Stalker,,202,R,Near Mint,0.2,,1.53,0.04,0,0.16,
2954909,Magic,55,Battle for Zendikar,March from the Tomb,,214,R,Near Mint,0.2,0.1,1.57,0.08,0,0.11,
1164020,Magic,15,Born of the Gods,Eater of Hope,,66,R,Near Mint,0.2,0.13,1.57,0.08,0,0.09,
1165166,Magic,16,Born of the Gods,Hero of Leina Tower,,123,R,Near Mint,0.2,0.12,1.61,0.12,0,0.16,
1077212,Magic,11,Dragon's Maze,Skylasher,,49,R,Near Mint,0.2,,1.64,0.15,0,0.28,
2736952,Magic,30,Dragons of Tarkir,Arashin Foremost,,3,R,Near Mint,0.2,,1.64,0.15,0,0.24,
2736318,Magic,20,Dragons of Tarkir,Arashin Sovereign,,212,R,Near Mint,0.2,,1.62,0.13,0,0.21,
1277527,Magic,15,Fate Reforged,Dragonscale General,,11,R,Near Mint,0.2,,1.61,0.12,0,0.15,
1277969,Magic,20,Fate Reforged,Scroll of the Masters,,163,R,Near Mint,0.2,,1.6,0.1,0,0.25,
1067150,Magic,26,Gatecrash,Mystic Genesis,,180,R,Near Mint,0.2,0.1,1.59,0.1,0,0.15,
1067993,Magic,33,Gatecrash,Wrecking Ogre,,112,R,Near Mint,0.2,0.13,1.54,0.05,0,0.15,
505836,Magic,5,Innistrad,Manor Gargoyle,,228,R,Near Mint,0.2,,1.64,0.15,0,0.19,
3200489,Magic,61,Kaladesh,Saheeli's Artistry,,62,R,Near Mint,0.2,,1.56,0.07,0,0.18,
3200499,Magic,19,Kaladesh,Skyship Stalker,,130,R,Near Mint,0.2,0.14,1.54,0.05,0,0.15,
1255630,Magic,48,Khans of Tarkir,Butcher of the Horde,,168,R,Near Mint,0.2,,1.6,0.11,0,0.16,
1226581,Magic,8,Magic 2015 (M15),Burning Anger,,133,R,Near Mint,0.2,,1.58,0.09,0,0.21,
1230978,Magic,16,Magic 2015 (M15),Stain the Mind,,117,R,Near Mint,0.2,,1.5,0.01,0,0.16,
2899642,Magic,22,Magic Origins,Gideon's Phalanx,,14,R,Near Mint,0.2,,1.6,0.11,0,0.14,
417203,Magic,7,New Phyrexia,"Jor Kadeen, the Prevailer",,128,R,Near Mint,0.2,,1.64,0.15,0,0.2,
392522,Magic,6,Scars of Mirrodin,Memoricide,,69,R,Near Mint,0.2,0.16,1.57,0.08,0,0.18,
1132693,Magic,20,Theros,Reaper of the Wilds,,201,R,Near Mint,0.2,,1.58,0.09,0,0.15,
394600,Magic,1,Aether Revolt,"Kari Zev, Skyship Raider",,87,R,Lightly Played,0.2,,1.55,0.05,0,0.26,
418154,Magic,7,Avacyn Restored,Desolate Lighthouse,,227,R,Lightly Played,0.2,,1.59,0.1,0,0.26,
468943,Magic,15,Avacyn Restored,Lunar Mystic,,65,R,Lightly Played,0.2,,1.59,0.1,0,0.13,
501346,Magic,11,Battle for Zendikar,March from the Tomb,,214,R,Lightly Played,0.2,0.06,1.56,0.07,0,0.08,
760210,Magic,6,Born of the Gods,Fated Retribution,,11,R,Lightly Played,0.2,0.17,1.56,0.07,0,0.17,
855053,Magic,34,Dark Ascension,Jar of Eyeballs,,152,R,Lightly Played,0.2,0.12,1.58,0.09,0,0.15,
871911,Magic,8,Dragon's Maze,"Exava, Rakdos Blood Witch",,69,R,Lightly Played,0.2,,1.67,0.18,0,0.2,
939810,Magic,17,Dragons of Tarkir,Blood-Chin Fanatic,,88,R,Lightly Played,0.2,0.08,1.56,0.07,0,0.13,
1132794,Magic,9,Journey Into Nyx,Deicide,,7,R,Lightly Played,0.2,0.03,1.5,0.01,0,0.07,
1254043,Magic,9,Magic 2012 (M12),Pentavus,,213,R,Lightly Played,0.2,,1.59,0.1,0,0.13,
1277699,Magic,7,Magic 2014 (M14),Chandra's Phoenix,,134,R,Lightly Played,0.2,,1.63,0.14,0,0.15,
1277930,Magic,5,Magic 2014 (M14),Garruk's Horde,,173,R,Lightly Played,0.2,,1.6,0.11,0,0.14,
1278100,Magic,3,Magic 2014 (M14),Guardian of the Ages,,211,R,Lightly Played,0.2,,1.56,0.07,0,0.15,
2736627,Magic,1,Magic 2014 (M14),Shivan Dragon,,154,R,Lightly Played,0.2,,1.56,0.07,0,0.07,
2895958,Magic,1,Magic 2015 (M15),Shivan Dragon,,281,R,Lightly Played,0.2,,1.54,0.05,0,0.12,
2898948,Magic,21,Magic Origins,Gaea's Revenge,,177,R,Lightly Played,0.2,,1.56,0.07,0,0.12,
2949769,Magic,13,Magic Origins,Relic Seeker,,29,R,Lightly Played,0.2,,1.59,0.1,0,0.24,
3041681,Magic,19,New Phyrexia,Phyrexian Ingester,,41,R,Lightly Played,0.2,0.15,1.55,0.06,0,0.22,
3095333,Magic,3,Return to Ravnica,Chaos Imps,,90,R,Lightly Played,0.2,,1.51,0.02,0,0.1,
3099292,Magic,19,Return to Ravnica,Lotleth Troll,,177,R,Lightly Played,0.2,,1.55,0.06,0,0.16,
3156550,Magic,4,Scars of Mirrodin,Argent Sphinx,,28,R,Lightly Played,0.2,0.15,1.58,0.09,0,0.13,
3258911,Magic,6,Shadows over Innistrad,Scourge Wolf,,179,R,Lightly Played,0.2,0.12,1.56,0.07,0,0.14,
3325573,Magic,5,Shadows over Innistrad,Welcome to the Fold,,96,R,Lightly Played,0.2,,1.58,0.09,0,0.13,
3328101,Magic,6,Theros,Hundred-Handed One,,20,R,Lightly Played,0.2,,1.6,0.11,0,0.15,
3413908,Magic,2,Theros,Shipbreaker Kraken,,63,R,Lightly Played,0.2,,1.66,0.17,0,0.16,
853493,Magic,22,Avacyn Restored,Demonic Rising,,94,R,Near Mint,0.21,,1.59,0.1,0,0.15,
871081,Magic,23,Avacyn Restored,Gallows at Willow Hill,,215,R,Near Mint,0.21,,1.59,0.1,0,0.18,
2955151,Magic,40,Battle for Zendikar,Ugin's Insight,,87,R,Near Mint,0.21,0.1,1.57,0.08,0,0.24,
759937,Magic,29,Dark Ascension,Ravenous Demon,,71,R,Near Mint,0.21,,1.58,0.09,0,0.15,
2736338,Magic,10,Dragons of Tarkir,Boltwing Marauder,,214,R,Near Mint,0.21,,1.64,0.15,0,0.22,
1066920,Magic,20,Gatecrash,Skarrg Goliath,,133,R,Near Mint,0.21,,1.59,0.1,0,0.12,
1066604,Magic,37,Gatecrash,Treasury Thrull,,201,R,Near Mint,0.21,,1.59,0.1,0,0.17,
1182886,Magic,14,Journey Into Nyx,Pheres-Band Warchief,,135,R,Near Mint,0.21,,1.6,0.11,0,0.12,
3201229,Magic,17,Kaladesh,Lost Legacy,,88,R,Near Mint,0.21,0.15,1.56,0.07,0,0.11,
1254223,Magic,31,Khans of Tarkir,Sagu Mauler,,196,R,Near Mint,0.21,0.14,1.59,0.1,0,0.13,
2897962,Magic,1,Magic Origins,Infinite Obliteration,,103,R,Near Mint,0.21,0.18,1.51,0.02,0,0.2,
2897337,Magic,32,Magic Origins,Vryn Wingmare,,40,R,Near Mint,0.21,,1.63,0.14,0,0.24,
1043345,Magic,26,Return to Ravnica,Chaos Imps,,90,R,Near Mint,0.21,0.1,1.56,0.07,0,0.14,
1043481,Magic,35,Return to Ravnica,Martial Law,,14,R,Near Mint,0.21,0.08,1.58,0.09,0,0.12,
1043546,Magic,26,Return to Ravnica,Mercurial Chemister,,180,R,Near Mint,0.21,0.13,1.52,0.03,0,0.14,
3095332,Magic,62,Shadows over Innistrad,Markov Dreadknight,,122,R,Near Mint,0.21,0.17,1.56,0.07,0,0.14,
394369,Magic,14,Aether Revolt,Call for Unity,,9,R,Lightly Played,0.21,,1.58,0.09,0,0.16,
394956,Magic,9,Amonkhet,Bounty of the Luxa,,196,R,Lightly Played,0.21,0.09,1.54,0.05,0,0.12,
414244,Magic,7,Amonkhet,Mouth // Feed,,214,R,Lightly Played,0.21,,1.65,0.16,0,0.22,
418175,Magic,9,Avacyn Restored,Divine Deflection,,18,R,Lightly Played,0.21,,1.66,0.17,0,0.14,
501092,Magic,6,Battle for Zendikar,Drowner of Hope,,57,R,Lightly Played,0.21,,1.59,0.1,0,0.11,
505245,Magic,3,Battle for Zendikar,Prism Array,,81,R,Lightly Played,0.21,0.05,1.51,0.02,0,0.09,
506757,Magic,10,Battle for Zendikar,Veteran Warleader,,221,R,Lightly Played,0.21,0.09,1.58,0.09,0,0.06,
760530,Magic,2,Born of the Gods,Forgestoker Dragon,,98,R,Lightly Played,0.21,,1.58,0.08,0,0.1,
760710,Magic,5,Born of the Gods,Oracle of Bones,,103,R,Lightly Played,0.21,0.14,1.57,0.08,0,0.14,
765115,Magic,8,Born of the Gods,Whims of the Fates,,115,R,Lightly Played,0.21,,1.64,0.14,0,0.17,
934855,Magic,13,Dragon's Maze,Gaze of Granite,,72,R,Lightly Played,0.21,0.2,1.6,0.11,0,0.19,
1164482,Magic,8,Kaladesh,Architect of the Untamed,,143,R,Lightly Played,0.21,,1.58,0.09,0,0.11,
1226932,Magic,40,Khans of Tarkir,Rakshasa Deathdealer,,192,R,Lightly Played,0.21,0.1,1.59,0.1,0,0.11,
1227092,Magic,16,Khans of Tarkir,Sage of the Inward Eye,,195,R,Lightly Played,0.21,0.12,1.57,0.08,0,0.13,
1255085,Magic,17,Magic 2013 (M13),Magmaquake,,140,R,Lightly Played,0.21,,1.64,0.15,0,0.15,
2899668,Magic,16,Magic Origins,Honored Hierarch,,182,R,Lightly Played,0.21,0.1,1.54,0.05,0,0.17,
2950009,Magic,11,Magic Origins,Vryn Wingmare,,40,R,Lightly Played,0.21,,1.63,0.14,0,0.23,
3042710,Magic,4,Oath of the Gatewatch,Dread Defiler,,68,R,Lightly Played,0.21,0.1,1.56,0.07,0,0.14,
3043191,Magic,8,Oath of the Gatewatch,Oath of Gideon,,30,R,Lightly Played,0.21,,1.68,0.19,0,0.29,
3202603,Magic,15,Shadows over Innistrad,Declaration in Stone,,12,R,Lightly Played,0.21,,1.58,0.09,0,0.25,
760197,Magic,25,Dark Ascension,Jar of Eyeballs,,152,R,Near Mint,0.22,,1.59,0.1,0,0.15,
1076374,Magic,15,Dragon's Maze,Advent of the Wurm,,51,R,Near Mint,0.22,,1.59,0.1,0,0.19,
2736358,Magic,13,Dragons of Tarkir,Pristine Skywise,,228,R,Near Mint,0.22,0.16,1.57,0.08,0,0.13,
2742559,Magic,16,Dragons of Tarkir,"Surrak, the Hunt Caller",,210,R,Near Mint,0.22,0.11,1.59,0.1,0,0.3,
1277929,Magic,32,Fate Reforged,Mardu Strike Leader,,75,R,Near Mint,0.22,,1.58,0.09,0,0.25,
1275270,Magic,17,Fate Reforged,Yasova Dragonclaw,,148,R,Near Mint,0.22,,1.55,0.06,0,0.19,
1067085,Magic,28,Gatecrash,Alms Beast,,141,R,Near Mint,0.22,0.09,1.54,0.05,0,0.08,
1066563,Magic,16,Gatecrash,Rubblehulk,,191,R,Near Mint,0.22,0.14,1.62,0.12,0,0.14,
505964,Magic,25,Innistrad,Back from the Brink,,44,R,Near Mint,0.22,,1.6,0.11,0,0.18,
1254831,Magic,11,Khans of Tarkir,Kheru Spellsnatcher,,45,R,Near Mint,0.22,0.15,1.59,0.1,0,0.1,
1255194,Magic,28,Khans of Tarkir,Trail of Mystery,,154,R,Near Mint,0.22,0.13,1.54,0.05,0,0.12,
1258917,Magic,27,Khans of Tarkir,Trap Essence,,209,R,Near Mint,0.22,0.2,1.64,0.15,0,0.19,
474911,Magic,4,Magic 2012 (M12),Arachnus Spinner,,162,R,Near Mint,0.22,,1.61,0.11,0,0.24,
939234,Magic,16,Magic 2013 (M13),Hamletback Goliath,,136,R,Near Mint,0.22,,1.64,0.15,0,0.16,
938882,Magic,20,Magic 2013 (M13),Void Stalker,,77,R,Near Mint,0.22,0.08,1.59,0.1,0,0.17,
1124708,Magic,9,Magic 2014 (M14),Nightmare,,108,R,Near Mint,0.22,0.03,1.6,0.11,0,0.18,
1124544,Magic,16,Magic 2014 (M14),Oath of the Ancient Wood,,187,R,Near Mint,0.22,0.18,1.59,0.1,0,0.24,
1226491,Magic,9,Magic 2015 (M15),Cruel Sadist,,93,R,Near Mint,0.22,,1.59,0.1,0,0.16,
1228140,Magic,1,Magic 2015 (M15),Hornet Queen,,178,R,Near Mint,0.22,,1.64,0.15,0,0.26,
2896354,Magic,16,Magic Origins,Honored Hierarch,,182,R,Near Mint,0.22,,1.59,0.1,0,0.16,
2898987,Magic,30,Magic Origins,Priest of the Blood Rite,,112,R,Near Mint,0.22,0.15,1.56,0.07,0,0.19,
3042267,Magic,58,Oath of the Gatewatch,Dread Defiler,,68,R,Near Mint,0.22,0.1,1.57,0.08,0,0.15,
1043415,Magic,25,Return to Ravnica,Cryptborn Horror,,212,R,Near Mint,0.22,0.09,1.54,0.05,0,0.16,
1043545,Magic,11,Return to Ravnica,Detention Sphere,,155,R,Near Mint,0.22,,1.59,0.1,0,0.5,
394621,Magic,8,Scars of Mirrodin,Precursor Golem,,194,R,Near Mint,0.22,0.21,1.58,0.09,0,0.23,
3099689,Magic,63,Shadows over Innistrad,Avacyn's Judgment,,145,R,Near Mint,0.22,0.16,1.57,0.08,0,0.17,
3103536,Magic,63,Shadows over Innistrad,Geier Reach Bandit,,159,R,Near Mint,0.22,,1.59,0.1,0,0.44,
3096534,Magic,69,Shadows over Innistrad,To the Slaughter,,139,R,Near Mint,0.22,0.15,1.53,0.04,0,0.14,
1132823,Magic,45,Theros,Boon Satyr,,152,R,Near Mint,0.22,0.1,1.55,0.06,0,0.15,
1132793,Magic,49,Theros,Psychic Intrusion,,200,R,Near Mint,0.22,,1.51,0.02,0,0.09,
1131278,Magic,65,Theros,Shipbreaker Kraken,,63,R,Near Mint,0.22,,1.57,0.08,0,0.18,
394474,Magic,5,Aether Revolt,Dark Intimations,,128,R,Lightly Played,0.22,,1.62,0.13,0,0.2,
395771,Magic,3,Amonkhet,Channeler Initiate,,160,R,Lightly Played,0.22,,1.57,0.08,0,0.15,
414424,Magic,6,Amonkhet,"Neheb, the Worthy",,203,R,Lightly Played,0.22,,1.61,0.12,0,0.22,
416920,Magic,15,Avacyn Restored,Demonic Rising,,94,R,Lightly Played,0.22,,1.59,0.1,0,0.17,
418218,Magic,9,Avacyn Restored,Hound of Griselbrand,,141,R,Lightly Played,0.22,,1.68,0.19,0,0.17,
501030,Magic,8,Battle for Zendikar,Brood Butcher,,199,R,Lightly Played,0.22,0.04,1.53,0.04,0,0.11,
939833,Magic,6,Dragons of Tarkir,Boltwing Marauder,,214,R,Lightly Played,0.22,,1.64,0.15,0,0.19,
1043510,Magic,9,Dragons of Tarkir,Silumgar Assassin,,121,R,Lightly Played,0.22,,1.62,0.13,0,0.11,
1125125,Magic,9,Innistrad,Elder of Laurels,,177,R,Lightly Played,0.22,0.19,1.66,0.17,0,0.17,
1164552,Magic,3,Kaladesh,Captured by the Consulate,,8,R,Lightly Played,0.22,0.09,1.54,0.05,0,0.06,
1226622,Magic,37,Khans of Tarkir,Kheru Spellsnatcher,,45,R,Lightly Played,0.22,0.08,1.57,0.08,0,0.07,
1231514,Magic,2,Magic 2012 (M12),Chandra's Phoenix,,126,R,Lightly Played,0.22,,1.65,0.16,0,0.23,
1254013,Magic,1,Magic 2012 (M12),Monomania,,102,R,Lightly Played,0.22,,1.64,0.15,0,0.14,
1277648,Magic,6,Magic 2014 (M14),Awaken the Ancient,,126,R,Lightly Played,0.22,,1.59,0.1,0,0.18,
2736319,Magic,5,Magic 2014 (M14),Oath of the Ancient Wood,,187,R,Lightly Played,0.22,0.14,1.59,0.1,0,0.22,
2955527,Magic,29,New Phyrexia,Fresh Meat,,109,R,Lightly Played,0.22,,1.64,0.15,0,0.21,
3099750,Magic,2,Return to Ravnica,Palisade Giant,,15,R,Lightly Played,0.22,,1.59,0.1,0,0.16,
3155017,Magic,5,Return to Ravnica,Wild Beastmaster,,139,R,Lightly Played,0.22,,1.59,0.1,0,0.09,
3157720,Magic,4,Scars of Mirrodin,Hoard-Smelter Dragon,,93,R,Lightly Played,0.22,0.19,1.6,0.11,0,0.19,
3200822,Magic,20,Scars of Mirrodin,Tower of Calamities,,212,R,Lightly Played,0.22,0.2,1.59,0.1,0,0.21,
3324463,Magic,2,Shadows over Innistrad,Triskaidekaphobia,,141,R,Lightly Played,0.22,,1.58,0.09,0,0.15,
855093,Magic,19,Avacyn Restored,Infinite Reflection,,61,R,Near Mint,0.23,,1.59,0.1,0,0.23,
871084,Magic,29,Avacyn Restored,Lunar Mystic,,65,R,Near Mint,0.23,0.13,1.56,0.07,0,0.17,
1163762,Magic,21,Born of the Gods,Pain Seer,,80,R,Near Mint,0.23,,1.63,0.14,0,0.2,
760295,Magic,31,Dark Ascension,Fiend of the Shadows,,62,R,Near Mint,0.23,,1.64,0.15,0,0.16,
1077005,Magic,29,Dragon's Maze,Catch // Release,,125,R,Near Mint,0.23,0.15,1.54,0.05,0,0.15,
1076508,Magic,28,Dragon's Maze,"Exava, Rakdos Blood Witch",,69,R,Near Mint,0.23,,1.66,0.17,0,0.26,
1076672,Magic,23,Dragon's Maze,Obzedat's Aid,,89,R,Near Mint,0.23,0.01,1.59,0.1,0,0.17,
3157142,Magic,38,Eldritch Moon,Stromkirk Condemned,,106,R,Near Mint,0.23,0.19,1.59,0.1,0,0.15,
1067451,Magic,7,Gatecrash,Frontline Medic,,12,R,Near Mint,0.23,,1.61,0.12,0,0.24,
505898,Magic,22,Innistrad,Sever the Bloodline,,115,R,Near Mint,0.23,,1.56,0.07,0,0.14,
3200439,Magic,58,Kaladesh,Multiform Wonder,,223,R,Near Mint,0.23,0.12,1.55,0.06,0,0.09,
1090413,Magic,5,Magic 2014 (M14),Colossal Whale,,48,R,Near Mint,0.23,,1.59,0.1,0,0.2,
1124594,Magic,7,Magic 2014 (M14),Haunted Plate Mail,,212,R,Near Mint,0.23,0.15,1.54,0.05,0,0.15,
1125264,Magic,8,Magic 2014 (M14),Mindsparker,,146,R,Near Mint,0.23,0.12,1.59,0.1,0,0.16,
1231523,Magic,19,Magic 2015 (M15),Scuttling Doom Engine,,229,R,Near Mint,0.23,,1.63,0.14,0,0.23,
2898002,Magic,16,Magic Origins,Molten Vortex,,156,R,Near Mint,0.23,,1.62,0.13,0,0.19,
416754,Magic,4,New Phyrexia,Invader Parasite,,87,R,Near Mint,0.23,,1.64,0.15,0,0.26,
3043817,Magic,76,Oath of the Gatewatch,Dimensional Infiltrator,,44,R,Near Mint,0.23,,1.64,0.15,0,0.17,
1043549,Magic,26,Return to Ravnica,Wild Beastmaster,,139,R,Near Mint,0.23,,1.58,0.09,0,0.16,
395851,Magic,1,Amonkhet,Gideon's Resolve,,272,R,Lightly Played,0.23,0.07,1.55,0.06,0,0.1,
414435,Magic,2,Amonkhet,Oracle's Vault,,234,R,Lightly Played,0.23,,1.55,0.06,0,0.14,
853370,Magic,17,Dark Ascension,Flayer of the Hatebound,,89,R,Lightly Played,0.23,,1.55,0.06,0,0.29,
871817,Magic,21,Dragon's Maze,Aetherling,,11,R,Lightly Played,0.23,0.15,1.58,0.09,0,0.12,
871852,Magic,18,Dragon's Maze,Breaking // Entering,,124,R,Lightly Played,0.23,0.1,1.5,0.01,0,0.22,
1042901,Magic,16,Dragons of Tarkir,Illusory Gains,,59,R,Lightly Played,0.23,0.1,1.52,0.03,0,0.09,
1043581,Magic,7,Eldritch Moon,Bloodhall Priest,,181,R,Lightly Played,0.23,,1.57,0.08,0,0.13,
1076725,Magic,1,Gatecrash,Five-Alarm Fire,,91,R,Lightly Played,0.23,0.19,1.59,0.1,0,0.15,
1098285,Magic,5,Hour of Devastation,Hostile Desert,,178,R,Lightly Played,0.23,0.2,1.64,0.15,0,0.19,
1131889,Magic,3,Innistrad,Splinterfright,,205,R,Lightly Played,0.23,,1.63,0.14,0,0.21,
1165947,Magic,10,Kaladesh,Electrostatic Pummeler,,210,R,Lightly Played,0.23,0.2,1.69,0.2,0,0.11,
1182493,Magic,15,Kaladesh,Scrapheap Scrounger,,231,R,Lightly Played,0.23,0.1,1.59,0.1,0,0.08,
1226492,Magic,14,Khans of Tarkir,Ivorytusk Fortress,,179,R,Lightly Played,0.23,,1.52,0.03,0,0.12,
1229072,Magic,17,Khans of Tarkir,Trap Essence,,209,R,Lightly Played,0.23,,1.56,0.07,0,0.16,
1257453,Magic,12,Magic 2013 (M13),Phylactery Lich,,104,R,Lightly Played,0.23,,1.62,0.13,0,0.18,
2737093,Magic,15,Magic 2014 (M14),Xathrid Necromancer,,123,R,Lightly Played,0.23,,1.59,0.1,0,0.2,
2898938,Magic,19,Magic Origins,Embermaw Hellion,,141,R,Lightly Played,0.23,,1.68,0.19,0,0.27,
2900817,Magic,17,Magic Origins,Molten Vortex,,156,R,Lightly Played,0.23,0.07,1.62,0.13,0,0.14,
2952058,Magic,34,Mirrodin Besieged,Distant Memories,,24,R,Lightly Played,0.23,0.14,1.61,0.12,0,0.18,
3092942,Magic,4,Oath of the Gatewatch,Vile Redeemer,,125,R,Lightly Played,0.23,,1.59,0.1,0,0.14,
3095323,Magic,4,Return to Ravnica,Carnival Hellsteed,,147,R,Lightly Played,0.23,0.03,1.54,0.05,0,0.07,
871071,Magic,31,Avacyn Restored,Stolen Goods,,78,R,Near Mint,0.24,,1.62,0.13,0,0.35,
1077222,Magic,5,Dragon's Maze,Pontiff of Blight,,27,R,Near Mint,0.24,,1.71,0.22,0,0.5,
2737227,Magic,26,Dragons of Tarkir,Crater Elemental,,132,R,Near Mint,0.24,0.17,1.56,0.07,0,0.12,
3413937,Magic,17,Hour of Devastation,Leave // Chance,,153,R,Near Mint,0.24,0.1,1.59,0.1,0,0.22,
3411574,Magic,27,Hour of Devastation,Refuse // Cooperate,,156,R,Near Mint,0.24,0.1,1.53,0.04,0,0.12,
3410307,Magic,20,Hour of Devastation,Wildfire Eternal,,109,R,Near Mint,0.24,0.1,1.58,0.09,0,0.24,
505210,Magic,9,Innistrad,Charmbreaker Devils,,134,R,Near Mint,0.24,0.23,1.59,0.1,0,0.16,
501154,Magic,16,Innistrad,Skirsdag High Priest,,117,R,Near Mint,0.24,,1.6,0.11,0,0.24,
3202322,Magic,57,Kaladesh,Toolcraft Exemplar,,32,R,Near Mint,0.24,0.1,1.54,0.05,0,0.13,
939116,Magic,21,Magic 2013 (M13),Ground Seal,,176,R,Near Mint,0.24,,1.57,0.08,0,0.23,
939014,Magic,6,Magic 2013 (M13),Hellion Crucible,,226,R,Near Mint,0.24,,1.58,0.09,0,0.22,
1090414,Magic,8,Magic 2014 (M14),Awaken the Ancient,,126,R,Near Mint,0.24,,1.58,0.09,0,0.23,
1098284,Magic,8,Magic 2014 (M14),Garruk's Horde,,173,R,Near Mint,0.24,,1.64,0.15,0,0.26,
2900636,Magic,15,Magic Origins,Nissa's Revelation,,191,R,Near Mint,0.24,,1.59,0.1,0,0.18,
394032,Magic,6,Scars of Mirrodin,Chimeric Mass,,141,R,Near Mint,0.24,,1.69,0.2,0,0.18,
3093199,Magic,67,Shadows over Innistrad,Soul Swallower,,230,R,Near Mint,0.24,,1.59,0.1,0,0.16,
3100004,Magic,48,Shadows over Innistrad,Triskaidekaphobia,,141,R,Near Mint,0.24,,1.59,0.1,0,0.18,
394365,Magic,4,Aether Revolt,Battle at the Bridge,,53,R,Lightly Played,0.24,,1.72,0.23,0,0.28,
474660,Magic,12,Avacyn Restored,Stolen Goods,,78,R,Lightly Played,0.24,,1.59,0.1,0,0.28,
475382,Magic,9,Battle for Zendikar,Aligned Hedron Network,,222,R,Lightly Played,0.24,0.16,1.65,0.16,0,0.13,
1042869,Magic,18,Dragons of Tarkir,Harbinger of the Hunt,,223,R,Lightly Played,0.24,0.15,1.64,0.15,0,0.21,
1043439,Magic,7,Dragons of Tarkir,Radiant Purge,,31,R,Lightly Played,0.24,,1.64,0.15,0,0.14,
1044656,Magic,12,Eldritch Moon,Distended Mindbender,,3,R,Lightly Played,0.24,0.19,1.54,0.05,0,0.17,
1067818,Magic,26,Fate Reforged,"Shu Yun, the Silent Tempest",,52,R,Lightly Played,0.24,,1.59,0.1,0,0.26,
1090493,Magic,13,Gatecrash,Undercity Plague,,83,R,Lightly Played,0.24,,1.59,0.1,0,0.12,
1097995,Magic,11,Hour of Devastation,Dreamstealer,,63,R,Lightly Played,0.24,0.19,1.58,0.09,0,0.16,
1098355,Magic,3,Hour of Devastation,Kefnet's Last Word,,39,R,Lightly Played,0.24,0.14,1.59,0.1,0,0.1,
1131441,Magic,8,Innistrad,Moorland Haunt,,244,R,Lightly Played,0.24,,1.58,0.09,0,0.18,
1164452,Magic,5,Kaladesh,Aethersquall Ancient,,39,R,Lightly Played,0.24,0.09,1.56,0.07,0,0.15,
2736637,Magic,2,Magic 2014 (M14),Tidebinder Mage,,73,R,Lightly Played,0.24,0.23,1.56,0.07,0,0.26,
2742520,Magic,1,Magic 2015 (M15),Grindclock,,217,R,Lightly Played,0.24,,1.63,0.14,0,0.16,
2900972,Magic,13,Magic Origins,Nissa's Revelation,,191,R,Lightly Played,0.24,,1.57,0.08,0,0.18,
2953448,Magic,24,Mirrodin Besieged,Phyrexian Rebirth,,15,R,Lightly Played,0.24,,1.71,0.22,0,0.23,
3043348,Magic,8,Oath of the Gatewatch,Oath of Jace,,60,R,Lightly Played,0.24,,1.59,0.1,0,0.23,
3099302,Magic,8,Return to Ravnica,Loxodon Smiter,,178,R,Lightly Played,0.24,0.09,1.59,0.1,0,0.16,
3099533,Magic,6,Return to Ravnica,Martial Law,,14,R,Lightly Played,0.24,,1.57,0.08,0,0.1,
3100005,Magic,5,Return to Ravnica,Righteous Authority,,189,R,Lightly Played,0.24,0.14,1.64,0.15,0,0.15,
3201320,Magic,6,Shadows over Innistrad,Angel of Deliverance,,2,R,Lightly Played,0.24,,1.51,0.02,0,0.13,
3202323,Magic,6,Shadows over Innistrad,Bygone Bishop,,8,R,Lightly Played,0.24,,1.62,0.13,0,0.15,
3259261,Magic,3,Shadows over Innistrad,Soul Swallower,,230,R,Lightly Played,0.24,,1.59,0.1,0,0.12,
3327536,Magic,6,Theros,Firedrinker Satyr,,122,R,Lightly Played,0.24,0.11,1.59,0.1,0,0.12,
2949758,Magic,59,Battle for Zendikar,Guardian of Tazeem,,78,R,Near Mint,0.25,0.24,1.57,0.08,0,0.22,
2952067,Magic,81,Battle for Zendikar,Lumbering Falls,,239,R,Near Mint,0.25,0.09,1.58,0.09,0,0.27,
2949798,Magic,93,Battle for Zendikar,Radiant Flames,,151,R,Near Mint,0.25,0.01,1.53,0.04,0,0.11,
1164030,Magic,15,Born of the Gods,Forgestoker Dragon,,98,R,Near Mint,0.25,0.12,1.57,0.08,0,0.13,
1076507,Magic,19,Dragon's Maze,Renounce the Guilds,,5,R,Near Mint,0.25,0.15,1.54,0.05,0,0.15,
2736962,Magic,8,Dragons of Tarkir,Den Protector,,181,R,Near Mint,0.25,,1.59,0.1,0,0.3,
2736028,Magic,27,Dragons of Tarkir,Profound Journey,,30,R,Near Mint,0.25,,1.59,0.1,0,0.19,
1067403,Magic,31,Gatecrash,Biomass Mutation,,213,R,Near Mint,0.25,0.21,1.59,0.1,0,0.17,
1066909,Magic,26,Gatecrash,Clan Defiance,,151,R,Near Mint,0.25,0.14,1.59,0.1,0,0.2,
3411234,Magic,16,Hour of Devastation,Hostile Desert,,178,R,Near Mint,0.25,0.15,1.64,0.15,0,0.22,
1182429,Magic,3,Journey Into Nyx,Heroes' Bane,,126,R,Near Mint,0.25,,1.64,0.15,0,0.21,
1254203,Magic,15,Khans of Tarkir,Howl of the Horde,,112,R,Near Mint,0.25,,1.69,0.2,0,0.24,
468895,Magic,4,Magic 2012 (M12),Archon of Justice,,6,R,Near Mint,0.25,0.15,1.59,0.1,0,0.17,
474868,Magic,3,Magic 2012 (M12),Sutured Ghoul,,112,R,Near Mint,0.25,,1.59,0.1,0,0.1,
417160,Magic,9,New Phyrexia,Phyrexian Ingester,,41,R,Near Mint,0.25,0.15,1.57,0.08,0,0.25,
3042277,Magic,66,Oath of the Gatewatch,Deepfathom Skulker,,43,R,Near Mint,0.25,0.21,1.59,0.1,0,0.26,
1042520,Magic,28,Return to Ravnica,Wayfaring Temple,,209,R,Near Mint,0.25,0.18,1.59,0.1,0,0.13,
3099749,Magic,10,Shadows over Innistrad,Invocation of Saint Traft,,246,R,Near Mint,0.25,0.08,1.57,0.08,0,0.17,
1132783,Magic,65,Theros,Steam Augury,,205,R,Near Mint,0.25,0.12,1.58,0.09,0,0.12,
418206,Magic,7,Avacyn Restored,Dread Slaver,,98,R,Lightly Played,0.25,0.2,1.6,0.11,0,0.22,
474664,Magic,10,Avacyn Restored,Treacherous Pit-Dweller,,121,R,Lightly Played,0.25,,1.68,0.19,0,0.23,
475406,Magic,9,Battle for Zendikar,Barrage Tyrant,,127,R,Lightly Played,0.25,0.09,1.59,0.1,0,0.1,
501029,Magic,7,Battle for Zendikar,Blight Herder,,2,R,Lightly Played,0.25,,1.59,0.1,0,0.2,
505101,Magic,19,Battle for Zendikar,Nissa's Renewal,,180,R,Lightly Played,0.25,,1.59,0.1,0,0.15,
505344,Magic,7,Battle for Zendikar,Scatter to the Winds,,85,R,Lightly Played,0.25,,1.54,0.05,0,0.1,
506765,Magic,3,Battle for Zendikar,"Zada, Hedron Grinder",,162,R,Lightly Played,0.25,0.09,1.59,0.1,0,0.15,
506774,Magic,6,Born of the Gods,Arbiter of the Ideal,,31,R,Lightly Played,0.25,,1.62,0.13,0,0.19,
853445,Magic,4,Dark Ascension,Ghoultree,,115,R,Lightly Played,0.25,,1.68,0.19,0,0.47,
871881,Magic,3,Dragon's Maze,Dragonshift,,66,R,Lightly Played,0.25,0.09,1.58,0.09,0,0.12,
939806,Magic,11,Dragons of Tarkir,Blessed Reincarnation,,47,R,Lightly Played,0.25,,1.55,0.06,0,0.07,
1042860,Magic,13,Dragons of Tarkir,Foe-Razer Regent,,187,R,Lightly Played,0.25,,1.67,0.18,0,0.33,
1044721,Magic,1,Eldritch Moon,Emrakul's Evangel,,156,R,Lightly Played,0.25,,1.62,0.13,0,0.27,
1076547,Magic,2,Gatecrash,Biomass Mutation,,213,R,Lightly Played,0.25,0.18,1.56,0.07,0,0.14,
1076634,Magic,6,Gatecrash,Firemane Avenger,,163,R,Lightly Played,0.25,,1.69,0.2,0,0.17,
1076729,Magic,6,Gatecrash,Frontline Medic,,12,R,Lightly Played,0.25,,1.57,0.08,0,0.2,
1132882,Magic,9,Journey Into Nyx,Harness by Force,,100,R,Lightly Played,0.25,,1.69,0.2,0,0.27,
1164011,Magic,5,Journey Into Nyx,Silence the Believers,,82,R,Lightly Played,0.25,0.1,1.55,0.06,0,0.1,
1166017,Magic,2,Kaladesh,Fateful Showdown,,114,R,Lightly Played,0.25,0.22,1.59,0.1,0,0.17,
1277739,Magic,8,Magic 2014 (M14),Colossal Whale,,48,R,Lightly Played,0.25,,1.63,0.14,0,0.15,
2895928,Magic,4,Magic 2015 (M15),Scuttling Doom Engine,,229,R,Lightly Played,0.25,,1.6,0.11,0,0.18,
2897034,Magic,5,Magic Origins,Abbot of Keral Keep,,127,R,Lightly Played,0.25,0.16,1.59,0.1,0,0.23,
2949929,Magic,8,Magic Origins,Terra Stomper,,288,R,Lightly Played,0.25,0.25,1.54,0.05,0,0.15,
3042051,Magic,5,Oath of the Gatewatch,Bearer of Silence,,67,R,Lightly Played,0.25,0.19,1.63,0.14,0,0.15,
3157053,Magic,7,Scars of Mirrodin,Chimeric Mass,,141,R,Lightly Played,0.25,,1.68,0.19,0,0.17,
3257781,Magic,1,Shadows over Innistrad,Falkenrath Gorger,,155,R,Lightly Played,0.25,0.11,1.6,0.11,0,0.16,
3329517,Magic,7,Theros,Meletis Charlatan,,54,R,Lightly Played,0.25,0.12,1.57,0.08,0,0.09,
3413326,Magic,9,Theros,Reverent Hunter,,173,R,Lightly Played,0.25,0.2,1.53,0.04,0,0.14,
871152,Magic,26,Avacyn Restored,Divine Deflection,,18,R,Near Mint,0.26,0.15,1.54,0.05,0,0.18,
2949958,Magic,51,Battle for Zendikar,Barrage Tyrant,,127,R,Near Mint,0.26,,1.57,0.08,0,0.14,
2952452,Magic,95,Battle for Zendikar,Fathom Feeder,,203,R,Near Mint,0.26,0.2,1.59,0.1,0,0.25,
764557,Magic,24,Dark Ascension,Grim Backwoods,,156,R,Near Mint,0.26,0.14,1.61,0.12,0,0.33,
1077244,Magic,30,Dragon's Maze,Boros Battleshaper,,58,R,Near Mint,0.26,0.2,1.57,0.08,0,0.21,
1077214,Magic,16,Dragon's Maze,Gaze of Granite,,72,R,Near Mint,0.26,0.08,1.59,0.1,0,0.21,
1278079,Magic,31,Fate Reforged,"Alesha, Who Smiles at Death",,90,R,Near Mint,0.26,,1.62,0.13,0,0.21,
1277447,Magic,19,Fate Reforged,Outpost Siege,,110,R,Near Mint,0.26,,1.69,0.2,0,0.25,
1067656,Magic,29,Gatecrash,Soul Ransom,,198,R,Near Mint,0.26,0.15,1.56,0.07,0,0.16,
501182,Magic,17,Innistrad,Angel of Flight Alabaster,,2,R,Near Mint,0.26,0.25,1.59,0.1,0,0.22,
505066,Magic,34,Innistrad,Falkenrath Marauders,,141,R,Near Mint,0.26,0.16,1.61,0.12,0,0.29,
3469048,Magic,6,Ixalan,Captivating Crew,,137,R,Near Mint,0.26,,1.63,0.13,0,0.5,
1182936,Magic,13,Journey Into Nyx,Daring Thief,,36,R,Near Mint,0.26,,1.68,0.19,0,0.42,
1254856,Magic,26,Khans of Tarkir,Ankle Shanker,,164,R,Near Mint,0.26,,1.69,0.19,0,0.28,
1254032,Magic,42,Khans of Tarkir,Utter End,,210,R,Near Mint,0.26,,1.6,0.11,0,0.24,
1098044,Magic,2,Magic 2014 (M14),Chandra's Phoenix,,134,R,Near Mint,0.26,,1.6,0.11,0,0.27,
1124564,Magic,3,Magic 2014 (M14),Witchstalker,,202,R,Near Mint,0.26,0.24,1.67,0.18,0,0.34,
1229166,Magic,1,Magic 2015 (M15),Necromancer's Stockpile,,108,R,Near Mint,0.26,0.23,1.64,0.15,0,0.25,
1043214,Magic,33,Return to Ravnica,Slaughter Games,,197,R,Near Mint,0.26,0.01,1.58,0.09,0,0.23,
760331,Magic,4,Born of the Gods,Felhide Spiritbinder,,96,R,Lightly Played,0.26,0.24,1.72,0.23,0,0.23,
853446,Magic,73,Dark Ascension,Grim Backwoods,,156,R,Lightly Played,0.26,0.14,1.63,0.14,0,0.25,
871815,Magic,13,Dragon's Maze,Advent of the Wurm,,51,R,Lightly Played,0.26,0.25,1.58,0.09,0,0.16,
937053,Magic,7,Dragon's Maze,Pontiff of Blight,,27,R,Lightly Played,0.26,,1.69,0.2,0,0.21,
939059,Magic,13,Dragons of Tarkir,Arashin Foremost,,3,R,Lightly Played,0.26,,1.66,0.17,0,0.2,
1042866,Magic,5,Dragons of Tarkir,Gleam of Authority,,19,R,Lightly Played,0.26,,1.65,0.16,0,0.22,
1043512,Magic,8,Dragons of Tarkir,Stratus Dancer,,80,R,Lightly Played,0.26,,1.64,0.15,0,0.14,
1066585,Magic,4,Eldritch Moon,Stromkirk Condemned,,106,R,Lightly Played,0.26,0.2,1.56,0.07,0,0.13,
1076437,Magic,38,Fate Reforged,Yasova Dragonclaw,,148,R,Lightly Played,0.26,,1.58,0.09,0,0.16,
1077167,Magic,3,Gatecrash,Ooze Flux,,128,R,Lightly Played,0.26,,1.66,0.17,0,0.2,
1124565,Magic,28,Innistrad,Charmbreaker Devils,,134,R,Lightly Played,0.26,0.24,1.59,0.1,0,0.19,
1131279,Magic,10,Innistrad,Kessig Cagebreakers,,189,R,Lightly Played,0.26,0.25,1.66,0.17,0,0.27,
1132244,Magic,6,Innistrad,Sturmgeist,,82,R,Lightly Played,0.26,,1.63,0.14,0,0.25,
1132704,Magic,8,Journey Into Nyx,Battlefield Thaumaturge,,31,R,Lightly Played,0.26,,1.69,0.2,0,0.19,
1254164,Magic,3,Magic 2012 (M12),Personal Sanctuary,,30,R,Lightly Played,0.26,,1.67,0.18,0,0.17,
1278130,Magic,6,Magic 2014 (M14),Haunted Plate Mail,,212,R,Lightly Played,0.26,,1.59,0.1,0,0.1,
2743160,Magic,2,Magic 2015 (M15),"Kurkesh, Onakke Ancient",,153,R,Lightly Played,0.26,0.2,1.69,0.2,0,0.21,
2950049,Magic,32,Mirrodin Besieged,Bonehoard,,100,R,Lightly Played,0.26,,1.71,0.22,0,0.18,
2952453,Magic,5,Mirrodin Besieged,Hellkite Igniter,,65,R,Lightly Played,0.26,,1.63,0.14,0,0.16,
3043171,Magic,2,Oath of the Gatewatch,Needle Spires,,175,R,Lightly Played,0.26,0.25,1.59,0.1,0,0.29,
3157880,Magic,3,Scars of Mirrodin,Kuldotha Phoenix,,95,R,Lightly Played,0.26,0.13,1.63,0.14,0,0.2,
3158612,Magic,11,Scars of Mirrodin,Memoricide,,69,R,Lightly Played,0.26,0.19,1.59,0.1,0,0.12,
3203343,Magic,6,Shadows over Innistrad,Drogskol Cavalry,,15,R,Lightly Played,0.26,,1.63,0.14,0,0.25,
3258341,Magic,4,Shadows over Innistrad,Inexorable Blob,,212,R,Lightly Played,0.26,0.17,1.61,0.12,0,0.16,
3258340,Magic,42,Aether Revolt,Aid from the Cowl,,105,R,Near Mint,0.27,0.16,1.58,0.09,0,0.24,
3327490,Magic,24,Amonkhet,"Neheb, the Worthy",,203,R,Near Mint,0.27,0.25,1.64,0.15,0,0.24,
871042,Magic,14,Avacyn Restored,Dread Slaver,,98,R,Near Mint,0.27,0.16,1.64,0.15,0,0.27,
2954839,Magic,86,Battle for Zendikar,Aligned Hedron Network,,222,R,Near Mint,0.27,0.25,1.67,0.18,0,0.09,
1165766,Magic,21,Born of the Gods,Oracle of Bones,,103,R,Near Mint,0.27,0.23,1.52,0.03,0,0.15,
764559,Magic,23,Dark Ascension,Havengul Runebinder,,39,R,Near Mint,0.27,0.14,1.59,0.1,0,0.11,
1076589,Magic,18,Dragon's Maze,Breaking // Entering,,124,R,Near Mint,0.27,0.21,1.59,0.1,0,0.25,
1076780,Magic,22,Dragon's Maze,Flesh // Blood,,128,R,Near Mint,0.27,0.01,1.59,0.1,0,0.2,
1076588,Magic,31,Dragon's Maze,Lavinia of the Tenth,,80,R,Near Mint,0.27,0.25,1.64,0.15,0,0.23,
2737207,Magic,17,Dragons of Tarkir,"Anafenza, Kin-Tree Spirit",,2,R,Near Mint,0.27,,1.59,0.1,0,0.22,
1067602,Magic,26,Gatecrash,Ooze Flux,,128,R,Near Mint,0.27,,1.6,0.11,0,0.23,
3414212,Magic,30,Hour of Devastation,Apocalypse Demon,,58,R,Near Mint,0.27,,1.69,0.2,0,0.16,
3410077,Magic,26,Hour of Devastation,Dreamstealer,,63,R,Near Mint,0.27,0.2,1.54,0.05,0,0.26,
505881,Magic,35,Innistrad,Elder of Laurels,,177,R,Near Mint,0.27,,1.66,0.17,0,0.25,
500312,Magic,8,Innistrad,Ludevic's Test Subject,,64,R,Near Mint,0.27,0.25,1.64,0.15,0,0.38,
505889,Magic,25,Innistrad,Moldgraf Monstrosity,,194,R,Near Mint,0.27,,1.62,0.13,0,0.32,
505209,Magic,20,Innistrad,Splinterfright,,205,R,Near Mint,0.27,,1.63,0.14,0,0.25,
1181965,Magic,8,Journey Into Nyx,Extinguish All Hope,,68,R,Near Mint,0.27,,1.64,0.15,0,0.88,
1182419,Magic,16,Journey Into Nyx,Spawn of Thraxes,,112,R,Near Mint,0.27,,1.7,0.2,0,0.35,
470841,Magic,1,Magic 2012 (M12),Chandra's Phoenix,,126,R,Near Mint,0.27,,1.66,0.17,0,0.23,
473805,Magic,2,Magic 2012 (M12),Monomania,,102,R,Near Mint,0.27,0.2,1.64,0.15,0,0.13,
939216,Magic,20,Magic 2013 (M13),Quirion Dryad,,184,R,Near Mint,0.27,0.15,1.6,0.11,0,0.1,
939209,Magic,20,Magic 2013 (M13),Wit's End,,117,R,Near Mint,0.27,0.15,1.63,0.14,0,0.19,
1124719,Magic,15,Magic 2014 (M14),Elite Arcanist,,54,R,Near Mint,0.27,,1.74,0.25,0,0.27,
2898967,Magic,16,Magic Origins,Gaea's Revenge,,177,R,Near Mint,0.27,0.25,1.59,0.1,0,0.15,
413959,Magic,4,Mirrodin Besieged,Victory's Herald,,18,R,Near Mint,0.27,,1.7,0.21,0,0.25,
1045281,Magic,21,Return to Ravnica,Firemind's Foresight,,162,R,Near Mint,0.27,0.19,1.59,0.1,0,0.19,
1044041,Magic,31,Return to Ravnica,Palisade Giant,,15,R,Near Mint,0.27,,1.62,0.13,0,0.18,
3099699,Magic,26,Shadows over Innistrad,Burn from Within,,148,R,Near Mint,0.27,,1.62,0.13,0,0.25,
3098971,Magic,81,Shadows over Innistrad,Deathcap Cultivator,,202,R,Near Mint,0.27,0.2,1.59,0.1,0,0.32,
1132871,Magic,23,Theros,Agent of the Fates,,76,R,Near Mint,0.27,,1.68,0.18,0,0.32,
395833,Magic,6,Amonkhet,Drake Haven,,51,R,Lightly Played,0.27,,1.68,0.19,0,0.14,
414428,Magic,13,Amonkhet,New Perspectives,,63,R,Lightly Played,0.27,0.18,1.57,0.08,0,0.09,
416902,Magic,8,Avacyn Restored,Captain of the Mists,,45,R,Lightly Played,0.27,0.13,1.59,0.1,0,0.14,
501296,Magic,18,Battle for Zendikar,Lantern Scout,,37,R,Lightly Played,0.27,,1.66,0.17,0,0.07,
506714,Magic,12,Battle for Zendikar,Ugin's Insight,,87,R,Lightly Played,0.27,0.09,1.59,0.1,0,0.17,
871901,Magic,2,Dragon's Maze,Emmara Tandris,,68,R,Lightly Played,0.27,,1.64,0.15,0,0.25,
871927,Magic,18,Dragon's Maze,Flesh // Blood,,128,R,Lightly Played,0.27,0.1,1.59,0.1,0,0.12,
934869,Magic,25,Dragon's Maze,"Melek, Izzet Paragon",,84,R,Lightly Played,0.27,0.25,1.58,0.09,0,0.18,
939057,Magic,31,Dragons of Tarkir,"Anafenza, Kin-Tree Spirit",,2,R,Lightly Played,0.27,,1.58,0.09,0,0.18,
939884,Magic,15,Dragons of Tarkir,Crater Elemental,,132,R,Lightly Played,0.27,0.08,1.53,0.04,0,0.1,
1043334,Magic,13,Dragons of Tarkir,Ojutai's Command,,227,R,Lightly Played,0.27,,1.68,0.19,0,0.24,
1043584,Magic,5,Eldritch Moon,Collective Effort,,17,R,Lightly Played,0.27,0.25,1.63,0.14,0,0.21,
1124465,Magic,29,Innistrad,Angel of Flight Alabaster,,2,R,Lightly Played,0.27,0.15,1.57,0.08,0,0.15,
1132764,Magic,6,Journey Into Nyx,Daring Thief,,36,R,Lightly Played,0.27,,1.68,0.19,0,0.32,
1134584,Magic,2,Journey Into Nyx,Pheres-Band Warchief,,135,R,Lightly Played,0.27,0.14,1.62,0.13,0,0.12,
1181956,Magic,5,Kaladesh,Master Trinketeer,,21,R,Lightly Played,0.27,,1.57,0.08,0,0.13,
1230979,Magic,6,Magic 2012 (M12),Arachnus Spinner,,162,R,Lightly Played,0.27,0.18,1.61,0.11,0,0.15,
3042730,Magic,10,Oath of the Gatewatch,Fall of the Titans,,109,R,Lightly Played,0.27,,1.73,0.24,0,0.24,
3042775,Magic,18,Oath of the Gatewatch,Goblin Dark-Dwellers,,110,R,Lightly Played,0.27,,1.59,0.1,0,0.13,
3043808,Magic,3,Oath of the Gatewatch,Ruins of Oran-Rief,,176,R,Lightly Played,0.27,0.21,1.58,0.09,0,0.24,
3157657,Magic,9,Scars of Mirrodin,Grindclock,,163,R,Lightly Played,0.27,0.25,1.64,0.15,0,0.24,
3200470,Magic,3,Scars of Mirrodin,Precursor Golem,,194,R,Lightly Played,0.27,0.08,1.57,0.08,0,0.13,
3202333,Magic,6,Shadows over Innistrad,Confirm Suspicions,,53,R,Lightly Played,0.27,0.13,1.58,0.09,0,0.23,
3203683,Magic,3,Shadows over Innistrad,Drownyard Temple,,271,R,Lightly Played,0.27,,1.64,0.15,0,0.22,
3327526,Magic,8,Theros,Fabled Hero,,12,R,Lightly Played,0.27,0.18,1.63,0.14,0,0.17,
3258910,Magic,36,Aether Revolt,Battle at the Bridge,,53,R,Near Mint,0.28,,1.71,0.22,0,0.27,
3324462,Magic,10,Amonkhet,Oracle's Vault,,234,R,Near Mint,0.28,0.2,1.57,0.08,0,0.16,
3328130,Magic,20,Amonkhet,Vizier of Many Faces,,74,R,Near Mint,0.28,0.2,1.62,0.13,0,0.45,
852065,Magic,26,Avacyn Restored,Demonlord of Ashmouth,,96,R,Near Mint,0.28,0.17,1.64,0.15,0,0.22,
871126,Magic,28,Avacyn Restored,Hound of Griselbrand,,141,R,Near Mint,0.28,0.25,1.64,0.15,0,0.23,
853340,Magic,20,Avacyn Restored,Revenge of the Hunted,,191,R,Near Mint,0.28,,1.73,0.24,0,0.4,
2952462,Magic,73,Battle for Zendikar,Planar Outburst,,42,R,Near Mint,0.28,0.2,1.59,0.1,0,0.16,
1164010,Magic,19,Born of the Gods,Arbiter of the Ideal,,31,R,Near Mint,0.28,,1.64,0.15,0,0.2,
3158611,Magic,39,Eldritch Moon,Collective Effort,,17,R,Near Mint,0.28,0.27,1.63,0.14,0,0.19,
3157656,Magic,38,Eldritch Moon,Summary Dismissal,,75,R,Near Mint,0.28,,1.57,0.08,0,0.35,
1277738,Magic,35,Fate Reforged,Citadel Siege,,8,R,Near Mint,0.28,0.25,1.64,0.15,0,0.29,
1066565,Magic,22,Gatecrash,Firemane Avenger,,163,R,Near Mint,0.28,,1.69,0.2,0,0.43,
1067148,Magic,22,Gatecrash,High Priest of Penance,,171,R,Near Mint,0.28,0.01,1.59,0.1,0,0.15,
1068016,Magic,19,Gatecrash,Realmwright,,45,R,Near Mint,0.28,,1.63,0.13,0,0.2,
500304,Magic,9,Innistrad,Devil's Play,,140,R,Near Mint,0.28,,1.65,0.16,0,0.2,
3457621,Magic,16,Ixalan,Waker of the Wilds,,215,R,Near Mint,0.28,0.1,1.55,0.06,0,0.12,
3200289,Magic,71,Kaladesh,Cultivator of Blades,,151,R,Near Mint,0.28,0.24,1.62,0.13,0,0.18,
3201319,Magic,50,Kaladesh,Cultivator's Caravan,,203,R,Near Mint,0.28,0.2,1.59,0.1,0,0.21,
3201630,Magic,55,Kaladesh,Dynavolt Tower,,208,R,Near Mint,0.28,0.25,1.59,0.1,0,0.16,
3200871,Magic,6,Kaladesh,Master Trinketeer,,21,R,Near Mint,0.28,0.11,1.58,0.09,0,0.17,
1254163,Magic,46,Khans of Tarkir,Abzan Ascendancy,,160,R,Near Mint,0.28,0.13,1.57,0.08,0,0.16,
1254846,Magic,33,Khans of Tarkir,Crater's Claws,,106,R,Near Mint,0.28,0.26,1.58,0.09,0,0.18,
1231023,Magic,8,Magic 2015 (M15),"Kurkesh, Onakke Ancient",,153,R,Near Mint,0.28,0.25,1.64,0.15,0,0.26,
414513,Magic,4,Mirrodin Besieged,Contested War Zone,,144,R,Near Mint,0.28,0.31,1.59,0.1,0,0.23,
417139,Magic,4,New Phyrexia,Blade Splicer,,4,R,Near Mint,0.28,,1.65,0.15,0,0.46,
3043807,Magic,68,Oath of the Gatewatch,Bearer of Silence,,67,R,Near Mint,0.28,,1.57,0.08,0,0.17,
3042709,Magic,35,Oath of the Gatewatch,Oath of Jace,,60,R,Near Mint,0.28,,1.58,0.09,0,0.22,
1043616,Magic,12,Return to Ravnica,Ash Zealot,,86,R,Near Mint,0.28,0.26,1.68,0.19,0,0.3,
1043476,Magic,1,Return to Ravnica,Precinct Captain,,17,R,Near Mint,0.28,,1.6,0.11,0,0.26,
395056,Magic,12,Scars of Mirrodin,Cerebral Eruption,,86,R,Near Mint,0.28,0.15,1.59,0.1,0,0.22,
395074,Magic,9,Scars of Mirrodin,Spikeshot Elder,,104,R,Near Mint,0.28,,1.69,0.2,0,0.22,
3101531,Magic,62,Shadows over Innistrad,Inexorable Blob,,212,R,Near Mint,0.28,,1.59,0.1,0,0.15,
1131888,Magic,49,Theros,Pyxis of Pandemonium,,220,R,Near Mint,0.28,,1.71,0.22,0,0.24,
414216,Magic,2,Amonkhet,Harsh Mentor,,135,R,Lightly Played,0.28,,1.62,0.13,0,0.25,
501129,Magic,13,Battle for Zendikar,Fathom Feeder,,203,R,Lightly Played,0.28,,1.53,0.04,0,0.17,
501218,Magic,9,Battle for Zendikar,Gruesome Slaughter,,9,R,Lightly Played,0.28,,1.71,0.22,0,0.17,
501297,Magic,13,Battle for Zendikar,Lumbering Falls,,239,R,Lightly Played,0.28,0.05,1.54,0.05,0,0.25,
505102,Magic,6,Battle for Zendikar,"Noyan Dar, Roil Shaper",,216,R,Lightly Played,0.28,0.05,1.52,0.03,0,0.12,
855133,Magic,10,Dark Ascension,Markov Blademaster,,96,R,Lightly Played,0.28,,1.74,0.25,0,0.24,
871842,Magic,21,Dragon's Maze,Beck // Call,,123,R,Lightly Played,0.28,,1.6,0.1,0,0.18,
937048,Magic,15,Dragon's Maze,Plasm Capture,,91,R,Lightly Played,0.28,,1.69,0.2,0,0.38,
937055,Magic,19,Dragon's Maze,Ready // Willing,,132,R,Lightly Played,0.28,,1.67,0.18,0,0.24,
937405,Magic,18,Dragon's Maze,Skylasher,,49,R,Lightly Played,0.28,,1.65,0.15,0,0.28,
1042889,Magic,12,Dragons of Tarkir,Hidden Dragonslayer,,23,R,Lightly Played,0.28,0.13,1.59,0.1,0,0.18,
1045296,Magic,5,Eldritch Moon,Identity Thief,,64,R,Lightly Played,0.28,0.18,1.6,0.11,0,0.17,
1076630,Magic,2,Gatecrash,Consuming Aberration,,152,R,Lightly Played,0.28,,1.66,0.17,0,0.4,
1076980,Magic,7,Gatecrash,Luminate Primordial,,20,R,Lightly Played,0.28,0.25,1.61,0.12,0,0.2,
1165767,Magic,5,Kaladesh,"Depala, Pilot Exemplar",,178,R,Lightly Played,0.28,,1.59,0.1,0,0.11,
1182357,Magic,9,Kaladesh,Multiform Wonder,,223,R,Lightly Played,0.28,0.1,1.57,0.08,0,0.06,
2899683,Magic,9,Magic Origins,"Kothophed, Soul Hoarder",,104,R,Lightly Played,0.28,0.25,1.72,0.23,0,0.24,
2955060,Magic,15,Mirrodin Besieged,White Sun's Zenith,,19,R,Lightly Played,0.28,,1.73,0.24,0,0.21,
2956147,Magic,18,New Phyrexia,"Jor Kadeen, the Prevailer",,128,R,Lightly Played,0.28,0.25,1.67,0.18,0,0.19,
3095358,Magic,11,Return to Ravnica,Conjured Currency,,33,R,Lightly Played,0.28,0.09,1.59,0.1,0,0.09,
3200480,Magic,4,Scars of Mirrodin,Spikeshot Elder,,104,R,Lightly Played,0.28,,1.69,0.2,0,0.2,
3258471,Magic,8,Shadows over Innistrad,Invocation of Saint Traft,,246,R,Lightly Played,0.28,0.24,1.5,0.01,0,0.13,
3259260,Magic,46,Aether Revolt,"Kari Zev, Skyship Raider",,87,R,Near Mint,0.29,0.2,1.57,0.08,0,0.21,
3326271,Magic,30,Amonkhet,Failure // Comply,,221,R,Near Mint,0.29,0.14,1.55,0.06,0,0.12,
3328176,Magic,23,Amonkhet,Gideon's Intervention,,15,R,Near Mint,0.29,0.21,1.57,0.08,0,0.12,
3326626,Magic,32,Amonkhet,Mouth // Feed,,214,R,Near Mint,0.29,0.16,1.61,0.12,0,0.28,
3326191,Magic,29,Amonkhet,Rags // Riches,,222,R,Near Mint,0.29,0.08,1.57,0.08,0,0.27,
2950068,Magic,4,Battle for Zendikar,Sunken Hollow,,249,R,Near Mint,0.29,,1.74,0.25,0,0.37,
760658,Magic,13,Dark Ascension,Sudden Disappearance,,23,R,Near Mint,0.29,0.16,1.64,0.15,0,0.23,
1077210,Magic,33,Dragon's Maze,Trait Doctoring,,18,R,Near Mint,0.29,0.26,1.69,0.2,0,0.24,
2736328,Magic,13,Dragons of Tarkir,Necromaster Dragon,,226,R,Near Mint,0.29,,1.71,0.22,0,0.29,
3157052,Magic,41,Eldritch Moon,Elder Deep-Fiend,,5,R,Near Mint,0.29,0.29,1.6,0.11,0,0.39,
505156,Magic,33,Innistrad,Kessig Cagebreakers,,189,R,Near Mint,0.29,0.25,1.68,0.19,0,0.36,
1182356,Magic,7,Journey Into Nyx,Dawnbringer Charioteers,,6,R,Near Mint,0.29,0.2,1.57,0.08,0,0.11,
3200209,Magic,32,Kaladesh,Aetherstorm Roc,,3,R,Near Mint,0.29,0.2,1.55,0.06,0,0.13,
1253812,Magic,24,Khans of Tarkir,Dragon-Style Twins,,108,R,Near Mint,0.29,0.14,1.54,0.05,0,0.13,
939153,Magic,12,Magic 2013 (M13),Phylactery Lich,,104,R,Near Mint,0.29,0.16,1.64,0.15,0,0.16,
1228527,Magic,7,Magic 2015 (M15),Shield of the Avatar,,230,R,Near Mint,0.29,,1.66,0.17,0,0.19,
3041960,Magic,27,Oath of the Gatewatch,Gladehart Cavalry,,132,R,Near Mint,0.29,0.18,1.55,0.06,0,0.28,
3041680,Magic,20,Oath of the Gatewatch,Goblin Dark-Dwellers,,110,R,Near Mint,0.29,0.21,1.57,0.08,0,0.2,
3043180,Magic,24,Oath of the Gatewatch,Oath of Chandra,,113,R,Near Mint,0.29,,1.64,0.15,0,0.28,
3042884,Magic,25,Oath of the Gatewatch,Oath of Gideon,,30,R,Near Mint,0.29,,1.69,0.2,0,0.19,
3042609,Magic,35,Oath of the Gatewatch,Sea Gate Wreckage,,177,R,Near Mint,0.29,,1.71,0.22,0,0.2,
3042729,Magic,43,Oath of the Gatewatch,Vile Redeemer,,125,R,Near Mint,0.29,0.14,1.58,0.09,0,0.16,
1045310,Magic,30,Return to Ravnica,Conjured Currency,,33,R,Near Mint,0.29,0.25,1.58,0.09,0,0.15,
1043344,Magic,24,Return to Ravnica,Underworld Connections,,83,R,Near Mint,0.29,,1.68,0.19,0,0.42,
395022,Magic,5,Scars of Mirrodin,Livewire Lash,,172,R,Near Mint,0.29,0.31,1.63,0.14,0,0.16,
3101316,Magic,69,Shadows over Innistrad,Altered Ego,,241,R,Near Mint,0.29,0.1,1.64,0.15,0,0.9,
3098991,Magic,58,Shadows over Innistrad,Epiphany at the Drownyard,,59,R,Near Mint,0.29,0.29,1.68,0.19,0,0.31,
3101336,Magic,56,Shadows over Innistrad,From Under the Floorboards,,111,R,Near Mint,0.29,,1.64,0.15,0,0.27,
1131760,Magic,49,Theros,Daxos of Meletis,,191,R,Near Mint,0.29,0.25,1.53,0.04,0,0.19,
418227,Magic,2,Avacyn Restored,Infinite Reflection,,61,R,Lightly Played,0.29,,1.68,0.19,0,0.21,
937068,Magic,7,Dragon's Maze,Renegade Krasis,,47,R,Lightly Played,0.29,0.25,1.67,0.18,0,0.22,
937407,Magic,12,Dragon's Maze,"Tajic, Blade of the Legion",,107,R,Lightly Played,0.29,,1.74,0.25,0,0.19,
938907,Magic,3,Dragon's Maze,Trait Doctoring,,18,R,Lightly Played,0.29,,1.68,0.19,0,0.2,
938974,Magic,1,Dragon's Maze,Zhur-Taa Ancient,,119,R,Lightly Played,0.29,,1.77,0.28,0,0.29,
1043380,Magic,15,Dragons of Tarkir,Profaner of the Dead,,70,R,Lightly Played,0.29,0.18,1.59,0.1,0,0.17,
1066999,Magic,3,Eldritch Moon,Ulvenwald Observer,,176,R,Lightly Played,0.29,,1.74,0.25,0,0.24,
1067557,Magic,38,Fate Reforged,Outpost Siege,,110,R,Lightly Played,0.29,0.25,1.69,0.2,0,0.25,
1067691,Magic,19,Fate Reforged,Scroll of the Masters,,163,R,Lightly Played,0.29,0.21,1.59,0.1,0,0.2,
1090498,Magic,4,Hour of Devastation,Apocalypse Demon,,58,R,Lightly Played,0.29,,1.69,0.2,0,0.16,
1098695,Magic,3,Hour of Devastation,Ramunap Hydra,,130,R,Lightly Played,0.29,,1.69,0.2,0,0.23,
1125265,Magic,20,Innistrad,Elite Inquisitor,,13,R,Lightly Played,0.29,0.22,1.63,0.14,0,0.25,
1131299,Magic,4,Innistrad,Ludevic's Test Subject,,64,R,Lightly Played,0.29,,1.64,0.15,0,0.27,
1134644,Magic,6,Journey Into Nyx,Polymorphous Rush,,46,R,Lightly Played,0.29,0.13,1.59,0.1,0,0.08,
1165167,Magic,10,Kaladesh,Cultivator's Caravan,,203,R,Lightly Played,0.29,,1.64,0.15,0,0.16,
1182917,Magic,43,Khans of Tarkir,Crackling Doom,,171,R,Lightly Played,0.29,,1.63,0.14,0,0.31,
1226832,Magic,22,Khans of Tarkir,Mindswipe,,189,R,Lightly Played,0.29,0.25,1.64,0.15,0,0.18,
1228498,Magic,12,Khans of Tarkir,Sultai Ascendancy,,203,R,Lightly Played,0.29,0.25,1.65,0.16,0,0.29,
1254832,Magic,13,Magic 2013 (M13),Clone,,45,R,Lightly Played,0.29,,1.77,0.28,0,0.28,
1277548,Magic,11,Magic 2013 (M13),Wit's End,,117,R,Lightly Played,0.29,0.18,1.64,0.15,0,0.19,
1277558,Magic,11,Magic 2013 (M13),Xathrid Gorgon,,118,R,Lightly Played,0.29,,1.59,0.1,0,0.1,
1277759,Magic,10,Magic 2014 (M14),Elite Arcanist,,54,R,Lightly Played,0.29,,1.74,0.25,0,0.2,
1278595,Magic,17,Magic 2014 (M14),Imposing Sovereign,,22,R,Lightly Played,0.29,,1.74,0.25,0,0.31,
2736359,Magic,4,Magic 2014 (M14),Quicken,,68,R,Lightly Played,0.29,,1.69,0.2,0,0.45,
2952068,Magic,9,Mirrodin Besieged,Galvanoth,,62,R,Lightly Played,0.29,,1.74,0.25,0,0.24,
3092812,Magic,20,Oath of the Gatewatch,Sylvan Advocate,,144,R,Lightly Played,0.29,,1.67,0.18,0,0.21,
3095313,Magic,20,Return to Ravnica,Ash Zealot,,86,R,Lightly Played,0.29,,1.64,0.15,0,0.19,
3200892,Magic,3,Shadows over Innistrad,Altered Ego,,241,R,Lightly Played,0.29,0.25,1.62,0.13,0,0.92,
3201631,Magic,10,Shadows over Innistrad,Avacyn's Judgment,,145,R,Lightly Played,0.29,0.1,1.58,0.09,0,0.1,
871056,Magic,21,Avacyn Restored,Riders of Gavony,,33,R,Near Mint,0.3,0.2,1.59,0.1,0,0.24,
1164551,Magic,36,Born of the Gods,Herald of Torment,,75,R,Near Mint,0.3,0.13,1.53,0.04,0,0.18,
764569,Magic,24,Dark Ascension,Dungeon Geists,,36,R,Near Mint,0.3,0.15,1.5,0.01,0,0.21,
1077198,Magic,26,Dragon's Maze,Ready // Willing,,132,R,Near Mint,0.3,,1.69,0.2,0,0.24,
2737217,Magic,13,Dragons of Tarkir,Dragonlord's Prerogative,,52,R,Near Mint,0.3,,1.59,0.1,0,0.2,
1277999,Magic,26,Fate Reforged,"Tasigur, the Golden Fang",,87,R,Near Mint,0.3,0.22,1.59,0.1,0,0.23,
500355,Magic,17,Innistrad,Mentor of the Meek,,21,R,Near Mint,0.3,,1.65,0.16,0,0.21,
1182966,Magic,20,Journey Into Nyx,Battlefield Thaumaturge,,31,R,Near Mint,0.3,,1.67,0.18,0,0.36,
1182389,Magic,33,Journey Into Nyx,Doomwake Giant,,66,R,Near Mint,0.3,0.3,1.68,0.19,0,0.48,
1254816,Magic,37,Khans of Tarkir,Flying Crane Technique,,176,R,Near Mint,0.3,0.25,1.58,0.09,0,0.13,
1253892,Magic,23,Khans of Tarkir,Ivorytusk Fortress,,179,R,Near Mint,0.3,0.15,1.57,0.08,0,0.13,
1254891,Magic,23,Khans of Tarkir,Jeering Instigator,,113,R,Near Mint,0.3,0.2,1.63,0.14,0,0.15,
470825,Magic,3,Magic 2012 (M12),Garruk's Horde,,176,R,Near Mint,0.3,,1.63,0.14,0,0.12,
939165,Magic,2,Magic 2013 (M13),Planar Cleansing,,26,R,Near Mint,0.3,,1.7,0.21,0,0.24,
2899677,Magic,1,Magic Origins,Scab-Clan Berserker,,160,R,Near Mint,0.3,0.2,1.63,0.14,0,0.34,
414275,Magic,3,Mirrodin Besieged,Hellkite Igniter,,65,R,Near Mint,0.3,0.26,1.64,0.15,0,0.22,
413943,Magic,8,Mirrodin Besieged,Phyrexian Rebirth,,15,R,Near Mint,0.3,,1.71,0.22,0,0.3,
3043160,Magic,37,Oath of the Gatewatch,Fall of the Titans,,109,R,Near Mint,0.3,,1.74,0.25,0,0.25,
1043976,Magic,33,Return to Ravnica,Righteous Authority,,189,R,Near Mint,0.3,0.11,1.64,0.15,0,0.12,
394285,Magic,22,Scars of Mirrodin,"Kemba, Kha Regent",,12,R,Near Mint,0.3,0.25,1.61,0.12,0,0.29,
394281,Magic,3,Scars of Mirrodin,Myr Battlesphere,,180,R,Near Mint,0.3,,1.74,0.25,0,0.36,
3099296,Magic,43,Shadows over Innistrad,Corrupted Grafstone,,253,R,Near Mint,0.3,0.19,1.59,0.1,0,0.21,
3095322,Magic,58,Shadows over Innistrad,Drogskol Cavalry,,15,R,Near Mint,0.3,0.2,1.64,0.15,0,0.25,
3101521,Magic,63,Shadows over Innistrad,Forgotten Creation,,63,R,Near Mint,0.3,0.29,1.67,0.18,0,0.25,
1132703,Magic,27,Theros,Temple of Abandon,,224,R,Near Mint,0.3,0.25,1.64,0.15,0,0.32,
394478,Magic,11,Aether Revolt,Greenbelt Rampager,,107,R,Lightly Played,0.3,0.13,1.62,0.13,0,0.14,
475381,Magic,2,Battle for Zendikar,Akoum Hellkite,,139,R,Lightly Played,0.3,0.09,1.59,0.1,0,0.16,
475405,Magic,7,Battle for Zendikar,Angelic Captain,,208,R,Lightly Played,0.3,0.05,1.53,0.04,0,0.06,
871846,Magic,3,Dragon's Maze,Blood Scrivener,,22,R,Lightly Played,0.3,0.25,1.63,0.14,0,0.19,
1044707,Magic,7,Eldritch Moon,Elder Deep-Fiend,,5,R,Lightly Played,0.3,,1.63,0.14,0,0.44,
1066614,Magic,2,Eldritch Moon,Summary Dismissal,,75,R,Lightly Played,0.3,0.19,1.59,0.1,0,0.32,
1067115,Magic,27,Fate Reforged,Citadel Siege,,8,R,Lightly Played,0.3,0.25,1.66,0.17,0,0.2,
1067383,Magic,31,Fate Reforged,Frontier Siege,,131,R,Lightly Played,0.3,,1.68,0.19,0,0.39,
1067627,Magic,30,Fate Reforged,Rally the Ancestors,,22,R,Lightly Played,0.3,,1.74,0.25,0,0.38,
1131339,Magic,7,Innistrad,Mentor of the Meek,,21,R,Lightly Played,0.3,0.25,1.66,0.17,0,0.23,
1131825,Magic,2,Innistrad,Skirsdag High Priest,,117,R,Lightly Played,0.3,0.25,1.63,0.14,0,0.24,
1132952,Magic,5,Journey Into Nyx,Heroes' Bane,,126,R,Lightly Played,0.3,0.2,1.64,0.15,0,0.19,
1164031,Magic,2,Journey Into Nyx,Spawn of Thraxes,,112,R,Lightly Played,0.3,,1.73,0.24,0,0.26,
1166177,Magic,3,Kaladesh,Key to the City,,220,R,Lightly Played,0.3,,1.69,0.2,0,0.24,
1182823,Magic,23,Khans of Tarkir,Ankle Shanker,,164,R,Lightly Played,0.3,,1.72,0.23,0,0.25,
2899633,Magic,25,Magic Origins,Harbinger of the Tides,,58,R,Lightly Played,0.3,,1.59,0.1,0,0.39,
2949779,Magic,12,Magic Origins,Scab-Clan Berserker,,160,R,Lightly Played,0.3,0.22,1.62,0.13,0,0.25,
3101317,Magic,9,Return to Ravnica,Slaughter Games,,197,R,Lightly Played,0.3,0.03,1.54,0.05,0,0.19,
3103537,Magic,2,Return to Ravnica,Volatile Rig,,236,R,Lightly Played,0.3,0.09,1.59,0.1,0,0.14,
3325992,Magic,10,Theros,Agent of the Fates,,76,R,Lightly Played,0.3,,1.73,0.24,0,0.22,
3325672,Magic,27,Amonkhet,Channeler Initiate,,160,R,Near Mint,0.31,0.13,1.62,0.13,0,0.26,
3325291,Magic,4,Amonkhet,Irrigated Farmland,,245,R,Near Mint,0.31,0.25,1.58,0.09,0,0.46,
3327140,Magic,32,Amonkhet,New Perspectives,,63,R,Near Mint,0.31,0.14,1.58,0.09,0,0.09,
2949788,Magic,31,Battle for Zendikar,Hero of Goma Fada,,31,R,Near Mint,0.31,0.3,1.76,0.27,0,0.1,
1165976,Magic,21,Born of the Gods,Fated Return,,69,R,Near Mint,0.31,0.17,1.59,0.1,0,0.19,
764552,Magic,34,Dark Ascension,Counterlash,,33,R,Near Mint,0.31,,1.59,0.1,0,0.25,
760338,Magic,20,Dark Ascension,Flayer of the Hatebound,,89,R,Near Mint,0.31,0.23,1.69,0.2,0,0.31,
760660,Magic,14,Dark Ascension,Lost in the Woods,,123,R,Near Mint,0.31,0.22,1.63,0.14,0,0.19,
760610,Magic,7,Dark Ascension,Markov Blademaster,,96,R,Near Mint,0.31,,1.74,0.25,0,0.32,
1076483,Magic,19,Dragon's Maze,"Melek, Izzet Paragon",,84,R,Near Mint,0.31,0.25,1.59,0.1,0,0.29,
2742114,Magic,23,Dragons of Tarkir,Hedonist's Trove,,106,R,Near Mint,0.31,0.18,1.64,0.15,0,0.2,
3156599,Magic,24,Eldritch Moon,Noosegraf Mob,,98,R,Near Mint,0.31,,1.77,0.28,0,0.34,
3410217,Magic,33,Hour of Devastation,Oketra's Last Mercy,,18,R,Near Mint,0.31,0.15,1.64,0.15,0,0.16,
500403,Magic,20,Innistrad,Elite Inquisitor,,13,R,Near Mint,0.31,,1.66,0.17,0,0.27,
505109,Magic,14,Innistrad,Moorland Haunt,,244,R,Near Mint,0.31,0.1,1.59,0.1,0,0.25,
505150,Magic,14,Innistrad,Nephalia Drownyard,,245,R,Near Mint,0.31,0.2,1.68,0.19,0,0.97,
3457501,Magic,4,Ixalan,Burning Sun's Avatar,,135,R,Near Mint,0.31,0.39,1.63,0.14,0,0.3,
1182712,Magic,6,Journey Into Nyx,Hypnotic Siren,,42,R,Near Mint,0.31,0.4,1.63,0.14,0,0.19,
1253802,Magic,42,Khans of Tarkir,Duneblast,,174,R,Near Mint,0.31,0.25,1.62,0.13,0,0.19,
939126,Magic,3,Magic 2013 (M13),Redirect,,64,R,Near Mint,0.31,,1.74,0.25,0,0.34,
2898947,Magic,28,Magic Origins,Embermaw Hellion,,141,R,Near Mint,0.31,,1.64,0.15,0,0.35,
2898917,Magic,3,Magic Origins,Hallowed Moonlight,,16,R,Near Mint,0.31,0.31,1.64,0.15,0,1.22,
3042000,Magic,31,Oath of the Gatewatch,Munda's Vanguard,,29,R,Near Mint,0.31,0.2,1.59,0.1,0,0.11,
394618,Magic,1,Scars of Mirrodin,Grindclock,,163,R,Near Mint,0.31,0.25,1.64,0.14,0,0.24,
1132881,Magic,25,Theros,Fabled Hero,,12,R,Near Mint,0.31,0.2,1.59,0.1,0,0.16,
394274,Magic,17,Aether Revolt,Baral's Expertise,,29,R,Lightly Played,0.31,0.19,1.69,0.2,0,0.4,
394939,Magic,2,Aether Revolt,Secret Salvage,,71,R,Lightly Played,0.31,0.24,1.73,0.24,0,0.27,
414234,Magic,1,Amonkhet,Honored Hydra,,172,R,Lightly Played,0.31,,1.67,0.18,0,0.19,
416914,Magic,14,Avacyn Restored,Dark Impostor,,92,R,Lightly Played,0.31,,1.74,0.25,0,0.21,
765085,Magic,5,Born of the Gods,Tromokratis,,55,R,Lightly Played,0.31,,1.58,0.09,0,0.2,
765128,Magic,15,Dark Ascension,Alpha Brawl,,82,R,Lightly Played,0.31,,1.61,0.12,0,0.18,
853374,Magic,11,Dark Ascension,Geralf's Mindcrusher,,37,R,Lightly Played,0.31,0.25,1.59,0.1,0,0.21,
934862,Magic,12,Dragon's Maze,Lavinia of the Tenth,,80,R,Lightly Played,0.31,0.25,1.65,0.16,0,0.27,
939060,Magic,13,Dragons of Tarkir,Arashin Sovereign,,212,R,Lightly Played,0.31,0.17,1.57,0.07,0,0.1,
1125345,Magic,1,Innistrad,Falkenrath Marauders,,141,R,Lightly Played,0.31,0.25,1.64,0.15,0,0.23,
1165157,Magic,1,Kaladesh,Cultivator of Blades,,151,R,Lightly Played,0.31,,1.6,0.11,0,0.15,
1226472,Magic,37,Khans of Tarkir,Howl of the Horde,,112,R,Lightly Played,0.31,,1.7,0.21,0,0.21,
1254245,Magic,3,Magic 2013 (M13),Captain of the Watch,,8,R,Lightly Played,0.31,,1.73,0.24,0,0.58,
1277508,Magic,12,Magic 2013 (M13),Trading Post,,220,R,Lightly Played,0.31,,1.74,0.25,0,0.23,
1277970,Magic,8,Magic 2014 (M14),Goblin Diplomats,,141,R,Lightly Played,0.31,,1.79,0.3,0,0.35,
2736339,Magic,3,Magic 2014 (M14),Planar Cleansing,,29,R,Lightly Played,0.31,,1.62,0.13,0,0.21,
3042620,Magic,5,Oath of the Gatewatch,Deepfathom Skulker,,43,R,Lightly Played,0.31,0.25,1.59,0.1,0,0.24,
3202303,Magic,8,Shadows over Innistrad,Burn from Within,,148,R,Lightly Played,0.31,0.24,1.67,0.18,0,0.26,
3324442,Magic,12,Amonkhet,Glorybringer,,134,R,Near Mint,0.32,0.36,1.68,0.19,0,0.33,
3327110,Magic,28,Amonkhet,Honored Hydra,,172,R,Near Mint,0.32,,1.69,0.2,0,0.23,
853491,Magic,3,Avacyn Restored,Slayers' Stronghold,,229,R,Near Mint,0.32,,1.74,0.25,0,0.42,
2952057,Magic,66,Battle for Zendikar,Lantern Scout,,37,R,Near Mint,0.32,,1.69,0.2,0,0.11,
2950048,Magic,3,Battle for Zendikar,Prairie Stream,,241,R,Near Mint,0.32,0.25,1.64,0.15,0,0.23,
2953527,Magic,16,Battle for Zendikar,Shambling Vent,,244,R,Near Mint,0.32,,1.69,0.2,0,0.23,
1165836,Magic,10,Born of the Gods,Satyr Firedancer,,108,R,Near Mint,0.32,,1.64,0.15,0,0.49,
1077142,Magic,22,Dragon's Maze,Aetherling,,11,R,Near Mint,0.32,0.25,1.59,0.1,0,0.28,
2736308,Magic,24,Dragons of Tarkir,Ojutai's Command,,227,R,Near Mint,0.32,0.35,1.71,0.22,0,0.3,
1277577,Magic,14,Fate Reforged,Frontier Siege,,131,R,Near Mint,0.32,0.3,1.71,0.2,0,0.46,
1277657,Magic,16,Fate Reforged,"Shu Yun, the Silent Tempest",,52,R,Near Mint,0.32,,1.61,0.12,0,0.3,
1066915,Magic,1,Gatecrash,Consuming Aberration,,152,R,Near Mint,0.32,,1.69,0.2,0,0.47,
505838,Magic,30,Innistrad,Runechanter's Pike,,231,R,Near Mint,0.32,0.27,1.71,0.22,0,0.21,
3201640,Magic,60,Kaladesh,Electrostatic Pummeler,,210,R,Near Mint,0.32,0.29,1.72,0.23,0,0.16,
3200389,Magic,30,Kaladesh,"Gonti, Lord of Luxury",,84,R,Near Mint,0.32,,1.65,0.16,0,0.18,
1254993,Magic,31,Khans of Tarkir,Sultai Ascendancy,,203,R,Near Mint,0.32,0.32,1.69,0.2,0,0.27,
937230,Magic,12,Magic 2013 (M13),Magmaquake,,140,R,Near Mint,0.32,,1.64,0.15,0,0.18,
1124434,Magic,12,Magic 2014 (M14),Path of Bravery,,26,R,Near Mint,0.32,0.25,1.66,0.17,0,0.23,
1124704,Magic,10,Magic 2014 (M14),Pyromancer's Gauntlet,,214,R,Near Mint,0.32,0.24,1.64,0.15,0,0.33,
414539,Magic,14,Mirrodin Besieged,Magnetic Mine,,113,R,Near Mint,0.32,0.4,1.64,0.15,0,0.52,
1043265,Magic,26,Return to Ravnica,Collective Blessing,,150,R,Near Mint,0.32,,1.7,0.21,0,0.49,
3092941,Magic,52,Shadows over Innistrad,Bygone Bishop,,8,R,Near Mint,0.32,,1.64,0.15,0,0.18,
3102526,Magic,40,Shadows over Innistrad,Ever After,,109,R,Near Mint,0.32,0.25,1.66,0.17,0,0.16,
3099471,Magic,5,Shadows over Innistrad,Port Town,,278,R,Near Mint,0.32,,1.65,0.16,0,0.29,
1131672,Magic,24,Theros,Rageblood Shaman,,138,R,Near Mint,0.32,0.2,1.58,0.09,0,0.21,
415045,Magic,11,Avacyn Restored,Arcane Melee,,44,R,Lightly Played,0.32,0.22,1.69,0.2,0,0.3,
760252,Magic,5,Born of the Gods,Fated Return,,69,R,Lightly Played,0.32,,1.62,0.13,0,0.14,
765083,Magic,4,Born of the Gods,Scourge of Skola Vale,,137,R,Lightly Played,0.32,0.25,1.69,0.2,0,0.23,
1077599,Magic,2,Gatecrash,Stolen Identity,,53,R,Lightly Played,0.32,,1.74,0.25,0,0.21,
1124799,Magic,10,Innistrad,Devil's Play,,140,R,Lightly Played,0.32,0.25,1.65,0.16,0,0.18,
1131491,Magic,5,Innistrad,Nephalia Drownyard,,245,R,Lightly Played,0.32,,1.68,0.19,0,0.34,
1131673,Magic,9,Innistrad,Runechanter's Pike,,231,R,Lightly Played,0.32,0.25,1.69,0.2,0,0.21,
1164061,Magic,7,Journey Into Nyx,Temple of Malady,,165,R,Lightly Played,0.32,,1.68,0.19,0,0.33,
1165857,Magic,9,Kaladesh,Dynavolt Tower,,208,R,Lightly Played,0.32,0.25,1.6,0.11,0,0.15,
1254994,Magic,21,Magic 2013 (M13),Hamletback Goliath,,136,R,Lightly Played,0.32,0.23,1.64,0.14,0,0.14,
1255270,Magic,3,Magic 2013 (M13),"Nefarox, Overlord of Grixis",,103,R,Lightly Played,0.32,,1.7,0.21,0,0.33,
1258528,Magic,5,Magic 2013 (M13),Quirion Dryad,,184,R,Lightly Played,0.32,0.18,1.58,0.09,0,0.09,
2897288,Magic,9,Magic Origins,Aegis Angel,,273,R,Lightly Played,0.32,,1.69,0.2,0,0.31,
2952473,Magic,27,Mirrodin Besieged,Mitotic Manipulation,,27,R,Lightly Played,0.32,,1.69,0.2,0,0.22,
2955112,Magic,34,New Phyrexia,Bludgeon Brawl,,80,R,Lightly Played,0.32,,1.72,0.23,0,0.24,
3157985,Magic,4,Scars of Mirrodin,Livewire Lash,,172,R,Lightly Played,0.32,0.3,1.63,0.14,0,0.11,
3258691,Magic,7,Shadows over Innistrad,Port Town,,278,R,Lightly Played,0.32,,1.73,0.24,0,0.27,
3410078,Magic,8,Theros,Nighthowler,,98,R,Lightly Played,0.32,0.27,1.69,0.2,0,0.2,
3258040,Magic,46,Aether Revolt,Peacewalker Colossus,,170,R,Near Mint,0.33,0.4,1.64,0.15,0,0.25,
853055,Magic,28,Avacyn Restored,Arcane Melee,,44,R,Near Mint,0.33,,1.7,0.21,0,0.36,
2953447,Magic,28,Battle for Zendikar,Akoum Hellkite,,139,R,Near Mint,0.33,0.25,1.63,0.14,0,0.22,
1164461,Magic,19,Born of the Gods,Felhide Spiritbinder,,96,R,Near Mint,0.33,,1.69,0.2,0,0.27,
764539,Magic,22,Dark Ascension,Alpha Brawl,,82,R,Near Mint,0.33,0.34,1.59,0.1,0,0.28,
1076585,Magic,18,Dragon's Maze,Blood Scrivener,,22,R,Near Mint,0.33,0.3,1.62,0.13,0,0.21,
1076678,Magic,17,Dragon's Maze,Renegade Krasis,,47,R,Near Mint,0.33,,1.7,0.2,0,0.22,
2736636,Magic,14,Dragons of Tarkir,Deathbringer Regent,,96,R,Near Mint,0.33,0.31,1.71,0.22,0,0.17,
3157444,Magic,42,Eldritch Moon,Wharf Infiltrator,,80,R,Near Mint,0.33,,1.79,0.3,0,0.23,
1067211,Magic,16,Gatecrash,Stolen Identity,,53,R,Near Mint,0.33,,1.75,0.25,0,0.3,
3411504,Magic,10,Hour of Devastation,God-Pharaoh's Gift,,161,R,Near Mint,0.33,0.23,1.59,0.1,0,0.29,
3457321,Magic,15,Ixalan,Sanguine Sacrament,,33,R,Near Mint,0.33,,1.64,0.15,0,0.17,
1254042,Magic,41,Khans of Tarkir,End Hostilities,,8,R,Near Mint,0.33,0.38,1.68,0.19,0,0.35,
474861,Magic,2,Magic 2012 (M12),Redirect,,74,R,Near Mint,0.33,,1.75,0.25,0,0.27,
1090418,Magic,1,Magic 2014 (M14),Goblin Diplomats,,141,R,Near Mint,0.33,,1.78,0.29,0,0.31,
1124644,Magic,7,Magic 2014 (M14),Lifebane Zombie,,101,R,Near Mint,0.33,0.32,1.74,0.25,0,0.29,
2900926,Magic,2,Magic Origins,Aegis Angel,,273,R,Near Mint,0.33,,1.81,0.32,0,0.44,
2895887,Magic,24,Magic Origins,"Kothophed, Soul Hoarder",,104,R,Near Mint,0.33,0.29,1.64,0.15,0,0.25,
2895837,Magic,14,Magic Origins,Languish,,105,R,Near Mint,0.33,0.4,1.74,0.25,0,0.26,
2899682,Magic,1,Magic Origins,Tragic Arrogance,,38,R,Near Mint,0.33,,1.7,0.21,0,0.84,
413961,Magic,2,Mirrodin Besieged,Bonehoard,,100,R,Near Mint,0.33,,1.73,0.24,0,0.27,
414551,Magic,14,Mirrodin Besieged,White Sun's Zenith,,19,R,Near Mint,0.33,,1.69,0.2,0,0.43,
1042539,Magic,26,Return to Ravnica,Hypersonic Dragon,,170,R,Near Mint,0.33,0.23,1.62,0.13,0,0.22,
3092811,Magic,36,Shadows over Innistrad,Brain in a Jar,,252,R,Near Mint,0.33,,1.58,0.09,0,0.16,
1131400,Magic,59,Theros,Chained to the Rocks,,4,R,Near Mint,0.33,,1.68,0.19,0,1.05,
414443,Magic,5,Amonkhet,Pyramid of the Pantheon,,235,R,Lightly Played,0.33,,1.68,0.19,0,0.29,
418137,Magic,16,Avacyn Restored,Demonlord of Ashmouth,,96,R,Lightly Played,0.33,0.16,1.63,0.14,0,0.22,
471611,Magic,7,Avacyn Restored,Revenge of the Hunted,,191,R,Lightly Played,0.33,,1.7,0.21,0,0.29,
760607,Magic,16,Born of the Gods,Herald of Torment,,75,R,Lightly Played,0.33,0.16,1.56,0.07,0,0.18,
939906,Magic,10,Dragons of Tarkir,Deathbringer Regent,,96,R,Lightly Played,0.33,0.25,1.74,0.25,0,0.2,
1067005,Magic,5,Eldritch Moon,Wharf Infiltrator,,80,R,Lightly Played,0.33,,1.74,0.25,0,0.22,
1232104,Magic,3,Magic 2012 (M12),Doubling Chant,,170,R,Lightly Played,0.33,,1.69,0.2,0,0.22,
1253803,Magic,2,Magic 2012 (M12),Flameblast Dragon,,133,R,Lightly Played,0.33,,1.73,0.24,0,0.18,
1277238,Magic,13,Magic 2013 (M13),Spelltwine,,68,R,Lightly Played,0.33,,1.74,0.25,0,0.22,
2736039,Magic,8,Magic 2014 (M14),Jace's Mindseeker,,61,R,Lightly Played,0.33,0.2,1.7,0.2,0,0.27,
2737013,Magic,2,Magic 2014 (M14),Witchstalker,,202,R,Lightly Played,0.33,0.22,1.64,0.15,0,0.32,
2742470,Magic,2,Magic 2015 (M15),Genesis Hydra,,176,R,Lightly Played,0.33,,1.77,0.28,0,0.28,
2743950,Magic,1,Magic 2015 (M15),Mercurial Pretender,,68,R,Lightly Played,0.33,0.21,1.6,0.11,0,0.19,
2896305,Magic,3,Magic 2015 (M15),Siege Dragon,,162,R,Lightly Played,0.33,,1.69,0.2,0,0.3,
2898998,Magic,21,Magic Origins,Hallowed Moonlight,,16,R,Lightly Played,0.33,0.25,1.69,0.2,0,0.86,
2899946,Magic,9,Magic Origins,Languish,,105,R,Lightly Played,0.33,,1.68,0.19,0,0.23,
3042600,Magic,4,Oath of the Gatewatch,Deceiver of Form,,1,R,Lightly Played,0.33,,1.74,0.25,0,0.73,
3157750,Magic,7,Scars of Mirrodin,"Kemba, Kha Regent",,12,R,Lightly Played,0.33,0.25,1.63,0.13,0,0.25,
3202243,Magic,4,Shadows over Innistrad,Brain in a Jar,,252,R,Lightly Played,0.33,0.14,1.57,0.08,0,0.14,
3257871,Magic,4,Shadows over Innistrad,Flameblade Angel,,157,R,Lightly Played,0.33,,1.54,0.05,0,0.12,
3257991,Magic,4,Shadows over Innistrad,Forgotten Creation,,63,R,Lightly Played,0.33,0.25,1.63,0.14,0,0.29,
3414213,Magic,12,Theros,Temple of Abandon,,224,R,Lightly Played,0.33,0.25,1.64,0.15,0,0.28,
1166236,Magic,4,Born of the Gods,Fated Retribution,,11,R,Near Mint,0.34,0.2,1.54,0.05,0,0.23,
759925,Magic,1,Dark Ascension,Thraben Doomsayer,,25,R,Near Mint,0.34,,1.74,0.25,0,0.37,
1077220,Magic,18,Dragon's Maze,Plasm Capture,,91,R,Near Mint,0.34,0.34,1.66,0.17,0,0.63,
2736348,Magic,20,Dragons of Tarkir,Harbinger of the Hunt,,223,R,Near Mint,0.34,0.25,1.59,0.1,0,0.24,
2743249,Magic,12,Dragons of Tarkir,Profaner of the Dead,,70,R,Near Mint,0.34,0.25,1.61,0.12,0,0.21,
3410907,Magic,26,Hour of Devastation,Driven // Despair,,157,R,Near Mint,0.34,0.35,1.71,0.22,0,0.31,
501156,Magic,7,Innistrad,Stromkirk Noble,,164,R,Near Mint,0.34,,1.64,0.15,0,0.34,
1183026,Magic,17,Journey Into Nyx,Harness by Force,,100,R,Near Mint,0.34,0.29,1.69,0.2,0,0.25,
468894,Magic,2,Magic 2012 (M12),Flameblast Dragon,,133,R,Near Mint,0.34,,1.72,0.23,0,0.29,
934699,Magic,14,Magic 2013 (M13),Xathrid Gorgon,,118,R,Near Mint,0.34,0.27,1.62,0.13,0,0.24,
1098394,Magic,6,Magic 2014 (M14),Into the Wilds,,180,R,Near Mint,0.34,0.34,1.76,0.27,0,0.4,
1231073,Magic,6,Magic 2015 (M15),Grindclock,,217,R,Near Mint,0.34,0.2,1.66,0.17,0,0.23,
413847,Magic,9,Mirrodin Besieged,Thopter Assembly,,140,R,Near Mint,0.34,,1.74,0.25,0,0.32,
3042699,Magic,32,Oath of the Gatewatch,Needle Spires,,175,R,Near Mint,0.34,0.14,1.63,0.14,0,0.31,
1044027,Magic,21,Return to Ravnica,Mana Bloom,,130,R,Near Mint,0.34,0.01,1.61,0.12,0,0.37,
1131500,Magic,6,Theros,Curse of the Swine,,46,R,Near Mint,0.34,0.25,1.63,0.14,0,0.48,
1132213,Magic,13,Theros,Fleecemane Lion,,193,R,Near Mint,0.34,,1.76,0.27,0,0.42,
1132723,Magic,16,Theros,Temple of Mystery,,226,R,Near Mint,0.34,0.33,1.62,0.13,0,0.34,
501263,Magic,10,Battle for Zendikar,Hero of Goma Fada,,31,R,Lightly Played,0.34,,1.75,0.26,0,0.1,
505198,Magic,19,Battle for Zendikar,Painful Truths,,120,R,Lightly Played,0.34,0.1,1.59,0.1,0,0.19,
1043513,Magic,28,Dragons of Tarkir,"Surrak, the Hunt Caller",,210,R,Lightly Played,0.34,0.25,1.61,0.12,0,0.22,
1097915,Magic,1,Hour of Devastation,"Djeru, With Eyes Open",,10,R,Lightly Played,0.34,,1.76,0.27,0,0.31,
1183269,Magic,27,Khans of Tarkir,End Hostilities,,8,R,Lightly Played,0.34,0.26,1.67,0.18,0,0.27,
2736049,Magic,2,Magic 2014 (M14),Lifebane Zombie,,101,R,Lightly Played,0.34,,1.64,0.15,0,0.24,
2737143,Magic,3,Magic 2015 (M15),Aegis Angel,,270,R,Lightly Played,0.34,,1.65,0.16,0,0.22,
2743680,Magic,5,Magic 2015 (M15),Master of Predicaments,,67,R,Lightly Played,0.34,,1.7,0.21,0,0.25,
2897993,Magic,16,Magic Origins,Battlefield Forge,,244,R,Lightly Played,0.34,0.25,1.7,0.2,0,1.19,
2954910,Magic,7,Mirrodin Besieged,Slagstorm,,75,R,Lightly Played,0.34,,1.74,0.25,0,0.36,
2954920,Magic,19,Mirrodin Besieged,Spine of Ish Sah,,136,R,Lightly Played,0.34,,1.69,0.2,0,0.29,
2954940,Magic,3,Mirrodin Besieged,Victory's Herald,,18,R,Lightly Played,0.34,,1.72,0.23,0,0.21,
3101532,Magic,9,Return to Ravnica,Underworld Connections,,83,R,Lightly Played,0.34,,1.75,0.25,0,0.25,
3258041,Magic,9,Shadows over Innistrad,Geier Reach Bandit,,159,R,Lightly Played,0.34,0.25,1.6,0.1,0,0.42,
3259700,Magic,46,Aether Revolt,Baral's Expertise,,29,R,Near Mint,0.35,,1.62,0.13,0,0.42,
3327150,Magic,12,Amonkhet,Pull from Tomorrow,,65,R,Near Mint,0.35,0.22,1.67,0.18,0,1.3,
2952007,Magic,21,Battle for Zendikar,Bring to Light,,209,R,Near Mint,0.35,,1.7,0.21,0,0.46,
2950028,Magic,1,Battle for Zendikar,Canopy Vista,,234,R,Near Mint,0.35,0.69,1.72,0.23,0,0.34,
1166116,Magic,16,Born of the Gods,Scourge of Skola Vale,,137,R,Near Mint,0.35,,1.69,0.2,0,0.33,
3156629,Magic,37,Eldritch Moon,Ulvenwald Observer,,176,R,Near Mint,0.35,,1.76,0.27,0,0.27,
1067854,Magic,29,Gatecrash,Simic Manipulator,,50,R,Near Mint,0.35,0.32,1.74,0.25,0,0.33,
3411007,Magic,5,Hour of Devastation,Visage of Bolas,,208,R,Near Mint,0.35,,1.66,0.17,0,0.23,
474505,Magic,1,Magic 2012 (M12),Skinshifter,,195,R,Near Mint,0.35,,1.74,0.25,0,0.29,
939018,Magic,16,Magic 2013 (M13),Spelltwine,,68,R,Near Mint,0.35,,1.74,0.25,0,0.31,
1125504,Magic,7,Magic 2014 (M14),Quicken,,68,R,Near Mint,0.35,,1.71,0.22,0,0.43,
1098694,Magic,8,Magic 2014 (M14),Seraph of the Sword,,31,R,Near Mint,0.35,0.4,1.74,0.25,0,0.49,
1124464,Magic,26,Magic 2014 (M14),Tidebinder Mage,,73,R,Near Mint,0.35,0.42,1.61,0.12,0,0.26,
1125124,Magic,13,Magic 2014 (M14),Trading Post,,225,R,Near Mint,0.35,,1.76,0.27,0,0.28,
1124718,Magic,17,Magic 2014 (M14),Xathrid Necromancer,,123,R,Near Mint,0.35,0.25,1.64,0.15,0,0.29,
1229106,Magic,13,Magic 2015 (M15),Hushwing Gryff,,15,R,Near Mint,0.35,0.26,1.68,0.19,0,0.31,
1226621,Magic,3,Magic 2015 (M15),Siege Dragon,,162,R,Near Mint,0.35,,1.73,0.24,0,0.35,
414274,Magic,6,Mirrodin Besieged,Slagstorm,,75,R,Near Mint,0.35,,1.78,0.29,0,0.53,
1042507,Magic,18,Return to Ravnica,Death's Presence,,121,R,Near Mint,0.35,0.4,1.74,0.25,0,0.26,
1043184,Magic,14,Return to Ravnica,Havoc Festival,,166,R,Near Mint,0.35,0.42,1.74,0.25,0,0.29,
3092951,Magic,14,Shadows over Innistrad,Declaration in Stone,,12,R,Near Mint,0.35,0.3,1.64,0.15,0,0.33,
414475,Magic,6,Amonkhet,Rags // Riches,,222,R,Lightly Played,0.35,0.25,1.72,0.23,0,0.26,
475372,Magic,22,Avacyn Restored,Zealous Conscripts,,166,R,Lightly Played,0.35,0.34,1.73,0.24,0,0.44,
1045356,Magic,10,Eldritch Moon,Niblis of Frost,,72,R,Lightly Played,0.35,,1.74,0.25,0,0.28,
1076633,Magic,6,Gatecrash,Fathom Mage,,162,R,Lightly Played,0.35,,1.74,0.25,0,0.28,
1125445,Magic,9,Innistrad,Geist-Honored Monk,,17,R,Lightly Played,0.35,,1.71,0.22,0,0.18,
1132804,Magic,19,Journey Into Nyx,Doomwake Giant,,66,R,Lightly Played,0.35,,1.67,0.18,0,0.47,
1163763,Magic,4,Journey Into Nyx,Setessan Tactics,,140,R,Lightly Played,0.35,,1.79,0.3,0,0.46,
1164021,Magic,5,Journey Into Nyx,Skybind,,25,R,Lightly Played,0.35,0.32,1.79,0.3,0,0.24,
1166117,Magic,4,Kaladesh,Ghirapur Orrery,,216,R,Lightly Played,0.35,0.38,1.73,0.24,0,0.79,
2736707,Magic,6,Magic 2014 (M14),Trading Post,,225,R,Lightly Played,0.35,,1.73,0.24,0,0.24,
3042700,Magic,3,Oath of the Gatewatch,Dimensional Infiltrator,,44,R,Lightly Played,0.35,0.25,1.64,0.15,0,0.16,
3411295,Magic,1,Theros,Pyxis of Pandemonium,,220,R,Lightly Played,0.35,0.24,1.74,0.25,0,0.21,
3326246,Magic,30,Amonkhet,Curator of Mysteries,,49,R,Near Mint,0.36,,1.71,0.22,0,0.28,
3326261,Magic,15,Amonkhet,Dusk // Dawn,,210,R,Near Mint,0.36,0.36,1.69,0.2,0,0.3,
853495,Magic,17,Avacyn Restored,Angel of Glory's Rise,,1,R,Near Mint,0.36,0.37,1.75,0.25,0,0.31,
855012,Magic,22,Avacyn Restored,Treacherous Pit-Dweller,,121,R,Near Mint,0.36,0.33,1.69,0.2,0,0.25,
2949928,Magic,66,Battle for Zendikar,Defiant Bloodlord,,107,R,Near Mint,0.36,,1.74,0.25,0,0.28,
2736626,Magic,10,Dragons of Tarkir,Foe-Razer Regent,,187,R,Near Mint,0.36,,1.68,0.19,0,0.29,
2742939,Magic,19,Dragons of Tarkir,Gleam of Authority,,19,R,Near Mint,0.36,0.2,1.65,0.16,0,0.24,
3158344,Magic,28,Eldritch Moon,Imprisoned in the Moon,,65,R,Near Mint,0.36,0.36,1.7,0.21,0,0.99,
505921,Magic,25,Innistrad,Gutter Grime,,186,R,Near Mint,0.36,0.42,1.69,0.2,0,0.38,
505949,Magic,22,Innistrad,Sturmgeist,,82,R,Near Mint,0.36,0.31,1.69,0.2,0,0.25,
3466177,Magic,7,Ixalan,Fell Flagship,,238,R,Near Mint,0.36,0.4,1.74,0.25,0,0.44,
1182492,Magic,6,Journey Into Nyx,Temple of Malady,,165,R,Near Mint,0.36,,1.65,0.16,0,0.43,
3203892,Magic,73,Kaladesh,Fateful Showdown,,114,R,Near Mint,0.36,0.29,1.69,0.2,0,0.17,
1254901,Magic,44,Khans of Tarkir,Mindswipe,,189,R,Near Mint,0.36,0.19,1.64,0.15,0,0.2,
474878,Magic,2,Magic 2012 (M12),Doubling Chant,,170,R,Near Mint,0.36,,1.71,0.22,0,0.22,
939015,Magic,25,Magic 2013 (M13),Trading Post,,220,R,Near Mint,0.36,,1.74,0.25,0,0.38,
1124624,Magic,13,Magic 2014 (M14),Imposing Sovereign,,22,R,Near Mint,0.36,,1.74,0.25,0,0.3,
3044036,Magic,45,Oath of the Gatewatch,Captain's Claws,,162,R,Near Mint,0.36,,1.81,0.32,0,0.34,
1042556,Magic,19,Return to Ravnica,Grove of the Guardian,,240,R,Near Mint,0.36,0.25,1.57,0.08,0,0.16,
3099461,Magic,2,Shadows over Innistrad,Fortified Village,,274,R,Near Mint,0.36,0.25,1.69,0.2,0,0.32,
1132733,Magic,18,Theros,Temple of Silence,,227,R,Near Mint,0.36,0.35,1.64,0.15,0,0.34,
395793,Magic,3,Amonkhet,Curator of Mysteries,,49,R,Lightly Played,0.36,,1.67,0.18,0,0.33,
473931,Magic,13,Avacyn Restored,Slayers' Stronghold,,229,R,Lightly Played,0.36,0.18,1.67,0.18,0,0.34,
501038,Magic,14,Battle for Zendikar,Canopy Vista,,234,R,Lightly Played,0.36,0.3,1.69,0.2,0,0.38,
1042856,Magic,10,Dragons of Tarkir,Dromoka's Command,,221,R,Lightly Played,0.36,,1.64,0.15,0,0.24,
1098415,Magic,1,Hour of Devastation,Nimble Obstructionist,,40,R,Lightly Played,0.36,,1.79,0.3,0,0.25,
1124545,Magic,18,Innistrad,Cackling Counterpart,,46,R,Lightly Played,0.36,0.25,1.71,0.22,0,0.86,
1124645,Magic,8,Innistrad,Curse of Stalked Prey,,136,R,Lightly Played,0.36,,1.77,0.28,0,0.31,
1277478,Magic,5,Magic 2013 (M13),"Talrand, Sky Summoner",,72,R,Lightly Played,0.36,,1.84,0.35,0,0.24,
2736329,Magic,6,Magic 2014 (M14),Path of Bravery,,26,R,Lightly Played,0.36,0.29,1.65,0.16,0,0.22,
3095343,Magic,5,Return to Ravnica,Collective Blessing,,150,R,Lightly Played,0.36,,1.75,0.26,0,0.45,
3200290,Magic,2,Scars of Mirrodin,Myr Battlesphere,,180,R,Lightly Played,0.36,,1.74,0.25,0,0.27,
3259001,Magic,1,Shadows over Innistrad,Sin Prodder,,181,R,Lightly Played,0.36,0.25,1.73,0.24,0,0.28,
3327141,Magic,7,Theros,Chained to the Rocks,,4,R,Lightly Played,0.36,,1.63,0.14,0,0.56,
3327631,Magic,2,Theros,Fleecemane Lion,,193,R,Lightly Played,0.36,0.38,1.74,0.25,0,0.35,
3981085,Magic,3,Theros,Temple of Mystery,,226,R,Lightly Played,0.36,0.35,1.59,0.1,0,0.36,
2956146,Magic,8,Battle for Zendikar,Gruesome Slaughter,,9,R,Near Mint,0.37,0.29,1.73,0.24,0,0.27,
1067964,Magic,1,Gatecrash,Boros Reckoner,,215,R,Near Mint,0.37,0.37,1.68,0.19,0,0.39,
505070,Magic,12,Innistrad,Cackling Counterpart,,46,R,Near Mint,0.37,,1.73,0.24,0,0.83,
505348,Magic,30,Innistrad,Geist-Honored Monk,,17,R,Near Mint,0.37,0.42,1.74,0.25,0,0.38,
1183533,Magic,12,Journey Into Nyx,Skybind,,25,R,Near Mint,0.37,0.35,1.78,0.29,0,0.28,
3201219,Magic,38,Kaladesh,Key to the City,,220,R,Near Mint,0.37,0.47,1.69,0.2,0,0.25,
937200,Magic,4,Magic 2013 (M13),"Nefarox, Overlord of Grixis",,103,R,Near Mint,0.37,,1.78,0.29,0,0.39,
1097914,Magic,5,Magic 2014 (M14),Ajani's Chosen,,2,R,Near Mint,0.37,,1.7,0.21,0,0.76,
1125304,Magic,12,Magic 2014 (M14),Wild Ricochet,,162,R,Near Mint,0.37,,1.73,0.24,0,0.33,
413942,Magic,3,Mirrodin Besieged,Mitotic Manipulation,,27,R,Near Mint,0.37,,1.74,0.25,0,0.28,
394619,Magic,1,Scars of Mirrodin,Putrefax,,126,R,Near Mint,0.37,,1.74,0.25,0,0.55,
394708,Magic,8,Aether Revolt,Peacewalker Colossus,,170,R,Lightly Played,0.37,0.24,1.73,0.24,0,0.23,
501081,Magic,1,Battle for Zendikar,Defiant Bloodlord,,107,R,Lightly Played,0.37,0.19,1.68,0.19,0,0.24,
1066891,Magic,4,Eldritch Moon,Thalia's Lancers,,47,R,Lightly Played,0.37,,1.75,0.26,0,0.34,
1076859,Magic,6,Gatecrash,Gruul Ragebeast,,170,R,Lightly Played,0.37,0.28,1.73,0.24,0,0.21,
1130814,Magic,10,Innistrad,Gutter Grime,,186,R,Lightly Played,0.37,0.38,1.69,0.2,0,0.25,
1132694,Magic,4,Innistrad,Unbreathing Horde,,121,R,Lightly Played,0.37,,1.76,0.27,0,0.55,
1182887,Magic,12,Khans of Tarkir,Bloodsoaked Champion,,66,R,Lightly Played,0.37,0.35,1.74,0.25,0,0.17,
1257383,Magic,7,Magic 2013 (M13),"Odric, Master Tactician",,23,R,Lightly Played,0.37,,1.72,0.23,0,0.34,
1277638,Magic,10,Magic 2014 (M14),Ajani's Chosen,,2,R,Lightly Played,0.37,,1.68,0.19,0,0.31,
2736349,Magic,4,Magic 2014 (M14),Pyromancer's Gauntlet,,214,R,Lightly Played,0.37,0.27,1.71,0.22,0,0.28,
2736953,Magic,3,Magic 2014 (M14),Wild Ricochet,,162,R,Lightly Played,0.37,,1.75,0.26,0,0.3,
2949999,Magic,15,Magic Origins,Tragic Arrogance,,38,R,Lightly Played,0.37,0.25,1.65,0.16,0,0.58,
2955072,Magic,5,New Phyrexia,Blade Splicer,,4,R,Lightly Played,0.37,,1.63,0.14,0,0.46,
3099257,Magic,7,Return to Ravnica,Hypersonic Dragon,,170,R,Lightly Played,0.37,0.14,1.64,0.15,0,0.21,
3328241,Magic,2,Amonkhet,Sweltering Suns,,149,R,Near Mint,0.38,0.19,1.59,0.1,0,0.13,
871076,Magic,12,Avacyn Restored,Dark Impostor,,92,R,Near Mint,0.38,,1.74,0.25,0,0.21,
2955111,Magic,60,Battle for Zendikar,Painful Truths,,120,R,Near Mint,0.38,0.34,1.68,0.19,0,0.29,
2950058,Magic,6,Battle for Zendikar,Smoldering Marsh,,247,R,Near Mint,0.38,0.46,1.73,0.24,0,0.73,
1076774,Magic,2,Dragon's Maze,"Tajic, Blade of the Legion",,107,R,Near Mint,0.38,,1.74,0.25,0,0.22,
474512,Magic,8,Magic 2012 (M12),Druidic Satchel,,207,R,Near Mint,0.38,0.4,1.74,0.25,0,0.3,
1098414,Magic,6,Magic 2014 (M14),Jace's Mindseeker,,61,R,Near Mint,0.38,0.35,1.7,0.2,0,0.31,
1183268,Magic,13,Magic 2015 (M15),Genesis Hydra,,176,R,Near Mint,0.38,,1.77,0.28,0,0.35,
1228487,Magic,14,Magic 2015 (M15),Goblin Kaboomist,,144,R,Near Mint,0.38,0.49,1.79,0.3,0,0.32,
2897003,Magic,8,Magic Origins,Battlefield Forge,,244,R,Near Mint,0.38,,1.74,0.25,0,1.16,
1131824,Magic,63,Theros,Nighthowler,,98,R,Near Mint,0.38,0.37,1.7,0.2,0,0.22,
394709,Magic,4,Aether Revolt,Pia's Revolution,,91,R,Lightly Played,0.38,,1.81,0.32,0,0.26,
395799,Magic,3,Amonkhet,Cut // Ribbons,,223,R,Lightly Played,0.38,,1.83,0.34,0,0.48,
475365,Magic,13,Avacyn Restored,Wolfir Silverheart,,206,R,Lightly Played,0.38,0.39,1.79,0.3,0,0.39,
505204,Magic,11,Battle for Zendikar,Prairie Stream,,241,R,Lightly Played,0.38,0.24,1.66,0.17,0,0.23,
1043242,Magic,3,Dragons of Tarkir,Necromaster Dragon,,226,R,Lightly Played,0.38,0.28,1.64,0.15,0,0.27,
1076627,Magic,1,Gatecrash,Boros Reckoner,,215,R,Lightly Played,0.38,0.38,1.73,0.24,0,0.39,
1133408,Magic,4,Journey Into Nyx,"King Macar, the Gold-Cursed",,74,R,Lightly Played,0.38,,1.67,0.18,0,0.48,
1240187,Magic,5,Magic 2012 (M12),Druidic Satchel,,207,R,Lightly Played,0.38,0.31,1.74,0.25,0,0.22,
2742500,Magic,5,Magic 2015 (M15),Goblin Kaboomist,,144,R,Lightly Played,0.38,0.48,1.78,0.29,0,0.27,
3042268,Magic,3,Oath of the Gatewatch,Call the Gatewatch,,16,R,Lightly Played,0.38,0.25,1.65,0.16,0,0.31,
3099472,Magic,13,Return to Ravnica,Mana Bloom,,130,R,Lightly Played,0.38,0.18,1.67,0.18,0,0.29,
3413917,Magic,8,Hour of Devastation,Hour of Devastation,,97,R,Near Mint,0.39,0.54,1.78,0.29,0,0.46,
505378,Magic,10,Battle for Zendikar,Smothering Abomination,,99,R,Lightly Played,0.39,0.14,1.63,0.14,0,0.35,
1132872,Magic,3,Journey Into Nyx,Hall of Triumph,,162,R,Lightly Played,0.39,0.42,1.74,0.25,0,0.24,
1133398,Magic,9,Journey Into Nyx,Hypnotic Siren,,42,R,Lightly Played,0.39,0.35,1.67,0.18,0,0.3,
2737208,Magic,2,Magic 2015 (M15),Avarice Amulet,,212,R,Lightly Played,0.39,0.25,1.73,0.24,0,0.18,
2897024,Magic,2,Magic 2015 (M15),"Yisan, the Wanderer Bard",,209,R,Lightly Played,0.39,0.35,1.72,0.23,0,0.26,
2954930,Magic,7,Mirrodin Besieged,Titan Forge,,141,R,Lightly Played,0.39,,1.68,0.19,0,0.29,
3042278,Magic,5,Oath of the Gatewatch,Captain's Claws,,162,R,Lightly Played,0.39,,1.82,0.33,0,0.26,
3097483,Magic,19,Return to Ravnica,Death's Presence,,121,R,Lightly Played,0.39,0.28,1.78,0.29,0,0.22,
3099237,Magic,13,Return to Ravnica,Havoc Festival,,166,R,Lightly Played,0.39,0.47,1.74,0.25,0,0.34,
3326172,Magic,9,Theros,Akroan Horse,,210,R,Lightly Played,0.39,,1.84,0.35,0,0.27,
1164571,Magic,14,Born of the Gods,Heroes' Podium,,159,R,Near Mint,0.4,,1.81,0.32,0,0.4,
1067773,Magic,28,Gatecrash,Gruul Ragebeast,,170,R,Near Mint,0.4,0.4,1.74,0.25,0,0.26,
414549,Magic,9,Mirrodin Besieged,Galvanoth,,62,R,Near Mint,0.4,,1.74,0.25,0,0.25,
415081,Magic,9,Avacyn Restored,Archwing Dragon,,126,R,Lightly Played,0.4,,1.84,0.35,0,0.27,
760690,Magic,9,Born of the Gods,Hunter's Prowess,,124,R,Lightly Played,0.4,,1.8,0.31,0,0.22,
1124784,Magic,20,Innistrad,Daybreak Ranger,,176,R,Lightly Played,0.4,,1.82,0.33,0,0.45,
1182987,Magic,12,Khans of Tarkir,Dragon Throne of Tarkir,,219,R,Lightly Played,0.4,,1.85,0.36,0,0.39,
1254204,Magic,5,Magic 2012 (M12),Redirect,,74,R,Lightly Played,0.4,,1.79,0.3,0,0.2,
3326171,Magic,26,Amonkhet,Cut // Ribbons,,223,R,Near Mint,0.41,0.54,1.82,0.33,0,0.55,
2949768,Magic,64,Battle for Zendikar,Oran-Rief Hydra,,181,R,Near Mint,0.41,,1.74,0.25,0,0.3,
1066566,Magic,24,Gatecrash,Fathom Mage,,162,R,Near Mint,0.41,,1.7,0.15,0,0.29,
3410977,Magic,17,Hour of Devastation,Swarm Intelligence,,50,R,Near Mint,0.41,0.4,1.69,0.2,0,0.29,
1182996,Magic,14,Journey Into Nyx,Dictate of Heliod,,8,R,Near Mint,0.41,0.41,1.59,0.1,0,0.42,
1098334,Magic,11,Magic 2014 (M14),Grim Return,,100,R,Near Mint,0.41,0.35,1.84,0.35,0,0.43,
2896304,Magic,12,Magic Origins,Displacement Wave,,55,R,Near Mint,0.41,0.52,1.7,0.21,0,0.49,
1043548,Magic,18,Return to Ravnica,Counterflux,,153,R,Near Mint,0.41,,1.85,0.36,0,0.48,
505145,Magic,7,Battle for Zendikar,Oran-Rief Hydra,,181,R,Lightly Played,0.41,,1.69,0.2,0,0.22,
505377,Magic,3,Battle for Zendikar,Shrine of the Forsaken Gods,,245,R,Lightly Played,0.41,0.14,1.63,0.14,0,0.21,
855138,Magic,11,Dark Ascension,Mondronen Shaman,,98,R,Lightly Played,0.41,0.25,1.74,0.25,0,0.44,
1043199,Magic,8,Dragons of Tarkir,Mirror Mockery,,62,R,Lightly Played,0.41,0.33,1.81,0.32,0,0.28,
1076548,Magic,9,Gatecrash,Biovisionary,,146,R,Lightly Played,0.41,0.48,1.84,0.35,0,0.42,
1132724,Magic,1,Journey Into Nyx,Bearer of the Heavens,,89,R,Lightly Played,0.41,0.3,1.79,0.3,0,0.33,
1277729,Magic,5,Magic 2014 (M14),Clone,,47,R,Lightly Played,0.41,,1.78,0.29,0,0.37,
3041961,Magic,6,New Phyrexia,Psychic Surgery,,44,R,Lightly Played,0.41,,1.81,0.32,0,0.29,
3200872,Magic,7,Scars of Mirrodin,Tunnel Ignus,,105,R,Lightly Played,0.41,0.63,1.63,0.14,0,0.24,
853402,Magic,10,Avacyn Restored,Wolfir Silverheart,,206,R,Near Mint,0.42,0.4,1.84,0.35,0,0.38,
936918,Magic,17,Magic 2013 (M13),Sands of Delirium,,216,R,Near Mint,0.42,,1.64,0.15,0,0.5,
936898,Magic,3,Magic 2013 (M13),"Talrand, Sky Summoner",,72,R,Near Mint,0.42,0.49,1.83,0.33,0,0.39,
417212,Magic,7,New Phyrexia,Chancellor of the Spires,,31,R,Near Mint,0.42,,1.86,0.37,0,0.41,
1042529,Magic,14,Return to Ravnica,Mizzium Mortars,,101,R,Near Mint,0.42,0.57,1.74,0.25,0,0.45,
506712,Magic,10,Battle for Zendikar,Sunken Hollow,,249,R,Lightly Played,0.42,,1.77,0.28,0,0.3,
3327535,Magic,7,Amonkhet,Pyramid of the Pantheon,,235,R,Near Mint,0.43,0.49,1.65,0.16,0,0.41,
760204,Magic,3,Dark Ascension,Ghoultree,,115,R,Near Mint,0.43,0.42,1.73,0.24,0,0.57,
760657,Magic,2,Dark Ascension,Increasing Savagery,,120,R,Near Mint,0.43,,1.85,0.36,0,0.5,
1181955,Magic,11,Journey Into Nyx,Hall of Triumph,,162,R,Near Mint,0.43,0.49,1.73,0.24,0,0.43,
2897952,Magic,25,Magic Origins,Harbinger of the Tides,,58,R,Near Mint,0.43,,1.64,0.15,0,0.54,
1045312,Magic,24,Return to Ravnica,Azor's Elocutors,,210,R,Near Mint,0.43,0.4,1.82,0.33,0,0.32,
853181,Magic,7,Dark Ascension,Feed the Pack,,114,R,Lightly Played,0.43,,1.88,0.39,0,0.21,
1077567,Magic,3,Gatecrash,Signal the Clans,,194,R,Lightly Played,0.43,,1.8,0.31,0,0.43,
1125305,Magic,13,Innistrad,Evil Twin,,212,R,Lightly Played,0.43,,1.88,0.39,0,0.37,
1253893,Magic,3,Magic 2012 (M12),Mind Unbound,,68,R,Lightly Played,0.43,0.45,1.86,0.37,0,0.46,
2736597,Magic,5,Magic 2014 (M14),Seraph of the Sword,,31,R,Lightly Played,0.43,,1.69,0.2,0,0.47,
855098,Magic,24,Avacyn Restored,Archwing Dragon,,126,R,Near Mint,0.44,,1.88,0.39,0,0.29,
3157162,Magic,29,Eldritch Moon,Voldaren Pariah,,111,R,Near Mint,0.44,0.61,1.74,0.25,0,0.42,
1067966,Magic,19,Gatecrash,Immortal Servitude,,220,R,Near Mint,0.44,,1.78,0.29,0,0.45,
3457271,Magic,20,Ixalan,Bishop of Rebirth,,5,R,Near Mint,0.44,,1.78,0.29,0,0.38,
3201379,Magic,62,Kaladesh,Wildest Dreams,,174,R,Near Mint,0.44,,1.76,0.27,0,0.3,
1253872,Magic,46,Khans of Tarkir,Crackling Doom,,171,R,Near Mint,0.44,0.39,1.66,0.17,0,0.31,
937317,Magic,12,Magic 2013 (M13),Disciple of Bolas,,88,R,Near Mint,0.44,,1.79,0.3,0,0.36,
760688,Magic,6,Born of the Gods,Heroes' Podium,,159,R,Lightly Played,0.44,,1.82,0.33,0,0.35,
765135,Magic,10,Dark Ascension,Curse of Echoes,,34,R,Lightly Played,0.44,0.3,1.79,0.3,0,0.43,
937214,Magic,17,Dragon's Maze,"Ruric Thar, the Unbowed",,99,R,Lightly Played,0.44,,1.84,0.35,0,0.27,
3257971,Magic,3,Shadows over Innistrad,Foreboding Ruins,,272,R,Lightly Played,0.44,,1.74,0.25,0,0.27,
3258110,Magic,1,Aether Revolt,"Rishkar, Peema Renegade",,122,R,Near Mint,0.45,0.4,1.67,0.18,0,0.3,
1067651,Magic,17,Gatecrash,Sepulchral Primordial,,75,R,Near Mint,0.45,0.73,1.74,0.25,0,1.11,
1182822,Magic,9,Journey Into Nyx,"King Macar, the Gold-Cursed",,74,R,Near Mint,0.45,,1.74,0.25,0,0.53,
3042754,Magic,16,Oath of the Gatewatch,Deceiver of Form,,1,R,Near Mint,0.45,0.3,1.79,0.3,0,1.02,
3099769,Magic,38,Shadows over Innistrad,Hanweir Militia Captain,,21,R,Near Mint,0.45,,1.87,0.38,0,0.63,
1042896,Magic,11,Dragons of Tarkir,Icefall Regent,,58,R,Lightly Played,0.45,,1.88,0.39,0,0.36,
1182803,Magic,4,Kaladesh,Wildest Dreams,,174,R,Lightly Played,0.45,0.39,1.82,0.33,0,0.24,
2743090,Magic,4,Magic 2015 (M15),Kalonian Twingrove,,182,R,Lightly Played,0.45,,1.89,0.4,0,0.47,
2898928,Magic,5,Magic Origins,Displacement Wave,,55,R,Lightly Played,0.45,0.48,1.7,0.21,0,0.34,
3099700,Magic,24,Return to Ravnica,Mizzium Mortars,,101,R,Lightly Played,0.45,0.36,1.89,0.4,0,0.36,
2737197,Magic,14,Dragons of Tarkir,Mirror Mockery,,62,R,Near Mint,0.46,,1.9,0.41,0,0.37,
505154,Magic,23,Innistrad,Evil Twin,,212,R,Near Mint,0.46,,1.89,0.4,0,0.36,
474513,Magic,4,Magic 2012 (M12),Mind Unbound,,68,R,Near Mint,0.46,,1.89,0.4,0,0.44,
1254882,Magic,12,Magic 2013 (M13),Elvish Archdruid,,168,R,Lightly Played,0.46,0.5,1.88,0.39,0,0.64,
1258918,Magic,7,Magic 2013 (M13),Sands of Delirium,,216,R,Lightly Played,0.46,0.54,1.85,0.35,0,0.5,
2952038,Magic,29,Mirrodin Besieged,Decimator Web,,105,R,Lightly Played,0.46,,1.94,0.45,0,0.36,
3099207,Magic,2,Return to Ravnica,Growing Ranks,,217,R,Lightly Played,0.46,,1.9,0.41,0,0.54,
3258510,Magic,8,Aether Revolt,Secret Salvage,,71,R,Near Mint,0.47,0.46,1.74,0.25,0,0.27,
871144,Magic,18,Avacyn Restored,Dual Casting,,133,R,Near Mint,0.47,0.69,1.84,0.35,0,0.53,
760571,Magic,25,Dark Ascension,Feed the Pack,,114,R,Near Mint,0.47,0.48,1.88,0.39,0,0.28,
500303,Magic,3,Innistrad,Daybreak Ranger,,176,R,Near Mint,0.47,,1.83,0.34,0,0.52,
3204032,Magic,62,Kaladesh,Insidious Will,,52,R,Near Mint,0.47,0.57,1.83,0.34,0,0.44,
938885,Magic,1,Magic 2013 (M13),Serra Avenger,,33,R,Near Mint,0.47,,1.89,0.4,0,0.4,
413971,Magic,6,Mirrodin Besieged,Red Sun's Zenith,,74,R,Near Mint,0.47,,1.89,0.4,0,0.47,
939877,Magic,23,Dragons of Tarkir,Commune with Lava,,131,R,Lightly Played,0.47,0.31,1.93,0.44,0,0.29,
2953538,Magic,4,Mirrodin Besieged,Phyrexian Vatmother,,52,R,Lightly Played,0.47,0.6,1.69,0.2,0,0.36,
2954900,Magic,3,Mirrodin Besieged,Red Sun's Zenith,,74,R,Lightly Played,0.47,,1.88,0.39,0,0.42,
3255805,Magic,5,Shadows over Innistrad,Engulf the Shore,,58,R,Lightly Played,0.47,,1.93,0.44,0,0.47,
3325888,Magic,13,Theros,Abhorrent Overlord,,75,R,Lightly Played,0.47,,1.88,0.39,0,0.38,
1164481,Magic,13,Born of the Gods,Fated Infatuation,,39,R,Near Mint,0.48,,1.89,0.4,0,0.45,
1165856,Magic,20,Born of the Gods,Hunter's Prowess,,124,R,Near Mint,0.48,0.5,1.75,0.25,0,0.24,
1067088,Magic,14,Gatecrash,Biovisionary,,146,R,Near Mint,0.48,0.47,1.84,0.35,0,0.5,
417122,Magic,8,New Phyrexia,Soul Conduit,,158,R,Near Mint,0.48,0.48,1.93,0.44,0,0.64,
414240,Magic,3,Amonkhet,Liliana's Mastery,,98,R,Lightly Played,0.48,0.48,1.7,0.21,0,0.3,
1043646,Magic,5,Eldritch Moon,Dark Salvation,,87,R,Lightly Played,0.48,0.57,1.69,0.2,0,0.23,
2949799,Magic,5,Magic Origins,Sigil of the Empty Throne,,31,R,Lightly Played,0.48,,1.89,0.4,0,0.74,
3042895,Magic,6,Oath of the Gatewatch,"Jori En, Ruin Diver",,155,R,Lightly Played,0.48,0.48,1.87,0.38,0,0.45,
1076679,Magic,12,Dragon's Maze,"Mirko Vosk, Mind Drinker",,85,R,Near Mint,0.49,,1.91,0.42,0,0.59,
1182369,Magic,1,Journey Into Nyx,Scourge of Fleets,,51,R,Near Mint,0.49,,1.88,0.39,0,0.32,
474888,Magic,3,Magic 2012 (M12),Mesa Enchantress,,25,R,Near Mint,0.49,,1.96,0.47,0,0.34,
939120,Magic,21,Magic 2013 (M13),Silklash Spider,,191,R,Near Mint,0.49,,1.94,0.45,0,0.41,
416741,Magic,4,New Phyrexia,Psychic Surgery,,44,R,Near Mint,0.49,0.52,1.83,0.34,0,0.28,
937270,Magic,12,Dragon's Maze,Sire of Insanity,,104,R,Lightly Played,0.49,,1.89,0.4,0,0.43,
1226962,Magic,10,Khans of Tarkir,Retribution of the Ancients,,85,R,Lightly Played,0.49,,1.93,0.44,0,0.32,
1278080,Magic,7,Magic 2014 (M14),Grim Return,,100,R,Lightly Played,0.49,,1.87,0.32,0,0.37,
3326627,Magic,4,Theros,Bident of Thassa,,42,R,Lightly Played,0.49,0.6,1.88,0.38,0,1.36,
1076955,Magic,13,Dragon's Maze,Deadbridge Chant,,63,M,Near Mint,0.5,,1.74,0.25,0,0.66,
3099995,Magic,8,Return to Ravnica,Rakdos's Return,,188,M,Lightly Played,0.5,,1.89,0.4,0,0.46,
1066908,Magic,1,Gatecrash,"Gideon, Champion of Justice",,13,M,Near Mint,0.51,0.5,1.74,0.25,0,0.43,
2952463,Magic,7,Mirrodin Besieged,Hero of Oxid Ridge,,66,M,Lightly Played,0.51,,1.95,0.46,0,0.75,
506797,Magic,1,Born of the Gods,Chromanticore,,144,M,Lightly Played,0.52,0.52,1.84,0.34,0,0.44,
1164511,Magic,12,Born of the Gods,Chromanticore,,144,M,Near Mint,0.54,,1.89,0.4,0,0.52,
3042939,Magic,2,Oath of the Gatewatch,World Breaker,,126,M,Near Mint,0.56,0.54,1.78,0.29,0,0.72,
414260,Magic,5,Mirrodin Besieged,Hero of Oxid Ridge,,66,M,Near Mint,0.57,0.44,1.93,0.44,0,0.99,
3157384,Magic,5,Eldritch Moon,Decimator of the Provinces,,2,M,Near Mint,0.58,0.84,1.89,0.4,0,0.93,
393755,Magic,4,Scars of Mirrodin,Quicksilver Gargantuan,,39,M,Near Mint,0.58,,1.92,0.43,0,0.51,
1229863,Magic,2,Khans of Tarkir,Zurgo Helmsmasher,,214,M,Lightly Played,0.58,0.52,1.89,0.4,0,0.39,
1090419,Magic,1,Magic 2014 (M14),Primeval Bounty,,190,M,Near Mint,0.59,,1.99,0.5,0,0.74,
1042526,Magic,11,Return to Ravnica,Rakdos's Return,,188,M,Near Mint,0.59,,1.9,0.4,0,0.6,
3097442,Magic,16,Shadows over Innistrad,"Sigarda, Heron's Grace",,250,M,Near Mint,0.59,,1.78,0.29,0,0.53,
1043647,Magic,2,Eldritch Moon,Decimator of the Provinces,,2,M,Lightly Played,0.59,0.5,1.95,0.46,0,0.91,
3042940,Magic,7,Oath of the Gatewatch,"Linvala, the Preserver",,25,M,Lightly Played,0.59,,1.81,0.32,0,0.33,
1254234,Magic,20,Khans of Tarkir,See the Unwritten,,149,M,Near Mint,0.6,,1.94,0.45,0,0.74,
765129,Magic,4,Dark Ascension,Archangel's Light,,1,M,Lightly Played,0.6,,1.98,0.49,0,0.32,
1076978,Magic,2,Gatecrash,"Lazav, Dimir Mastermind",,174,M,Lightly Played,0.6,,2.04,0.55,0,0.83,
764553,Magic,8,Dark Ascension,Archangel's Light,,1,M,Near Mint,0.65,,1.99,0.4,0,0.77,
394278,Magic,2,Scars of Mirrodin,Indomitable Archangel,,11,M,Near Mint,0.65,0.65,1.89,0.4,0,0.62,
1131360,Magic,7,Innistrad,Mirror-Mad Phantasm,,68,M,Lightly Played,0.65,0.71,2.04,0.55,0,0.47,
415083,Magic,4,Avacyn Restored,"Bruna, Light of Alabaster",,208,M,Lightly Played,0.66,,1.94,0.45,0,0.72,
1067811,Magic,18,Fate Reforged,Shaman of the Great Hunt,,113,M,Lightly Played,0.67,,2.08,0.59,0,0.52,
3259170,Magic,1,Aether Revolt,Herald of Anguish,,64,M,Near Mint,0.68,0.73,1.94,0.45,0,0.43,
3258571,Magic,1,Shadows over Innistrad,"Olivia, Mobilized for War",,248,M,Lightly Played,0.69,1,1.98,0.49,0,0.74,
3099720,Magic,2,Return to Ravnica,Necropolis Regent,,71,M,Lightly Played,0.71,,1.97,0.48,0,0.48,
853280,Magic,3,Avacyn Restored,"Bruna, Light of Alabaster",,208,M,Near Mint,0.72,,2.01,0.52,0,0.73,
501304,Magic,24,Innistrad,Mirror-Mad Phantasm,,68,M,Near Mint,0.72,,2.04,0.55,0,0.54,
500328,Magic,1,Innistrad,"Mikaeus, the Lunarch",,23,M,Near Mint,0.73,,2.17,0.68,0,0.85,
1041730,Magic,8,Dragons of Tarkir,Dragonlord Ojutai,,219,M,Lightly Played,0.75,,1.91,0.41,0,0.34,
3201641,Magic,5,Shadows over Innistrad,Behold the Beyond,,101,M,Lightly Played,0.75,,2.12,0.63,0,0.79,
3257850,Magic,12,Aether Revolt,Gonti's Aether Heart,,152,M,Near Mint,0.76,0.9,1.97,0.48,0,4.6,
1255044,Magic,23,Khans of Tarkir,Empty the Pits,,72,M,Near Mint,0.76,,2.15,0.66,0,0.47,
1067456,Magic,3,Gatecrash,Giant Adephage,,121,M,Near Mint,0.77,,1.88,0.39,0,0.69,
3042550,Magic,4,Oath of the Gatewatch,Crush of Tentacles,,53,M,Lightly Played,0.79,,2,0.51,0,0.98,
1066876,Magic,2,Gatecrash,"Lazav, Dimir Mastermind",,174,M,Near Mint,0.82,,1.99,0.5,0,0.87,
3093110,Magic,2,Return to Ravnica,Angel of Serenity,,1,M,Lightly Played,0.82,,2.13,0.25,0,0.5,
1124435,Magic,1,Hour of Devastation,"Unesh, Criosphinx Sovereign",,52,M,Lightly Played,0.85,,2.23,0.74,0,0.61,
394476,Magic,1,Aether Revolt,Gonti's Aether Heart,,152,M,Lightly Played,0.9,0.94,1.89,0.4,0,4.73,
3099730,Magic,8,Return to Ravnica,"Niv-Mizzet, Dracogenius",,183,M,Lightly Played,0.93,,2.21,0.72,0,0.66,
3157749,Magic,1,Eldritch Moon,"Ishkanah, Grafwidow",,162,M,Near Mint,0.94,0.75,1.84,0.35,0,4.25,
500362,Magic,2,Innistrad,Reaper from the Abyss,,112,M,Near Mint,0.94,1.55,2.24,0.75,0,1.16,
1231074,Magic,2,Magic 2012 (M12),"Chandra, the Firebrand",,124,M,Lightly Played,0.99,,2.27,0.78,0,0.87,
1277758,Magic,7,Fate Reforged,Shaman of the Great Hunt,,113,M,Near Mint,1,1.19,2.23,0.74,0,0.66,
1254817,Magic,1,Magic 2013 (M13),"Chandra, the Firebrand",,123,M,Lightly Played,1,1.25,2.19,0.7,0,1,
852069,Magic,2,Avacyn Restored,Restoration Angel,,32,R,Near Mint,0.5,,1.98,0.49,0,0.57,
2742539,Magic,30,Dragons of Tarkir,Icefall Regent,,58,R,Near Mint,0.5,,1.92,0.43,0,0.49,
1067725,Magic,29,Gatecrash,Merciless Eviction,,177,R,Near Mint,0.5,0.64,1.96,0.47,0,0.39,
1182552,Magic,14,Journey Into Nyx,Setessan Tactics,,140,R,Near Mint,0.5,,1.76,0.27,0,0.45,
414447,Magic,7,Mirrodin Besieged,Decimator Web,,105,R,Near Mint,0.5,,1.94,0.45,0,0.42,
1043414,Magic,6,Return to Ravnica,Growing Ranks,,217,R,Near Mint,0.5,0.54,1.93,0.44,0,0.49,
1134643,Magic,39,Theros,Akroan Horse,,210,R,Near Mint,0.5,0.64,1.79,0.3,0,0.3,
414436,Magic,5,Amonkhet,Plague Belcher,,104,R,Lightly Played,0.5,0.53,1.72,0.23,0,3.37,
853521,Magic,5,Dark Ascension,Hellrider,,93,R,Lightly Played,0.5,,1.89,0.4,0,0.58,
1043516,Magic,8,Dragons of Tarkir,Volcanic Vision,,167,R,Lightly Played,0.5,,1.94,0.45,0,0.21,
3041971,Magic,26,New Phyrexia,Soul Conduit,,158,R,Lightly Played,0.5,0.5,1.94,0.45,0,0.39,
3326606,Magic,22,Amonkhet,"Hapatra, Vizier of Poisons",,199,R,Near Mint,0.51,0.53,1.75,0.26,0,0.78,
2743679,Magic,23,Dragons of Tarkir,Berserkers' Onslaught,,130,R,Near Mint,0.51,0.63,1.82,0.33,0,2.05,
3157984,Magic,7,Eldritch Moon,Dark Salvation,,87,R,Near Mint,0.51,0.47,1.79,0.3,0,0.27,
3157869,Magic,16,Eldritch Moon,Spirit of the Hunt,,170,R,Near Mint,0.51,0.79,1.69,0.2,0,0.41,
1258937,Magic,37,Khans of Tarkir,Retribution of the Ancients,,85,R,Near Mint,0.51,0.48,1.81,0.32,0,0.32,
470865,Magic,1,Magic 2012 (M12),Elvish Archdruid,,172,R,Near Mint,0.51,,1.93,0.44,0,0.77,
937412,Magic,11,Dragon's Maze,"Teysa, Envoy of Ghosts",,108,R,Lightly Played,0.51,,1.89,0.4,0,0.27,
1067482,Magic,18,Fate Reforged,Monastery Siege,,43,R,Lightly Played,0.51,0.61,1.88,0.39,0,0.37,
1182390,Magic,9,Kaladesh,Paradoxical Outcome,,60,R,Lightly Played,0.51,0.54,1.74,0.25,0,0.39,
1275271,Magic,15,Magic 2013 (M13),Silklash Spider,,191,R,Lightly Played,0.51,0.51,1.91,0.42,0,0.41,
3259320,Magic,4,Aether Revolt,Lifecrafter's Bestiary,,162,R,Near Mint,0.52,0.91,1.79,0.3,0,1.07,
1076582,Magic,16,Dragon's Maze,Sire of Insanity,,104,R,Near Mint,0.52,,1.88,0.39,0,0.42,
939143,Magic,2,Magic 2013 (M13),Elvish Archdruid,,168,R,Near Mint,0.52,,1.88,0.39,0,0.63,
939794,Magic,12,Dragons of Tarkir,Berserkers' Onslaught,,130,R,Lightly Played,0.52,0.54,1.88,0.39,0,1.75,
2895838,Magic,2,Magic 2015 (M15),Preeminent Captain,,25,R,Lightly Played,0.52,,1.97,0.48,0,0.44,
2900987,Magic,4,Magic Origins,Orbs of Warding,,234,R,Lightly Played,0.52,,1.93,0.44,0,0.39,
2955152,Magic,5,New Phyrexia,Chancellor of the Spires,,31,R,Lightly Played,0.52,,1.82,0.33,0,0.29,
1067515,Magic,11,Gatecrash,Diluvian Primordial,,33,R,Near Mint,0.53,1.18,1.78,0.29,0,1.07,
1228477,Magic,8,Magic 2015 (M15),Aggressive Mining,,127,R,Near Mint,0.53,0.53,1.89,0.4,0,0.44,
2949959,Magic,13,Magic Origins,Thopter Spy Network,,79,R,Lightly Played,0.53,0.59,1.93,0.44,0,0.27,
764493,Magic,11,Dark Ascension,Curse of Echoes,,34,R,Near Mint,0.54,,1.89,0.4,0,0.36,
3154986,Magic,2,Eldritch Moon,Docent of Perfection,,56,R,Near Mint,0.54,0.7,1.89,0.4,0,1.11,
394615,Magic,8,Scars of Mirrodin,Tunnel Ignus,,105,R,Near Mint,0.54,0.63,1.69,0.2,0,0.24,
2900016,Magic,7,Magic Origins,Llanowar Wastes,,248,R,Lightly Played,0.54,,1.96,0.47,0,1,
852074,Magic,11,Avacyn Restored,Silverblade Paladin,,36,R,Near Mint,0.55,0.55,1.89,0.4,0,0.75,
1066916,Magic,10,Gatecrash,Nightveil Specter,,222,R,Near Mint,0.55,0.55,1.98,0.49,0,0.62,
3457491,Magic,5,Ixalan,Angrath's Marauders,,132,R,Near Mint,0.55,0.58,1.66,0.17,0,1.66,
1098514,Magic,9,Magic 2014 (M14),Ogre Battledriver,,148,R,Near Mint,0.55,0.49,1.7,0.2,0,0.72,
765145,Magic,7,Dark Ascension,Curse of Misfortunes,,56,R,Lightly Played,0.55,,1.99,0.5,0,0.72,
934875,Magic,12,Dragon's Maze,"Mirko Vosk, Mind Drinker",,85,R,Lightly Played,0.55,0.62,1.78,0.29,0,0.57,
3156590,Magic,5,Scars of Mirrodin,Carnifex Demon,,57,R,Lightly Played,0.55,0.47,1.87,0.38,0,0.55,
3157395,Magic,1,Scars of Mirrodin,Engulfing Slagwurm,,118,R,Lightly Played,0.55,,1.93,0.44,0,0.38,
3200500,Magic,3,Scars of Mirrodin,Strata Scythe,,206,R,Lightly Played,0.55,,1.94,0.45,0,0.46,
1067776,Magic,22,Gatecrash,Unexpected Results,,203,R,Near Mint,0.56,0.57,1.68,0.19,0,0.52,
473924,Magic,14,Avacyn Restored,Silverblade Paladin,,36,R,Lightly Played,0.56,0.53,1.89,0.4,0,0.6,
2898003,Magic,14,Magic Origins,Caves of Koilos,,245,R,Lightly Played,0.56,,2.05,0.56,0,0.46,
3096535,Magic,19,Return to Ravnica,Corpsejack Menace,,152,R,Lightly Played,0.56,,1.98,0.49,0,0.73,
2897992,Magic,29,Magic Origins,Thopter Spy Network,,79,R,Near Mint,0.57,0.55,1.83,0.34,0,0.33,
394283,Magic,3,Scars of Mirrodin,Etched Champion,,154,R,Near Mint,0.57,,1.92,0.43,0,0.49,
393741,Magic,1,Scars of Mirrodin,Steel Hellkite,,205,R,Near Mint,0.57,0.61,1.87,0.38,0,0.46,
3099206,Magic,1,Shadows over Innistrad,Thalia's Lieutenant,,43,R,Near Mint,0.57,0.51,1.94,0.45,0,0.86,
1131298,Magic,56,Theros,Abhorrent Overlord,,75,R,Near Mint,0.57,,1.91,0.42,0,0.47,
475360,Magic,11,Avacyn Restored,Wild Defiance,,203,R,Lightly Played,0.57,,1.94,0.45,0,0.41,
760203,Magic,6,Born of the Gods,Fated Infatuation,,39,R,Lightly Played,0.57,,1.96,0.47,0,0.44,
939899,Magic,8,Dragons of Tarkir,Damnable Pact,,93,R,Lightly Played,0.57,,1.98,0.49,0,0.24,
1253843,Magic,1,Magic 2012 (M12),Gideon's Avenger,,17,R,Lightly Played,0.57,,1.95,0.46,0,0.77,
764566,Magic,21,Dark Ascension,Requiem Angel,,18,R,Near Mint,0.58,,1.97,0.48,0,1.66,
1254012,Magic,18,Khans of Tarkir,Dragon Throne of Tarkir,,219,R,Near Mint,0.59,0.69,1.87,0.38,0,0.37,
939187,Magic,17,Magic 2013 (M13),Stormtide Leviathan,,70,R,Near Mint,0.59,,1.89,0.4,0,0.49,
1226642,Magic,19,Khans of Tarkir,Mardu Ascendancy,,185,R,Lightly Played,0.59,,1.98,0.49,0,0.33,
760568,Magic,8,Dark Ascension,Hellrider,,93,R,Near Mint,0.6,,2.02,0.53,0,0.6,
1125444,Magic,2,Magic 2014 (M14),Clone,,47,R,Near Mint,0.6,,1.79,0.3,0,0.48,
394998,Magic,1,Scars of Mirrodin,Mimic Vat,,175,R,Near Mint,0.6,1.1,1.98,0.49,0,0.41,
2954840,Magic,1,Mirrodin Besieged,Psychosis Crawler,,126,R,Lightly Played,0.6,,2.09,0.6,0,0.31,
3099719,Magic,44,Shadows over Innistrad,Engulf the Shore,,58,R,Near Mint,0.61,,1.86,0.37,0,0.47,
3096524,Magic,12,Shadows over Innistrad,"Odric, Lunarch Marshal",,31,R,Near Mint,0.61,,1.99,0.5,0,0.36,
475392,Magic,5,Battle for Zendikar,Ally Encampment,,228,R,Lightly Played,0.61,,1.99,0.5,0,0.16,
475415,Magic,6,Battle for Zendikar,Beastcaller Savant,,170,R,Lightly Played,0.61,,2.04,0.55,0,0.37,
1068643,Magic,28,Fate Reforged,Supplant Form,,54,R,Lightly Played,0.61,0.3,1.79,0.3,0,0.4,
1253853,Magic,2,Magic 2012 (M12),Lord of the Unreal,,62,R,Lightly Played,0.61,0.72,1.98,0.49,0,0.5,
764516,Magic,28,Dark Ascension,Curse of Misfortunes,,56,R,Near Mint,0.62,,2.06,0.57,0,0.61,
1076504,Magic,24,Dragon's Maze,"Teysa, Envoy of Ghosts",,108,R,Near Mint,0.62,0.69,1.84,0.35,0,0.38,
1042516,Magic,13,Return to Ravnica,Corpsejack Menace,,152,R,Near Mint,0.62,,1.99,0.49,0,0.9,
395016,Magic,5,Scars of Mirrodin,Strata Scythe,,206,R,Near Mint,0.62,0.85,1.87,0.38,0,0.53,
1131662,Magic,1,Innistrad,Nevermore,,25,R,Lightly Played,0.62,0.72,1.91,0.42,0,0.41,
1277448,Magic,7,Magic 2013 (M13),Stormtide Leviathan,,70,R,Lightly Played,0.62,,1.98,0.49,0,0.25,
3257820,Magic,2,Aether Revolt,Sram's Expertise,,24,R,Near Mint,0.63,,1.99,0.5,0,0.35,
470818,Magic,3,Magic 2012 (M12),Gideon's Avenger,,17,R,Near Mint,0.63,,2.06,0.57,0,0.67,
1077123,Magic,8,Gatecrash,Nightveil Specter,,222,R,Lightly Played,0.63,,1.89,0.4,0,0.67,
1277749,Magic,17,Magic 2014 (M14),Dismiss into Dream,,50,R,Lightly Played,0.63,1,1.98,0.49,0,0.74,
2900136,Magic,24,Magic Origins,Sigil of the Empty Throne,,31,R,Near Mint,0.64,,1.94,0.45,0,0.75,
1124505,Magic,1,Innistrad,Bloodgift Demon,,89,R,Lightly Played,0.64,,1.95,0.46,0,1.24,
2737198,Magic,9,Magic 2015 (M15),Aetherspouts,,44,R,Lightly Played,0.64,,1.99,0.5,0,0.29,
1165846,Magic,6,Born of the Gods,Plea for Guidance,,24,R,Near Mint,0.65,0.67,1.97,0.48,0,0.43,
1278119,Magic,19,Fate Reforged,"Ojutai, Soul of Winter",,156,R,Near Mint,0.65,0.68,1.78,0.29,0,0.41,
506840,Magic,1,Born of the Gods,Eidolon of Countless Battles,,7,R,Lightly Played,0.65,0.46,1.96,0.47,0,0.76,
1254857,Magic,10,Magic 2013 (M13),Disciple of Bolas,,88,R,Lightly Played,0.65,,1.79,0.3,0,0.33,
3328071,Magic,6,Theros,Hammer of Purphoros,,124,R,Lightly Played,0.65,0.77,1.72,0.23,0,0.83,
500366,Magic,4,Innistrad,Bloodgift Demon,,89,R,Near Mint,0.66,,1.99,0.5,0,0.98,
1131661,Magic,15,Theros,Hammer of Purphoros,,124,R,Near Mint,0.66,1.15,1.74,0.25,0,1.02,
1253873,Magic,5,Magic 2012 (M12),Mesa Enchantress,,25,R,Lightly Played,0.66,,1.99,0.5,0,0.35,
3201220,Magic,3,Shadows over Innistrad,Always Watching,,1,R,Lightly Played,0.66,1.13,1.96,0.47,0,0.6,
2742519,Magic,17,Dragons of Tarkir,Damnable Pact,,93,R,Near Mint,0.67,,1.94,0.45,0,0.3,
3042549,Magic,113,Oath of the Gatewatch,"Ayli, Eternal Pilgrim",,151,R,Near Mint,0.67,1.24,1.69,0.2,0,0.85,
871067,Magic,12,Avacyn Restored,Wild Defiance,,203,R,Near Mint,0.68,,1.93,0.44,0,0.53,
1124595,Magic,13,Innistrad,Creeping Renaissance,,174,R,Lightly Played,0.68,0.83,1.99,0.5,0,0.79,
1131269,Magic,2,Innistrad,Instigator Gang,,149,R,Lightly Played,0.68,,2.11,0.62,0,1.04,
2892645,Magic,3,Magic 2015 (M15),Phytotitan,,191,R,Lightly Played,0.68,,1.99,0.5,0,0.39,
2743949,Magic,25,Dragons of Tarkir,Volcanic Vision,,167,R,Near Mint,0.69,,1.9,0.4,0,0.33,
1131268,Magic,52,Theros,Bident of Thassa,,42,R,Near Mint,0.69,0.61,1.86,0.37,0,1.62,
2956136,Magic,46,Battle for Zendikar,Beastcaller Savant,,170,R,Near Mint,0.7,,1.99,0.5,0,0.46,
3156589,Magic,36,Eldritch Moon,Niblis of Frost,,72,R,Near Mint,0.7,0.36,1.73,0.24,0,0.31,
3457721,Magic,1,Ixalan,Rootbound Crag,,256,R,Near Mint,0.7,0.99,1.96,0.47,0,5.21,
2897033,Magic,19,Magic Origins,Llanowar Wastes,,248,R,Near Mint,0.7,,1.98,0.49,0,1.25,
765092,Magic,7,Born of the Gods,Whelming Wave,,57,R,Lightly Played,0.7,1.18,1.79,0.3,0,0.36,
2742115,Magic,3,Magic 2015 (M15),Chief Engineer,,47,R,Lightly Played,0.7,,2.19,0.7,0,0.53,
2956177,Magic,1,New Phyrexia,Lashwrithe,,143,R,Lightly Played,0.7,,2.11,0.62,0,0.5,
501305,Magic,25,Innistrad,Curse of Stalked Prey,,136,R,Near Mint,0.71,0.75,1.8,0.31,0,0.32,
1229076,Magic,9,Magic 2015 (M15),Llanowar Wastes,,244,R,Near Mint,0.71,,1.99,0.5,0,1.08,
1226641,Magic,3,Magic 2015 (M15),Phytotitan,,191,R,Near Mint,0.71,0.8,1.99,0.5,0,0.47,
394377,Magic,7,Scars of Mirrodin,Shape Anew,,43,R,Near Mint,0.71,0.38,1.69,0.2,0,0.19,
760651,Magic,8,Born of the Gods,Hero of Iroas,,17,R,Lightly Played,0.71,,2.01,0.52,0,0.39,
1165946,Magic,16,Born of the Gods,Eidolon of Countless Battles,,7,R,Near Mint,0.72,0.59,1.79,0.3,0,0.77,
1067626,Magic,24,Fate Reforged,Palace Siege,,79,R,Lightly Played,0.72,,2.18,0.69,0,0.85,
474871,Magic,2,Magic 2012 (M12),Honor of the Pure,,23,R,Near Mint,0.73,1.06,1.97,0.48,0,1.28,
1229021,Magic,1,Magic 2015 (M15),Preeminent Captain,,25,R,Near Mint,0.73,,2.07,0.58,0,0.6,
2955071,Magic,77,Battle for Zendikar,Ally Encampment,,228,R,Near Mint,0.74,,2.13,0.64,0,0.15,
1124634,Magic,11,Magic 2014 (M14),Dismiss into Dream,,50,R,Near Mint,0.74,1.02,1.98,0.49,0,0.81,
3326181,Magic,36,Amonkhet,Insult // Injury,,213,R,Near Mint,0.75,1.49,1.89,0.4,0,0.56,
3259361,Magic,3,Shadows over Innistrad,Tamiyo's Journal (Entry 922),,265,R,Lightly Played,0.75,2.06,2.09,0.6,0,0.49,
2741825,Magic,2,Magic 2015 (M15),Caves of Koilos,,241,R,Lightly Played,0.76,0.77,2.07,0.58,0,0.52,
501184,Magic,24,Innistrad,Divine Reckoning,,10,R,Near Mint,0.78,,2.09,0.6,0,0.61,
505291,Magic,29,Innistrad,Nevermore,,25,R,Near Mint,0.78,,1.96,0.47,0,0.48,
3041981,Magic,3,New Phyrexia,Xenograft,,51,R,Lightly Played,0.78,0.84,1.89,0.4,0,0.63,
1164060,Magic,8,Born of the Gods,Hero of Iroas,,17,R,Near Mint,0.79,,1.99,0.5,0,0.39,
416742,Magic,4,New Phyrexia,Lashwrithe,,143,R,Near Mint,0.79,,2.09,0.6,0,0.69,
2736289,Magic,1,Magic 2014 (M14),Megantic Sliver,,185,R,Lightly Played,0.79,,2.08,0.59,0,0.54,
1277637,Magic,13,Fate Reforged,Palace Siege,,79,R,Near Mint,0.8,0.99,2.18,0.69,0,0.89,
394724,Magic,2,Scars of Mirrodin,Carnifex Demon,,57,R,Near Mint,0.8,0.78,1.93,0.44,0,0.67,
1067813,Magic,8,Fate Reforged,Shamanic Revelation,,138,R,Lightly Played,0.8,,2.23,0.74,0,0.52,
3042001,Magic,25,Oath of the Gatewatch,"Ayli, Eternal Pilgrim",,151,R,Lightly Played,0.8,0.95,1.71,0.22,0,1.13,
501306,Magic,13,Innistrad,Undead Alchemist,,84,R,Near Mint,0.81,0.99,2.15,0.66,0,0.32,
1229862,Magic,14,Magic 2015 (M15),Aetherspouts,,44,R,Near Mint,0.81,0.95,2.09,0.6,0,0.35,
3200712,Magic,2,Scars of Mirrodin,Sunblast Angel,,22,R,Lightly Played,0.81,0.64,1.89,0.4,0,0.28,
1254213,Magic,30,Khans of Tarkir,Mardu Ascendancy,,185,R,Near Mint,0.82,1.42,1.99,0.5,0,0.37,
759940,Magic,1,Dark Ascension,Increasing Confusion,,41,R,Near Mint,0.83,,2.31,0.82,0,1.33,
1277698,Magic,28,Fate Reforged,Crucible of the Spirit Dragon,,167,R,Near Mint,0.83,1.57,1.93,0.44,0,0.62,
394706,Magic,5,Aether Revolt,Kari Zev's Expertise,,88,R,Lightly Played,0.83,,2.18,0.69,0,0.66,
1255075,Magic,9,Magic 2013 (M13),Intrepid Hero,,20,R,Lightly Played,0.83,,2.24,0.75,0,0.53,
1077055,Magic,11,Gatecrash,Molten Primordial,,101,R,Lightly Played,0.85,0.8,2.29,0.8,0,0.54,
501227,Magic,17,Innistrad,Instigator Gang,,149,R,Near Mint,0.86,,2.01,0.52,0,1.14,
3043818,Magic,4,Oath of the Gatewatch,Sifter of Skulls,,77,R,Lightly Played,0.86,1,2.19,0.7,0,0.9,
2895888,Magic,2,Magic 2015 (M15),Resolute Archangel,,28,R,Lightly Played,0.87,0.86,2.19,0.7,0,0.81,
3157634,Magic,1,Scars of Mirrodin,Grand Architect,,33,R,Lightly Played,0.88,1.49,2.15,0.66,0,0.84,
505347,Magic,22,Innistrad,Creeping Renaissance,,174,R,Near Mint,0.89,1.1,1.95,0.46,0,0.8,
2742450,Magic,3,Magic 2015 (M15),Crucible of Fire,,139,R,Lightly Played,0.89,0.85,1.99,0.5,0,0.91,
3259271,Magic,1,Shadows over Innistrad,Tamiyo's Journal (Entry 711),,265,R,Lightly Played,0.89,1.78,1.99,0.5,0,0.55,
501187,Magic,27,Innistrad,Curse of Death's Hold,,94,R,Near Mint,0.9,,2.29,0.8,0,0.78,
3099256,Magic,46,Shadows over Innistrad,Always Watching,,1,R,Near Mint,0.9,0.98,2.02,0.53,0,0.71,
1279046,Magic,2,Magic 2014 (M14),Indestructibility,,23,R,Lightly Played,0.9,1.07,2.22,0.73,0,1.06,
3463779,Magic,16,Ixalan,Conqueror's Galleon,,234,R,Near Mint,0.91,1.28,1.88,0.38,0,0.61,
3259701,Magic,1,Shadows over Innistrad,Thalia's Lieutenant,,43,R,Lightly Played,0.91,0.56,1.99,0.5,0,0.8,
3413928,Magic,4,Theros,Spear of Heliod,,33,R,Lightly Played,0.91,,2.14,0.65,0,0.64,
1277497,Magic,21,Fate Reforged,Shamanic Revelation,,138,R,Near Mint,0.92,1.78,2.18,0.69,0,0.65,
2736576,Magic,21,Dragons of Tarkir,Sunscorch Regent,,41,R,Near Mint,0.93,1.4,1.89,0.4,0,0.85,
413974,Magic,1,Mirrodin Besieged,Shimmer Myr,,129,R,Near Mint,0.93,2.14,1.84,0.35,0,0.5,
3043081,Magic,7,Oath of the Gatewatch,"Mina and Denn, Wildborn",,156,R,Lightly Played,0.93,,2.26,0.77,0,0.61,
474515,Magic,1,Magic 2012 (M12),Warstorm Surge,,160,R,Near Mint,0.95,,2.16,0.67,0,0.47,
416758,Magic,2,New Phyrexia,Chancellor of the Forge,,81,R,Near Mint,0.95,1.7,2.11,0.62,0,0.85,
473797,Magic,2,Magic 2012 (M12),Rites of Flourishing,,192,R,Near Mint,0.98,,1.98,0.49,0,1.02,
416899,Magic,6,Avacyn Restored,Burn at the Stake,,130,R,Lightly Played,0.98,1,2.08,0.58,0,0.61,
501178,Magic,7,Battle for Zendikar,From Beyond,,167,R,Lightly Played,0.98,0.85,2.35,0.86,0,0.28,
1231524,Magic,1,Magic 2012 (M12),Day of Judgment,,12,R,Lightly Played,0.98,,1.99,0.5,0,1.4,
1229202,Magic,22,Magic 2015 (M15),Chief Engineer,,47,R,Near Mint,0.99,,2.21,0.72,0,0.52,
1279045,Magic,17,Fate Reforged,Mob Rule,,109,R,Near Mint,1,,2.46,0.97,0,0.62,
764492,Magic,25,Dark Ascension,Call to the Kindred,,30,R,Near Mint,1.02,1.54,1.98,0.49,0,0.57,
939063,Magic,1,Dragons of Tarkir,Atarka's Command,,213,R,Lightly Played,1.02,1.72,2.14,0.65,0,0.8,
2897953,Magic,14,Magic Origins,Animist's Awakening,,169,R,Lightly Played,1.03,1.46,1.94,0.45,0,0.99,
939104,Magic,2,Magic 2013 (M13),Intrepid Hero,,20,R,Near Mint,1.04,,2.18,0.69,0,0.68,
1231024,Magic,4,Magic 2012 (M12),Call to the Grave,,85,R,Lightly Played,1.04,,2.19,0.7,0,1.06,
1132803,Magic,8,Theros,Spear of Heliod,,33,R,Near Mint,1.05,2.15,2.19,0.7,0,0.62,
871136,Magic,21,Avacyn Restored,Burn at the Stake,,130,R,Near Mint,1.07,1.48,2.1,0.61,0,0.85,
3411424,Magic,13,Hour of Devastation,Uncage the Menagerie,,137,M,Near Mint,1.07,1.26,1.96,0.47,0,1.28,
3257851,Magic,1,Shadows over Innistrad,Fevered Visions,,244,R,Lightly Played,1.07,1.43,2.41,0.92,0,0.96,
1124635,Magic,19,Innistrad,Curse of Death's Hold,,94,R,Lightly Played,1.08,1.21,2.38,0.89,0,0.76,
3099086,Magic,32,Shadows over Innistrad,Behold the Beyond,,101,M,Near Mint,1.09,,2.08,0.59,0,0.9,
1228488,Magic,15,Khans of Tarkir,"Sidisi, Brood Tyrant",,199,M,Lightly Played,1.09,1.89,2.48,0.99,0,0.25,
471588,Magic,9,Avacyn Restored,Otherworld Atlas,,219,R,Lightly Played,1.1,,2.55,1.06,0,0.87,
2950069,Magic,9,Mirrodin Besieged,Contested War Zone,,144,R,Lightly Played,1.1,0.25,1.59,0.1,0,0.19,
3259270,Magic,32,Aether Revolt,Kari Zev's Expertise,,88,R,Near Mint,1.13,,2.2,0.7,0,0.77,
416749,Magic,7,New Phyrexia,Chancellor of the Dross,,54,R,Near Mint,1.13,1.49,2.07,0.58,0,1.16,
1067481,Magic,13,Fate Reforged,Mob Rule,,109,R,Lightly Played,1.13,0.95,2.37,0.88,0,0.64,
1255195,Magic,8,Magic 2013 (M13),Mutilate,,102,R,Lightly Played,1.15,,2.58,1.09,0,0.96,
2954899,Magic,35,Battle for Zendikar,From Beyond,,167,R,Near Mint,1.16,1.15,2.48,0.99,0,0.3,
3411494,Magic,4,Hour of Devastation,Ammit Eternal,,57,R,Near Mint,1.16,0.45,1.94,0.45,0,0.28,
505106,Magic,5,Battle for Zendikar,"Omnath, Locus of Rage",,217,M,Lightly Played,1.16,1.92,2.01,0.52,0,2.11,
1067118,Magic,25,Fate Reforged,Crucible of the Spirit Dragon,,167,R,Lightly Played,1.16,1.45,1.89,0.4,0,0.36,
1124625,Magic,1,Innistrad,Creepy Doll,,220,R,Lightly Played,1.17,1.34,2.43,0.94,0,0.56,
500398,Magic,2,Innistrad,Creepy Doll,,220,R,Near Mint,1.18,,2.48,0.99,0,0.54,
1254224,Magic,4,Magic 2012 (M12),Scrambleverse,,153,R,Lightly Played,1.18,0.8,2.26,0.77,0,0.52,
1181976,Magic,4,Kaladesh,Metalwork Colossus,,222,R,Lightly Played,1.19,0.9,2.39,0.9,0,0.23,
3042894,Magic,74,Oath of the Gatewatch,Sifter of Skulls,,77,R,Near Mint,1.22,,2.25,0.76,0,1.07,
1045355,Magic,3,Eldritch Moon,"Ishkanah, Grafwidow",,162,M,Lightly Played,1.22,0.63,1.99,0.5,0,3.89,
937054,Magic,2,Dragon's Maze,Progenitor Mimic,,92,M,Lightly Played,1.23,1.49,2.36,0.87,0,1.16,
2949998,Magic,18,Battle for Zendikar,"Omnath, Locus of Rage",,217,M,Near Mint,1.25,1.24,2.17,0.68,0,1.53,
1165156,Magic,11,Born of the Gods,Whelming Wave,,57,R,Near Mint,1.26,11.59,1.98,0.49,0,0.37,
1182460,Magic,5,Journey Into Nyx,Dictate of Kruphix,,37,R,Near Mint,1.26,2.38,2.15,0.66,0,1.57,
3469451,Magic,14,Ixalan,Fleet Swallower,,57,R,Near Mint,1.29,1.39,2.24,0.75,0,0.88,
3200721,Magic,1,Kaladesh,Metallurgic Summonings,,56,M,Near Mint,1.3,,2.52,1.03,0,1.13,
937315,Magic,13,Magic 2013 (M13),Faith's Reward,,14,R,Near Mint,1.3,,2.49,1,0,1.24,
1068614,Magic,3,Fate Reforged,Soulfire Grand Master,,27,M,Lightly Played,1.3,1.19,1.93,0.44,0,1.58,
1076865,Magic,1,Gatecrash,Gyre Sage,,123,R,Lightly Played,1.3,,2.48,0.99,0,1.36,
3325517,Magic,2,Amonkhet,Aven Mindcensor,,5,R,Near Mint,1.31,1.96,1.99,0.5,0,0.41,
1277748,Magic,10,Fate Reforged,Supplant Form,,54,R,Near Mint,1.31,,1.98,0.49,0,0.45,
939012,Magic,3,Magic 2013 (M13),Mutilate,,102,R,Near Mint,1.31,,2.54,1.05,0,0.93,
765133,Magic,10,Dark Ascension,Curse of Bloodletting,,85,R,Lightly Played,1.31,1.42,2.67,1.18,0,1.63,
1254265,Magic,15,Magic 2013 (M13),Cathedral of War,,221,R,Lightly Played,1.32,,2.28,0.79,0,1.54,
1254892,Magic,16,Magic 2013 (M13),Faith's Reward,,14,R,Lightly Played,1.34,1.49,2.48,0.99,0,1.53,
855052,Magic,7,Dark Ascension,Increasing Ambition,,69,R,Lightly Played,1.36,,2.23,0.74,0,0.73,
3042569,Magic,21,Oath of the Gatewatch,Eldrazi Mimic,,2,R,Near Mint,1.37,6.47,1.89,0.4,0,1.73,
3157143,Magic,1,Scars of Mirrodin,Darksteel Juggernaut,,150,R,Lightly Played,1.38,,2.81,1.32,0,0.28,
871077,Magic,15,Avacyn Restored,Otherworld Atlas,,219,R,Near Mint,1.39,,2.73,1.24,0,0.91,
3157082,Magic,4,Eldritch Moon,Harmless Offering,,131,R,Near Mint,1.39,1.91,1.73,0.24,0,0.47,
3200309,Magic,2,Kaladesh,Demon of Dark Schemes,,73,M,Near Mint,1.4,1.82,2.14,0.65,0,1.23,
1277809,Magic,22,Fate Reforged,Arcbond,,91,R,Near Mint,1.41,2.09,2.19,0.7,0,0.61,
937231,Magic,1,Magic 2013 (M13),Staff of Nin,,217,R,Near Mint,1.42,1.25,2.23,0.74,0,0.99,
939843,Magic,4,Dragons of Tarkir,Clone Legion,,48,M,Lightly Played,1.43,2.13,2.8,1.3,0,1.09,
1090410,Magic,12,Magic 2014 (M14),Savage Summoning,,194,R,Near Mint,1.45,1.88,2.25,0.76,0,0.55,
1255134,Magic,24,Khans of Tarkir,Icy Blast,,42,R,Near Mint,1.48,1.62,2.14,0.65,0,0.8,
1067957,Magic,18,Gatecrash,Sylvan Primordial,,136,R,Near Mint,1.51,2.84,2.48,0.99,0,0.25,
760692,Magic,8,Dark Ascension,Curse of Bloodletting,,85,R,Near Mint,1.53,1.49,2.79,1.3,0,2.05,
1043417,Magic,29,Return to Ravnica,Jarad's Orders,,175,R,Near Mint,1.53,2.17,2.17,0.68,0,0.69,
3200616,Magic,6,Kaladesh,Animation Module,,194,R,Near Mint,1.56,2.52,2.48,0.99,0,0.72,
1229203,Magic,24,Khans of Tarkir,Ugin's Nexus,,227,M,Lightly Played,1.56,2.2,2.3,0.81,0,0.64,
2950029,Magic,12,Magic Origins,Willbreaker,,84,R,Lightly Played,1.56,,2.9,1.41,0,1.92,
394949,Magic,2,Amonkhet,Archfiend of Ifnir,,78,R,Lightly Played,1.6,3.29,1.99,0.5,0,2.73,
1067771,Magic,16,Gatecrash,Molten Primordial,,101,R,Near Mint,1.61,1.49,2.48,0.99,0,0.75,
3154595,Magic,13,Eldritch Moon,Hanweir Garrison,,130,R,Near Mint,1.62,3.3,2.12,0.63,0,1.98,
3200519,Magic,31,Kaladesh,"Skysovereign, Consul Flagship",,234,M,Near Mint,1.62,2.99,2.74,1.25,0,1.25,
394739,Magic,3,Scars of Mirrodin,Myr Propagator,,182,R,Near Mint,1.62,2.48,2.49,1,0,1.3,
1254264,Magic,58,Khans of Tarkir,Ugin's Nexus,,227,M,Near Mint,1.64,3.39,2.45,0.96,0,1.21,
415029,Magic,2,Amonkhet,"Samut, Voice of Dissent",,205,M,Lightly Played,1.65,2.25,2.37,0.88,0,2.8,
474517,Magic,8,Magic 2012 (M12),Scrambleverse,,153,R,Near Mint,1.69,1.68,2.48,0.99,0,0.53,
394378,Magic,3,Scars of Mirrodin,Sunblast Angel,,22,R,Near Mint,1.69,2.02,1.99,0.5,0,0.37,
2899945,Magic,31,Magic Origins,Willbreaker,,84,R,Near Mint,1.71,,2.75,1.26,0,2.15,
474665,Magic,16,Avacyn Restored,Tyrant of Discord,,162,R,Lightly Played,1.71,1.78,2.84,1.35,0,0.23,
3200320,Magic,3,Scars of Mirrodin,Myr Propagator,,182,R,Lightly Played,1.71,2.27,2.47,0.98,0,1.53,
474646,Magic,11,Avacyn Restored,Soul of the Harvest,,195,R,Lightly Played,1.74,2.25,2.39,0.9,0,0.86,
936899,Magic,2,Magic 2013 (M13),Cathedral of War,,221,R,Near Mint,1.76,,2.07,0.58,0,1.16,
501087,Magic,2,Battle for Zendikar,"Drana, Liberator of Malakir",,109,M,Lightly Played,1.77,4.79,2.23,0.74,0,0.98,
1182967,Magic,1,Khans of Tarkir,Deflecting Palm,,173,R,Lightly Played,1.78,2.66,3.02,1.53,0,1.82,
2952493,Magic,8,Mirrodin Besieged,Myr Welder,,118,R,Lightly Played,1.8,2,2.59,1.1,0,1.9,
3410948,Magic,8,Theros,Prophet of Kruphix,,199,R,Lightly Played,1.83,2.2,2.92,1.43,0,0.4,
3202602,Magic,9,Kaladesh,Metalwork Colossus,,222,R,Near Mint,1.84,0.99,2.48,0.99,0,0.23,
3095292,Magic,21,Shadows over Innistrad,Anguished Unmaking,,242,R,Near Mint,1.85,3.59,2.89,1.25,0,4.99,
1132763,Magic,19,Theros,Prophet of Kruphix,,199,R,Near Mint,1.91,2.55,2.94,1.45,0,0.52,
2956927,Magic,1,New Phyrexia,Omen Machine,,148,R,Lightly Played,1.93,,3.23,1.74,0,0.82,
2737132,Magic,1,Dragons of Tarkir,Dragonlord Atarka,,216,M,Near Mint,1.94,,2.49,1,0,5.4,
1277667,Magic,11,Fate Reforged,Monastery Siege,,43,R,Near Mint,1.94,1.69,1.94,0.45,0,0.6,
1067011,Magic,15,Fate Reforged,Brutal Hordechief,,64,M,Lightly Played,1.97,1.83,3.27,1.78,0,1.33,
855092,Magic,15,Avacyn Restored,Soul of the Harvest,,195,R,Near Mint,1.98,4.49,2.38,0.89,0,0.89,
3041980,Magic,21,Oath of the Gatewatch,Crush of Tentacles,,53,M,Near Mint,1.99,1.99,2.17,0.68,0,1.11,
1164102,Magic,3,Journey Into Nyx,Twinflame,,115,R,Lightly Played,2.04,2.99,2.49,1,0,2.72,
3204092,Magic,61,Kaladesh,Marionette Master,,90,R,Near Mint,2.05,,2.92,1.43,0,0.94,
1228931,Magic,14,Khans of Tarkir,Temur Ascendancy,,207,R,Lightly Played,2.05,,3,1.5,0,4.8,
505030,Magic,1,Innistrad,Laboratory Maniac,,61,R,Near Mint,2.06,3.99,2.79,1.3,0,3.59,
1043350,Magic,4,Return to Ravnica,"Trostani, Selesnya's Voice",,206,M,Near Mint,2.12,,3.18,1.59,0,3.31,
1125505,Magic,3,Innistrad,"Grimgrin, Corpse-Born",,214,M,Lightly Played,2.12,7.98,2.74,1.25,0,1.26,
1076382,Magic,9,Dragon's Maze,Render Silent,,96,R,Near Mint,2.13,,3.48,1.99,0,1.19,
937065,Magic,6,Dragon's Maze,Render Silent,,96,R,Lightly Played,2.13,2.29,3.49,2,0,1.16,
2952792,Magic,19,Battle for Zendikar,"Kiora, Master of the Depths",,213,M,Near Mint,2.16,2.17,2.49,1,0,1.79,
1132824,Magic,6,Journey Into Nyx,Eidolon of Blossoms,,122,R,Lightly Played,2.16,,3.64,2.15,0,0.4,
1255631,Magic,1,Magic 2013 (M13),"Nicol Bolas, Planeswalker",,199,M,Lightly Played,2.17,2.14,3.49,1.5,0,3.84,
3043347,Magic,50,Oath of the Gatewatch,"Mina and Denn, Wildborn",,156,R,Near Mint,2.18,2,2.29,0.8,0,0.36,
760281,Magic,10,Dark Ascension,Beguiler of Wills,,28,M,Near Mint,2.19,,3.64,2.15,0,1.76,
1067721,Magic,16,Gatecrash,Glaring Spotlight,,229,R,Near Mint,2.2,,3.34,1.85,0,1.28,
764554,Magic,27,Dark Ascension,Increasing Ambition,,69,R,Near Mint,2.21,,3.49,1.5,0,0.78,
2897963,Magic,7,Magic Origins,Avaricious Dragon,,131,M,Lightly Played,2.25,,2.38,0.89,0,2.2,
1164442,Magic,3,Journey Into Nyx,Worst Fears,,87,M,Lightly Played,2.28,2.25,3.49,2,0,2.2,
1181975,Magic,17,Journey Into Nyx,Eidolon of Blossoms,,122,R,Near Mint,2.3,,3.69,2.2,0,0.5,
1067087,Magic,2,Gatecrash,Angelic Skirmisher,,3,R,Near Mint,2.31,,3.11,1.61,0,1.73,
3043897,Magic,16,Oath of the Gatewatch,Zendikar Resurgent,,147,R,Near Mint,2.31,3.19,3.36,1.87,0,3.17,
394487,Magic,5,Scars of Mirrodin,Myr Reservoir,,183,R,Near Mint,2.36,3.12,2.71,1.22,0,2.4,
2742940,Magic,1,Magic 2015 (M15),In Garruk's Wake,,100,R,Lightly Played,2.36,,3.56,2.07,0,0.89,
1134274,Magic,3,Journey Into Nyx,"Pharika, God of Affliction",,154,M,Lightly Played,2.39,,3.86,2.37,0,1.15,
1228508,Magic,11,Khans of Tarkir,Surrak Dragonclaw,,206,M,Lightly Played,2.4,3.2,3.24,1.75,0,2.98,
1164451,Magic,20,Born of the Gods,Fate Unraveler,,68,R,Near Mint,2.42,4.93,2.9,1.4,0,2.73,
505350,Magic,1,Innistrad,Past in Flames,,155,M,Near Mint,2.44,9.13,3.45,1.96,0,0.78,
1257452,Magic,33,Khans of Tarkir,Surrak Dragonclaw,,206,M,Near Mint,2.44,4.99,3.15,1.66,0,3.41,
1182409,Magic,6,Journey Into Nyx,Dictate of the Twin Gods,,93,R,Near Mint,2.48,9.57,2.83,1.34,0,2.38,
1076775,Magic,33,Dragon's Maze,Possibility Storm,,34,R,Near Mint,2.5,3.18,2.73,1.24,0,2.89,
3097462,Magic,5,Shadows over Innistrad,"Jace, Unraveler of Secrets",,69,M,Near Mint,2.52,3.19,2.35,0.86,0,4.69,
501124,Magic,3,Battle for Zendikar,Emeria Shepherd,,22,R,Lightly Played,2.53,3.04,2.94,1.45,0,0.79,
416903,Magic,5,Avacyn Restored,Champion of Lambholt,,171,R,Lightly Played,2.55,,3.7,2.21,0,0.58,
474499,Magic,1,Magic 2012 (M12),Call to the Grave,,85,R,Near Mint,2.57,,2.4,0.91,0,1.19,
413953,Magic,7,Mirrodin Besieged,Myr Welder,,118,R,Near Mint,2.62,3.26,3.48,1.99,0,1.96,
2899643,Magic,15,Magic Origins,Helm of the Gods,,230,R,Lightly Played,2.62,3.99,2.48,0.99,0,1.89,
2898937,Magic,11,Magic Origins,Helm of the Gods,,230,R,Near Mint,2.63,5,2.99,1.5,0,2.89,
1275280,Magic,2,Fate Reforged,Crux of Fate,,65,R,Near Mint,2.65,3.77,1.94,0.45,0,2.46,
1254872,Magic,2,Magic 2013 (M13),Elderscale Wurm,,167,M,Lightly Played,2.68,,3.49,2,0,2.49,
417192,Magic,1,New Phyrexia,Omen Machine,,148,R,Near Mint,2.72,2.25,3.23,1.74,0,1.12,
3200370,Magic,7,Scars of Mirrodin,Myr Reservoir,,183,R,Lightly Played,2.73,2.79,2.48,0.89,0,1.74,
3157385,Magic,2,Scars of Mirrodin,Dissipation Field,,32,R,Lightly Played,2.74,4.06,3.99,2.5,0,0.93,
1277728,Magic,24,Fate Reforged,Brutal Hordechief,,64,M,Near Mint,2.78,5.99,2.99,1.5,0,1.29,
2952018,Magic,2,Mirrodin Besieged,Creeping Corrosion,,78,R,Lightly Played,2.78,2.4,3.84,2.35,0,0.31,
1182802,Magic,5,Journey Into Nyx,Worst Fears,,87,M,Near Mint,2.83,3.6,3.18,1.69,0,2.21,
2892644,Magic,10,Magic Origins,Avaricious Dragon,,131,M,Near Mint,2.86,3.61,2.29,0.8,0,1.91,
3200440,Magic,6,Scars of Mirrodin,Necrotic Ooze,,72,R,Lightly Played,2.87,,2.63,1.14,0,1.01,
1253842,Magic,56,Khans of Tarkir,Temur Ascendancy,,207,R,Near Mint,2.91,4.99,3.49,2,0,4.25,
1097994,Magic,1,Magic 2014 (M14),Burning Earth,,130,R,Near Mint,2.91,4.98,3.15,1.65,0,1.61,
1231663,Magic,6,Magic 2015 (M15),Spectra Ward,,36,R,Near Mint,2.92,48.16,3.47,1.48,0,2.22,
418207,Magic,5,Avacyn Restored,Druids' Repository,,176,R,Lightly Played,2.95,3.7,3.49,2,0,1.35,
1277668,Magic,6,Magic 2014 (M14),Burning Earth,,130,R,Lightly Played,2.95,4.29,3.38,1.89,0,1.84,
2899648,Magic,9,Magic Origins,Herald of the Pantheon,,180,R,Lightly Played,3,5.99,3.37,1.88,0,1.13,
1254214,Magic,2,Magic 2012 (M12),Reverberate,,152,R,Lightly Played,3.12,,4.48,2.99,0,1.01,
760161,Magic,8,Born of the Gods,Fate Unraveler,,68,R,Lightly Played,3.15,5.03,2.68,1.19,0,2.58,
2896344,Magic,1,Magic Origins,Dark Petition,,90,R,Near Mint,3.19,4.4,3.48,1.99,0,3.88,
3201380,Magic,1,Shadows over Innistrad,Archangel Avacyn,,5,M,Lightly Played,3.21,4.1,3.47,1.98,0,2.69,
852211,Magic,20,Avacyn Restored,Druids' Repository,,176,R,Near Mint,3.22,3.99,3.99,2.5,0,1.9,
3324432,Magic,18,Amonkhet,Archfiend of Ifnir,,78,R,Near Mint,3.23,3.5,1.92,0.43,0,4.43,
1068666,Magic,1,Fate Reforged,Temporal Trespass,,55,M,Lightly Played,3.28,8.33,3.36,1.87,0,12.97,
1066603,Magic,22,Gatecrash,Whispering Madness,,207,R,Near Mint,3.3,4.24,3.48,1.99,0,1.4,
853401,Magic,23,Avacyn Restored,Champion of Lambholt,,171,R,Near Mint,3.46,4.79,3.96,1.97,0,1.53,
1182906,Magic,15,Journey Into Nyx,Twinflame,,115,R,Near Mint,3.51,5.67,3.24,1.75,0,2.73,
1125344,Magic,9,Magic 2014 (M14),Indestructibility,,23,R,Near Mint,3.56,4.96,2.24,0.75,0,1.04,
474780,Magic,18,Avacyn Restored,Ulvenwald Tracker,,200,R,Lightly Played,3.7,7.13,4.49,3,0,3.76,
1253863,Magic,7,Magic 2012 (M12),Manabarbs,,150,R,Lightly Played,4.11,3.14,4.49,3,0,2.63,
871040,Magic,25,Avacyn Restored,Tyrant of Discord,,162,R,Near Mint,4.22,2.49,3.39,1.9,0,0.29,
3200210,Magic,7,Scars of Mirrodin,Molten Psyche,,98,R,Lightly Played,4.52,6.07,4.92,3.43,0,4.36,
1133864,Magic,3,Journey Into Nyx,Master of the Feast,,75,R,Lightly Played,4.71,6.99,4.48,2.99,0,3.85,
474901,Magic,10,Magic 2012 (M12),Manabarbs,,150,R,Near Mint,4.73,5.82,5.05,3.06,0,6.72,
394376,Magic,5,Scars of Mirrodin,Dissipation Field,,32,R,Near Mint,4.8,4.9,3.99,2.5,0,1.21,
1125375,Magic,1,Innistrad,Gavony Township,,239,R,Lightly Played,4.82,5.75,5.22,3.73,0,1.16,
394722,Magic,8,Scars of Mirrodin,Molten Psyche,,98,R,Near Mint,4.91,7.12,5,5,0,6.65,
2895487,Magic,2,Magic 2015 (M15),Polymorphist's Jest,,75,R,Lightly Played,4.92,6.99,4.99,3.5,0,2.26,
1164380,Magic,9,Born of the Gods,"Karametra, God of Harvests",,148,M,Near Mint,5.01,6.96,4.98,3.49,0,2.35,
1229051,Magic,4,Magic 2015 (M15),Life's Legacy,,183,R,Near Mint,5.11,7.04,5.15,5.15,0,2.12,
1254847,Magic,1,Magic 2013 (M13),Diabolic Revelation,,87,R,Lightly Played,5.23,,5.14,3.65,0,1.31,
414268,Magic,9,Mirrodin Besieged,Creeping Corrosion,,78,R,Near Mint,5.43,9.94,3.49,2,0,0.38,
2743250,Magic,3,Magic 2015 (M15),Life's Legacy,,183,R,Lightly Played,5.7,6.99,5.48,3.99,0,1.81,
1125654,Magic,1,Magic 2014 (M14),Sanguine Bond,,112,R,Near Mint,5.78,,5.88,5.88,0,1.54,
471595,Magic,8,Avacyn Restored,Primal Surge,,189,M,Lightly Played,5.91,7.51,5.49,4,0,4.16,
870950,Magic,14,Avacyn Restored,Ulvenwald Tracker,,200,R,Near Mint,6.35,6.25,4.82,3.33,0,3.36,
1066416,Magic,7,Gatecrash,Enter the Infinite,,34,M,Near Mint,6.35,9.6,5.68,3.69,0,5.75,
1182876,Magic,17,Journey Into Nyx,Master of the Feast,,75,R,Near Mint,6.49,8.33,5,5,0,3.57,
939132,Magic,20,Magic 2013 (M13),Fervor,,129,R,Near Mint,6.49,9.33,4.19,2.7,0,3.23,
3201209,Magic,42,Kaladesh,"Kambal, Consul of Allocation",,183,R,Near Mint,6.86,12.36,6.46,4.47,0,1.47,
1043440,Magic,3,Dragons of Tarkir,"Sidisi, Undead Vizier",,120,R,Lightly Played,7.01,8.54,6.89,5.59,0,6.08,
1231763,Magic,9,Magic 2015 (M15),Polymorphist's Jest,,75,R,Near Mint,9.03,12.48,5,5,0,2.66,
2956137,Magic,11,New Phyrexia,Glistening Oil,,62,R,Lightly Played,11.71,16.17,9.98,8.49,0,9.61,
1182606,Magic,6,Journey Into Nyx,Sage of Hours,,50,M,Near Mint,12.06,15.42,11.99,11.99,0,3.75,
416738,Magic,2,New Phyrexia,Glistening Oil,,62,R,Near Mint,12.81,16.98,12.51,12.51,0,5.83,
,,1,Aether Revolt,Disallow,,,,Near Mint,,,,,,,
,,9,Aether Revolt,Merchant Dockhand,,,,Lightly Played,,,,,,,
,,57,Aether Revolt,Midnight Entourage,,66,R,Near Mint,,,,,,,
,,59,Aether Revolt,Quicksmith Rebel,,,,Near Mint,,,,,,,
,,7,Aether Revolt,Quicksmith Rebel,,,,Lightly Played,,,,,,,
,,48,Aether Revolt,Quicksmith Spy,,,,Near Mint,,,,,,,
,,3,Aether Revolt,Quicksmith Spy,,,,Lightly Played,,,,,,,
,,1,Aether Revolt,"Sram, Senior Edificer",,,,Near Mint,,,,,,,
,,2,Aether Revolt,Tezzeret's Betrayal,,,,Lightly Played,,,,,,,
,,8,Aether Revolt,"Yahenni, Undying Partisan",,,,Near Mint,,,,,,,
,,1,Aether Revolt,Yahenni's Expertise,,,,Lightly Played,,,,,,,
,,22,Amonkhet,Dispossess,,,,Near Mint,,,,,,,
,,1,Amonkhet,Gideon of the Trials,,,,Near Mint,,,,,,,
,,35,Amonkhet,Hazoret's Favor,,,,Near Mint,,,,,,,
,,10,Amonkhet,Hazoret's Favor,,,,Lightly Played,,,,,,,
,,36,Amonkhet,Heart-Piercer Manticore,,,,Near Mint,,,,,,,
,,2,Amonkhet,Sandwurm Convergence,,,,Lightly Played,,,,,,,
,,27,Avacyn Restored,Captain of the Mist,,,,Near Mint,,,,,,,
,,2,Avacyn Restored,Cathard's Crusade,,,,Near Mint,,,,,,,
,,1,Avacyn Restored,Descent into Madness,,,,Lightly Played,,,,,,,
,,32,Avacyn Restored,Gloom Surgeon,,,,Near Mint,,,,,,,
,,11,Avacyn Restored,Gloom Surgeon,,,,Lightly Played,,,,,,,
,,1,Avacyn Restored,Harvester of Souls,,,,Lightly Played,,,,,,,
,,19,Avacyn Restored,Lone Revenant,,,,Near Mint,,,,,,,
,,23,Avacyn Restored,Lone Revenant,,,,Lightly Played,,,,,,,
,,3,Avacyn Restored,Misthollow Griffin,,,,Near Mint,,,,,,,
,,1,Avacyn Restored,Reforge the Soul,,,,Near Mint,,,,,,,
,,1,Avacyn Restored,Restoration Angel,,,,Lightly Played,,,,,,,
,,3,Battle for Zendikar,Akoum Firebird,,,,Lightly Played,,,,,,,
,,76,Battle for Zendikar,Brood Butcher,,,,Near Mint,,,,,,,
,,13,Battle for Zendikar,Brutal Expulsion,,,,Lightly Played,,,,,,,
,,4,Battle for Zendikar,Dust Stalker,,,,Lightly Played,,,,,,,
,,84,Battle for Zendikar,Exert Influence,,,,Near Mint,,,,,,,
,,16,Battle for Zendikar,Exert Influence,,,,Lightly Played,,,,,,,
,,73,Battle for Zendikar,Guul Draz Overseer,,,,Near Mint,,,,,,,
,,4,Battle for Zendikar,Guul Draz Overseer,,,,Lightly Played,,,,,,,
,,1,Battle for Zendikar,Oblivion Sower,,,,Near Mint,,,,,,,
,,1,Battle for Zendikar,Part the Waterveil,,,,Near Mint,,,,,,,
,,3,Battle for Zendikar,Sanctum of Ugin,,,,Near Mint,,,,,,,
,,4,Battle for Zendikar,Sanctum of Ugin,,,,Lightly Played,,,,,,,
,,57,Battle for Zendikar,Serpentine Spike,,,,Near Mint,,,,,,,
,,7,Battle for Zendikar,Serpentine Spike,,,,Lightly Played,,,,,,,
,,1,Battle for Zendikar,Smothering Abomination,,,,Near Mint,,,,,,,
,,57,Battle for Zendikar,Veteran Warleader,,,,Near Mint,,,,,,,
,,1,Battle for Zendikar,Void Winnower,,,,Lightly Played,,,,,,,
,,27,Battle for Zendikar,Woodland Wanderer,,,,Near Mint,,,,,,,
,,9,Battle for Zendikar,Woodland Wanderer,,,,Lightly Played,,,,,,,
,,1,Born of the Gods,Astral Cornucopia,,,,Lightly Played,,,,,,,
,,23,Born of the Gods,Fated Intervention,,,,Near Mint,,,,,,,
,,13,Born of the Gods,Fated Intervention,,,,Lightly Played,,,,,,,
,,2,Born of the Gods,"Karametra, God of Harvests",,,,Lightly Played,,,,,,,
,,18,Born of the Gods,Mindreaveer,,,,Near Mint,,,,,,,
,,4,Born of the Gods,Mindreaver,,,,Lightly Played,,,,,,,
,,2,Born of the Gods,Perplexing Chimera,,,,Near Mint,,,,,,,
,,3,Born of the Gods,Perplexing Chimera,,,,Lightly Played,,,,,,,
,,14,Born of the Gods,Silent Sentinel,,,,Near Mint,,,,,,,
,,9,Born of the Gods,Silent Sentinel,,,,Lightly Played,,,,,,,
,,4,Born of the Gods,Spirit of the Labyrinth,,,,Near Mint,,,,,,,
,,1,Born of the Gods,Temple of Plenty,,,,Near Mint,,,,,,,
,,19,Born of the Gods,Whims of the Fates,,,,Near Mint,,,,,,,
,,1,Dark Ascension,Grave Crawler,,,,Near Mint,,,,,,,
,,1,Dark Ascension,Increasing Savagery,,,,Lightly Played,,,,,,,
,,1,Dark Ascension,Increasing Vengeance,,,,Near Mint,,,,,,,
,,1,Dark Ascension,Predator Ooze,,,,Near Mint,,,,,,,
,,1,Dragon's Maze,Obzedat's Aid,,,,Lightly Played,,,,,,,
,,23,Dragon's Maze,Pyrewild Shaman,,,,Near Mint,,,,,,,
,,26,Dragon's Maze,Pyrewild Shaman,,,,Lightly Played,,,,,,,
,,31,Dragon's Maze,Scion of the Vitu-Ghazi,,,,Near Mint,,,,,,,
,,2,Dragon's Maze,Scion of Vitu-Ghazi,,,,Lightly Played,,,,,,,
,,18,Dragons of Tarkir,Corpseweft,,,,Lightly Played,,,,,,,
,,2,Dragons of Tarkir,Dragonlord Silumgar,,,,Lightly Played,,,,,,,
,,36,Dragons of Tarkir,Foul Renewal,,,,Near Mint,,,,,,,
,,14,Dragons of Tarkir,Foul Renewal,,,,Lightly Played,,,,,,,
,,29,Dragons of Tarkir,Living Lore,,,,Near Mint,,,,,,,
,,19,Dragons of Tarkir,Living Lore,,,,Lightly Played,,,,,,,
,,18,Dragons of Tarkir,Obscuring Aether,,,,Near Mint,,,,,,,
,,14,Dragons of Tarkir,Pitiless Horde,,,,Near Mint,,,,,,,
,,13,Dragons of Tarkir,Pitiless Horde,,,,Lightly Played,,,,,,,
,,21,Dragons of Tarkir,Radiant Purge,,,,Near Mint,,,,,,,
,,23,Dragons of Tarkir,Sunbringer's Touch,,,,Near Mint,,,,,,,
,,10,Dragons of Tarkir,Sunbringer's Touch,,,,Lightly Played,,,,,,,
,,2,Dragons of Tarkir,Thunderbreak Regent,,,,Near Mint,,,,,,,
,,1,Dragons of Tarkir,Zurgo Bellstriker,,,,Near Mint,,,,,,,
,,2,Dragons of Tarkir,Zurgo Bellstriker,,,,Lightly Played,,,,,,,
,,59,Eldritch Moon,Assembled Alphas,,,,Near Mint,,,,,,,
,,5,Eldritch Moon,Assembled Alphas,,,,Lightly Played,,,,,,,
,,50,Eldritch Moon,Emrakul's Evangel,,,,Near Mint,,,,,,,
,,1,Eldritch Moon,Eternal Scourge,,,,Near Mint,,,,,,,
,,3,Eldritch Moon,"Gisela, the Broken Blade",,,,Near Mint,,,,,,,
,,1,Eldritch Moon,"Gisela, the Broken Blade",,,,Lightly Played,,,,,,,
,,1,Eldritch Moon,Hanweird Battlements,,,,Near Mint,,,,,,,
,,46,Eldritch Moon,Heron's Grace Champion,,,,Near Mint,,,,,,,
,,24,Eldritch Moon,Identity Thief,,,,Near Mint,,,,,,,
,,8,Eldritch Moon,Imeptuous Devils,,,,Lightly Played,,,,,,,
,,50,Eldritch Moon,Impetuous Devils,,,,Near Mint,,,,,,,
,,50,Eldritch Moon,Impetuous Devils,,,,Near Mint,,,,,,,
,,1,Eldritch Moon,Noosegraf Mob,,,,Lightly Played,,,,,,,
,,55,Eldritch Moon,Providence,,,,Near Mint,,,,,,,
,,6,Eldritch Moon,Providence,,,,Lightly Played,,,,,,,
,,53,Eldritch Moon,Sanctifier of Souls,,,,Near Mint,,,,,,,
,,3,Eldritch Moon,Selfless Spirit,,,,Lightly Played,,,,,,,
,,6,Eldritch Moon,Spell Queller,,,,Lightly Played,,,,,,,
,,1,Eldritch Moon,Spirit of the Hunt,,,,Lightly Played,,,,,,,
,,1,Eldritch Moon,Splindid Reclamation,,,,Near Mint,,,,,,,
,,49,Eldritch Moon,Stitcher's Graft,,,,Near Mint,,,,,,,
,,4,Eldritch Moon,Stitcher's Graft,,,,Lightly Played,,,,,,,
,,2,Eldritch Moon,"Tamiyo, Field Researcher",,,,Near Mint,,,,,,,
,,1,Eldritch Moon,"Thalia, Heretic Cathar",,,,Lightly Played,,,,,,,
,,1,Eldritch Moon,Thalia's Lancers,,,,Near Mint,,,,,,,
,,1,Eldritch Moon,Ulrich of the Krallenhorde,,,,Near Mint,,,,,,,
,,,Eldritch Moon,Ulrich of the Krallenhore,,,,Lightly Played,,,,,,,
,,3,Eldritch Moon,Voldaren Pariah,,,,Lightly Played,,,,,,,
,,6,Fate Reforged,Flamewaker Phoenix,,,,Lightly Played,,,,,,,
,,17,Fate Reforged,Jeskai Inflitrator,,,,Near Mint,,,,,,,
,,27,Fate Reforged,Jeskai Inflitrator,,,,Lightly Played,,,,,,,
,,18,Fate Reforged,Sage-Eye Avengers,,,,Lightly Played,,,,,,,
,,23,Fate Reforged,Sandsteppe Mastadon,,,,Near Mint,,,,,,,
,,2,Fate Reforged,Soulflayer,,,,Near Mint,,,,,,,
,,1,Fate Reforged,Temporal Trespass,,,,Near Mint,,,,,,,
,,13,Fate Reforged,Temur War Shaman,,,,Near Mint,,,,,,,
,,2,Gatecrash,Crypt Chast,,,,Near Mint,,,,,,,
,,2,Gatecrash,Enter the Infinite,,,,Lightly Played,,,,,,,
,,3,Gatecrash,Five-Alarm Fire,,,,Near Mint,,,,,,,
,,30,Gatecrash,Foundry Champion,,,,Near Mint,,,,,,,
,,1,Gatecrash,Unexpected Results,,,,Lightly Played,,,,,,,
,,31,Hour of Devastation,Chaos Maw,,,,Near Mint,,,,,,,
,,13,Hour of Devastation,Hazoret's Undying Fury,,,,Near Mint,,,,,,,
,,16,Hour of Devastation,Hour of Glory,,,,Near Mint,,,,,,,
,,32,Hour of Devastation,Ramunap Hydra,,,,Near Mint,,,,,,,
,,1,Hour of Devastation,"Samut, the Tested",,,,Lightly Played,,,,,,,
,,1,Innistrad,Grimoire of the Dead,,,,Lightly Played,,,,,,,
,,11,Innistrad,Heretic's Punishment,,,,Lightly Played,,,,,,,
,,7,Ixalan,Dreamcaller Siren,,,,Near Mint,,,,,,,
,,3,Ixalan,Old-Growth Dryads,,,,Near Mint,,,,,,,
,,20,Ixalan,Tilonalli's Skinshifter,,,,Near Mint,,,,,,,
,,1,Journey Into Nyx,Aegis of the Gods,,,,Lightly Played,,,,,,,
,,1,Journey Into Nyx,"Kruphix, God of Horizons",,,,Lightly Played,,,,,,,
,,2,Journey Into Nyx,Launch the Fleet,,,,Lightly Played,,,,,,,
,,11,Journey Into Nyx,Revel of the Fallen God,,,,Lightly Played,,,,,,,
,,1,Kaladesh,Authority of the Consuls,,,,Near Mint,,,,,,,
,,63,Kaladesh,Captured by the Consulate,,,,Near Mint,,,,,,,
,,61,Kaladesh,Confiscation Coup,,,,Near Mint,,,,,,,
,,74,Kaladesh,Deadlock Trap,,,,Near Mint,,,,,,,
,,69,Kaladesh,Eliminate the Competition,,,,Near Mint,,,,,,,
,,71,Kaladesh,Lathnu Heliion,,,,Near Mint,,,,,,,
,,7,Kaladesh,Lathnu Hellion,,,,Lightly Played,,,,,,,
,,13,Kaladesh,Liberating Combustion,,,,Near Mint,,,,,,,
,,3,Kaladesh,Liberating Combustion,,,,Lightly Played,,,,,,,
,,1,Kaladesh,Madcap Experiment,,,,Near Mint,,,,,,,
,,3,Kaladesh,Midnight Oil,,,,Near Mint,,,,,,,
,,4,Kaladesh,Midnight Oil,,,,Lightly Played,,,,,,,
,,3,Kaladesh,"Padeem, Consul of Innovation",,,,Lightly Played,,,,,,,
,,12,Kaladesh,Scrapheap Scrounger,,,,Near Mint,,,,,,,
,,2,Kaladesh,Smuggler's Copter,,,,Near Mint,,,,,,,
,,2,Kaladesh,Spirebluff Canal,,,,Near Mint,,,,,,,
,,,Kaladesh,Syndicate Trafficker,,,,Near Mint,,,,,,,
,,5,Kaladesh,Syndicate Trafficker,,,,Lightly Played,,,,,,,
,,59,Kaladesh,Territorial Gorger,,,,Near Mint,,,,,,,
,,8,Kaladesh,Territorial Gorger,,,,Lightly Played,,,,,,,
,,1,Khans of Tarkir,Ashcloud Phoenix,,,,Lightly Played,,,,,,,
,,1,Khans of Tarkir,Dig Through Time,,,,Lightly Played,,,,,,,
,,23,Khans of Tarkir,Kheru Lich Lord,,,,Near Mint,,,,,,,
,,32,Khans of Tarkir,Kheru Lich Lord,,,,Lightly Played,,,,,,,
,,2,Khans of Tarkir,Mantis Rider,,,,Lightly Played,,,,,,,
,,41,Khans of Tarkir,Master of Pearls,,,,Near Mint,,,,,,,
,,14,Khans of Tarkir,Master of Pearls,,,,Lightly Played,,,,,,,
,,38,Khans of Tarkir,Meandering Towershell,,,,Near Mint,,,,,,,
,,14,Khans of Tarkir,Meandering Towershell,,,,Lightly Played,,,,,,,
,,1,Khans of Tarkir,"Narset, Enlightend Master",,,,Lightly Played,,,,,,,
,,39,Khans of Tarkir,Necropolis Fiend,,,,Near Mint,,,,,,,
,,26,Khans of Tarkir,Necropolis Fiend,,,,Lightly Played,,,,,,,
,,14,Khans of Tarkir,Rakshasa Vizier,,,,Near Mint,,,,,,,
,,22,Khans of Tarkir,Rakshasa Vizier,,,,Lightly Played,,,,,,,
,,3,Khans of Tarkir,"Sarkhan, the Dragonspeaker",,,,Lightly Played,,,,,,,
,,2,Khans of Tarkir,"Sorin, Solemn Visitor",,,,Lightly Played,,,,,,,
,,40,Khans of Tarkir,Thousand Winds,,,,Near Mint,,,,,,,
,,1,Khans of Tarkir,Wingmate Roc,,,,Near Mint,,,,,,,
,,1,Magic 2012 (M12),Rune-Scarred Demon,,,,Lightly Played,,,,,,,
,,6,Magic 2012 (M12),Sphinx of Uthuun,,,,Near Mint,,,,,,,
,,6,Magic 2012 (M12),Sphinx of Uthuun,,,,Lightly Played,,,,,,,
,,1,Magic 2012 (M12),Sunpetal Grove,,,,Lightly Played,,,,,,,
,,1,Magic 2012 (M12),Throne of Empires,,,,Lightly Played,,,,,,,
,,6,Magic 2012 (M12),Time Reversal,,,,Lightly Played,,,,,,,
,,19,Magic 2013 (M13),Battle of Wits,,,,Near Mint,,,,,,,
,,27,Magic 2013 (M13),Battle of Wits,,,,Lightly Played,,,,,,,
,,2,Magic 2013 (M13),Diabolic Revelation,,,,Near Mint,,,,,,,
,,14,Magic 2013 (M13),Firewing Phoenix,,,,Lightly Played,,,,,,,
,,30,Magic 2013 (M13),Predatory Rampage,,,,Near Mint,,,,,,,
,,17,Magic 2013 (M13),Predatory Rampage,,,,Lightly Played,,,,,,,
,,1,Magic 2013 (M13),Redirect,,,,Lightly Played,,,,,,,
,,27,Magic 2013 (M13),Touch of the Eternal,,,,Near Mint,,,,,,,
,,1,Magic 2014 (M14),Devout Invocation,,,,Near Mint,,,,,,,
,,17,Magic 2014 (M14),Domestication,,,,Near Mint,,,,,,,
,,16,Magic 2014 (M14),Domestication,,,,Lightly Played,,,,,,,
,,1,Magic 2014 (M14),Galerider Sliver,,,,Lightly Played,,,,,,,
,,20,Magic 2014 (M14),Guardian of the Ages,,,,Near Mint,,,,,,,
,,5,Magic 2014 (M14),Nightmare,,,,Lightly Played,,,,,,,
,,1,Magic 2014 (M14),Ogre Battledriver,,,,Lightly Played,,,,,,,
,,1,Magic 2014 (M14),Savage Summoning,,,,Lightly Played,,,,,,,
,,1,Magic 2014 (M14),Traumatize,,,,Near Mint,,,,,,,
,,,Magic 2015 (M15),Battlefield Forge,,,,Lightly Played,,,,,,,
,,1,Magic 2015 (M15),Chasm Skulker,,,,Near Mint,,,,,,,
,,,Magic 2015 (M15),Goblin Rabblemaster,,,,Lightly Played,,,,,,,
,,8,Magic 2015 (M15),Haunted Plate Mail,,,,Near Mint,,,,,,,
,,9,Magic 2015 (M15),Hornet Nest,,,,Lightly Played,,,,,,,
,,2,Magic 2015 (M15),Kalonian Twingrove,,,,Near Mint,,,,,,,
,,6,Magic 2015 (M15),Mahamoti Djinn,,,,Lightly Played,,,,,,,
,,2,Magic 2015 (M15),Obelisk of Urd,,,,Lightly Played,,,,,,,
,,1,Magic 2015 (M15),Perilous Vault,,,,Lightly Played,,,,,,,
,,2,Magic 2015 (M15),Soul of New Phyrexia,,,,Near Mint,,,,,,,
,,1,Magic 2015 (M15),The Chain Veil,,,,Near Mint,,,,,,,
,,1,Magic 2015 (M15),Waste Not,,,,Lightly Played,,,,,,,
,,1,Magic 2015 (M15),Yavimaya Coast,,,,Near Mint,,,,,,,
,,3,Magic 2015 (M15),Yavimaya Coast,,,,Lightly Played,,,,,,,
,,,Magic 2015 (M15),,,,,Lightly Played,,,,,,,
,,17,Magic Origins,Despoiler of Souls,,,,Near Mint,,,,,,,
,,18,Magic Origins,Despoiler of Souls,,,,Lightly Played,,,,,,,
,,2,Magic Origins,"Dwynen, Gilt-Leaf Daen",,,,Lightly Played,,,,,,,
,,2,Magic Origins,Exquisite Firecraft,,,,Near Mint,,,,,,,
,,1,Magic Origins,Goblin  Piledriver,,,,Near Mint,,,,,,,
,,2,Magic Origins,Goblin Piledriver,,,,Lightly Played,,,,,,,
,,3,Magic Origins,Jace's Sanctum,,,,Lightly Played,,,,,,,
,,2,Magic Origins,"Kytheon, Hero of Akros",,,,Lightly Played,,,,,,,
,,31,Magic Origins,Kytheon's Irregulars,,,,Near Mint,,,,,,,
,,13,Magic Origins,Kytheon's Irregulars,,,,Lightly Played,,,,,,,
,,11,Magic Origins,Mahamoti Djinn,,,,Near Mint,,,,,,,
,,5,Magic Origins,Mahamoti Djinn,,,,Lightly Played,,,,,,,
,,1,Magic Origins,"Nissa, Vastwood Seer",,,,Near Mint,,,,,,,
,,3,Magic Origins,"Nissa, Vastwood Seer",,,,Lightly Played,,,,,,,
,,1,Magic Origins,Starfield of Nyx,,,,Lightly Played,,,,,,,
,,1,Magic Origins,Talent of the Telepath,,,,Lightly Played,,,,,,,
,,25,Mirrodin Besieged,Magnetic Mine,,,,Lightly Played,,,,,,,
,,1,Mirrodin Besieged,Thopter Assembly,,,,Lightly Played,,,,,,,
,,1,Mirrodin Besieged,"Thrun, the Last Troll",,,,Lightly Played,,,,,,,
,,1,New Phyrexia,Fresh Meat,,,,Near Mint,,,,,,,
,,1,New Phyrexia,"Melira, Sylvok Outcast",,,,Near Mint,,,,,,,
,,1,New Phyrexia,Phyrexian Swarmlord,,,,Near Mint,,,,,,,
,,1,New Phyrexia,Xenograft,,,,Near Mint,,,,,,,
,,33,Oath of the Gatewatch,Drana's Chosen,,,,Near Mint,,,,,,,
,,3,Oath of the Gatewatch,Drana's Chosen,,,,Lightly Played,,,,,,,
,,52,Oath of the Gatewatch,Hedron Alignment,,,,Near Mint,,,,,,,
,,1,Oath of the Gatewatch,"Kozilek, the Great Distortion",,,,Near Mint,,,,,,,
,,1,Oath of the Gatewatch,Matter Reshaper,,,,Near Mint,,,,,,,
,,6,Oath of the Gatewatch,Matter Reshaper,,,,Lightly Played,,,,,,,
,,1,Oath of the Gatewatch,"Nissa, Voice of Zendikar",,,,Near Mint,,,,,,,
,,1,Oath of the Gatewatch,Oath of Nissa,,,,Near Mint,,,,,,,
,,1,Oath of the Gatewatch,Oath of Nissa,,,,Lightly Played,,,,,,,
,,1,Oath of the Gatewatch,Stoneforge Masterwork,,,,Lightly Played,,,,,,,
,,2,Oath of the Gatewatch,Wandering Fumarole,,,,Lightly Played,,,,,,,
,,9,Return to Ravnica,Guild Feud,,,,Lightly Played,,,,,,,
,,2,Return to Ravnica,Rest in Peace,,,,Near Mint,,,,,,,
,,33,Return to Ravnica,Search the City,,,,Near Mint,,,,,,,
,,7,Return to Ravnica,Search the City,,,,Lightly Played,,,,,,,
,,33,Return to Ravnica,Sphinx of the Chimes,,,,Near Mint,,,,,,,
,,30,Return to Ravnica,Volatile Rig,,,,Near Mint,,,,,,,
,,1,Scars of Mirrodin,Contagion Engine,,,,Near Mint,,,,,,,
,,1,Scars of Mirrodin,Hoard-Smelter Dragon,,,,Near Mint,,,,,,,
,,1,Shadows over Innistrad,Angel of Deliverance,,,,Near Mint,,,,,,,
,,58,Shadows over Innistrad,Devil's Playground,,,,Near Mint,,,,,,,
,,6,Shadows over Innistrad,Devil's Playground,,,,Lightly Played,,,,,,,
,,41,Shadows over Innistrad,Elusive Tormentor,,,,Near Mint,,,,,,,
,,2,Shadows over Innistrad,Mindwrack Demon,,,,Lightly Played,,,,,,,
,,1,Shadows over Innistrad,"Nahiri, the Harbinger",,,,Near Mint,,,,,,,
,,2,Shadows over Innistrad,"Nahiri, the Harbinger",,,,Lightly Played,,,,,,,
,,61,Shadows over Innistrad,Nephalis Moondrakes,,,,Near Mint,,,,,,,
,,3,Shadows over Innistrad,"Odric, Lunarch Marshal",,,,Lightly Played,,,,,,,
,,2,Shadows over Innistrad,"Olivia, Mobilized for War",,,,Near Mint,,,,,,,
,,5,Shadows over Innistrad,Prized Amalgam,,,,Near Mint,,,,,,,
,,1,Shadows over Innistrad,Seasons Past,,,,Near Mint,,,,,,,
,,10,Shadows over Innistrad,Slayer's Plate,,,,Lightly Played,,,,,,,
,,8,Shadows over Innistrad,Tamiyo's Journal,,,,Near Mint,,,,,,,
,,1,Shadows over Innistrad,The Gitrog Monster,,,,Near Mint,,,,,,,
,,5,Shadows over Innistrad,The Gitrog Monster,,,,Lightly Played,,,,,,,
,,3,Shadows over Innistrad,Ulvenwald Hydra,,,,Near Mint,,,,,,,
,,4,Shadows over Innistrad,Ulvenwald Hyrda,,,,Lightly Played,,,,,,,
,,64,Theros,Artisan of Forms,,,,Near Mint,,,,,,,
,,53,Theros,Celestial Archon,,,,Near Mint,,,,,,,
,,15,Theros,Celestial Archon,,,,Lightly Played,,,,,,,
,,2,Theros,Gift of Immortality,,,,Near Mint,,,,,,,
,,7,Theros,"Heliod, God of the Sun",,,,Lightly Played,,,,,,,
,,1,Theros,Hero's Downfall,,,,Near Mint,,,,,,,
,,1,Theros,Master of Waves,,,,Lightly Played,,,,,,,
,,4,Theros,Polis Crusher,,,,Lightly Played,,,,,,,
,,10,Theros,Steam Augury,,,,Lightly Played,,,,,,,
,,1,Theros,Stormbreath Dragon,,,,Lightly Played,,,,,,,
,,3,Theros,Sylvan Caryatid,,,,Lightly Played,,,,,,,
,,1,Theros,Temple of Deceit,,,,Lightly Played,,,,,,,
,,3,Theros,Whip of Erebos,,,,Near Mint,,,,,,,
