Count,Tradelist Count,Name,Edition,Card Number,Condition,Language,Foil,Signed,Artist Proof,Altered Art,Misprint,Promo,Textless,My Price,Rarity,Price
1,0,Abbey Matron,Homelands,103,Near Mint,English,,,,,,,,,Common,$0.18
24,8,Abbot of Keral Keep,Magic Origins,127,Near Mint,English,,,,,,,,175,Rare,$2.37
64,8,Abhorrent Overlord,Theros,75,Near Mint,English,,,,,,,,25,Rare,$0.26
1,0,Abolish,Prophecy,1,Near Mint,English,,,,,,,,,Uncommon,$0.24
2,0,Abomination,Legends,1,Near Mint,English,,,,,,,,,Uncommon,$0.45
2,0,About Face,Urza's Legacy,73,Near Mint,English,,,,,,,,,Common,$0.16
23,8,Abrupt Decay,Return to Ravnica,141,Near Mint,English,,,,,,,,1075,Rare,$10.93
1,0,Absorb,Invasion,226,Near Mint,English,,,,,,,,,Rare,$3.09
2,0,Abyssal Gatekeeper,Weatherlight,1,Near Mint,English,,,,,,,,,Common,$0.19
1,0,Abyssal Specter,Classic Sixth Edition,110,Near Mint,English,,,,,,,,,Uncommon,$0.25
55,8,Abzan Ascendancy,Khans of Tarkir,160,Near Mint,English,,,,,,,,25,Rare,$0.26
1,0,Academy Researchers,Urza's Saga,58,Near Mint,English,,,,,,,,,Uncommon,$0.22
9,0,Accumulated Knowledge,Nemesis,26,Near Mint,English,,,,,,,,,Common,$0.29
1,0,Acidic Sliver,Stronghold,138,Near Mint,English,,,,,,,,,Uncommon,$0.31
1,0,Acidic Soil,Urza's Saga,172,Near Mint,English,,,,,,,,,Uncommon,$0.26
2,0,Acridian,Urza's Saga,230,Near Mint,English,,,,,,,,,Common,$0.14
4,0,Active Volcano,Legends,130,Near Mint,English,,,,,,,,,Common,$0.18
1,0,Adarkar Sentinel,Ice Age,281,Near Mint,English,,,,,,,,,Uncommon,$0.17
1,0,Adarkar Unicorn,Ice Age,225,Near Mint,English,,,,,,,,,Common,$0.14
1,0,Adarkar Wastes,Ice Age,326,Near Mint,English,,,,,,,,,Rare,$7.58
1,1,Adarkar Wastes,Ninth Edition,317,Near Mint,English,,,,,,,,1000,Rare,$9.51
3,3,Adarkar Wastes,Tenth Edition,347,Near Mint,English,,,,,,,,1175,Rare,$10.88
2,0,Addle,Invasion,91,Near Mint,English,,,,,,,,,Uncommon,$0.21
24,8,Advent of the Wurm,Dragon's Maze,51,Near Mint,English,,,,,,,,50,Rare,$0.75
1,0,Adventurers' Guildhouse,Legends,245,Near Mint,English,,,,,,,,,Uncommon,$0.94
4,4,Aegis Angel,Magic 2012,1,Near Mint,English,,,,,,,,50,Rare,$0.64
7,7,Aegis Angel,Magic 2015 Core Set,270,Near Mint,English,,,,,,,,50,Rare,$0.49
9,8,Aegis Angel,Magic Origins,273,Near Mint,English,,,,,,,,0,Rare,$0.59
11,8,Aegis of the Gods,Journey into Nyx,1,Near Mint,English,,,,,,,,100,Rare,$1.19
2,0,Aeolipile,Fallen Empires,166,Near Mint,English,,,,,,,,,Rare,$0.40
2,0,Aerathi Berserker,Legends,131,Near Mint,English,,,,,,,,,Uncommon,$0.56
2,0,Aether Barrier,Nemesis,27,Near Mint,English,,,,,,,,,Rare,$0.37
7,0,Aether Mutation,Apocalypse,91,Near Mint,English,,,,,,,,,Uncommon,$0.23
1,0,Aether Tide,Exodus,27,Near Mint,English,,,,,,,,,Common,$0.15
33,8,Aetherling,Dragon's Maze,11,Near Mint,English,,,,,,,,0,Rare,$0.61
28,8,Aetherspouts,Magic 2015 Core Set,44,Near Mint,English,,,,,,,,0,Rare,$0.53
2,0,Afterlife,Mirage,205,Near Mint,English,,,,,,,,,Uncommon,$0.20
1,0,Afterlife,Mercadian Masques,1,Near Mint,English,,,,,,,,,Uncommon,$0.19
4,0,Agent of Shauku,Prophecy,55,Near Mint,English,,,,,,,,,Common,$0.14
50,8,Agent of the Fates,Theros,76,Near Mint,English,,,,,,,,25,Rare,$0.30
9,8,Aggressive Mining,Magic 2015 Core Set,127,Near Mint,English,,,,,,,,25,Rare,$0.26
4,0,Aggressive Urge,Invasion,181,Near Mint,English,,,,,,,,,Common,$0.14
4,0,Agonizing Demise,Invasion,92,Near Mint,English,,,,,,,,,Common,$0.14
1,0,Agonizing Memories,Weatherlight,2,Near Mint,English,,,,,,,,,Uncommon,$0.21
13,0,Air Bladder,Nemesis,28,Near Mint,English,,,,,,,,,Common,$0.14
1,0,Air Elemental,Revised Edition,47,Near Mint,English,,,,,,,,,Uncommon,$0.16
1,0,Aisling Leprechaun,Legends,87,Near Mint,English,,,,,,,,,Common,$0.26
13,8,Ajani's Chosen,Magic 2014 Core Set,2,Near Mint,English,,,,,,,,25,Rare,$0.34
4,4,"Ajani, Caller of the Pride",Magic 2013,1,Near Mint,English,,,,,,,,525,MythicRare,$5.14
4,4,"Ajani, Mentor of Heroes",Journey into Nyx,145,Near Mint,English,,,,,,,,1250,MythicRare,$12.69
36,8,Akoum Firebird,Battle for Zendikar,138,Near Mint,English,,,,,,,,50,MythicRare,$0.61
35,8,Akoum Hellkite,Battle for Zendikar,139,Near Mint,English,,,,,,,,25,Rare,$0.27
40,8,Akroan Horse,Theros,210,Near Mint,English,,,,,,,,25,Rare,$0.24
1,0,Alabaster Potion,Legends,171,Good (Lightly Played),English,,,,,,,,,Common,$0.20
1,0,Alabaster Potion,Fourth Edition,251,Near Mint,English,,,,,,,,,Common,$0.15
4,0,Alabaster Wall,Mercadian Masques,2,Near Mint,English,,,,,,,,,Common,$0.14
1,0,Aladdin's Lamp,Revised Edition,231,Near Mint,English,,,,,,,,,Rare,$0.33
1,0,Albino Troll,Urza's Saga,231,Near Mint,English,,,,,,,,,Uncommon,$0.30
4,4,Alchemist's Refuge,Avacyn Restored,225,Near Mint,English,,,,,,,,100,Rare,$0.98
1,0,Alchor's Tomb,Legends,214,Good (Lightly Played),English,,,,,,,,,Rare,$3.62
1,0,Aleatory,Mirage,155,Near Mint,English,,,,,,,,,Uncommon,$0.21
36,8,"Alesha, Who Smiles at Death",Fate Reforged,90,Near Mint,English,,,,,,,,50,Rare,$0.39
4,0,Alexi's Cloak,Prophecy,29,Near Mint,English,,,,,,,,,Common,$0.21
1,0,"Alexi, Zephyr Mage",Prophecy,28,Near Mint,English,,,,,,,,,Rare,$0.44
1,1,Alhammarret's Archive,Magic Origins,221,Near Mint,English,,,,,,,,425,MythicRare,$4.31
33,8,"Alhammarret, High Arbiter",Magic Origins,43,Near Mint,English,,,,,,,,25,Rare,$0.30
64,8,Aligned Hedron Network,Battle for Zendikar,222,Near Mint,English,,,,,,,,25,Rare,$0.39
3,0,Allay,Exodus,1,Near Mint,English,,,,,,,,,Common,$0.19
4,0,Alley Grifters,Mercadian Masques,115,Near Mint,English,,,,,,,,,Common,$0.16
1,0,Allied Strategies,Planeshift,20,Near Mint,English,,,,,,,,,Uncommon,$0.20
64,8,Ally Encampment,Battle for Zendikar,228,Near Mint,English,,,,,,,,75,Rare,$0.93
37,8,Alms Beast,Gatecrash,141,Near Mint,English,,,,,,,,25,Rare,$0.25
30,8,Alpha Brawl,Dark Ascension,82,Near Mint,English,,,,,,,,25,Rare,$0.32
3,0,Alpha Kavu,Planeshift,77,Near Mint,English,,,,,,,,,Uncommon,$0.18
9,8,Altar of the Brood,Khans of Tarkir,216,Near Mint,English,,,,,,,,50,Rare,$0.47
31,8,Altered Ego,Shadows over Innistrad,241,Near Mint,English,,,,,,,,25,Rare,$0.36
3,3,Aluren,Tempest,107,Near Mint,English,,,,,,,,1475,Rare,$13.89
30,8,Always Watching,Shadows over Innistrad,1,Near Mint,English,,,,,,,,200,Rare,$2.09
1,0,Ambush Party,Homelands,80,Near Mint,English,,,,,,,,,Common,$0.17
1,0,Amnesia,The Dark,19,Good (Lightly Played),English,,signed,,,,,,,Uncommon,$0.64
1,0,Amnesia,The Dark,19,Near Mint,English,,,,,,,,,Uncommon,$0.64
5,0,Amphibious Kavu,Planeshift,78,Near Mint,English,,,,,,,,,Common,$0.14
4,0,Amrou Kithkin,Legends,172,Near Mint,English,,,,,,,,,Common,$0.19
1,0,Amrou Kithkin,Fourth Edition,252,Near Mint,English,,,,,,,,,Common,$0.15
1,0,Amulet of Kroog,Antiquities,1,Played,English,,,,,,,,,Common,$0.19
1,0,Amulet of Unmaking,Mirage,258,Near Mint,English,,,,,,,,,Rare,$0.33
4,0,An-Havva Township,Homelands,136,Near Mint,English,,,,,,,,,Uncommon,$0.20
4,0,Ana Disciple,Apocalypse,73,Near Mint,English,,,,,,,,,Common,$0.14
7,0,Ana Sanctuary,Apocalypse,74,Near Mint,English,,,,,,,,,Uncommon,$0.18
1,0,Anaba Bodyguard,Classic Sixth Edition,164,Near Mint,English,,,,,,,,,Common,$0.15
1,0,Anaba Shaman,Homelands,85,Near Mint,English,,,,,,,,,Common,$0.15
1,0,Anaba Shaman,Classic Sixth Edition,165,Near Mint,English,,,,,,,,,Common,$0.14
31,8,"Anafenza, Kin-Tree Spirit",Dragons of Tarkir,2,Near Mint,English,,,,,,,,200,Rare,$2.08
44,8,"Anafenza, the Foremost",Khans of Tarkir,163,Near Mint,English,,,,,,,,175,MythicRare,$1.68
1,0,Anarchist,Exodus,79,Near Mint,English,,,,,,,,,Common,$0.15
30,8,Anax and Cymede,Theros,186,Near Mint,English,,,,,,,,25,Rare,$0.28
4,0,Ancestral Mask,Mercadian Masques,229,Near Mint,English,,,,,,,,,Common,$0.74
1,1,Ancestral Vision,Duel Decks: Jace vs. Chandra,21,Near Mint,Japanese,,,,,,,,5434,Rare,$47.96
2,0,Ancient Hydra,Nemesis,76,Near Mint,English,,,,,,,,,Uncommon,$0.21
4,0,Ancient Kavu,Invasion,136,Near Mint,English,,,,,,,,,Common,$0.14
1,0,Ancient Spider,Planeshift,96,Near Mint,English,,,,,,,,,Rare,$0.34
8,0,Ancient Spring,Invasion,319,Near Mint,English,,,,,,,,,Common,$0.17
14,8,Angel of Deliverance,Shadows over Innistrad,2,Near Mint,English,,,,,,,,25,Rare,$0.27
44,8,Angel of Flight Alabaster,Innistrad,2,Near Mint,English,,,,,,,,25,Rare,$0.32
28,8,Angel of Glory's Rise,Avacyn Restored,1,Near Mint,English,,,,,,,,25,Rare,$0.33
1,0,Angel of Mercy,Invasion,2,Near Mint,English,,,,,,,,,Uncommon,$0.20
15,8,Angel of Serenity,Return to Ravnica,1,Near Mint,English,,,,,,,,125,MythicRare,$1.47
1,0,Angel's Trumpet,Urza's Legacy,121,Near Mint,English,,,,,,,,,Uncommon,$0.26
5,0,Angelfire Crusader,Apocalypse,1,Near Mint,English,,,,,,,,,Common,$0.14
44,8,Angelic Captain,Battle for Zendikar,208,Near Mint,English,,,,,,,,25,Rare,$0.27
2,0,Angelic Curator,Urza's Legacy,1,Near Mint,English,,,,,,,,,Common,$0.16
4,0,Angelic Favor,Nemesis,1,Near Mint,English,,,,,,,,,Uncommon,$0.21
1,1,Angelic Overseer,Innistrad,3,Near Mint,English,,,,,,,,225,MythicRare,$2.25
1,0,Angelic Page,Urza's Saga,4,Near Mint,English,,,,,,,,,Common,$0.16
8,8,Angelic Skirmisher,Gatecrash,3,Near Mint,English,,,,,,,,75,Rare,$0.73
32,8,Anger of the Gods,Theros,112,Near Mint,English,,,,,,,,225,Rare,$2.24
2,0,Angry Mob,The Dark,74,Near Mint,English,,,,,,,,,Uncommon,$0.23
17,8,Anguished Unmaking,Shadows over Innistrad,242,Near Mint,English,,,,,,,,200,Rare,$2.12
1,1,"Animar, Soul of Elements",Commander,181,Near Mint,English,,,,,,,,2400,MythicRare,$23.69
1,0,Animate Artifact,Revised Edition,48,Near Mint,English,,,,,,,,,Uncommon,$0.18
3,0,Animate Dead,Revised Edition,1,Near Mint,English,,,,,,,,,Uncommon,$1.14
4,0,Animate Land,Nemesis,101,Near Mint,English,,,,,,,,,Uncommon,$0.23
34,8,Animist's Awakening,Magic Origins,169,Near Mint,English,,,,,,,,75,Rare,$0.98
4,0,Ankh of Mishra,Revised Edition,233,Near Mint,English,,,,,,,,,Rare,$0.52
1,0,Ankh of Mishra,Classic Sixth Edition,273,Near Mint,English,,,,,,,,,Rare,$0.80
35,8,Ankle Shanker,Khans of Tarkir,164,Near Mint,English,,,,,,,,25,Rare,$0.27
3,0,Annihilate,Invasion,94,Near Mint,English,,,,,,,,,Uncommon,$0.20
2,0,Annul,Urza's Saga,59,Near Mint,English,,,,,,,,,Common,$0.16
56,8,"Anthousa, Setessan Hero",Theros,149,Near Mint,English,,,,,,,,25,Rare,$0.23
1,0,Anti-Magic Aura,Legends,45,Near Mint,English,,,,,,,,,Common,$0.21
1,0,Apathy,Weatherlight,33,Near Mint,English,,,,,,,,,Common,$0.14
1,0,Apprentice Necromancer,Urza's Destiny,51,Near Mint,English,,,,,,,,,Rare,$1.45
1,0,Apprentice Wizard,The Dark,20,Good (Lightly Played),English,,,,,,,,,Rare,$1.03
1,0,Apprentice Wizard,Fourth Edition,61,Near Mint,English,,,,,,,,,Common,$0.17
8,8,Arachnus Spinner,Magic 2012,162,Near Mint,English,,,,,,,,25,Rare,$0.26
27,8,Arashin Foremost,Dragons of Tarkir,3,Near Mint,English,,,,,,,,50,Rare,$0.61
28,8,Arashin Sovereign,Dragons of Tarkir,212,Near Mint,English,,,,,,,,25,Rare,$0.32
19,8,Arbiter of the Ideal,Born of the Gods,31,Near Mint,English,,,,,,,,25,Rare,$0.26
47,8,Arbor Colossus,Theros,150,Near Mint,English,,,,,,,,25,Rare,$0.25
2,0,Arboria,Legends,88,Good (Lightly Played),English,,,,,,,,,Uncommon,$8.85
1,0,Arc Lightning,Urza's Saga,174,Near Mint,English,,,,,,,,,Common,$0.16
5,0,Arc Mage,Nemesis,77,Near Mint,English,,,,,,,,,Uncommon,$0.20
38,8,Arcane Melee,Avacyn Restored,44,Near Mint,English,,,,,,,,25,Rare,$0.30
33,8,Arcbond,Fate Reforged,91,Near Mint,English,,,,,,,,25,Rare,$0.25
2,2,Arcbound Ravager,Darksteel,100,Good (Lightly Played),English,,,,,,,,4163,Rare,$44.14
5,0,Archaeological Dig,Invasion,320,Near Mint,English,,,,,,,,,Uncommon,$0.31
2,2,Archangel Avacyn,Shadows over Innistrad,5,Near Mint,English,,,,,,,,2200,MythicRare,$21.16
1,1,Archangel of Thune,Magic 2014 Core Set,5,Near Mint,English,,,,,,,,2325,MythicRare,$24.12
7,7,Archangel of Tithes,Magic Origins,4,Near Mint,English,,,,,,,,550,MythicRare,$5.69
13,8,Archangel's Light,Dark Ascension,1,Near Mint,English,,,,,,,,75,MythicRare,$0.84
23,8,Archfiend of Depravity,Fate Reforged,62,Near Mint,English,,,,,,,,50,Rare,$0.59
9,8,Archon of Justice,Magic 2012,6,Near Mint,English,,,,,,,,25,Rare,$0.32
76,8,Archon of the Triumvirate,Return to Ravnica,142,Near Mint,English,,,,,,,,25,Rare,$0.26
32,8,Archwing Dragon,Avacyn Restored,126,Near Mint,English,,,,,,,,50,Rare,$0.42
1,0,Arctic Foxes,Ice Age,226,Near Mint,English,,,,,,,,,Common,$0.14
9,0,Arctic Merfolk,Planeshift,21,Near Mint,English,,,,,,,,,Common,$0.14
1,0,Arcum's Sleigh,Ice Age,284,Near Mint,English,,,,,,,,,Uncommon,$0.17
1,0,Arcum's Whistle,Ice Age,286,Near Mint,English,,,,,,,,,Uncommon,$0.19
4,0,Ardent Soldier,Invasion,3,Near Mint,English,,,,,,,,,Common,$0.15
4,0,Arena,Media Inserts,1,Near Mint,English,,,,,,,,,Special,$1.34
1,0,Arena of the Ancients,Legends,215,Good (Lightly Played),English,,,,,,,,,Rare,$5.47
10,8,Argent Sphinx,Scars of Mirrodin,28,Near Mint,English,,,,,,,,25,Rare,$0.26
1,1,Argivian Archaeologist,Antiquities,94,Near Mint,English,,,,,,,,1750,Rare,$17.87
1,0,Argivian Blacksmith,Antiquities,95,Near Mint,English,,,,,,,,,Common,$0.20
1,0,Argothian Pixies,Antiquities,59,Played,English,,,,,,,,,Common,$0.20
1,0,Argothian Swine,Urza's Saga,235,Near Mint,English,,,,,,,,,Common,$0.15
2,0,Argothian Treefolk,Antiquities,60,Played,English,,,,,,,,,Common,$0.20
1,0,Argothian Treefolk,Antiquities,60,Near Mint,English,,,,,,,,,Common,$0.20
1,0,Argothian Wurm,Urza's Saga,236,Near Mint,English,,,,,,,,,Rare,$1.05
8,8,Arlinn Kord,Shadows over Innistrad,243,Near Mint,English,,,,,,,,1150,MythicRare,$11.31
23,8,Armada Wurm,Return to Ravnica,143,Near Mint,English,,,,,,,,100,MythicRare,$0.98
5,0,Armadillo Cloak,Invasion,229,Near Mint,English,,,,,,,,,Common,$0.46
1,0,Armageddon Clock,Revised Edition,234,Near Mint,English,,,,,,,,,Rare,$0.30
1,0,Armageddon Clock,Fourth Edition,313,Near Mint,English,,,,,,,,,Rare,$0.29
2,0,Armor of Faith,Ice Age,228,Near Mint,English,,,,,,,,,Common,$0.14
2,0,Armor of Thorns,Mirage,104,Near Mint,English,,,,,,,,,Common,$0.14
7,0,Armor Thrull,Fallen Empires,1,Near Mint,English,,,,,,,,,Common,$0.14
4,0,Armor Thrull,Fallen Empires,2,Near Mint,English,,,,,,,,,Common,$0.17
4,0,Armor Thrull,Fallen Empires,3,Near Mint,English,,,,,,,,,Common,$0.17
5,0,Armor Thrull,Fallen Empires,4,Near Mint,English,,,,,,,,,Common,$0.17
1,0,Armored Pegasus,Classic Sixth Edition,5,Near Mint,English,,,,,,,,,Common,$0.15
1,0,Armorer Guildmage,Mirage,156,Near Mint,English,,,,,,,,,Common,$0.14
1,0,Arms Dealer,Mercadian Masques,172,Near Mint,English,,,,,,,,,Uncommon,$0.23
1,0,Army Ants,Visions,126,Near Mint,English,,,,,,,,,Uncommon,$0.19
3,3,Army of the Damned,Innistrad,87,Near Mint,English,,,,,,,,250,MythicRare,$2.53
1,0,Arrest,Mercadian Masques,4,Near Mint,English,,,,,,,,,Uncommon,$0.20
4,0,Artifact Blast,Antiquities,87,Near Mint,English,,,,,,,,,Common,$0.29
2,0,Artifact Mutation,Invasion,231,Near Mint,English,,,,,,,,,Rare,$2.04
1,0,Artifact Possession,Antiquities,45,Good (Lightly Played),English,,,,,,,,,Common,$0.19
2,0,Artifact Possession,Antiquities,45,Near Mint,English,,,,,,,,,Common,$0.19
1,0,Artifact Ward,Antiquities,96,Good (Lightly Played),English,,,,,,,,,Common,$0.21
3,0,Artifact Ward,Antiquities,96,Near Mint,English,,,,,,,,,Common,$0.21
60,8,Artisan of Forms,Theros,40,Near Mint,English,,,,,,,,25,Rare,$0.25
2,0,Ascendant Evincar,Nemesis,51,Near Mint,English,,,,,,,,,Rare,$1.01
2,2,Asceticism,Scars of Mirrodin,110,Near Mint,English,,,,,,,,950,Rare,$9.47
32,8,Ash Zealot,Return to Ravnica,86,Near Mint,English,,,,,,,,50,Rare,$0.62
11,8,Ashcloud Phoenix,Khans of Tarkir,99,Near Mint,English,,,,,,,,75,MythicRare,$0.68
1,0,Ashen Ghoul,Ice Age,2,Near Mint,English,,,,,,,,,Uncommon,$0.32
27,8,Ashen Rider,Theros,187,Near Mint,English,,,,,,,,125,MythicRare,$1.16
5,0,Ashes to Ashes,The Dark,1,Near Mint,English,,,,,,,,,Common,$0.27
1,1,"Ashiok, Nightmare Weaver",Theros,188,Near Mint,English,,,,,,,,700,MythicRare,$7.27
1,0,Ashnod's Altar,Antiquities,3,Good (Lightly Played),English,,,,,,,,,Uncommon,$11.26
1,0,Ashnod's Transmogrant,Antiquities,5,Near Mint,English,,,,,,,,,Uncommon,$0.39
1,0,Assault // Battery,Invasion,295,Near Mint,English,,,,,,,,,Uncommon,$0.18
27,8,Assault Formation,Dragons of Tarkir,173,Near Mint,English,,,,,,,,125,Rare,$1.34
16,8,Assemble the Legion,Gatecrash,142,Near Mint,English,,,,,,,,150,Rare,$1.49
24,8,Astral Cornucopia,Born of the Gods,157,Near Mint,English,,,,,,,,50,Rare,$0.36
9,8,Asylum Visitor,Shadows over Innistrad,99,Near Mint,English,,,,,,,,100,Rare,$1.17
1,0,"Atalya, Samite Master",Invasion,4,Near Mint,English,,,,,,,,,Rare,$0.55
1,1,Atarka's Command,Dragons of Tarkir,213,Near Mint,English,,,,,,,,600,Rare,$6.39
35,8,"Atarka, World Render",Fate Reforged,149,Near Mint,English,,,,,,,,50,Rare,$0.55
8,8,"Athreos, God of Passage",Journey into Nyx,146,Near Mint,English,,,,,,,,1125,MythicRare,$12.25
6,0,Atog,Revised Edition,138,Near Mint,English,,,,,,,,,Common,$0.18
7,0,Aura Blast,Planeshift,1,Near Mint,English,,,,,,,,,Common,$0.16
2,0,Aura Flux,Urza's Legacy,27,Near Mint,English,,,,,,,,,Common,$0.15
6,0,Aura Fracture,Prophecy,2,Near Mint,English,,,,,,,,,Common,$0.14
1,0,Aura Mutation,Invasion,232,Near Mint,English,,,,,,,,,Rare,$1.62
1,0,Aura of Silence,Weatherlight,123,Near Mint,English,,,,,,,,,Uncommon,$1.41
1,0,Aura Shards,Invasion,233,Near Mint,English,,,,,,,,,Uncommon,$5.77
16,8,Aurelia's Fury,Gatecrash,144,Near Mint,English,,,,,,,,125,MythicRare,$1.13
2,2,"Aurelia, the Warleader",Gatecrash,143,Near Mint,English,,,,,,,,425,MythicRare,$4.41
1,0,Aurochs,Ice Age,113,Near Mint,English,,,,,,,,,Common,$0.15
8,0,Aurora Griffin,Planeshift,2,Near Mint,English,,,,,,,,,Common,$0.14
1,1,Austere Command,Lorwyn,3,Near Mint,English,,,,,,,,1075,Rare,$10.31
19,8,Avacyn's Judgment,Shadows over Innistrad,145,Near Mint,English,,,,,,,,75,Rare,$0.73
2,2,"Avacyn, Angel of Hope",Avacyn Restored,6,Near Mint,English,,,,,,,,2525,MythicRare,$25.65
12,8,"Avacyn, Guardian Angel",Magic 2015 Core Set,3,Near Mint,English,,,,,,,,50,Rare,$0.62
1,0,Avalanche Riders,Urza's Legacy,74,Near Mint,English,,,,,,,,,Uncommon,$1.21
29,8,Avalanche Tusker,Khans of Tarkir,166,Near Mint,English,,,,,,,,25,Rare,$0.26
2,2,Avarice Amulet,Magic 2015 Core Set,212,Near Mint,English,,,,,,,,25,Rare,$0.23
12,8,Avaricious Dragon,Magic Origins,131,Near Mint,English,,,,,,,,150,MythicRare,$1.59
1,0,Avatar of Might,Prophecy,109,Near Mint,English,,,,,,,,,Rare,$0.60
67,8,Avatar of the Resolute,Dragons of Tarkir,175,Near Mint,English,,,,,,,,100,Rare,$1.09
1,0,Avatar of Will,Prophecy,30,Near Mint,English,,,,,,,,,Rare,$0.64
2,0,Avatar of Woe,Prophecy,56,Near Mint,English,,,,,,,,,Rare,$3.22
1,1,Aven Mindcensor,Future Sight,18,Near Mint,English,,,,,,,,1050,Uncommon,$10.67
1,0,Avenger en-Dal,Nemesis,2,Near Mint,English,,,,,,,,,Rare,$0.35
1,0,Avenging Druid,Exodus,105,Near Mint,English,,,,,,,,,Common,$0.15
1,0,Avizoa,Weatherlight,35,Near Mint,English,,,,,,,,,Rare,$0.33
2,0,Avoid Fate,Legends,89,Near Mint,English,,,,,,,,,Common,$1.36
12,8,Awaken the Ancient,Magic 2014 Core Set,126,Near Mint,English,,,,,,,,25,Rare,$0.31
1,0,Axelrod Gunnarson,Legends,259,Near Mint,English,,,,,,,,,Rare,$2.67
44,8,"Ayli, Eternal Pilgrim",Oath of the Gatewatch,151,Near Mint,English,,,,,,,,100,Rare,$1.09
6,0,Aysen Abbey,Homelands,137,Near Mint,English,,,,,,,,,Uncommon,$0.20
1,0,Aysen Bureaucrats,Homelands,104,Near Mint,English,,,,,,,,,Common,$0.17
1,0,Azimaet Drake,Mirage,53,Near Mint,English,,,,,,,,,Common,$0.14
52,8,Azor's Elocutors,Return to Ravnica,210,Near Mint,English,,,,,,,,25,Rare,$0.26
40,8,Back from the Brink,Innistrad,44,Near Mint,English,,,,,,,,25,Rare,$0.26
1,0,Backfire,Legends,47,Near Mint,English,,,,,,,,,Uncommon,$0.48
2,0,Backlash,Invasion,234,Near Mint,English,,,,,,,,,Uncommon,$0.43
1,0,Badlands,Revised Edition,282,Near Mint,English,,,,,,,,,Rare,$75.21
1,0,Badlands,Revised Edition,282,Good (Lightly Played),English,,,,,,,,,Rare,$75.21
3,0,Badlands,Revised Edition,282,Played,English,,,,,,,,,Rare,$75.21
2,0,Balance,Revised Edition,187,Near Mint,English,,,,,,,,,Rare,$1.41
1,0,Balduvian Conjurer,Ice Age,58,Near Mint,English,,,,,,,,,Uncommon,$0.17
1,0,Balduvian Horde,Classic Sixth Edition,167,Near Mint,English,,,,,,,,,Rare,$0.41
1,0,Balduvian Shaman,Ice Age,59,Near Mint,English,,,,,,,,,Common,$0.13
1,0,Balduvian Trading Post,Alliances,182,Near Mint,English,,,,,,,,,Rare,$0.36
1,0,Ball Lightning,The Dark,56,Played,English,,,,,,,,,Rare,$5.66
1,0,Ballista Squad,Mercadian Masques,5,Near Mint,English,,,,,,,,,Uncommon,$0.17
4,0,Balloon Peddler,Mercadian Masques,59,Near Mint,English,,,,,,,,,Common,$0.14
1,0,Balm of Restoration,Fallen Empires,167,Near Mint,English,,,,,,,,,Rare,$0.29
2,0,Bandage,Stronghold,101,Near Mint,English,,,,,,,,,Common,$0.15
1,1,Baneslayer Angel,Magic 2010,4,Near Mint,English,,,,,,,,975,MythicRare,$10.02
2,2,Baneslayer Angel,Magic 2011,7,Near Mint,English,,,,,,,,1000,MythicRare,$10.16
2,0,Banshee,The Dark,2,Near Mint,English,,,,,,,,,Uncommon,$0.20
1,0,Banshee,The Dark,2,Good (Lightly Played),English,,,,,,,,,Uncommon,$0.20
2,0,Barbed Field,Prophecy,83,Near Mint,English,,,,,,,,,Uncommon,$0.20
2,0,Barbed Sextant,Ice Age,287,Near Mint,English,,,,,,,,,Common,$0.14
1,0,Barbed Wire,Mercadian Masques,287,Near Mint,English,,,,,,,,,Uncommon,$0.19
2,0,Barl's Cage,The Dark,93,Good (Lightly Played),English,,,,,,,,,Rare,$0.42
28,8,Barrage Tyrant,Battle for Zendikar,127,Near Mint,English,,,,,,,,25,Rare,$0.24
4,0,Barrin's Unmaking,Invasion,46,Near Mint,English,,,,,,,,,Common,$0.14
1,0,Barrow Ghoul,Weatherlight,3,Near Mint,English,,,,,,,,,Common,$0.14
3,0,Basal Thrull,Fallen Empires,5,Near Mint,English,,,,,,,,,Common,$0.18
4,0,Basal Thrull,Fallen Empires,6,Near Mint,English,,,,,,,,,Common,$0.18
6,0,Basal Thrull,Fallen Empires,7,Near Mint,English,,,,,,,,,Common,$0.18
4,0,Basal Thrull,Fallen Empires,8,Near Mint,English,,,,,,,,,Common,$0.17
1,0,Basalt Monolith,Revised Edition,235,Near Mint,English,,,,,,,,,Uncommon,$0.90
1,0,Baton of Morale,Ice Age,288,Near Mint,English,,,,,,,,,Uncommon,$0.21
1,0,Battering Ram,Antiquities,6,Good (Lightly Played),English,,,,,,,,,Common,$0.19
1,0,Battering Ram,Fourth Edition,315,Near Mint,English,,,,,,,,,Common,$0.14
2,0,Battle Frenzy,Ice Age,175,Near Mint,English,,,,,,,,,Common,$0.14
39,8,Battle of Wits,Magic 2013,44,Near Mint,English,,,,,,,,25,Rare,$0.30
5,0,Battle Rampart,Mercadian Masques,173,Near Mint,English,,,,,,,,,Common,$0.14
9,8,Battlefield Forge,Magic 2015 Core Set,240,Near Mint,English,,,,,,,,150,Rare,$1.63
31,8,Battlefield Forge,Magic Origins,244,Near Mint,English,,,,,,,,125,Rare,$1.49
3,0,Battlefield Percher,Nemesis,52,Near Mint,English,,,,,,,,,Uncommon,$0.21
22,8,Battlefield Thaumaturge,Journey into Nyx,31,Near Mint,English,,,,,,,,25,Rare,$0.36
1,0,Bay Falcon,Mirage,54,Near Mint,English,,,,,,,,,Common,$0.15
1,0,Bayou,Unlimited Edition,279,Near Mint,English,,,,,,,,,Rare,$265.91
2,0,Bayou,Revised Edition,283,Good (Lightly Played),English,,,,,,,,,Rare,$176.19
1,0,Bayou,Revised Edition,283,Good (Lightly Played),English,,,,,,,,,Rare,$176.19
1,0,Bayou,Revised Edition,283,Heavily Played,English,,,,,,,,,Rare,$176.19
49,8,Bearer of Silence,Oath of the Gatewatch,67,Near Mint,English,,,,,,,,50,Rare,$0.57
8,8,Bearer of the Heavens,Journey into Nyx,89,Near Mint,English,,,,,,,,50,Rare,$0.37
1,1,Beast Within,New Phyrexia,103,Near Mint,English,,,,,,,,450,Uncommon,$4.57
29,8,Beastcaller Savant,Battle for Zendikar,170,Near Mint,English,,,,,,,,50,Rare,$0.59
2,0,Beasts of Bogardan,Legends,133,Near Mint,English,,,,,,,,,Uncommon,$0.38
51,8,Beck // Call,Dragon's Maze,123,Near Mint,English,,,,,,,,0,Rare,$0.62
3,0,Befoul,Urza's Saga,116,Near Mint,English,,,,,,,,,Common,$0.14
23,8,Beguiler of Wills,Dark Ascension,28,Near Mint,English,,,,,,,,100,MythicRare,$0.95
8,8,Behold the Beyond,Shadows over Innistrad,101,Near Mint,English,,,,,,,,100,MythicRare,$1.13
5,0,Belbe's Armor,Nemesis,126,Near Mint,English,,,,,,,,,Uncommon,$0.21
10,0,Belbe's Percher,Nemesis,53,Near Mint,English,,,,,,,,,Common,$0.14
2,0,Belbe's Portal,Nemesis,127,Near Mint,English,,,,,,,,,Rare,$2.63
4,0,Benalish Emissary,Invasion,5,Near Mint,English,,,,,,,,,Uncommon,$0.22
3,0,Benalish Heralds,Invasion,6,Near Mint,English,,,,,,,,,Uncommon,$0.20
1,0,Benalish Hero,Unlimited Edition,188,Near Mint,English,,,,,,,,,Common,$0.25
10,0,Benalish Hero,Revised Edition,188,Near Mint,English,,,,,,,,,Common,$0.14
2,0,Benalish Infantry,Weatherlight,124,Near Mint,English,,,,,,,,,Common,$0.14
4,0,Benalish Lancer,Invasion,7,Near Mint,English,,,,,,,,,Common,$0.14
2,0,Benalish Missionary,Weatherlight,126,Near Mint,English,,,,,,,,,Common,$0.14
4,0,Benalish Trapper,Invasion,8,Near Mint,English,,,,,,,,,Common,$0.14
1,0,Bend or Break,Invasion,137,Near Mint,English,,,,,,,,,Rare,$0.31
4,0,Bequeathal,Exodus,106,Near Mint,English,,,,,,,,,Common,$0.19
29,8,Berserkers' Onslaught,Dragons of Tarkir,130,Near Mint,English,,,,,,,,25,Rare,$0.36
3,0,Betrayal,Visions,26,Near Mint,English,,,,,,,,,Common,$0.17
2,0,Betrothed of Fire,Weatherlight,89,Near Mint,English,,,,,,,,,Common,$0.14
61,8,Bident of Thassa,Theros,42,Near Mint,English,,,,,,,,25,Rare,$0.30
1,0,Bind,Invasion,182,Near Mint,English,,,,,,,,,Rare,$0.72
39,8,Biomass Mutation,Gatecrash,213,Near Mint,English,,,,,,,,25,Rare,$0.24
26,8,Biovisionary,Gatecrash,146,Near Mint,English,,,,,,,,50,Rare,$0.39
1,0,Bird Maiden,Fourth Edition,195,Near Mint,English,,,,,,,,,Common,$0.15
1,0,Birds of Paradise,Fourth Edition,118,Near Mint,English,,,,,,,,,Rare,$7.87
3,3,Birds of Paradise,Magic 2012,165,Near Mint,English,,,,,,,,800,Rare,$7.90
2,2,Birthing Pod,New Phyrexia,104,Near Mint,English,,,,,,,,600,Rare,$6.16
1,0,Black Knight,Revised Edition,3,Good (Lightly Played),English,,,,,,,,,Uncommon,$0.27
1,0,Black Knight,Revised Edition,3,Near Mint,English,,,,,,,,,Uncommon,$0.27
2,0,Black Mana Battery,Legends,216,Good (Lightly Played),English,,,,,,,,,Uncommon,$0.88
9,8,Black Sun's Zenith,Mirrodin Besieged,39,Near Mint,English,,,,,,,,175,Rare,$1.97
1,0,Black Vise,Unlimited Edition,234,Near Mint,English,,,,,,,,,Uncommon,$7.84
2,0,Black Vise,Revised Edition,236,Near Mint,English,,,,,,,,,Uncommon,$1.30
2,0,Black Ward,Revised Edition,189,Near Mint,English,,,,,,,,,Uncommon,$0.17
22,8,Blade Splicer,New Phyrexia,4,Near Mint,English,,,,,,,,225,Rare,$2.30
1,0,Blanchwood Armor,Urza's Saga,237,Near Mint,English,,,,,,,,,Uncommon,$0.39
1,0,Blanchwood Treefolk,Urza's Saga,238,Near Mint,English,,,,,,,,,Common,$0.14
23,8,Blasphemous Act,Innistrad,130,Near Mint,English,,,,,,,,275,Rare,$2.62
1,0,Blasted Landscape,Urza's Saga,319,Near Mint,English,,,,,,,,,Uncommon,$0.96
4,0,Blaster Mage,Mercadian Masques,175,Near Mint,English,,,,,,,,,Common,$0.14
6,0,Blastoderm,Nemesis,102,Near Mint,English,,,,,,,,,Common,$0.19
3,0,Blazing Effigy,Legends,134,Near Mint,English,,,,,,,,,Common,$0.20
1,0,Blazing Specter,Invasion,236,Near Mint,English,,,,,,,,,Rare,$0.70
29,8,Blessed Reincarnation,Dragons of Tarkir,47,Near Mint,English,,,,,,,,25,Rare,$0.30
1,0,Blessed Wind,Prophecy,4,Near Mint,English,,,,,,,,,Rare,$0.36
2,0,Blessed Wine,Ice Age,231,Near Mint,English,,,,,,,,,Common,$0.13
2,0,Blight,Legends,3,Near Mint,English,,,,,,,,,Uncommon,$1.69
55,8,Blight Herder,Battle for Zendikar,2,Near Mint,English,,,,,,,,50,Rare,$0.50
4,4,Blighted Agent,New Phyrexia,29,Near Mint,English,,,,,,,,100,Common,$0.87
1,0,Blighted Shaman,Mirage,5,Near Mint,English,,,,,,,,,Uncommon,$0.17
25,8,Blind Obedience,Gatecrash,6,Near Mint,English,,,,,,,,200,Rare,$2.12
1,0,Blind Seer,Invasion,47,Near Mint,English,,,,,,,,,Rare,$0.34
1,0,Blinding Angel,Nemesis,3,Near Mint,English,,,,,,,,,Rare,$1.87
1,0,Blinding Light,Invasion,9,Near Mint,English,,,,,,,,,Uncommon,$0.21
2,0,Blistering Barrier,Mirage,159,Near Mint,English,,,,,,,,,Common,$0.14
1,0,Bloated Toad,Urza's Legacy,97,Near Mint,English,,,,,,,,,Uncommon,$0.22
4,0,Blockade Runner,Mercadian Masques,60,Near Mint,English,,,,,,,,,Common,$0.14
13,8,Blood Baron of Vizkopa,Dragon's Maze,57,Near Mint,English,,,,,,,,225,MythicRare,$2.40
2,2,Blood Crypt,Return to Ravnica,238,Near Mint,English,,,,,,,,800,Rare,$8.15
2,0,Blood Lust,Legends,135,Near Mint,English,,,,,,,,,Uncommon,$5.64
2,2,Blood Moon,Chronicles,46,Near Mint,English,,,,,,,,3950,Rare,$38.11
2,0,Blood Moon,The Dark,57,Good (Lightly Played),English,,,,,,,,,Rare,$59.00
1,0,Blood Moon,The Dark,57,Good (Lightly Played),English,,,,,,,,,Rare,$59.00
4,0,Blood of the Martyr,The Dark,75,Near Mint,English,,,,,,,,,Uncommon,$0.21
48,8,Blood Scrivener,Dragon's Maze,22,Near Mint,English,,,,,,,,25,Rare,$0.28
28,8,Blood-Chin Fanatic,Dragons of Tarkir,88,Near Mint,English,,,,,,,,50,Rare,$0.35
4,0,Bloodfire Dwarf,Apocalypse,56,Near Mint,English,,,,,,,,,Common,$0.14
4,0,Bloodfire Infusion,Apocalypse,57,Near Mint,English,,,,,,,,,Common,$0.14
7,0,Bloodfire Kavu,Apocalypse,58,Near Mint,English,,,,,,,,,Uncommon,$0.17
9,8,Bloodgift Demon,Innistrad,89,Near Mint,English,,,,,,,,50,Rare,$0.53
43,8,Bloodsoaked Champion,Khans of Tarkir,66,Near Mint,English,,,,,,,,75,Rare,$0.65
6,6,Bloodstained Mire,Khans of Tarkir,230,Near Mint,English,,,,,,,,1475,Rare,$14.84
2,0,Bloodstone Cameo,Invasion,298,Near Mint,English,,,,,,,,,Uncommon,$0.20
1,0,Blossoming Wreath,Weatherlight,62,Near Mint,English,,,,,,,,,Common,$0.14
12,8,Bludgeon Brawl,New Phyrexia,80,Near Mint,English,,,,,,,,25,Rare,$0.31
8,0,Blue Elemental Blast,Revised Edition,49,Near Mint,English,,,,,,,,,Common,$0.16
2,0,Blue Mana Battery,Legends,217,Good (Lightly Played),English,,,,,,,,,Uncommon,$0.67
4,4,Blue Sun's Zenith,Mirrodin Besieged,20,Near Mint,English,,,,,,,,100,Rare,$0.96
3,0,Blue Ward,Revised Edition,191,Near Mint,English,,,,,,,,,Uncommon,$0.16
2,0,Boa Constrictor,Mercadian Masques,231,Near Mint,English,,,,,,,,,Uncommon,$0.18
6,0,Bog Down,Planeshift,39,Near Mint,English,,,,,,,,,Common,$0.14
4,0,Bog Glider,Prophecy,58,Near Mint,English,,,,,,,,,Common,$0.14
4,0,Bog Gnarr,Apocalypse,76,Near Mint,English,,,,,,,,,Common,$0.14
5,0,Bog Imp,The Dark,3,Near Mint,English,,,,,,,,,Common,$0.14
4,0,Bog Initiate,Invasion,95,Near Mint,English,,,,,,,,,Common,$0.15
1,0,Bog Raiders,Urza's Saga,119,Near Mint,English,,,,,,,,,Common,$0.14
6,0,Bog Rats,The Dark,4,Near Mint,English,,,,,,,,,Common,$0.14
4,0,Bog Smugglers,Mercadian Masques,117,Near Mint,English,,,,,,,,,Common,$0.14
4,0,Bog Witch,Mercadian Masques,118,Near Mint,English,,,,,,,,,Common,$0.15
3,0,Bog Wraith,Revised Edition,4,Near Mint,English,,,,,,,,,Uncommon,$0.16
7,7,Bogbrew Witch,Magic 2014 Core Set,88,Near Mint,English,,,,,,,,50,Rare,$0.41
1,0,Boiling Blood,Weatherlight,92,Near Mint,English,,,,,,,,,Common,$0.16
10,0,Bola Warrior,Nemesis,78,Near Mint,English,,,,,,,,,Common,$0.14
21,8,Boltwing Marauder,Dragons of Tarkir,214,Near Mint,English,,,,,,,,25,Rare,$0.32
2,0,Bone Flute,The Dark,94,Near Mint,English,,,,,,,,,Uncommon,$0.18
1,0,Bone Flute,The Dark,94,Good (Lightly Played),English,,,,,,,,,Uncommon,$0.18
1,0,Bone Harvest,Mirage,6,Near Mint,English,,,,,,,,,Common,$0.15
1,0,Bone Mask,Mirage,260,Near Mint,English,,,,,,,,,Rare,$0.32
2,0,Bone Shaman,Ice Age,176,Near Mint,English,,,,,,,,,Common,$0.14
6,6,Bonescythe Sliver,Magic 2014 Core Set,9,Near Mint,English,,,,,,,,200,Rare,$1.96
3,3,Bonfire of the Damned,Avacyn Restored,129,Near Mint,English,,,,,,,,500,MythicRare,$4.96
2,0,Book of Rass,The Dark,95,Near Mint,English,,,,,,,,,Uncommon,$0.24
3,0,Boomerang,Legends,48,Good (Lightly Played),English,,,,,,,,,Common,$0.56
1,0,Boomerang,Legends,48,Near Mint,English,,,,,,,,,Common,$0.56
1,0,Boomerang,Classic Sixth Edition,58,Near Mint,English,,,,,,,,,Common,$0.19
51,8,Boon Satyr,Theros,152,Near Mint,English,,,,,,,,25,Rare,$0.32
25,8,Borborygmos Enraged,Gatecrash,147,Near Mint,English,,,,,,,,100,MythicRare,$1.02
60,8,Boros Battleshaper,Dragon's Maze,58,Near Mint,English,,,,,,,,25,Rare,$0.26
8,8,Boros Charm,Gatecrash,148,Near Mint,English,,,,,,,,275,Uncommon,$2.73
12,8,Boros Reckoner,Gatecrash,215,Near Mint,English,,,,,,,,275,Rare,$2.73
3,3,"Boseiju, Who Shelters All",Champions of Kamigawa,273,Near Mint,English,,,,,,,,2000,Rare,$18.76
1,0,Bottle of Suleiman,Revised Edition,237,Near Mint,English,,,,,,,,,Rare,$0.30
1,0,Bottomless Pit,Stronghold,1,Near Mint,English,,,,,,,,,Uncommon,$0.28
4,0,Bottomless Vault,Fallen Empires,177,Near Mint,English,,,,,,,,,Rare,$0.82
3,0,Bouncing Beebles,Urza's Legacy,28,Near Mint,English,,,,,,,,,Common,$0.15
37,8,Bow of Nylea,Theros,153,Near Mint,English,,,,,,,,175,Rare,$1.85
8,8,Brain in a Jar,Shadows over Innistrad,252,Near Mint,English,,,,,,,,100,Rare,$0.96
1,0,Braingeyser,Unlimited Edition,51,Heavily Played,English,,,,,,,,,Rare,$29.99
1,0,Braingeyser,Unlimited Edition,51,Played,English,,,,,,,,,Rare,$29.99
2,0,Braingeyser,Revised Edition,50,Near Mint,English,,,,,,,,,Rare,$2.54
1,0,Brainstorm,Ice Age,61,Near Mint,English,,,,,,,,,Common,$1.02
6,0,Brainstorm,Mercadian Masques,61,Near Mint,English,,,,,,,,,Common,$1.27
6,0,Brainwash,The Dark,76,Near Mint,English,,,,,,,,,Common,$0.14
1,0,Brainwash,Fourth Edition,261,Near Mint,English,,,,,,,,,Common,$0.15
1,0,Branded Brawlers,Prophecy,84,Near Mint,English,,,,,,,,,Common,$0.14
7,0,Brass Herald,Apocalypse,133,Near Mint,English,,,,,,,,,Uncommon,$0.25
1,0,Brass Man,Revised Edition,238,Near Mint,English,,,,,,,,,Uncommon,$0.15
2,0,Brassclaw Orcs,Fallen Empires,100,Near Mint,English,,,,,,,,,Common,$0.18
7,0,Brassclaw Orcs,Fallen Empires,101,Near Mint,English,,,,,,,,,Common,$0.15
4,0,Brassclaw Orcs,Fallen Empires,102,Near Mint,English,,,,,,,,,Common,$0.18
4,0,Brassclaw Orcs,Fallen Empires,103,Near Mint,English,,,,,,,,,Common,$0.18
1,0,Brawl,Mercadian Masques,178,Near Mint,English,,,,,,,,,Rare,$0.30
4,0,Breach,Urza's Saga,120,Near Mint,English,,,,,,,,,Common,$0.15
33,8,Breaking // Entering,Dragon's Maze,124,Near Mint,English,,,,,,,,0,Rare,$0.77
2,0,Breath of Darigaaz,Invasion,138,Near Mint,English,,,,,,,,,Uncommon,$0.22
2,0,Breathstealer,Mirage,7,Near Mint,English,,,,,,,,,Common,$0.14
5,0,Breeding Pit,Fallen Empires,9,Near Mint,English,,,,,,,,,Uncommon,$0.25
3,0,Breezekeeper,Visions,27,Near Mint,English,,,,,,,,,Common,$0.15
1,0,Briar Patch,Mercadian Masques,232,Near Mint,English,,,,,,,,,Uncommon,$0.21
2,1,Bribery,Mercadian Masques,62,Near Mint,English,,,,,,,,,Rare,$19.51
3,0,Brilliant Halo,Urza's Saga,5,Near Mint,English,,,,,,,,,Common,$0.16
4,4,"Brimaz, King of Oreskos",Born of the Gods,5,Near Mint,English,,,,,,,,800,MythicRare,$7.97
2,0,Brine Shaman,Ice Age,3,Near Mint,English,,,,,,,,,Common,$0.14
58,8,Bring to Light,Battle for Zendikar,209,Near Mint,English,,,,,,,,50,Rare,$0.79
1,0,Broken Fall,Tempest,110,Near Mint,English,,,,,,,,,Common,$0.14
1,0,Bronze Tablet,Fourth Edition,321,Near Mint,English,,,,,,,,,Rare,$0.27
58,8,Brood Butcher,Battle for Zendikar,199,Near Mint,English,,,,,,,,25,Rare,$0.29
4,0,Brothers of Fire,The Dark,58,Near Mint,English,,,,,,,,,Uncommon,$0.18
1,0,Brothers of Fire,Fourth Edition,197,Near Mint,English,,,,,,,,,Common,$0.14
2,0,Brown Ouphe,Ice Age,116,Near Mint,English,,,,,,,,,Common,$0.14
2,2,"Bruna, Light of Alabaster",Avacyn Restored,208,Near Mint,English,,,,,,,,200,MythicRare,$2.06
2,0,Brush with Death,Stronghold,2,Near Mint,English,,,,,,,,,Common,$0.14
1,0,Brushland,Ice Age,327,Near Mint,English,,,,,,,,,Rare,$6.53
45,8,Brutal Expulsion,Battle for Zendikar,200,Near Mint,English,,,,,,,,25,Rare,$0.37
23,8,Brutal Hordechief,Fate Reforged,64,Near Mint,English,,,,,,,,125,MythicRare,$1.44
1,0,Brutal Suppression,Prophecy,85,Near Mint,English,,,,,,,,,Uncommon,$0.20
2,0,Builder's Bane,Mirage,160,Near Mint,English,,,,,,,,,Common,$0.14
1,0,Bull Elephant,Visions,51,Near Mint,English,,,,,,,,,Common,$0.14
1,0,Bullwhip,Stronghold,126,Near Mint,English,,,,,,,,,Uncommon,$0.19
1,0,Bulwark,Urza's Saga,178,Near Mint,English,,,,,,,,,Rare,$0.30
4,0,Buoyancy,Mercadian Masques,63,Near Mint,English,,,,,,,,,Common,$0.14
35,8,Burn at the Stake,Avacyn Restored,130,Near Mint,English,,,,,,,,50,Rare,$0.37
11,8,Burn from Within,Shadows over Innistrad,148,Near Mint,English,,,,,,,,25,Rare,$0.36
6,6,Burning Anger,Magic 2015 Core Set,133,Near Mint,English,,,,,,,,25,Rare,$0.23
6,6,Burning Earth,Magic 2014 Core Set,130,Near Mint,English,,,,,,,,50,Rare,$0.38
2,0,Burning Shield Askari,Mirage,162,Near Mint,English,,,,,,,,,Common,$0.14
1,0,Burrowing,Revised Edition,139,Near Mint,English,,,,,,,,,Uncommon,$0.16
2,0,Burst of Energy,Urza's Legacy,3,Near Mint,English,,,,,,,,,Common,$0.15
64,8,Butcher of the Horde,Khans of Tarkir,168,Near Mint,English,,,,,,,,25,Rare,$0.38
12,8,Bygone Bishop,Shadows over Innistrad,8,Near Mint,English,,,,,,,,125,Rare,$1.39
24,8,Cackling Counterpart,Innistrad,46,Near Mint,English,,,,,,,,50,Rare,$0.42
1,0,Cackling Fiend,Urza's Saga,121,Near Mint,English,,,,,,,,,Common,$0.16
1,0,Cackling Witch,Mercadian Masques,119,Near Mint,English,,,,,,,,,Uncommon,$0.17
1,1,Caged Sun,New Phyrexia,132,Near Mint,English,,,,,,,,400,Rare,$4.19
5,0,Caldera Kavu,Planeshift,58,Near Mint,English,,,,,,,,,Common,$0.14
1,0,Caldera Lake,Tempest,306,Near Mint,English,,,,,,,,,Rare,$0.77
27,8,Call the Gatewatch,Oath of the Gatewatch,16,Near Mint,English,,,,,,,,25,Rare,$0.36
1,1,Call to the Grave,Magic 2012,85,Near Mint,English,,,,,,,,75,Rare,$0.86
31,8,Call to the Kindred,Dark Ascension,30,Near Mint,English,,,,,,,,50,Rare,$0.36
2,0,Calming Licid,Stronghold,102,Near Mint,English,,,,,,,,,Uncommon,$0.20
6,0,Calming Verse,Prophecy,110,Near Mint,English,,,,,,,,,Common,$0.19
1,0,Camel,Arabian Nights,58,Near Mint,English,,,,,,,,,Common,$0.65
1,0,Camel,Arabian Nights,58,Good (Lightly Played),English,,,,,,,,,Common,$0.65
2,0,Cannibalize,Stronghold,3,Near Mint,English,,,,,,,,,Common,$0.15
2,0,Canopy Surge,Invasion,184,Near Mint,English,,,,,,,,,Uncommon,$0.18
43,8,Canopy Vista,Battle for Zendikar,234,Near Mint,English,,,,,,,,300,Rare,$3.14
4,0,Capashen Unicorn,Invasion,10,Near Mint,English,,,,,,,,,Common,$0.15
38,8,Captain of the Mists,Avacyn Restored,45,Near Mint,English,,,,,,,,25,Rare,$0.31
2,2,Captain of the Watch,Magic 2013,8,Near Mint,English,,,,,,,,75,Rare,$0.72
4,0,Captain Sisay,Invasion,237,Near Mint,English,,,,,,,,,Rare,$3.64
27,8,Captain's Claws,Oath of the Gatewatch,162,Near Mint,English,,,,,,,,50,Rare,$0.63
7,0,Captain's Maneuver,Apocalypse,92,Near Mint,English,,,,,,,,,Uncommon,$0.18
10,8,Carnifex Demon,Scars of Mirrodin,57,Near Mint,English,,,,,,,,25,Rare,$0.33
64,8,Carnival Hellsteed,Return to Ravnica,147,Near Mint,English,,,,,,,,25,Rare,$0.28
5,0,Carnivorous Plant,The Dark,38,Near Mint,English,,,,,,,,,Common,$0.14
3,0,Carnophage,Exodus,53,Near Mint,English,,,,,,,,,Common,$0.26
2,0,Carpet of Flowers,Urza's Saga,240,Near Mint,English,,,,,,,,,Uncommon,$2.48
4,0,Carrion Wall,Nemesis,54,Near Mint,English,,,,,,,,,Uncommon,$0.21
3,0,Castle,Revised Edition,192,Near Mint,English,,,,,,,,,Uncommon,$0.18
4,0,Castle Sengir,Homelands,138,Near Mint,English,,,,,,,,,Uncommon,$0.22
2,0,Cat Burglar,Exodus,54,Near Mint,English,,,,,,,,,Common,$0.15
1,0,Cat Warriors,Legends,91,Good (Lightly Played),English,,,,,,,,,Common,$0.19
3,0,Cat Warriors,Legends,91,Near Mint,English,,,,,,,,,Common,$0.19
1,0,Cat Warriors,Classic Sixth Edition,219,Near Mint,English,,,,,,,,,Common,$0.14
2,0,Catalog,Urza's Saga,64,Near Mint,English,,,,,,,,,Common,$0.14
1,0,Catastrophe,Urza's Saga,6,Near Mint,English,,,,,,,,,Rare,$4.43
55,8,Catch // Release,Dragon's Maze,125,Near Mint,English,,,,,,,,0,Rare,$0.32
4,0,Cateran Brute,Mercadian Masques,120,Near Mint,English,,,,,,,,,Common,$0.14
1,0,Cateran Enforcer,Mercadian Masques,121,Near Mint,English,,,,,,,,,Uncommon,$0.19
1,0,Cateran Kidnappers,Mercadian Masques,122,Near Mint,English,,,,,,,,,Uncommon,$0.22
4,0,Cateran Persuader,Mercadian Masques,124,Near Mint,English,,,,,,,,,Common,$0.14
1,0,Cateran Slaver,Mercadian Masques,125,Near Mint,English,,,,,,,,,Rare,$0.35
3,0,Cateran Summons,Mercadian Masques,126,Near Mint,English,,,,,,,,,Uncommon,$0.19
4,4,Cathars' Crusade,Avacyn Restored,10,Near Mint,English,,,,,,,,125,Rare,$1.43
1,0,Cathedral of Serra,Legends,246,Near Mint,English,,,,,,,,,Uncommon,$1.35
22,8,Cathedral of War,Magic 2013,221,Near Mint,English,,,,,,,,175,Rare,$1.72
1,0,Cathodion,Urza's Saga,287,Near Mint,English,,,,,,,,,Uncommon,$0.18
4,0,Cauldron Dance,Invasion,238,Near Mint,English,,,,,,,,,Uncommon,$0.32
3,0,Caustic Wasps,Mercadian Masques,234,Near Mint,English,,,,,,,,,Uncommon,$0.19
2,0,Cave People,The Dark,59,Near Mint,English,,,,,,,,,Uncommon,$0.18
4,0,Cave Sense,Mercadian Masques,179,Near Mint,English,,,,,,,,,Common,$0.14
3,0,Cavern Crawler,Mercadian Masques,181,Near Mint,English,,,,,,,,,Common,$0.14
6,0,Cavern Harpy,Planeshift,97,Near Mint,English,,,,,,,,,Common,$0.15
2,2,Cavern of Souls,Avacyn Restored,226,Near Mint,English,,,,,,,,5475,Rare,$55.93
2,2,Caves of Koilos,Magic 2015 Core Set,241,Near Mint,English,,,,,,,,200,Rare,$2.01
9,8,Caves of Koilos,Magic Origins,245,Near Mint,English,,,,,,,,175,Rare,$1.89
59,8,Celestial Archon,Theros,3,Near Mint,English,,,,,,,,25,Rare,$0.27
2,2,Celestial Colonnade,Worldwake,133,Near Mint,English,,,,,,,,3800,Rare,$39.21
2,0,Celestial Convergence,Prophecy,5,Near Mint,English,,,,,,,,,Rare,$0.72
1,0,Celestial Dawn,Mirage,210,Near Mint,English,,,,,,,,,Rare,$0.74
1,0,Celestial Dawn,Classic Sixth Edition,7,Near Mint,English,,,,,,,,,Rare,$0.87
1,0,Celestial Prism,Revised Edition,239,Near Mint,English,,,,,,,,,Uncommon,$0.16
5,5,Cemetery Reaper,Magic 2012,86,Near Mint,English,,,,,,,,300,Rare,$2.97
12,8,Cerebral Eruption,Scars of Mirrodin,86,Near Mint,English,,,,,,,,25,Rare,$0.28
4,0,Ceremonial Guard,Mercadian Masques,182,Near Mint,English,,,,,,,,,Common,$0.14
4,0,Ceta Disciple,Apocalypse,19,Near Mint,English,,,,,,,,,Common,$0.15
7,0,Ceta Sanctuary,Apocalypse,20,Near Mint,English,,,,,,,,,Uncommon,$0.17
3,0,Chain Lightning,Legends,137,Near Mint,English,,,,,,,,,Common,$12.63
68,8,Chained to the Rocks,Theros,4,Near Mint,English,,,,,,,,50,Rare,$0.37
1,0,Chambered Nautilus,Mercadian Masques,64,Near Mint,English,,,,,,,,,Uncommon,$0.19
2,0,Chameleon Spirit,Mercadian Masques,65,Near Mint,English,,,,,,,,,Uncommon,$0.22
23,8,Champion of Lambholt,Avacyn Restored,171,Near Mint,English,,,,,,,,200,Rare,$2.09
14,8,Champion of Stray Souls,Born of the Gods,63,Near Mint,English,,,,,,,,75,MythicRare,$0.65
2,2,Champion of the Parish,Innistrad,6,Near Mint,English,,,,,,,,250,Rare,$2.65
9,8,Chancellor of the Annex,New Phyrexia,6,Near Mint,English,,,,,,,,100,Rare,$1.09
14,8,Chancellor of the Dross,New Phyrexia,54,Near Mint,English,,,,,,,,50,Rare,$0.45
4,4,Chancellor of the Forge,New Phyrexia,81,Near Mint,English,,,,,,,,50,Rare,$0.53
15,8,Chancellor of the Spires,New Phyrexia,31,Near Mint,English,,,,,,,,50,Rare,$0.41
10,8,Chancellor of the Tangle,New Phyrexia,106,Near Mint,English,,,,,,,,25,Rare,$0.35
33,8,Chandra's Ignition,Magic Origins,137,Near Mint,English,,,,,,,,50,Rare,$0.39
5,5,Chandra's Phoenix,Magic 2014 Core Set,134,Near Mint,English,,,,,,,,50,Rare,$0.59
16,8,"Chandra, Fire of Kaladesh",Magic Origins,135,Near Mint,English,,,,,,,,425,MythicRare,$4.53
3,3,"Chandra, Flamecaller",Oath of the Gatewatch,104,Near Mint,English,,,,,,,,1325,MythicRare,$15.56
3,3,"Chandra, Pyromaster",Magic 2015 Core Set,134,Near Mint,English,,,,,,,,300,MythicRare,$3.21
9,0,Channel,Revised Edition,95,Near Mint,English,,,,,,,,,Uncommon,$0.29
62,8,Chaos Imps,Return to Ravnica,90,Near Mint,English,,,,,,,,25,Rare,$0.24
3,0,Chaoslace,Revised Edition,140,Near Mint,English,,,,,,,,,Rare,$0.29
2,0,Chaotic Strike,Invasion,140,Near Mint,English,,,,,,,,,Uncommon,$0.22
1,0,Charging Paladin,Exodus,4,Near Mint,English,,,,,,,,,Common,$0.15
4,0,Charging Troll,Invasion,239,Near Mint,English,,,,,,,,,Uncommon,$0.22
4,0,Charm Peddler,Mercadian Masques,6,Near Mint,English,,,,,,,,,Common,$0.14
37,8,Charmbreaker Devils,Innistrad,134,Near Mint,English,,,,,,,,25,Rare,$0.29
1,0,Charmed Griffin,Mercadian Masques,7,Near Mint,English,,,,,,,,,Uncommon,$0.18
17,8,Chief Engineer,Magic 2015 Core Set,47,Near Mint,English,,,,,,,,50,Rare,$0.54
3,0,Chieftain en-Dal,Nemesis,4,Near Mint,English,,,,,,,,,Uncommon,$0.18
1,0,Chill,Classic Sixth Edition,60,Near Mint,English,,,,,,,,,Uncommon,$0.41
2,0,Chilling Apparition,Prophecy,59,Near Mint,English,,,,,,,,,Uncommon,$0.20
1,0,Chimeric Idol,Prophecy,136,Near Mint,English,,,,,,,,,Uncommon,$0.30
10,8,Chimeric Mass,Scars of Mirrodin,141,Near Mint,English,,,,,,,,25,Rare,$0.28
1,0,Cho-Arrim Legate,Mercadian Masques,10,Near Mint,English,,,,,,,,,Uncommon,$0.19
4,0,Cho-Manno's Blessing,Mercadian Masques,12,Near Mint,English,,,,,,,,,Common,$0.15
4,4,Choked Estuary,Shadows over Innistrad,270,Near Mint,English,,,,,,,,175,Rare,$2.56
1,0,Choking Sands,Mirage,11,Near Mint,English,,,,,,,,,Common,$0.40
1,0,Choking Vines,Weatherlight,65,Near Mint,English,,,,,,,,,Common,$0.15
4,4,Chord of Calling,Magic 2015 Core Set,172,Near Mint,English,,,,,,,,1100,Rare,$10.92
12,8,Chromanticore,Born of the Gods,144,Near Mint,English,,,,,,,,100,MythicRare,$1.06
1,1,Chromatic Lantern,Return to Ravnica,226,Near Mint,English,,,,,,,,825,Rare,$8.19
3,0,Chromatic Sphere,Invasion,299,Near Mint,English,,,,,,,,,Uncommon,$0.88
3,0,Cinder Crawler,Exodus,80,Near Mint,English,,,,,,,,,Common,$0.14
2,0,Cinder Elemental,Mercadian Masques,183,Near Mint,English,,,,,,,,,Uncommon,$0.20
1,0,Cinder Giant,Weatherlight,93,Near Mint,English,,,,,,,,,Uncommon,$0.21
37,8,Cinder Glade,Battle for Zendikar,235,Near Mint,English,,,,,,,,325,Rare,$3.18
1,0,Cinder Marsh,Tempest,307,Near Mint,English,,,,,,,,,Uncommon,$0.19
1,0,Cinder Shade,Invasion,240,Near Mint,English,,,,,,,,,Uncommon,$0.22
1,0,Circle of Protection: Artifacts,Antiquities,97,Played,English,,,,,,,,,Uncommon,$3.58
7,0,Circle of Protection: Black,Revised Edition,193,Near Mint,English,,,,,,,,,Common,$0.16
1,0,Circle of Protection: Black,Ice Age,236,Near Mint,English,,,,,,,,,Common,$0.18
10,0,Circle of Protection: Blue,Revised Edition,194,Near Mint,English,,,,,,,,,Common,$0.15
9,0,Circle of Protection: Green,Revised Edition,195,Near Mint,English,,,,,,,,,Common,$0.15
2,0,Circle of Protection: Green,Ice Age,238,Near Mint,English,,,,,,,,,Common,$0.18
1,0,Circle of Protection: Green,Tempest,222,Near Mint,English,,,,,,,,,Common,$0.19
5,0,Circle of Protection: Red,Revised Edition,196,Near Mint,English,,,,,,,,,Common,$0.17
2,0,Circle of Protection: Red,Fourth Edition,267,Near Mint,English,,,,,,,,,Common,$0.19
1,0,Circle of Protection: Red,Classic Sixth Edition,11,Near Mint,English,,,,,,,,,Common,$0.19
9,0,Circle of Protection: White,Revised Edition,197,Near Mint,English,,,,,,,,,Common,$0.14
4,0,Circle of Protection: White,Ice Age,240,Near Mint,English,,,,,,,,,Common,$0.14
1,0,Circle of Protection: White,Classic Sixth Edition,12,Near Mint,English,,,,,,,,,Common,$0.16
1,0,Citadel of Pain,Prophecy,86,Near Mint,English,,,,,,,,,Uncommon,$0.28
44,8,Citadel Siege,Fate Reforged,8,Near Mint,English,,,,,,,,25,Rare,$0.36
1,0,Citanul Druid,Antiquities,61,Near Mint,English,,,,,,,,,Uncommon,$0.56
1,0,City in a Bottle,Arabian Nights,74,Near Mint,English,,,,,,,,,Rare,$80.01
1,0,City of Brass,Chronicles,92,Near Mint,English,,,,,,,,,Rare,$2.89
1,0,City of Brass,Classic Sixth Edition,321,Near Mint,English,,,,,,,,,Rare,$2.86
1,0,City of Shadows,The Dark,113,Played,English,,,,,,,,,Rare,$4.32
1,0,City of Shadows,The Dark,113,Good (Lightly Played),English,,,,,,,,,Rare,$4.32
1,0,City of Shadows,The Dark,113,Good (Lightly Played),English,,,,,,,,,Rare,$4.32
3,0,City of Shadows,The Dark,113,Near Mint,English,,,,,,,,,Rare,$4.32
1,0,City of Traitors,Exodus,143,Near Mint,English,,,,,,,,,Rare,$166.95
2,0,Clairvoyance,Ice Age,63,Near Mint,English,,,,,,,,,Common,$0.15
42,8,Clan Defiance,Gatecrash,151,Near Mint,English,,,,,,,,25,Rare,$0.27
1,0,Claws of Gix,Urza's Saga,290,Near Mint,English,,,,,,,,,Uncommon,$0.25
1,0,Clay Statue,Antiquities,9,Near Mint,English,,,,,,,,,Common,$0.20
1,0,Cleansing,The Dark,77,Near Mint,English,,,,,,,,,Rare,$0.89
1,0,Clear the Land,Mercadian Masques,235,Near Mint,English,,,,,,,,,Rare,$0.38
20,8,Clever Impersonator,Khans of Tarkir,34,Near Mint,English,,,,,,,,325,MythicRare,$3.59
2,2,Clifftop Retreat,Innistrad,238,Near Mint,English,,,,,,,,475,Rare,$4.98
1,0,Cloak of Confusion,Ice Age,5,Near Mint,English,,,,,,,,,Common,$0.14
2,0,Cloak of Invisibility,Mirage,58,Near Mint,English,,,,,,,,,Common,$0.13
1,0,Cloak of Mists,Urza's Saga,65,Near Mint,English,,,,,,,,,Common,$0.18
4,0,Clockwork Beast,Revised Edition,240,Near Mint,English,,,,,,,,,Rare,$0.29
1,0,Clockwork Beast,Revised Edition,240,Good (Lightly Played),English,,,,,,,,,Rare,$0.29
1,0,Clockwork Gnomes,Homelands,127,Near Mint,English,,,,,,,,,Common,$0.16
4,0,Clone,Revised Edition,51,Good (Lightly Played),English,,,,,,,,,Uncommon,$0.29
16,8,Clone,Magic 2013,45,Near Mint,English,,,,,,,,50,Rare,$0.36
2,2,Clone,Magic 2014 Core Set,47,Near Mint,English,,,,,,,,50,Rare,$0.40
16,8,Clone Legion,Dragons of Tarkir,48,Near Mint,English,,,,,,,,100,MythicRare,$1.25
1,0,Close Quarters,Mercadian Masques,184,Near Mint,English,,,,,,,,,Uncommon,$0.19
1,0,Cloud Cover,Planeshift,98,Near Mint,English,,,,,,,,,Rare,$0.95
1,0,Cloud Elemental,Visions,29,Near Mint,English,,,,,,,,,Common,$0.15
2,0,Cloud Spirit,Stronghold,26,Near Mint,English,,,,,,,,,Common,$0.14
4,0,Cloud Sprite,Mercadian Masques,67,Near Mint,English,,,,,,,,,Common,$0.15
6,0,Cloudskate,Nemesis,29,Near Mint,English,,,,,,,,,Common,$0.14
3,0,Coal Golem,The Dark,96,Near Mint,English,,,,,,,,,Uncommon,$0.21
7,0,Coalition Flag,Apocalypse,2,Near Mint,English,,,,,,,,,Uncommon,$0.18
4,0,Coalition Honor Guard,Apocalypse,3,Near Mint,English,,,,,,,,,Common,$0.14
1,0,Coalition Victory,Invasion,241,Near Mint,English,,,,,,,,,Rare,$0.48
5,0,Coastal Drake,Apocalypse,22,Near Mint,English,,,,,,,,,Common,$0.14
5,0,Coastal Hornclaw,Prophecy,31,Near Mint,English,,,,,,,,,Common,$0.14
1,0,Coastal Piracy,Mercadian Masques,68,Near Mint,English,,,,,,,,,Uncommon,$0.73
1,0,Cocoon,Legends,92,Near Mint,English,,,,,,,,,Uncommon,$0.37
2,0,Coercion,Visions,4,Near Mint,English,,,,,,,,,Common,$0.15
1,0,Coercion,Classic Sixth Edition,119,Near Mint,English,,,,,,,,,Common,$0.14
1,0,Coffin Puppets,Prophecy,60,Near Mint,English,,,,,,,,,Rare,$0.32
4,0,Coiling Woodworm,Nemesis,103,Near Mint,English,,,,,,,,,Uncommon,$0.20
2,0,Coils of the Medusa,Weatherlight,7,Near Mint,English,,,,,,,,,Common,$0.14
1,0,Collapsing Borders,Invasion,141,Near Mint,English,,,,,,,,,Rare,$0.32
3,3,Collected Company,Dragons of Tarkir,177,Near Mint,English,,,,,,,,1700,Rare,$17.40
53,8,Collective Blessing,Return to Ravnica,150,Near Mint,English,,,,,,,,50,Rare,$0.37
2,0,Collective Restraint,Invasion,49,Near Mint,English,,,,,,,,,Rare,$4.07
1,0,Collective Unconscious,Mercadian Masques,236,Near Mint,English,,,,,,,,,Rare,$0.65
14,8,Colossal Whale,Magic 2014 Core Set,48,Near Mint,English,,,,,,,,25,Rare,$0.26
19,8,Colossus of Akros,Theros,214,Near Mint,English,,,,,,,,125,Rare,$1.31
4,0,Combat Medic,Fallen Empires,133,Near Mint,English,,,,,,,,,Common,$0.16
2,0,Combat Medic,Fallen Empires,134,Near Mint,English,,,,,,,,,Common,$0.16
4,0,Combat Medic,Fallen Empires,135,Near Mint,English,,,,,,,,,Common,$0.16
5,0,Combat Medic,Fallen Empires,136,Near Mint,English,,,,,,,,,Common,$0.14
26,8,Commune with Lava,Dragons of Tarkir,131,Near Mint,English,,,,,,,,50,Rare,$0.37
1,0,Complex Automaton,Nemesis,128,Near Mint,English,,,,,,,,,Rare,$0.31
3,0,Conch Horn,Fallen Empires,168,Near Mint,English,,,,,,,,,Rare,$0.33
2,0,Concordant Crossroads,Legends,93,Near Mint,English,,,,,,,,,Rare,$25.71
19,8,Conduit of Ruin,Battle for Zendikar,4,Near Mint,English,,,,,,,,100,Rare,$1.01
1,0,Cone of Flame,Weatherlight,95,Near Mint,English,,,,,,,,,Uncommon,$0.20
13,8,Confirm Suspicions,Shadows over Innistrad,53,Near Mint,English,,,,,,,,25,Rare,$0.30
10,0,Confound,Planeshift,22,Near Mint,English,,,,,,,,,Common,$0.17
2,0,Congregate,Urza's Saga,8,Near Mint,English,,,,,,,,,Common,$0.21
58,8,Conjured Currency,Return to Ravnica,33,Near Mint,English,,,,,,,,25,Rare,$0.24
5,5,Conjurer's Closet,Avacyn Restored,214,Near Mint,English,,,,,,,,75,Rare,$0.83
3,3,Consecrated Sphinx,Mirrodin Besieged,21,Near Mint,English,,,,,,,,2150,MythicRare,$21.76
1,0,Conservator,Unlimited Edition,238,Played,English,,,,,,,,,Uncommon,$0.56
1,0,Conservator,Revised Edition,241,Near Mint,English,,,,,,,,,Uncommon,$0.16
1,0,Conservator,Fourth Edition,327,Near Mint,English,,,,,,,,,Uncommon,$0.18
5,0,Consume Strength,Apocalypse,93,Near Mint,English,,,,,,,,,Common,$0.14
2,2,Consuming Aberration,Gatecrash,152,Near Mint,English,,,,,,,,300,Rare,$2.98
3,3,Contagion Engine,Scars of Mirrodin,145,Near Mint,English,,,,,,,,400,Rare,$4.12
1,0,Contemplation,Stronghold,104,Near Mint,English,,,,,,,,,Uncommon,$0.19
1,0,Contempt,Stronghold,27,Near Mint,English,,,,,,,,,Common,$0.14
8,8,Contested War Zone,Mirrodin Besieged,144,Near Mint,English,,,,,,,,50,Rare,$0.40
1,0,Contract from Below,Revised Edition,5,Near Mint,English,,,,,,,,,Rare,$0.36
1,0,Control Magic,Revised Edition,52,Near Mint,English,,,,,,,,,Uncommon,$0.46
7,0,Conversion,Revised Edition,198,Near Mint,English,,,,,,,,,Uncommon,$0.18
1,0,Conviction,Stronghold,105,Near Mint,English,,,,,,,,,Common,$0.15
1,0,Copper-Leaf Angel,Prophecy,137,Near Mint,English,,,,,,,,,Rare,$0.63
1,0,Copy Artifact,Unlimited Edition,54,Good (Lightly Played),English,,,,,,,,,Rare,$28.88
7,0,Copy Artifact,Revised Edition,53,Near Mint,English,,,,,,,,,Rare,$6.38
1,0,Coral Fighters,Mirage,59,Near Mint,English,,,,,,,,,Uncommon,$0.17
1,0,Coral Merfolk,Urza's Saga,67,Near Mint,English,,,,,,,,,Common,$0.14
27,8,Corpsejack Menace,Return to Ravnica,152,Near Mint,English,,,,,,,,50,Rare,$0.64
29,8,Corpseweft,Dragons of Tarkir,92,Near Mint,English,,,,,,,,25,Rare,$0.32
1,0,Corrosion,Visions,128,Near Mint,English,,,,,,,,,Rare,$0.35
1,0,Corrupt,Urza's Saga,124,Near Mint,English,,,,,,,,,Common,$0.18
1,0,Corrupt Official,Mercadian Masques,128,Near Mint,English,,,,,,,,,Rare,$0.30
31,8,Corrupted Crossroads,Oath of the Gatewatch,169,Near Mint,English,,,,,,,,50,Rare,$0.57
17,8,Corrupted Grafstone,Shadows over Innistrad,253,Near Mint,English,,,,,,,,25,Rare,$0.35
16,8,Council of the Absolute,Dragon's Maze,62,Near Mint,English,,,,,,,,75,MythicRare,$0.70
30,8,Counterflux,Return to Ravnica,153,Near Mint,English,,,,,,,,50,Rare,$0.62
36,8,Counterlash,Dark Ascension,33,Near Mint,English,,,,,,,,25,Rare,$0.25
1,0,Counterspell,Unlimited Edition,55,Good (Lightly Played),English,,,,,,,,,Uncommon,$16.15
2,0,Counterspell,Revised Edition,54,Near Mint,English,,,,,,,,,Uncommon,$1.09
1,0,Counterspell,Ice Age,64,Near Mint,English,,,,,,,,,Common,$1.06
1,0,Counterspell,Classic Sixth Edition,61,Near Mint,English,,,,,,,,,Common,$0.97
4,0,Counterspell,Mercadian Masques,69,Near Mint,English,,,,,,,,,Common,$1.33
19,8,Courser of Kruphix,Born of the Gods,119,Near Mint,English,,,,,,,,350,Rare,$3.61
55,8,Crackling Doom,Khans of Tarkir,171,Near Mint,English,,,,,,,,75,Rare,$0.65
1,0,Cradle Guard,Urza's Saga,245,Near Mint,English,,,,,,,,,Uncommon,$0.18
4,0,Crash,Mercadian Masques,186,Near Mint,English,,,,,,,,,Common,$0.14
1,0,Crashing Boars,Exodus,108,Near Mint,English,,,,,,,,,Uncommon,$0.18
27,8,Crater Elemental,Dragons of Tarkir,132,Near Mint,English,,,,,,,,25,Rare,$0.34
39,8,Crater's Claws,Khans of Tarkir,106,Near Mint,English,,,,,,,,50,Rare,$0.36
1,0,Craven Giant,Stronghold,78,Near Mint,English,,,,,,,,,Common,$0.14
10,0,Craw Wurm,Revised Edition,97,Near Mint,English,,,,,,,,,Common,$0.13
6,0,Creature Bond,Revised Edition,55,Near Mint,English,,,,,,,,,Common,$0.15
1,0,Creature Bond,Fourth Edition,66,Near Mint,English,,,,,,,,,Common,$0.14
1,0,Credit Voucher,Mercadian Masques,289,Near Mint,English,,,,,,,,,Uncommon,$0.19
8,8,Creeping Corrosion,Mirrodin Besieged,78,Near Mint,English,,,,,,,,200,Rare,$2.20
1,0,Creeping Mold,Visions,53,Near Mint,English,,,,,,,,,Uncommon,$0.20
31,8,Creeping Renaissance,Innistrad,174,Near Mint,English,,,,,,,,25,Rare,$0.32
21,8,Creepy Doll,Innistrad,220,Near Mint,English,,,,,,,,50,Rare,$0.34
1,0,Cremate,Invasion,96,Near Mint,English,,,,,,,,,Uncommon,$0.18
2,0,Crenellated Wall,Mercadian Masques,290,Near Mint,English,,,,,,,,,Uncommon,$0.24
1,0,Crevasse,Legends,138,Near Mint,English,,,,,,,,,Uncommon,$0.38
4,0,Crimson Acolyte,Invasion,11,Near Mint,English,,,,,,,,,Common,$0.17
1,0,Crooked Scales,Mercadian Masques,291,Near Mint,English,,,,,,,,,Rare,$0.34
2,0,Crop Rotation,Urza's Legacy,98,Near Mint,English,,,,,,,,,Common,$1.91
1,0,Crosis's Attendant,Invasion,300,Near Mint,English,,,,,,,,,Uncommon,$0.18
4,0,Crosis's Catacombs,Planeshift,136,Near Mint,English,,,,,,,,,Uncommon,$0.76
4,0,Crosis's Charm,Planeshift,99,Near Mint,English,,,,,,,,,Uncommon,$0.26
2,0,"Crosis, the Purger",Invasion,242,Near Mint,English,,,,,,,,,Rare,$3.19
2,0,Crossbow Ambush,Stronghold,55,Near Mint,English,,,,,,,,,Common,$0.14
4,0,Crossbow Infantry,Mercadian Masques,16,Near Mint,English,,,,,,,,,Common,$0.14
1,0,Crovax the Cursed,Stronghold,5,Near Mint,English,,,,,,,,,Rare,$0.44
3,0,Crown of Flames,Invasion,142,Near Mint,English,,,,,,,,,Common,$0.14
11,8,Crucible of Fire,Magic 2015 Core Set,139,Near Mint,English,,,,,,,,75,Rare,$0.85
33,8,Crucible of the Spirit Dragon,Fate Reforged,167,Near Mint,English,,,,,,,,50,Rare,$0.38
1,1,Crucible of Worlds,Fifth Dawn,114,Near Mint,Japanese,,,,,,,,7245,Rare,$62.08
10,8,Cruel Sadist,Magic 2015 Core Set,93,Near Mint,English,,,,,,,,25,Rare,$0.23
4,0,Crumble,Antiquities,62,Near Mint,English,,,,,,,,,Common,$0.21
5,0,Crush of Tentacles,Oath of the Gatewatch,53,Near Mint,English,,,,,,,,300,MythicRare,$2.10
39,8,Crux of Fate,Fate Reforged,65,Near Mint,English,,,,,,,,75,Rare,$0.83
8,8,Crypt Ghast,Gatecrash,61,Near Mint,English,,,,,,,,250,Rare,$2.55
56,8,Cryptborn Horror,Return to Ravnica,212,Near Mint,English,,,,,,,,25,Rare,$0.25
1,1,Cryptic Command,Lorwyn,56,Near Mint,English,,,,,,,,2775,Rare,$27.50
36,8,Cryptolith Rite,Shadows over Innistrad,200,Near Mint,English,,,,,,,,275,Rare,$2.45
2,0,Crystal Chimes,Urza's Saga,292,Near Mint,English,,,,,,,,,Uncommon,$0.31
2,0,Crystal Rod,Revised Edition,242,Near Mint,English,,,,,,,,,Uncommon,$0.16
1,0,Crystal Vein,Mirage,290,Near Mint,English,,,,,,,,,Uncommon,$0.40
2,0,Culling the Weak,Exodus,55,Near Mint,English,,,,,,,,,Common,$0.71
2,0,Cunning,Exodus,28,Near Mint,English,,,,,,,,,Common,$0.14
1,0,Curiosity,Exodus,29,Near Mint,English,,,,,,,,,Uncommon,$0.42
4,0,Curse Artifact,The Dark,5,Near Mint,English,,,,,,,,,Uncommon,$0.18
10,8,Curse of Bloodletting,Dark Ascension,85,Near Mint,English,,,,,,,,50,Rare,$0.53
45,8,Curse of Death's Hold,Innistrad,94,Near Mint,English,,,,,,,,50,Rare,$0.43
21,8,Curse of Echoes,Dark Ascension,34,Near Mint,English,,,,,,,,25,Rare,$0.27
1,0,Curse of Marit Lage,Ice Age,181,Near Mint,English,,,,,,,,,Rare,$0.33
33,8,Curse of Misfortunes,Dark Ascension,56,Near Mint,English,,,,,,,,25,Rare,$0.26
33,8,Curse of Stalked Prey,Innistrad,136,Near Mint,English,,,,,,,,25,Rare,$0.34
34,8,Curse of the Swine,Theros,46,Near Mint,English,,,,,,,,25,Rare,$0.29
3,3,Cursecatcher,Shadowmoor,34,Near Mint,English,,,,,,,,1175,Uncommon,$11.66
1,0,Cursed Flesh,Exodus,56,Near Mint,English,,,,,,,,,Common,$0.15
4,0,Cursed Flesh,Invasion,98,Near Mint,English,,,,,,,,,Common,$0.14
3,0,Cursed Land,Revised Edition,6,Near Mint,English,,,,,,,,,Uncommon,$0.17
1,0,Cursed Rack,Antiquities,13,Played,English,,,,,,,,,Uncommon,$0.64
1,0,Customs Depot,Mercadian Masques,71,Near Mint,English,,,,,,,,,Uncommon,$0.17
4,4,Cyclonic Rift,Return to Ravnica,35,Near Mint,English,,,,,,,,600,Rare,$5.96
1,0,Cyclopean Mummy,Legends,7,Near Mint,English,,,,,,,,,Common,$0.16
2,0,Cyclopean Mummy,Legends,7,Good (Lightly Played),English,,,,,,,,,Common,$0.16
6,0,D'Avenant Archer,Legends,176,Near Mint,English,,,,,,,,,Common,$0.19
1,0,D'Avenant Archer,Classic Sixth Edition,14,Near Mint,English,,,,,,,,,Common,$0.14
32,8,Daghatar the Adamant,Fate Reforged,9,Near Mint,English,,,,,,,,25,Rare,$0.31
26,8,Damnable Pact,Dragons of Tarkir,93,Near Mint,English,,,,,,,,50,Rare,$0.37
1,1,Damnation,Planar Chaos,85,Near Mint,English,,,,,,,,6475,Rare,$64.13
1,0,Dance of Many,The Dark,21,Good (Lightly Played),English,,,,,,,,,Rare,$0.92
1,0,Dance of the Dead,Ice Age,6,Near Mint,English,,,,,,,,,Uncommon,$1.37
3,0,Dancing Scimitar,Revised Edition,243,Near Mint,English,,,,,,,,,Rare,$0.28
1,0,Darigaaz's Attendant,Invasion,301,Near Mint,English,,,,,,,,,Uncommon,$0.18
3,0,Darigaaz's Charm,Planeshift,100,Near Mint,English,,,,,,,,,Uncommon,$0.22
2,0,"Darigaaz, the Igniter",Invasion,243,Near Mint,English,,,,,,,,,Rare,$1.39
9,0,Daring Leap,Planeshift,101,Near Mint,English,,,,,,,,,Common,$0.14
9,8,Daring Thief,Journey into Nyx,36,Near Mint,English,,,,,,,,25,Rare,$0.26
1,0,Dark Banishing,Mirage,13,Near Mint,English,,,,,,,,,Common,$0.14
6,0,Dark Heart of the Wood,The Dark,117,Near Mint,English,,,,,,,,,Common,$0.15
19,8,Dark Impostor,Avacyn Restored,92,Near Mint,English,,,,,,,,100,Rare,$0.89
9,8,Dark Petition,Magic Origins,90,Near Mint,English,,,,,,,,325,Rare,$3.14
3,0,Dark Privilege,Visions,6,Near Mint,English,,,,,,,,,Common,$0.15
24,8,Dark Prophecy,Magic 2014 Core Set,93,Near Mint,English,,,,,,,,25,Rare,$0.32
1,0,Dark Ritual,Revised Edition,7,Good (Lightly Played),English,,,,,,,,,Common,$0.63
8,0,Dark Ritual,Revised Edition,7,Near Mint,English,,,,,,,,,Common,$0.63
1,0,Dark Ritual,Ice Age,8,Near Mint,English,,,,,,,,,Common,$0.64
1,0,Dark Ritual,Mirage,14,Near Mint,English,,,,,,,,,Common,$0.68
1,0,Dark Ritual,Urza's Saga,127,Near Mint,English,,,,,,,,,Common,$0.61
3,0,Dark Ritual,Mercadian Masques,129,Near Mint,English,,,,,,,,,Common,$0.71
1,0,Dark Sphere,The Dark,97,Good (Lightly Played),English,,,,,,,,,Uncommon,$1.00
4,0,Dark Sphere,The Dark,97,Near Mint,English,,,,,,,,,Uncommon,$1.00
5,0,Dark Triumph,Nemesis,55,Near Mint,English,,,,,,,,,Uncommon,$0.21
1,0,Darkness,Legends,8,Played,English,,,,,,,,,Common,$6.58
1,0,Darkpact,Revised Edition,8,Near Mint,English,,,,,,,,,Rare,$0.30
2,2,Darkslick Shores,Scars of Mirrodin,226,Near Mint,English,,,,,,,,900,Rare,$8.85
1,1,Darksteel Forge,Magic 2014 Core Set,206,Near Mint,English,,,,,,,,575,MythicRare,$5.60
1,1,Darksteel Plate,Mirrodin Besieged,104,Near Mint,English,,,,,,,,750,Rare,$7.61
4,0,Darting Merfolk,Mercadian Masques,72,Near Mint,English,,,,,,,,,Common,$0.14
1,0,Dauthi Cutthroat,Exodus,57,Near Mint,English,,,,,,,,,Uncommon,$0.25
2,0,Dauthi Jackal,Exodus,58,Near Mint,English,,,,,,,,,Common,$0.16
2,0,Dauthi Slayer,Tempest,20,Near Mint,English,,,,,,,,,Common,$0.18
5,5,Dawnbringer Charioteers,Journey into Nyx,6,Near Mint,English,,,,,,,,25,Rare,$0.29
50,8,Daxos of Meletis,Theros,191,Near Mint,English,,,,,,,,25,Rare,$0.32
4,4,Day of Judgment,Magic 2012,12,Near Mint,English,,,,,,,,250,Rare,$2.49
11,8,Day's Undoing,Magic Origins,51,Near Mint,English,,,,,,,,475,MythicRare,$4.85
39,8,Daybreak Ranger,Innistrad,176,Near Mint,English,,,,,,,,50,Rare,$0.55
10,0,Daze,Nemesis,30,Near Mint,English,,,,,,,,,Common,$2.45
1,0,Dazzling Beauty,Mirage,212,Near Mint,English,,,,,,,,,Common,$0.14
4,0,Dead Ringers,Apocalypse,37,Near Mint,English,,,,,,,,,Common,$0.15
1,0,Deadapult,Planeshift,59,Near Mint,English,,,,,,,,,Rare,$0.31
12,8,Deadbridge Chant,Dragon's Maze,63,Near Mint,English,,,,,,,,225,MythicRare,$2.35
37,8,Deadbridge Goliath,Return to Ravnica,120,Near Mint,English,,,,,,,,25,Rare,$0.29
20,8,Deadeye Navigator,Avacyn Restored,47,Near Mint,English,,,,,,,,200,Rare,$2.17
1,0,Deadfall,Legends,95,Good (Lightly Played),English,,,,,,,,,Uncommon,$0.40
1,0,Deadly Insect,Alliances,64,Near Mint,English,,,,,,,,,Common,$0.18
1,0,Deadly Insect,Alliances,65,Near Mint,English,,,,,,,,,Common,$0.17
4,0,Deadly Insect,Mercadian Masques,238,Near Mint,English,,,,,,,,,Common,$0.14
36,8,Dearly Departed,Innistrad,9,Near Mint,English,,,,,,,,25,Rare,$0.30
5,0,Death Bomb,Planeshift,41,Near Mint,English,,,,,,,,,Common,$0.14
4,0,Death Charmer,Prophecy,61,Near Mint,English,,,,,,,,,Common,$0.14
7,0,Death Mutation,Apocalypse,96,Near Mint,English,,,,,,,,,Uncommon,$0.18
1,0,Death or Glory,Invasion,13,Near Mint,English,,,,,,,,,Rare,$0.35
2,0,Death Pit Offering,Nemesis,56,Near Mint,English,,,,,,,,,Rare,$0.34
14,0,Death Ward,Revised Edition,200,Near Mint,English,,,,,,,,,Common,$0.13
1,0,Death Watch,Visions,7,Near Mint,English,,,,,,,,,Common,$0.16
5,0,Death's Duet,Exodus,60,Near Mint,English,,,,,,,,,Common,$0.15
44,8,Death's Presence,Return to Ravnica,121,Near Mint,English,,,,,,,,25,Rare,$0.26
22,8,Deathbringer Regent,Dragons of Tarkir,96,Near Mint,English,,,,,,,,25,Rare,$0.34
26,8,Deathcap Cultivator,Shadows over Innistrad,202,Near Mint,English,,,,,,,,50,Rare,$0.84
1,0,Deathgazer,Mercadian Masques,130,Near Mint,English,,,,,,,,,Uncommon,$0.17
1,0,Deathlace,Revised Edition,10,Near Mint,English,,,,,,,,,Rare,$0.26
9,8,Deathmist Raptor,Dragons of Tarkir,180,Near Mint,English,,,,,,,,275,MythicRare,$3.96
32,8,Deathpact Angel,Gatecrash,153,Near Mint,English,,,,,,,,100,MythicRare,$0.98
19,8,Deathrite Shaman,Return to Ravnica,213,Near Mint,English,,,,,,,,550,Rare,$5.39
26,8,Deceiver of Form,Oath of the Gatewatch,1,Near Mint,English,,,,,,,,25,Rare,$0.32
8,8,Decimator Web,Mirrodin Besieged,105,Near Mint,English,,,,,,,,25,Rare,$0.31
5,5,Declaration in Stone,Shadows over Innistrad,12,Near Mint,English,,,,,,,,550,Rare,$5.73
8,0,Deep Spawn,Fallen Empires,34,Near Mint,English,,,,,,,,,Uncommon,$0.20
6,0,Deep Water,The Dark,22,Near Mint,English,,,,,,,,,Common,$0.14
38,8,Deepfathom Skulker,Oath of the Gatewatch,43,Near Mint,English,,,,,,,,25,Rare,$0.29
3,0,Deepwood Drummer,Mercadian Masques,239,Near Mint,English,,,,,,,,,Common,$0.14
1,0,Deepwood Elder,Mercadian Masques,240,Near Mint,English,,,,,,,,,Rare,$0.29
4,0,Deepwood Ghoul,Mercadian Masques,131,Near Mint,English,,,,,,,,,Common,$0.14
1,0,Deepwood Legate,Mercadian Masques,132,Near Mint,English,,,,,,,,,Uncommon,$0.17
1,0,Deepwood Tantiv,Mercadian Masques,241,Near Mint,English,,,,,,,,,Uncommon,$0.18
4,0,Deepwood Wolverine,Mercadian Masques,242,Near Mint,English,,,,,,,,,Common,$0.15
9,0,Defender en-Vec,Nemesis,5,Near Mint,English,,,,,,,,,Common,$0.14
2,0,Defender of Chaos,Urza's Legacy,75,Near Mint,English,,,,,,,,,Common,$0.14
1,0,Defender of Law,Urza's Legacy,5,Near Mint,English,,,,,,,,,Common,$0.16
1,1,Defense of the Heart,Urza's Legacy,100,Near Mint,English,,,,,,,,1075,Rare,$10.76
1,0,Defensive Formation,Urza's Saga,9,Near Mint,English,,,,,,,,,Uncommon,$0.22
46,8,Defiant Bloodlord,Battle for Zendikar,107,Near Mint,English,,,,,,,,25,Rare,$0.27
11,0,Defiant Falcon,Nemesis,6,Near Mint,English,,,,,,,,,Common,$0.17
3,0,Defiant Vanguard,Nemesis,7,Near Mint,English,,,,,,,,,Uncommon,$0.21
2,0,Defiling Tears,Invasion,99,Near Mint,English,,,,,,,,,Uncommon,$0.17
30,8,Deflecting Palm,Khans of Tarkir,173,Near Mint,English,,,,,,,,75,Rare,$0.67
4,0,Dega Disciple,Apocalypse,4,Near Mint,English,,,,,,,,,Common,$0.15
7,0,Dega Sanctuary,Apocalypse,5,Near Mint,English,,,,,,,,,Uncommon,$0.18
4,0,Dehydration,Mercadian Masques,73,Near Mint,English,,,,,,,,,Common,$0.14
29,8,Deicide,Journey into Nyx,7,Near Mint,English,,,,,,,,50,Rare,$0.36
5,0,Delif's Cone,Fallen Empires,169,Near Mint,English,,,,,,,,,Common,$0.16
2,0,Delif's Cube,Fallen Empires,170,Near Mint,English,,,,,,,,,Rare,$0.28
1,0,Delirium,Mirage,320,Near Mint,English,,,,,,,,,Uncommon,$0.24
1,0,Delraich,Mercadian Masques,133,Near Mint,English,,,,,,,,,Rare,$0.83
1,0,Demonic Attorney,Revised Edition,11,Near Mint,English,,,,,,,,,Rare,$0.29
1,0,Demonic Hordes,Revised Edition,12,Near Mint,English,,,,,,,,,Rare,$0.92
10,8,Demonic Pact,Magic Origins,92,Near Mint,English,,,,,,,,450,MythicRare,$4.34
37,8,Demonic Rising,Avacyn Restored,94,Near Mint,English,,,,,,,,25,Rare,$0.25
2,1,Demonic Tutor,Revised Edition,13,Near Mint,English,,,,,,,,,Uncommon,$16.36
43,8,Demonlord of Ashmouth,Avacyn Restored,96,Near Mint,English,,,,,,,,50,Rare,$0.42
18,8,Den Protector,Dragons of Tarkir,181,Near Mint,English,,,,,,,,225,Rare,$2.74
2,0,Deranged Hermit,Urza's Legacy,101,Near Mint,English,,,,,,,,,Rare,$8.50
40,8,Deranged Outcast,Dark Ascension,112,Near Mint,English,,,,,,,,25,Rare,$0.25
2,0,Derelor,Fallen Empires,10,Near Mint,English,,,,,,,,,Rare,$0.28
3,3,Descend upon the Sinful,Shadows over Innistrad,13,Near Mint,English,,,,,,,,150,MythicRare,$1.61
3,3,Descendants' Path,Avacyn Restored,173,Near Mint,English,,,,,,,,325,Rare,$3.68
28,8,Descent into Madness,Avacyn Restored,97,Near Mint,English,,,,,,,,75,MythicRare,$0.72
6,6,Descent of the Dragons,Dragons of Tarkir,133,Near Mint,English,,,,,,,,225,MythicRare,$2.31
17,8,Desecration Demon,Return to Ravnica,63,Near Mint,English,,,,,,,,150,Rare,$1.58
6,0,Desert,Arabian Nights,86,Played,English,,,,,,,,,Common,$1.18
1,0,Desert,Arabian Nights,86,Poor,English,,,,,,,,,Common,$1.18
1,0,Desert Twister,Arabian Nights,30,Good (Lightly Played),English,,,,,,,,,Uncommon,$16.69
1,0,Desert Twister,Revised Edition,99,Near Mint,English,,,,,,,,,Uncommon,$0.22
1,0,Desert Twister,Revised Edition,99,Good (Lightly Played),English,,,,,,,,,Uncommon,$0.22
2,0,Desert Twister,Mercadian Masques,243,Near Mint,English,,,,,,,,,Uncommon,$0.24
2,0,Desertion,Visions,30,Near Mint,English,,,,,,,,,Rare,$5.32
31,8,Desolate Lighthouse,Avacyn Restored,227,Near Mint,English,,,,,,,,125,Rare,$1.18
35,8,Desolation Twin,Battle for Zendikar,6,Near Mint,English,,,,,,,,50,Rare,$0.42
3,0,Despoil,Prophecy,62,Near Mint,English,,,,,,,,,Common,$0.16
24,8,Despoiler of Souls,Magic Origins,93,Near Mint,English,,,,,,,,50,Rare,$0.47
1,0,Despondency,Urza's Saga,129,Near Mint,English,,,,,,,,,Common,$0.14
24,8,Detention Sphere,Return to Ravnica,155,Near Mint,English,,,,,,,,150,Rare,$1.60
4,0,Devastate,Prophecy,87,Near Mint,English,,,,,,,,,Common,$0.14
1,1,Devastation,Portal,128,Good (Lightly Played),English,,,,,,,,1619,Rare,$17.14
21,8,Devastation Tide,Avacyn Restored,48,Near Mint,English,,,,,,,,50,Rare,$0.59
26,8,Devil's Play,Innistrad,140,Near Mint,English,,,,,,,,25,Rare,$0.31
12,8,Devils' Playground,Shadows over Innistrad,151,Near Mint,English,,,,,,,,25,Rare,$0.25
2,0,Devouring Deep,Legends,50,Near Mint,English,,,,,,,,,Common,$0.18
1,0,Devouring Strossus,Invasion,101,Near Mint,English,,,,,,,,,Rare,$0.45
3,0,Devout Harpist,Urza's Legacy,6,Near Mint,English,,,,,,,,,Common,$0.14
10,8,Devout Invocation,Magic 2014 Core Set,16,Near Mint,English,,,,,,,,150,MythicRare,$1.45
4,0,Devout Witness,Mercadian Masques,17,Near Mint,English,,,,,,,,,Common,$0.14
1,0,Diabolic Intent,Planeshift,42,Near Mint,English,,,,,,,,,Rare,$15.66
4,0,Diabolic Machine,The Dark,98,Near Mint,English,,,,,,,,,Uncommon,$0.20
3,3,Diabolic Revelation,Magic 2013,87,Near Mint,English,,,,,,,,125,Rare,$1.17
1,0,Diabolic Servitude,Urza's Saga,130,Near Mint,English,,,,,,,,,Uncommon,$0.24
1,0,Diabolic Vision,Ice Age,362,Near Mint,English,,,,,,,,,Uncommon,$0.33
3,3,Dictate of Erebos,Journey into Nyx,65,Near Mint,English,,,,,,,,300,Rare,$2.98
13,8,Dictate of Heliod,Journey into Nyx,8,Near Mint,English,,,,,,,,25,Rare,$0.31
7,7,Dictate of Karametra,Journey into Nyx,121,Near Mint,English,,,,,,,,50,Rare,$0.37
10,8,Dictate of Kruphix,Journey into Nyx,37,Near Mint,English,,,,,,,,100,Rare,$1.22
12,8,Dictate of the Twin Gods,Journey into Nyx,93,Near Mint,English,,,,,,,,25,Rare,$0.28
1,0,Didgeridoo,Homelands,130,Near Mint,English,,,,,,,,,Rare,$3.48
35,8,Dig Through Time,Khans of Tarkir,36,Near Mint,English,,,,,,,,125,Rare,$1.27
58,8,Diluvian Primordial,Gatecrash,33,Near Mint,English,,,,,,,,25,Rare,$0.32
46,8,Dimensional Infiltrator,Oath of the Gatewatch,44,Near Mint,English,,,,,,,,50,Rare,$0.46
2,0,Dingus Egg,Revised Edition,244,Good (Lightly Played),English,,,,,,,,,Rare,$0.32
1,0,Dingus Egg,Revised Edition,244,Near Mint,English,,,,,,,,,Rare,$0.32
2,0,Diplomatic Escort,Mercadian Masques,74,Near Mint,English,,,,,,,,,Uncommon,$0.18
3,0,Diplomatic Immunity,Mercadian Masques,75,Near Mint,English,,,,,,,,,Common,$0.38
7,7,Diregraf Colossus,Shadows over Innistrad,107,Near Mint,English,,,,,,,,200,Rare,$2.28
4,0,Dirtcowl Wurm,Tempest,115,Near Mint,English,,,,,,,,,Rare,$0.75
26,8,Disciple of Bolas,Magic 2013,88,Near Mint,English,,,,,,,,50,Rare,$0.54
6,0,Disciple of Kangee,Planeshift,3,Near Mint,English,,,,,,,,,Common,$0.14
2,0,Disciple of Law,Urza's Saga,11,Near Mint,English,,,,,,,,,Common,$0.15
23,8,Disciple of the Ring,Magic Origins,53,Near Mint,English,,,,,,,,100,MythicRare,$1.08
2,0,Disempower,Mirage,213,Near Mint,English,,,,,,,,,Common,$0.14
15,0,Disenchant,Revised Edition,201,Near Mint,English,,,,,,,,,Common,$0.18
1,0,Disenchant,Fourth Edition,272,Near Mint,English,,,,,,,,,Common,$0.18
3,0,Disenchant,Ice Age,244,Near Mint,English,,,,,,,,,Common,$0.18
1,0,Disenchant,Mirage,214,Near Mint,English,,,,,,,,,Common,$0.18
1,0,Disenchant,Tempest,228,Near Mint,English,,,,,,,,,Common,$0.16
1,0,Disenchant,Urza's Saga,12,Near Mint,English,,,,,,,,,Common,$0.17
4,0,Disenchant,Mercadian Masques,18,Near Mint,English,,,,,,,,,Common,$0.17
3,0,Disintegrate,Revised Edition,141,Good (Lightly Played),English,,,,,,,,,Common,$0.16
6,0,Disintegrate,Revised Edition,141,Near Mint,English,,,,,,,,,Common,$0.16
5,0,Dismantling Blow,Invasion,14,Near Mint,English,,,,,,,,,Common,$0.19
25,8,Dismiss into Dream,Magic 2014 Core Set,50,Near Mint,English,,,,,,,,25,Rare,$0.25
16,8,Displacement Wave,Magic Origins,55,Near Mint,English,,,,,,,,25,Rare,$0.32
1,0,Disrupt,Weatherlight,37,Near Mint,English,,,,,,,,,Common,$0.19
1,0,Disrupt,Invasion,51,Near Mint,English,,,,,,,,,Uncommon,$0.25
1,0,Disrupting Scepter,Revised Edition,245,Near Mint,English,,,,,,,,,Rare,$0.29
1,0,Disrupting Scepter,Fourth Edition,334,Near Mint,English,,,,,,,,,Rare,$0.27
3,0,Disruptive Student,Urza's Saga,69,Near Mint,English,,,,,,,,,Common,$0.16
11,8,Distant Memories,Mirrodin Besieged,24,Near Mint,English,,,,,,,,25,Rare,$0.26
7,0,Diversionary Tactics,Apocalypse,7,Near Mint,English,,,,,,,,,Uncommon,$0.19
31,8,Divine Deflection,Avacyn Restored,18,Near Mint,English,,,,,,,,25,Rare,$0.26
4,0,Divine Light,Apocalypse,8,Near Mint,English,,,,,,,,,Common,$0.15
1,0,Divine Offering,Legends,178,Good (Lightly Played),English,,,,,,,,,Common,$0.26
3,0,Divine Offering,Legends,178,Played,English,,,,,,,,,Common,$0.26
1,0,Divine Offering,Mirage,215,Near Mint,English,,,,,,,,,Common,$0.15
36,8,Divine Reckoning,Innistrad,10,Near Mint,English,,,,,,,,25,Rare,$0.29
7,0,Diving Griffin,Prophecy,6,Near Mint,English,,,,,,,,,Common,$0.14
1,0,Divining Witch,Nemesis,57,Near Mint,English,,,,,,,,,Rare,$0.53
5,0,Dizzying Gaze,Exodus,81,Near Mint,English,,,,,,,,,Common,$0.14
9,8,Djinn of Wishes,Magic 2012,51,Near Mint,English,,,,,,,,25,Rare,$0.25
2,0,Do or Die,Invasion,102,Near Mint,English,,,,,,,,,Rare,$1.88
7,0,Dodecapod,Apocalypse,134,Near Mint,English,,,,,,,,,Uncommon,$0.18
25,8,Domestication,Magic 2014 Core Set,53,Near Mint,English,,,,,,,,25,Rare,$0.27
1,0,Dominaria's Judgment,Planeshift,4,Near Mint,English,,,,,,,,,Rare,$0.31
7,0,Dominate,Nemesis,31,Near Mint,English,,,,,,,,,Uncommon,$0.25
1,0,Donate,Urza's Destiny,31,Near Mint,English,,,,,,,,,Rare,$3.76
35,8,Doomwake Giant,Journey into Nyx,66,Near Mint,English,,,,,,,,25,Rare,$0.34
7,7,Door of Destinies,Magic 2014 Core Set,208,Near Mint,English,,,,,,,,450,Rare,$4.34
6,6,Door to Nothingness,Magic 2013,203,Near Mint,English,,,,,,,,125,Rare,$1.24
8,0,Downhill Charge,Nemesis,79,Near Mint,English,,,,,,,,,Common,$0.14
1,0,Draco,Planeshift,131,Near Mint,English,,,,,,,,,Rare,$1.86
4,0,Draconian Cylix,Fallen Empires,171,Near Mint,English,,,,,,,,,Rare,$0.30
1,0,Drafna's Restoration,Antiquities,52,Played,English,,,,,,,,,Common,$0.30
7,0,Dragon Arch,Apocalypse,135,Near Mint,English,,,,,,,,,Uncommon,$1.88
1,1,Dragon Broodmother,Alara Reborn,53,Near Mint,English,,,,,,,,1425,MythicRare,$14.15
3,0,Dragon Engine,Antiquities,14,Near Mint,English,,,,,,,,,Common,$0.24
2,0,Dragon Engine,Revised Edition,246,Near Mint,English,,,,,,,,,Rare,$0.32
17,8,Dragon Tempest,Dragons of Tarkir,136,Near Mint,English,,,,,,,,100,Rare,$1.12
24,8,Dragon Throne of Tarkir,Khans of Tarkir,219,Near Mint,English,,,,,,,,25,Rare,$0.27
5,0,Dragon Whelp,Revised Edition,142,Near Mint,English,,,,,,,,,Uncommon,$0.20
2,0,Dragon Whelp,Revised Edition,142,Good (Lightly Played),English,,,,,,,,,Uncommon,$0.20
17,8,Dragon Whisperer,Dragons of Tarkir,137,Near Mint,English,,,,,,,,150,MythicRare,$1.51
24,8,Dragon-Style Twins,Khans of Tarkir,108,Near Mint,English,,,,,,,,25,Rare,$0.25
4,4,Dragonlord Atarka,Dragons of Tarkir,216,Near Mint,English,,,,,,,,900,MythicRare,$9.68
3,3,Dragonlord Dromoka,Dragons of Tarkir,217,Near Mint,English,,,,,,,,550,MythicRare,$5.87
7,7,Dragonlord Kolaghan,Dragons of Tarkir,218,Near Mint,English,,,,,,,,375,MythicRare,$4.08
7,7,Dragonlord Ojutai,Dragons of Tarkir,219,Near Mint,English,,,,,,,,775,MythicRare,$8.53
1,1,Dragonlord Silumgar,Dragons of Tarkir,220,Near Mint,English,,,,,,,,625,MythicRare,$6.62
22,8,Dragonlord's Prerogative,Dragons of Tarkir,52,Near Mint,English,,,,,,,,50,Rare,$0.41
23,8,Dragonmaster Outcast,Battle for Zendikar,144,Near Mint,English,,,,,,,,250,MythicRare,$2.39
13,8,Dragonscale General,Fate Reforged,11,Near Mint,English,,,,,,,,25,Rare,$0.33
39,8,Dragonshift,Dragon's Maze,66,Near Mint,English,,,,,,,,25,Rare,$0.27
1,1,Dragonskull Summit,Magic 2012,225,Near Mint,English,,,,,,,,250,Rare,$2.57
6,6,Dragonskull Summit,Magic 2013,222,Near Mint,English,,,,,,,,250,Rare,$2.57
4,0,Drain Life,Revised Edition,14,Good (Lightly Played),English,,,,,,,,,Common,$0.16
1,0,Drain Life,Mirage,16,Near Mint,English,,,,,,,,,Common,$0.16
3,0,Drain Power,Revised Edition,56,Good (Lightly Played),English,,,,,,,,,Rare,$0.69
3,0,Drake Hatchling,Mercadian Masques,76,Near Mint,English,,,,,,,,,Common,$0.14
2,0,Drake-Skull Cameo,Invasion,302,Near Mint,English,,,,,,,,,Uncommon,$0.17
29,8,Drana's Chosen,Oath of the Gatewatch,84,Near Mint,English,,,,,,,,25,Rare,$0.29
19,8,"Drana, Liberator of Malakir",Battle for Zendikar,109,Near Mint,English,,,,,,,,600,MythicRare,$5.92
32,8,Dread Defiler,Oath of the Gatewatch,68,Near Mint,English,,,,,,,,25,Rare,$0.29
1,0,Dread of Night,Classic Sixth Edition,122,Near Mint,English,,,,,,,,,Uncommon,$0.48
27,8,Dread Slaver,Avacyn Restored,98,Near Mint,English,,,,,,,,25,Rare,$0.28
40,8,Dreadbore,Return to Ravnica,157,Near Mint,English,,,,,,,,325,Rare,$3.39
1,0,Dream Cache,Classic Sixth Edition,66,Near Mint,English,,,,,,,,,Common,$0.18
2,0,Dream Coat,Legends,51,Near Mint,English,,,,,,,,,Uncommon,$0.39
1,0,Dream Fighter,Mirage,63,Near Mint,English,,,,,,,,,Common,$0.14
1,0,Dream Prowler,Stronghold,29,Near Mint,English,,,,,,,,,Common,$0.15
4,0,Dream Thrush,Invasion,53,Near Mint,English,,,,,,,,,Common,$0.14
1,0,Dreams of the Dead,Ice Age,66,Near Mint,English,,,,,,,,,Uncommon,$0.18
2,0,Dredge,Invasion,103,Near Mint,English,,,,,,,,,Uncommon,$0.22
4,0,Drifting Meadow,Urza's Saga,320,Near Mint,English,,,,,,,,,Common,$0.17
19,8,Drogskol Cavalry,Shadows over Innistrad,15,Near Mint,English,,,,,,,,25,Rare,$0.27
2,2,Drogskol Reaver,Dark Ascension,137,Near Mint,English,,,,,,,,200,MythicRare,$2.04
3,0,Dromar's Cavern,Planeshift,138,Near Mint,English,,,,,,,,,Uncommon,$0.48
4,0,Dromar's Charm,Planeshift,105,Near Mint,English,,,,,,,,,Uncommon,$0.26
1,0,"Dromar, the Banisher",Invasion,244,Near Mint,English,,,,,,,,,Rare,$3.62
18,8,Dromoka's Command,Dragons of Tarkir,221,Near Mint,English,,,,,,,,375,Rare,$4.17
32,8,"Dromoka, the Eternal",Fate Reforged,151,Near Mint,English,,,,,,,,25,Rare,$0.38
2,0,Dromosaur,Urza's Saga,182,Near Mint,English,,,,,,,,,Common,$0.14
5,0,Drowned,The Dark,23,Near Mint,English,,,,,,,,,Common,$0.14
7,7,Drowned Catacomb,Magic 2012,226,Near Mint,English,,,,,,,,300,Rare,$3.10
1,1,Drowned Catacomb,Magic 2013,223,Near Mint,English,,,,,,,,300,Rare,$3.11
42,8,Drowner of Hope,Battle for Zendikar,57,Near Mint,English,,,,,,,,50,Rare,$0.43
22,8,Drownyard Temple,Shadows over Innistrad,271,Near Mint,English,,,,,,,,100,Rare,$0.96
2,0,Drudge Skeletons,Revised Edition,15,Good (Lightly Played),English,,,,,,,,,Common,$0.14
3,0,Drudge Skeletons,Revised Edition,15,Near Mint,English,,,,,,,,,Common,$0.14
1,0,Drudge Skeletons,Classic Sixth Edition,123,Near Mint,English,,,,,,,,,Common,$0.14
9,8,Druidic Satchel,Magic 2012,207,Near Mint,English,,,,,,,,25,Rare,$0.27
33,8,Druids' Repository,Avacyn Restored,176,Near Mint,English,,,,,,,,25,Rare,$0.29
43,8,Dual Casting,Avacyn Restored,133,Near Mint,English,,,,,,,,50,Rare,$0.48
3,0,Dual Nature,Prophecy,112,Near Mint,English,,,,,,,,,Rare,$0.54
1,0,Duct Crawler,Stronghold,79,Near Mint,English,,,,,,,,,Common,$0.15
54,8,Duneblast,Khans of Tarkir,174,Near Mint,English,,,,,,,,25,Rare,$0.30
30,8,Dungeon Geists,Dark Ascension,36,Near Mint,English,,,,,,,,25,Rare,$0.28
3,0,Dungeon Shade,Stronghold,8,Near Mint,English,,,,,,,,,Common,$0.15
2,2,Dungrove Elder,Magic 2012,171,Near Mint,English,,,,,,,,525,Rare,$5.08
1,0,Duress,Urza's Saga,132,Near Mint,English,,,,,,,,,Common,$0.52
27,8,Duskmantle Seer,Gatecrash,159,Near Mint,English,,,,,,,,75,MythicRare,$0.70
2,0,Duskrider Falcon,Weatherlight,128,Near Mint,English,,,,,,,,,Common,$0.15
4,0,Duskwalker,Invasion,104,Near Mint,English,,,,,,,,,Common,$0.14
66,8,Dust Stalker,Battle for Zendikar,202,Near Mint,English,,,,,,,,25,Rare,$0.34
6,0,Dust to Dust,The Dark,78,Near Mint,English,,,,,,,,,Common,$0.23
1,0,Dust to Dust,The Dark,78,Good (Lightly Played),English,,,,,,,,,Common,$0.23
2,0,Dwarven Armorer,Fallen Empires,104,Near Mint,English,,,,,,,,,Rare,$0.31
1,0,Dwarven Berserker,Weatherlight,97,Near Mint,English,,,,,,,,,Common,$0.14
3,0,Dwarven Catapult,Fallen Empires,105,Near Mint,English,,,,,,,,,Uncommon,$0.18
1,0,Dwarven Demolition Team,Unlimited Edition,143,Near Mint,English,,,,,,,,,Uncommon,$0.91
2,0,Dwarven Hold,Fallen Empires,178,Near Mint,English,,,,,,,,,Rare,$0.73
5,0,Dwarven Landslide,Apocalypse,60,Near Mint,English,,,,,,,,,Common,$0.14
4,0,Dwarven Lieutenant,Fallen Empires,106,Near Mint,English,,,,,,,,,Uncommon,$0.18
8,0,Dwarven Patrol,Apocalypse,61,Near Mint,English,,,,,,,,,Uncommon,$0.17
4,0,Dwarven Ruins,Fallen Empires,179,Near Mint,English,,,,,,,,,Uncommon,$0.26
9,0,Dwarven Soldier,Fallen Empires,107,Near Mint,English,,,,,,,,,Common,$0.16
5,0,Dwarven Soldier,Fallen Empires,108,Near Mint,English,,,,,,,,,Common,$0.16
5,0,Dwarven Soldier,Fallen Empires,109,Near Mint,English,,,,,,,,,Common,$0.14
1,0,Dwarven Song,Legends,141,Good (Lightly Played),English,,,,,,,,,Uncommon,$0.42
2,0,Dwarven Vigilantes,Visions,77,Near Mint,English,,,,,,,,,Common,$0.15
4,0,Dwarven Warriors,Revised Edition,143,Near Mint,English,,,,,,,,,Common,$0.14
21,8,"Dwynen, Gilt-Leaf Daen",Magic Origins,172,Near Mint,English,,,,,,,,75,Rare,$0.96
4,0,Earth Elemental,Revised Edition,145,Near Mint,English,,,,,,,,,Uncommon,$0.15
5,0,Earthbind,Revised Edition,146,Near Mint,English,,,,,,,,,Common,$0.14
12,8,Eater of Hope,Born of the Gods,66,Near Mint,English,,,,,,,,25,Rare,$0.28
1,0,Eater of the Dead,The Dark,6,Near Mint,English,,,,,,,,,Uncommon,$5.00
1,0,Eater of the Dead,The Dark,6,Near Mint,English,,,,,,,,,Uncommon,$5.00
2,0,Ebon Praetor,Fallen Empires,11,Near Mint,English,,,,,,,,,Rare,$0.31
1,0,Ebon Praetor,Fallen Empires,11,Played,English,,,,,,,,,Rare,$0.31
3,0,Ebon Stronghold,Fallen Empires,180,Near Mint,English,,,,,,,,,Uncommon,$0.26
1,0,Ebony Charm,Mirage,18,Near Mint,English,,,,,,,,,Common,$0.15
3,0,Ebony Horse,Revised Edition,247,Good (Lightly Played),English,,,,,,,,,Rare,$0.30
7,0,Ebony Treefolk,Apocalypse,97,Near Mint,English,,,,,,,,,Uncommon,$0.21
11,8,Eerie Interlude,Shadows over Innistrad,16,Near Mint,English,,,,,,,,75,Rare,$0.74
11,8,Eidolon of Blossoms,Journey into Nyx,122,Near Mint,English,,,,,,,,50,Rare,$0.49
19,8,Eidolon of Countless Battles,Born of the Gods,7,Near Mint,English,,,,,,,,75,Rare,$0.65
7,7,Eidolon of the Great Revel,Journey into Nyx,94,Near Mint,English,,,,,,,,900,Rare,$9.03
2,0,Ekundu Griffin,Mirage,217,Near Mint,English,,,,,,,,,Common,$0.14
1,0,Ekundu Griffin,Classic Sixth Edition,18,Near Mint,English,,,,,,,,,Common,$0.14
1,0,El-Hajjâj,Revised Edition,16,Near Mint,English,,,,,,,,,Rare,$0.25
1,0,Eladamri's Call,Planeshift,106,Near Mint,English,,,,,,,,,Rare,$8.10
1,1,"Eladamri, Lord of Leaves",Tempest,117,Near Mint,English,,,,,,,,1100,Rare,$11.36
43,8,Elder of Laurels,Innistrad,177,Near Mint,English,,,,,,,,25,Rare,$0.27
1,0,Elder Spawn,Legends,52,Good (Lightly Played),English,,,,,,,,,Rare,$2.16
8,8,Elderscale Wurm,Magic 2013,167,Near Mint,English,,,,,,,,225,MythicRare,$2.34
3,3,Eldrazi Displacer,Oath of the Gatewatch,13,Near Mint,English,,,,,,,,450,Rare,$4.84
25,8,Eldrazi Mimic,Oath of the Gatewatch,2,Near Mint,English,,,,,,,,100,Rare,$1.14
35,8,Eldrazi Obligator,Oath of the Gatewatch,96,Near Mint,English,,,,,,,,50,Rare,$0.54
2,0,Electric Eel,The Dark,24,Near Mint,English,,,,,,,,,Uncommon,$0.18
1,0,Elemental Augury,Ice Age,364,Near Mint,English,,,,,,,,,Rare,$0.33
1,1,"Elesh Norn, Grand Cenobite",Modern Masters 2015 Edition,16,Near Mint,English,,,,,,,,1750,MythicRare,$18.26
2,2,"Elesh Norn, Grand Cenobite",New Phyrexia,9,Near Mint,English,,,,,,,,1800,MythicRare,$17.69
3,0,Elfhame Palace,Invasion,322,Near Mint,English,,,,,,,,,Uncommon,$0.25
1,0,Elfhame Sanctuary,Invasion,185,Near Mint,English,,,,,,,,,Uncommon,$0.32
19,8,Elite Arcanist,Magic 2014 Core Set,54,Near Mint,English,,,,,,,,50,Rare,$0.42
34,8,Elite Inquisitor,Innistrad,13,Near Mint,English,,,,,,,,50,Rare,$0.39
1,0,Elite Javelineer,Tempest,229,Near Mint,English,,,,,,,,,Common,$0.14
3,3,Elspeth Tirel,Scars of Mirrodin,6,Near Mint,English,,,,,,,,1050,MythicRare,$10.62
2,2,"Elspeth, Knight-Errant",Modern Event Deck 2014,13,Near Mint,English,,,,,,,,0,MythicRare,$12.71
1,1,"Elspeth, Knight-Errant",Shards of Alara,9,Near Mint,English,,,,,,,,1425,MythicRare,$14.63
12,8,Elusive Tormentor,Shadows over Innistrad,108,Near Mint,English,,,,,,,,50,Rare,$0.35
4,0,Elven Fortress,Fallen Empires,67,Near Mint,English,,,,,,,,,Common,$0.14
6,0,Elven Fortress,Fallen Empires,68,Near Mint,English,,,,,,,,,Common,$0.17
8,0,Elven Fortress,Fallen Empires,69,Near Mint,English,,,,,,,,,Common,$0.17
4,0,Elven Fortress,Fallen Empires,70,Near Mint,English,,,,,,,,,Common,$0.17
4,0,Elven Lyre,Fallen Empires,172,Near Mint,English,,,,,,,,,Rare,$0.31
1,0,Elven Palisade,Exodus,109,Near Mint,English,,,,,,,,,Uncommon,$0.17
1,0,Elves of Deep Shadow,The Dark,39,Good (Lightly Played),English,,,,,,,,,Uncommon,$1.32
1,1,Elvish Archdruid,Magic 2012,172,Near Mint,English,,,,,,,,250,Rare,$2.37
7,7,Elvish Archdruid,Magic 2013,168,Near Mint,English,,,,,,,,250,Rare,$2.43
2,0,Elvish Berserker,Exodus,110,Near Mint,English,,,,,,,,,Common,$0.15
1,0,Elvish Champion,Invasion,186,Near Mint,English,,,,,,,,,Rare,$4.41
4,0,Elvish Farmer,Fallen Empires,71,Near Mint,English,,,,,,,,,Rare,$0.90
2,0,Elvish Healer,Ice Age,246,Near Mint,English,,,,,,,,,Common,$0.14
1,0,Elvish Herder,Urza's Saga,247,Near Mint,English,,,,,,,,,Common,$0.20
4,0,Elvish Hunter,Fallen Empires,72,Near Mint,English,,,,,,,,,Common,$0.18
4,0,Elvish Hunter,Fallen Empires,73,Near Mint,English,,,,,,,,,Common,$0.15
6,0,Elvish Hunter,Fallen Empires,74,Near Mint,English,,,,,,,,,Common,$0.18
1,0,Elvish Lyrist,Urza's Saga,248,Near Mint,English,,,,,,,,,Common,$0.16
4,0,Elvish Scout,Fallen Empires,75,Near Mint,English,,,,,,,,,Common,$0.18
6,0,Elvish Scout,Fallen Empires,76,Near Mint,English,,,,,,,,,Common,$0.19
3,0,Elvish Scout,Fallen Empires,77,Near Mint,English,,,,,,,,,Common,$0.18
1,0,Embargo,Mercadian Masques,77,Near Mint,English,,,,,,,,,Rare,$0.37
43,8,Ember Swallower,Theros,120,Near Mint,English,,,,,,,,25,Rare,$0.23
34,8,Embermaw Hellion,Magic Origins,141,Near Mint,English,,,,,,,,25,Rare,$0.34
7,0,Emblazoned Golem,Apocalypse,136,Near Mint,English,,,,,,,,,Uncommon,$0.17
1,0,Emerald Charm,Visions,56,Near Mint,English,,,,,,,,,Common,$0.17
3,0,Emerald Dragonfly,Legends,98,Good (Lightly Played),English,,,,,,,,,Common,$0.18
1,0,Emerald Dragonfly,Legends,98,Played,English,,,,,,,,,Common,$0.18
31,8,Emeria Shepherd,Battle for Zendikar,22,Near Mint,English,,,,,,,,25,Rare,$0.31
45,8,Emmara Tandris,Dragon's Maze,68,Near Mint,English,,,,,,,,50,Rare,$0.41
2,0,Empress Galina,Invasion,54,Near Mint,English,,,,,,,,,Rare,$3.66
27,8,Empty the Pits,Khans of Tarkir,72,Near Mint,English,,,,,,,,75,MythicRare,$0.73
2,2,"Emrakul, the Aeons Torn",Modern Masters 2015 Edition,3,Near Mint,English,,,,,,,,3275,MythicRare,$34.68
72,8,End Hostilities,Khans of Tarkir,8,Near Mint,English,,,,,,,,50,Rare,$0.42
1,0,Endangered Armodon,Stronghold,57,Near Mint,English,,,,,,,,,Common,$0.14
32,8,Endbringer,Oath of the Gatewatch,3,Near Mint,English,,,,,,,,50,Rare,$0.47
43,8,Endless One,Battle for Zendikar,8,Near Mint,English,,,,,,,,100,Rare,$1.12
1,1,Endless Ranks of the Dead,Innistrad,99,Near Mint,English,,,,,,,,475,Rare,$4.64
2,0,Endoskeleton,Urza's Saga,294,Near Mint,English,,,,,,,,,Uncommon,$0.18
2,0,Energy Flux,Revised Edition,57,Near Mint,English,,,,,,,,,Uncommon,$0.21
1,0,Energy Flux,Mercadian Masques,78,Near Mint,English,,,,,,,,,Uncommon,$0.24
2,0,Energy Tap,Legends,54,Good (Lightly Played),English,,,,,,,,,Common,$0.21
6,0,Enervate,Ice Age,67,Near Mint,English,,,,,,,,,Common,$0.14
2,0,Enfeeblement,Mirage,19,Near Mint,English,,,,,,,,,Common,$0.14
2,0,Engineered Plague,Urza's Legacy,51,Near Mint,English,,,,,,,,,Uncommon,$0.46
10,8,Engulf the Shore,Shadows over Innistrad,58,Near Mint,English,,,,,,,,125,Rare,$1.29
4,4,Enlightened Tutor,Mirage,218,Near Mint,English,,,,,,,,1250,Uncommon,$12.52
1,0,Enlightened Tutor,Classic Sixth Edition,19,Near Mint,English,,,,,,,,,Uncommon,$13.55
7,0,Enlistment Officer,Apocalypse,9,Near Mint,English,,,,,,,,,Uncommon,$0.20
1,0,Enslaved Horror,Mercadian Masques,134,Near Mint,English,,,,,,,,,Uncommon,$0.18
4,0,Ensnare,Nemesis,32,Near Mint,English,,,,,,,,,Uncommon,$0.22
1,0,Ensnaring Bridge,Stronghold,127,Near Mint,English,,,,,,,,,Rare,$42.80
2,0,Entangler,Prophecy,7,Near Mint,English,,,,,,,,,Uncommon,$0.52
26,8,Enter the Infinite,Gatecrash,34,Near Mint,English,,,,,,,,150,MythicRare,$1.40
1,1,Entomb,Eternal Masters,87,Near Mint,English,,,,,,,,1550,Rare,$15.87
1,0,Entropic Specter,Exodus,61,Near Mint,English,,,,,,,,,Rare,$0.31
26,8,"Ephara, God of the Polis",Born of the Gods,145,Near Mint,English,,,,,,,,175,MythicRare,$1.94
16,8,Epic Experiment,Return to Ravnica,159,Near Mint,English,,,,,,,,75,MythicRare,$0.84
27,8,Epiphany at the Drownyard,Shadows over Innistrad,59,Near Mint,English,,,,,,,,50,Rare,$0.48
1,0,Equinox,Legends,182,Good (Lightly Played),English,,,,,,,,,Common,$0.31
1,0,Equipoise,Visions,103,Near Mint,English,,,,,,,,,Rare,$0.60
1,0,Erase,Urza's Legacy,7,Near Mint,English,,,,,,,,,Common,$0.16
16,8,Erebos's Titan,Magic Origins,94,Near Mint,English,,,,,,,,100,MythicRare,$1.19
20,8,"Erebos, God of the Dead",Theros,85,Near Mint,English,,,,,,,,725,MythicRare,$7.37
4,0,Erg Raiders,Revised Edition,17,Near Mint,English,,,,,,,,,Common,$0.14
5,0,Erosion,The Dark,25,Near Mint,English,,,,,,,,,Common,$0.14
2,0,Errant Minion,Ice Age,68,Near Mint,English,,,,,,,,,Common,$0.14
1,0,Errantry,Ice Age,183,Near Mint,English,,,,,,,,,Common,$0.14
1,0,Erratic Portal,Exodus,132,Near Mint,English,,,,,,,,,Rare,$1.44
3,0,Ertai's Trickery,Planeshift,24,Near Mint,English,,,,,,,,,Uncommon,$0.18
6,0,Escape Routes,Planeshift,25,Near Mint,English,,,,,,,,,Common,$0.15
1,0,Essence Filter,Ice Age,121,Near Mint,English,,,,,,,,,Common,$0.14
1,0,Essence Flare,Ice Age,69,Near Mint,English,,,,,,,,,Common,$0.13
1,0,Essence Leak,Invasion,55,Near Mint,English,,,,,,,,,Uncommon,$0.18
33,8,Essence of the Wild,Innistrad,178,Near Mint,English,,,,,,,,75,MythicRare,$0.74
3,3,Etched Champion,Scars of Mirrodin,154,Near Mint,English,,,,,,,,350,Rare,$3.35
1,1,Etched Monstrosity,New Phyrexia,135,Near Mint,English,,,,,,,,75,MythicRare,$0.79
4,0,Eternal Flame,The Dark,60,Good (Lightly Played),English,,,,,,,,,Rare,$0.42
2,0,Eternal Warrior,Legends,142,Good (Lightly Played),English,,,,,,,,,Uncommon,$0.39
7,0,Evasive Action,Apocalypse,23,Near Mint,English,,,,,,,,,Uncommon,$0.18
12,8,Ever After,Shadows over Innistrad,109,Near Mint,English,,,,,,,,75,Rare,$0.76
1,0,Everglades,Visions,162,Near Mint,English,,,,,,,,,Uncommon,$0.28
1,0,Evil Presence,Revised Edition,18,Good (Lightly Played),English,,,,,,,,,Uncommon,$0.19
1,0,Evil Presence,Revised Edition,18,Near Mint,English,,,,,,,,,Uncommon,$0.19
31,8,Evil Twin,Innistrad,212,Near Mint,English,,,,,,,,50,Rare,$0.55
1,0,Evincar's Justice,Tempest,28,Near Mint,English,,,,,,,,,Common,$0.22
46,8,Evolutionary Leap,Magic Origins,176,Near Mint,English,,,,,,,,100,Rare,$1.09
1,0,Exalted Dragon,Exodus,6,Near Mint,English,,,,,,,,,Rare,$0.34
32,8,"Exava, Rakdos Blood Witch",Dragon's Maze,69,Near Mint,English,,,,,,,,50,Rare,$0.39
1,0,Excavation,Prophecy,33,Near Mint,English,,,,,,,,,Uncommon,$0.20
4,0,Excise,Prophecy,8,Near Mint,English,,,,,,,,,Common,$0.14
4,0,Exclude,Invasion,56,Near Mint,English,,,,,,,,,Common,$0.24
51,8,Exert Influence,Battle for Zendikar,77,Near Mint,English,,,,,,,,25,Rare,$0.28
2,0,Exhume,Urza's Saga,134,Near Mint,English,,,,,,,,,Common,$1.02
1,0,Exorcist,The Dark,79,Good (Lightly Played),English,,,,,,,,,Rare,$1.24
4,0,Exotic Curse,Invasion,105,Near Mint,English,,,,,,,,,Common,$0.14
1,0,Exotic Disease,Planeshift,43,Near Mint,English,,,,,,,,,Uncommon,$0.18
3,0,Expendable Troops,Urza's Legacy,8,Near Mint,English,,,,,,,,,Common,$0.15
4,0,Explosive Growth,Invasion,187,Near Mint,English,,,,,,,,,Common,$0.14
1,0,Expunge,Urza's Saga,135,Near Mint,English,,,,,,,,,Common,$0.14
1,1,Exquisite Blood,Avacyn Restored,102,Near Mint,English,,,,,,,,1075,Rare,$11.12
20,8,Exquisite Firecraft,Magic Origins,143,Near Mint,English,,,,,,,,200,Rare,$2.32
5,5,Extinguish All Hope,Journey into Nyx,68,Near Mint,English,,,,,,,,25,Rare,$0.25
2,0,Extortion,Mercadian Masques,135,Near Mint,English,,,,,,,,,Rare,$0.30
4,4,Extraplanar Lens,Mirrodin,169,Near Mint,English,,,,,,,,1350,Rare,$13.67
1,1,Extraplanar Lens,Mirrodin,169,Played,English,,,,,,,,1148,Rare,$13.67
6,6,Eye of Ugin,Modern Masters 2015 Edition,242,Near Mint,English,,,,,,,,1050,Rare,$10.66
2,2,Eye of Ugin,Worldwake,136,Near Mint,English,,,,,,,,1150,MythicRare,$12.31
5,5,Ezuri's Brigade,Scars of Mirrodin,121,Near Mint,English,,,,,,,,25,Rare,$0.26
30,8,Fabled Hero,Theros,12,Near Mint,English,,,,,,,,50,Rare,$0.48
1,0,Fact or Fiction,Invasion,57,Near Mint,English,,,,,,,,,Uncommon,$1.06
4,0,Fade Away,Exodus,34,Near Mint,English,,,,,,,,,Common,$0.21
2,0,Faerie Conclave,Urza's Legacy,139,Near Mint,English,,,,,,,,,Uncommon,$1.39
4,0,Faerie Squadron,Invasion,58,Near Mint,English,,,,,,,,,Common,$0.14
1,0,Faith Healer,Urza's Saga,14,Near Mint,English,,,,,,,,,Rare,$0.41
20,8,Faith's Reward,Magic 2013,14,Near Mint,English,,,,,,,,100,Rare,$0.95
13,8,Falkenrath Aristocrat,Dark Ascension,138,Near Mint,English,,,,,,,,300,MythicRare,$3.11
9,8,Falkenrath Gorger,Shadows over Innistrad,155,Near Mint,English,,,,,,,,100,Rare,$1.25
42,8,Falkenrath Marauders,Innistrad,141,Near Mint,English,,,,,,,,25,Rare,$0.34
18,8,Fall of the Titans,Oath of the Gatewatch,109,Near Mint,English,,,,,,,,75,Rare,$0.66
1,0,Fallen Angel,Classic Sixth Edition,127,Near Mint,English,,,,,,,,,Rare,$0.44
3,0,Fallen Askari,Visions,9,Near Mint,English,,,,,,,,,Common,$0.15
7,0,Falling Timber,Planeshift,79,Near Mint,English,,,,,,,,,Common,$0.14
1,0,Fallow Earth,Mirage,112,Near Mint,English,,,,,,,,,Uncommon,$0.18
2,0,False Demise,Mercadian Masques,80,Near Mint,English,,,,,,,,,Uncommon,$0.22
1,0,False Orders,Unlimited Edition,148,Good (Lightly Played),English,,,,,,,,,Common,$0.33
1,0,False Orders,Unlimited Edition,148,Played,English,,,,,,,,,Common,$0.33
3,0,False Orders,Unlimited Edition,148,Near Mint,English,,,,,,,,,Common,$0.33
2,0,Falter,Urza's Saga,184,Near Mint,English,,,,,,,,,Common,$0.15
4,0,Fanatical Devotion,Nemesis,8,Near Mint,English,,,,,,,,,Common,$0.15
2,0,Farrel's Mantle,Fallen Empires,138,Near Mint,English,,,,,,,,,Uncommon,$0.18
5,0,Farrel's Zealot,Fallen Empires,139,Near Mint,English,,,,,,,,,Common,$0.17
5,0,Farrel's Zealot,Fallen Empires,140,Near Mint,English,,,,,,,,,Common,$0.14
5,0,Farrel's Zealot,Fallen Empires,141,Near Mint,English,,,,,,,,,Common,$0.17
6,0,Farrelite Priest,Fallen Empires,137,Near Mint,English,,,,,,,,,Uncommon,$0.18
1,0,Fastbond,Unlimited Edition,101,Near Mint,English,,,,,,,,,Rare,$21.30
2,0,Fastbond,Revised Edition,101,Near Mint,English,,,,,,,,,Rare,$4.26
3,0,Fasting,The Dark,80,Near Mint,English,,,,,,,,,Uncommon,$0.21
1,0,Fatal Blow,Weatherlight,9,Near Mint,English,,,,,,,,,Common,$0.14
1,0,Fatal Blow,Classic Sixth Edition,128,Near Mint,English,,,,,,,,,Common,$0.16
18,8,Fate Unraveler,Born of the Gods,68,Near Mint,English,,,,,,,,25,Rare,$0.30
15,8,Fated Conflagration,Born of the Gods,94,Near Mint,English,,,,,,,,25,Rare,$0.23
17,8,Fated Infatuation,Born of the Gods,39,Near Mint,English,,,,,,,,25,Rare,$0.33
22,8,Fated Intervention,Born of the Gods,121,Near Mint,English,,,,,,,,25,Rare,$0.24
34,8,Fated Retribution,Born of the Gods,11,Near Mint,English,,,,,,,,25,Rare,$0.26
17,8,Fated Return,Born of the Gods,69,Near Mint,English,,,,,,,,25,Rare,$0.27
57,8,Fathom Feeder,Battle for Zendikar,203,Near Mint,English,,,,,,,,50,Rare,$0.49
44,8,Fathom Mage,Gatecrash,162,Near Mint,English,,,,,,,,50,Rare,$0.44
1,0,Fault Line,Urza's Saga,185,Near Mint,English,,,,,,,,,Rare,$0.85
3,0,Fault Riders,Prophecy,88,Near Mint,English,,,,,,,,,Common,$0.14
6,6,Fauna Shaman,Magic 2011,172,Near Mint,English,,,,,,,,1150,Rare,$11.68
1,0,Favorable Destiny,Mirage,220,Near Mint,English,,,,,,,,,Uncommon,$0.21
5,0,Fear,Revised Edition,19,Near Mint,English,,,,,,,,,Common,$0.13
1,0,Fear,Ice Age,12,Near Mint,English,,,,,,,,,Common,$0.14
35,8,Feed the Pack,Dark Ascension,114,Near Mint,English,,,,,,,,50,Rare,$0.35
2,0,Feedback,Unlimited Edition,58,Near Mint,English,,,,,,,,,Uncommon,$0.52
1,0,Feedback,Revised Edition,58,Near Mint,English,,,,,,,,,Uncommon,$0.18
1,0,Feldon's Cane,Antiquities,15,Heavily Played,English,,,,,,,,,Uncommon,$2.53
15,8,Felhide Spiritbinder,Born of the Gods,96,Near Mint,English,,,,,,,,25,Rare,$0.25
43,8,Felidar Sovereign,Battle for Zendikar,26,Near Mint,English,,,,,,,,50,Rare,$0.56
3,0,Fellwar Stone,The Dark,99,Good (Lightly Played),English,,,,,,,,,Uncommon,$4.87
1,0,Femeref Healer,Mirage,221,Near Mint,English,,,,,,,,,Common,$0.14
1,0,Femeref Knight,Mirage,222,Near Mint,English,,,,,,,,,Common,$0.14
4,0,Fen Stalker,Prophecy,64,Near Mint,English,,,,,,,,,Common,$0.14
1,0,Feral Instinct,Visions,57,Near Mint,English,,,,,,,,,Common,$0.15
4,0,Feral Thallid,Fallen Empires,78,Near Mint,English,,,,,,,,,Uncommon,$0.21
4,0,Ferocity,Mercadian Masques,245,Near Mint,English,,,,,,,,,Common,$0.14
2,0,Fertile Ground,Urza's Saga,252,Near Mint,English,,,,,,,,,Common,$0.18
4,0,Fertile Ground,Invasion,188,Near Mint,English,,,,,,,,,Common,$0.18
37,8,Fervor,Magic 2013,129,Near Mint,English,,,,,,,,50,Rare,$0.47
1,0,Festering Evil,Weatherlight,10,Near Mint,English,,,,,,,,,Uncommon,$0.21
2,0,Festival,The Dark,81,Good (Lightly Played),English,,,,,,,,,Common,$0.15
5,0,Festival,The Dark,81,Near Mint,English,,,,,,,,,Common,$0.15
1,0,Fetid Horror,Mirage,21,Near Mint,English,,,,,,,,,Common,$0.14
20,8,Fevered Visions,Shadows over Innistrad,244,Near Mint,English,,,,,,,,75,Rare,$1.02
2,0,Fickle Efreet,Prophecy,89,Near Mint,English,,,,,,,,,Rare,$0.33
1,0,Field of Dreams,Legends,55,Good (Lightly Played),English,,,,,,,,,Rare,$34.09
34,8,Fiend of the Shadows,Dark Ascension,62,Near Mint,English,,,,,,,,25,Rare,$0.27
5,5,Fiendslayer Paladin,Magic 2014 Core Set,18,Near Mint,English,,,,,,,,225,Rare,$2.21
1,0,Fiery Justice,Ice Age,366,Near Mint,English,,,,,,,,,Rare,$0.32
1,0,Fiery Mantle,Urza's Saga,186,Near Mint,English,,,,,,,,,Common,$0.14
1,0,Fight or Flight,Invasion,16,Near Mint,English,,,,,,,,,Rare,$0.32
1,0,Final Fortune,Mirage,173,Near Mint,English,,,,,,,,,Rare,$1.03
7,0,Fire // Ice,Apocalypse,128,Near Mint,English,,,,,,,,,Uncommon,$0.47
4,0,Fire and Brimstone,The Dark,82,Near Mint,English,,,,,,,,,Uncommon,$0.19
1,0,Fire Diamond,Classic Sixth Edition,284,Near Mint,English,,,,,,,,,Uncommon,$0.28
2,0,Fire Drake,The Dark,61,Near Mint,English,,,,,,,,,Uncommon,$0.20
3,0,Fire Elemental,Revised Edition,148,Near Mint,English,,,,,,,,,Uncommon,$0.18
4,0,Fire Whip,Weatherlight,100,Near Mint,English,,,,,,,,,Common,$0.18
1,0,Fireball,Revised Edition,149,Good (Lightly Played),English,,,,,,,,,Common,$0.15
8,0,Fireball,Revised Edition,149,Near Mint,English,,,,,,,,,Common,$0.15
1,0,Fireblast,Visions,79,Near Mint,English,,,,,,,,,Common,$0.97
1,0,Firebrand Ranger,Invasion,143,Near Mint,English,,,,,,,,,Uncommon,$0.18
10,0,Firebreathing,Revised Edition,150,Near Mint,English,,,,,,,,,Common,$0.13
1,0,Firebreathing,Mirage,174,Near Mint,English,,,,,,,,,Common,$0.14
1,0,Firebreathing,Classic Sixth Edition,177,Near Mint,English,,,,,,,,,Common,$0.14
23,8,Firedrinker Satyr,Theros,122,Near Mint,English,,,,,,,,50,Rare,$0.38
34,8,Firemane Avenger,Gatecrash,163,Near Mint,English,,,,,,,,50,Rare,$0.44
72,8,Firemind's Foresight,Return to Ravnica,162,Near Mint,English,,,,,,,,25,Rare,$0.28
5,0,Fires of Yavimaya,Invasion,246,Near Mint,English,,,,,,,,,Uncommon,$0.31
4,0,Firescreamer,Invasion,106,Near Mint,English,,,,,,,,,Common,$0.14
1,1,Firestorm,Weatherlight,101,Near Mint,English,,,,,,,,1150,Rare,$11.58
20,8,Firewing Phoenix,Magic 2013,131,Near Mint,English,,,,,,,,25,Rare,$0.31
8,0,Fissure,The Dark,62,Near Mint,English,,,,,,,,,Common,$0.16
2,0,Fissure,The Dark,62,Good (Lightly Played),English,,,,,,,,,Common,$0.16
2,0,Fit of Rage,Weatherlight,102,Near Mint,English,,,,,,,,,Common,$0.14
1,0,Fit of Rage,Classic Sixth Edition,178,Near Mint,English,,,,,,,,,Common,$0.14
52,8,Five-Alarm Fire,Gatecrash,91,Near Mint,English,,,,,,,,25,Rare,$0.24
2,0,Flailing Manticore,Mercadian Masques,187,Near Mint,English,,,,,,,,,Rare,$0.30
2,0,Flailing Soldier,Mercadian Masques,189,Near Mint,English,,,,,,,,,Common,$0.14
4,0,Flame Rift,Nemesis,80,Near Mint,English,,,,,,,,,Common,$0.56
2,0,Flame Spirit,Ice Age,184,Near Mint,English,,,,,,,,,Uncommon,$0.17
1,0,Flame Spirit,Classic Sixth Edition,179,Near Mint,English,,,,,,,,,Common,$0.14
7,7,Flame-Wreathed Phoenix,Born of the Gods,97,Near Mint,English,,,,,,,,75,MythicRare,$0.77
11,8,Flameblade Angel,Shadows over Innistrad,157,Near Mint,English,,,,,,,,25,Rare,$0.30
2,2,Flameblast Dragon,Magic 2012,133,Near Mint,English,,,,,,,,50,Rare,$0.57
35,8,Flamerush Rider,Fate Reforged,99,Near Mint,English,,,,,,,,25,Rare,$0.31
16,8,Flameshadow Conjuring,Magic Origins,147,Near Mint,English,,,,,,,,25,Rare,$0.33
2,0,Flameshot,Prophecy,90,Near Mint,English,,,,,,,,,Uncommon,$0.21
3,0,Flametongue Kavu,Planeshift,60,Near Mint,English,,,,,,,,,Uncommon,$0.47
36,8,Flamewake Phoenix,Fate Reforged,100,Near Mint,English,,,,,,,,50,Rare,$0.44
4,0,Flaming Sword,Mercadian Masques,190,Near Mint,English,,,,,,,,,Common,$0.15
2,0,Flare,Ice Age,185,Near Mint,English,,,,,,,,,Common,$0.14
1,0,Flare,Mirage,176,Near Mint,English,,,,,,,,,Common,$0.14
3,0,Flash Counter,Legends,56,Played,English,,,,,,,,,Common,$0.20
4,0,Flash Counter,Legends,56,Near Mint,English,,,,,,,,,Common,$0.20
4,0,Flash Flood,Legends,57,Near Mint,English,,,,,,,,,Common,$0.19
2,0,Flashfires,Revised Edition,151,Near Mint,English,,,,,,,,,Uncommon,$0.16
4,0,Flay,Prophecy,65,Near Mint,English,,,,,,,,,Common,$0.14
27,8,Flayer of the Hatebound,Dark Ascension,89,Near Mint,English,,,,,,,,25,Rare,$0.35
26,8,Fleecemane Lion,Theros,193,Near Mint,English,,,,,,,,100,Rare,$1.01
3,0,Fleetfoot Panther,Planeshift,108,Near Mint,English,,,,,,,,,Uncommon,$0.22
34,8,Flesh // Blood,Dragon's Maze,128,Near Mint,English,,,,,,,,0,Rare,$0.29
4,0,Flight,Unlimited Edition,59,Near Mint,English,,,,,,,,,Common,$0.26
1,0,Flight,Revised Edition,59,Near Mint,English,,,,,,,,,Common,$0.15
1,0,Flight,Fourth Edition,72,Near Mint,English,,,,,,,,,Common,$0.14
2,0,Fling,Stronghold,82,Near Mint,English,,,,,,,,,Common,$0.22
6,0,Flint Golem,Nemesis,130,Near Mint,English,,,,,,,,,Uncommon,$0.21
3,0,Flood,The Dark,26,Good (Lightly Played),English,,,,,,,,,Uncommon,$0.31
2,0,Flood,The Dark,26,Near Mint,English,,,,,,,,,Uncommon,$0.31
1,0,Flooded Shoreline,Visions,32,Near Mint,English,,,,,,,,,Rare,$0.44
3,3,Flooded Strand,Khans of Tarkir,233,Near Mint,English,,,,,,,,1650,Rare,$17.07
2,0,Flowering Field,Prophecy,9,Near Mint,English,,,,,,,,,Uncommon,$0.22
2,0,Flowstone Armor,Nemesis,131,Near Mint,English,,,,,,,,,Uncommon,$0.21
7,0,Flowstone Charger,Apocalypse,99,Near Mint,English,,,,,,,,,Uncommon,$0.17
6,0,Flowstone Crusher,Nemesis,81,Near Mint,English,,,,,,,,,Common,$0.14
1,0,Flowstone Flood,Exodus,83,Near Mint,English,,,,,,,,,Uncommon,$0.18
1,0,Flowstone Giant,Tempest,174,Near Mint,English,,,,,,,,,Common,$0.13
1,0,Flowstone Hellion,Stronghold,84,Near Mint,English,,,,,,,,,Uncommon,$0.18
2,0,Flowstone Overseer,Nemesis,82,Near Mint,English,,,,,,,,,Rare,$0.31
1,0,Flowstone Shambler,Stronghold,86,Near Mint,English,,,,,,,,,Common,$0.15
1,0,Flowstone Slide,Nemesis,83,Near Mint,English,,,,,,,,,Rare,$0.31
6,0,Flowstone Strike,Nemesis,84,Near Mint,English,,,,,,,,,Common,$0.14
4,0,Flowstone Surge,Nemesis,85,Near Mint,English,,,,,,,,,Uncommon,$0.21
7,0,Flowstone Thopter,Nemesis,132,Near Mint,English,,,,,,,,,Uncommon,$0.21
11,0,Flowstone Wall,Nemesis,86,Near Mint,English,,,,,,,,,Common,$0.14
1,0,Fluctuator,Urza's Saga,295,Near Mint,English,,,,,,,,,Rare,$2.57
2,0,Flying Carpet,Revised Edition,248,Near Mint,English,,,,,,,,,Rare,$0.30
39,8,Flying Crane Technique,Khans of Tarkir,176,Near Mint,English,,,,,,,,25,Rare,$0.27
23,8,Foe-Razer Regent,Dragons of Tarkir,187,Near Mint,English,,,,,,,,50,Rare,$0.34
5,0,Fog,Revised Edition,102,Near Mint,English,,,,,,,,,Common,$0.15
1,0,Fog,Mirage,114,Near Mint,English,,,,,,,,,Common,$0.15
1,0,Fog,Classic Sixth Edition,230,Near Mint,English,,,,,,,,,Common,$0.18
2,0,Fog Elemental,Weatherlight,40,Near Mint,English,,,,,,,,,Common,$0.15
1,0,Fog Elemental,Classic Sixth Edition,69,Near Mint,English,,,,,,,,,Common,$0.16
1,0,Fog of Gnats,Urza's Legacy,53,Near Mint,English,,,,,,,,,Common,$0.17
11,0,Fog Patch,Nemesis,104,Near Mint,English,,,,,,,,,Common,$0.16
2,0,Foil,Prophecy,34,Near Mint,English,,,,,,,,,Uncommon,$0.54
1,0,Forbid,Exodus,35,Near Mint,English,,,,,,,,,Uncommon,$1.88
6,0,Forbidding Watchtower,Urza's Legacy,140,Near Mint,English,,,,,,,,,Uncommon,$0.27
1,0,Force Spike,Legends,58,Played,English,,,,,,,,,Common,$0.75
3,0,Force Spike,Legends,58,Near Mint,English,,,,,,,,,Common,$0.75
28,8,Foreboding Ruins,Shadows over Innistrad,272,Near Mint,English,,,,,,,,200,Rare,$2.66
2,2,Forest,Unhinged,140,Near Mint,English,,,,,,,,0,BasicLand,$7.28
1,0,Forest,Invasion,348,Near Mint,English,,,,,,,,,BasicLand,$0.26
1,0,Forethought Amulet,Legends,221,Heavily Played,English,,,,,,,,,Rare,$2.76
1,0,Forethought Amulet,Legends,221,Near Mint,English,,,,,,,,,Rare,$2.76
13,8,Forgestoker Dragon,Born of the Gods,98,Near Mint,English,,,,,,,,25,Rare,$0.24
11,8,Forgotten Creation,Shadows over Innistrad,63,Near Mint,English,,,,,,,,50,Rare,$0.38
2,0,Fork,Revised Edition,152,Good (Lightly Played),English,,,,,,,,,Rare,$4.58
5,0,Fork,Revised Edition,152,Near Mint,English,,,,,,,,,Rare,$4.58
2,0,Forsaken City,Planeshift,139,Near Mint,English,,,,,,,,,Rare,$0.85
2,0,Fortified Area,Fourth Edition,276,Near Mint,English,,,,,,,,,Common,$0.15
14,8,Fortified Village,Shadows over Innistrad,274,Near Mint,English,,,,,,,,200,Rare,$2.37
1,0,Fortitude,Urza's Saga,253,Near Mint,English,,,,,,,,,Common,$0.15
2,0,Foster,Mercadian Masques,247,Near Mint,English,,,,,,,,,Rare,$0.32
7,0,Foul Presence,Apocalypse,39,Near Mint,English,,,,,,,,,Uncommon,$0.18
37,8,Foul Renewal,Dragons of Tarkir,101,Near Mint,English,,,,,,,,25,Rare,$0.32
58,8,Foundry Champion,Gatecrash,165,Near Mint,English,,,,,,,,25,Rare,$0.24
1,0,Fountain of Cho,Mercadian Masques,317,Near Mint,English,,,,,,,,,Uncommon,$0.25
2,0,Fountain of Youth,The Dark,100,Near Mint,English,,,,,,,,,Uncommon,$0.29
1,0,Fountain of Youth,The Dark,100,Near Mint,English,,,,,,,,,Uncommon,$0.29
1,0,Fountain Watch,Mercadian Masques,19,Near Mint,English,,,,,,,,,Rare,$2.65
1,0,Foxfire,Ice Age,126,Near Mint,English,,,,,,,,,Common,$0.14
4,0,Frankenstein's Monster,The Dark,7,Near Mint,English,,,,,,,,,Rare,$0.89
1,0,Frantic Search,Urza's Legacy,32,Near Mint,English,,,,,,,,,Common,$0.46
1,0,Freewind Falcon,Visions,105,Near Mint,English,,,,,,,,,Common,$0.15
1,0,Frenetic Efreet,Mirage,324,Near Mint,English,,,,,,,,,Rare,$0.36
4,0,Frenzied Tilling,Invasion,247,Near Mint,English,,,,,,,,,Common,$0.14
11,8,Fresh Meat,New Phyrexia,109,Near Mint,English,,,,,,,,25,Rare,$0.28
4,0,Fresh Volunteers,Mercadian Masques,20,Near Mint,English,,,,,,,,,Common,$0.14
23,8,From Beyond,Battle for Zendikar,167,Near Mint,English,,,,,,,,75,Rare,$0.98
15,8,From Under the Floorboards,Shadows over Innistrad,111,Near Mint,English,,,,,,,,50,Rare,$0.42
27,8,Frontier Siege,Fate Reforged,131,Near Mint,English,,,,,,,,50,Rare,$0.44
17,8,Frontline Medic,Gatecrash,12,Near Mint,English,,,,,,,,50,Rare,$0.45
1,0,Frost Giant,Legends,146,Near Mint,English,,,,,,,,,Uncommon,$0.43
5,5,Frost Titan,Magic 2012,55,Near Mint,English,,,,,,,,100,MythicRare,$1.07
9,0,Frozen Shade,Revised Edition,20,Near Mint,English,,,,,,,,,Common,$0.13
2,0,Fugue,Exodus,62,Near Mint,English,,,,,,,,,Uncommon,$0.17
1,0,Funeral Charm,Visions,11,Near Mint,English,,,,,,,,,Common,$0.91
6,0,Fungal Bloom,Fallen Empires,79,Near Mint,English,,,,,,,,,Rare,$0.80
2,0,Fungusaur,Revised Edition,104,Near Mint,English,,,,,,,,,Rare,$0.27
4,0,Furious Assault,Mercadian Masques,191,Near Mint,English,,,,,,,,,Common,$0.14
2,0,Furnace Brood,Exodus,84,Near Mint,English,,,,,,,,,Common,$0.14
1,0,Furnace Spirit,Stronghold,87,Near Mint,English,,,,,,,,,Common,$0.15
1,1,Furyborn Hellkite,Magic 2012,135,Near Mint,English,,,,,,,,250,MythicRare,$2.44
1,0,Fylgja,Ice Age,250,Near Mint,English,,,,,,,,,Common,$0.14
1,0,Fyndhorn Bow,Ice Age,293,Near Mint,English,,,,,,,,,Uncommon,$0.17
1,0,Fyndhorn Brownie,Ice Age,130,Near Mint,English,,,,,,,,,Common,$0.14
2,0,Fyndhorn Elves,Ice Age,132,Near Mint,English,,,,,,,,,Common,$0.63
2,2,Gaddock Teeg,Lorwyn,248,Near Mint,English,,,,,,,,2200,Rare,$25.87
7,0,Gaea's Balance,Apocalypse,77,Near Mint,English,,,,,,,,,Uncommon,$0.18
1,0,Gaea's Blessing,Weatherlight,71,Near Mint,English,,,,,,,,,Uncommon,$0.73
4,0,Gaea's Bounty,Urza's Saga,254,Near Mint,English,,,,,,,,,Common,$0.15
2,0,Gaea's Cradle,Urza's Saga,321,Near Mint,English,,,,,,,,,Rare,$260.21
1,0,Gaea's Herald,Planeshift,80,Near Mint,English,,,,,,,,,Rare,$0.70
6,0,Gaea's Might,Planeshift,81,Near Mint,English,,,,,,,,,Common,$0.15
22,8,Gaea's Revenge,Magic Origins,177,Near Mint,English,,,,,,,,50,Rare,$0.54
4,0,Gaea's Skyfolk,Apocalypse,101,Near Mint,English,,,,,,,,,Common,$0.14
1,0,Gaea's Touch,The Dark,40,Good (Lightly Played),English,,,,,,,,,Common,$0.54
4,0,Galina's Knight,Invasion,248,Near Mint,English,,,,,,,,,Common,$0.14
1,0,Gallowbraid,Weatherlight,12,Near Mint,English,,,,,,,,,Rare,$0.33
31,8,Gallows at Willow Hill,Avacyn Restored,215,Near Mint,English,,,,,,,,25,Rare,$0.29
10,8,Galvanoth,Mirrodin Besieged,62,Near Mint,English,,,,,,,,25,Rare,$0.28
1,1,Gamble,Eternal Masters,132,Near Mint,English,,,,,,,,1200,Rare,$12.47
2,1,Gamble,Urza's Saga,188,Near Mint,English,,,,,,,,,Rare,$22.53
4,4,Game Trail,Shadows over Innistrad,276,Near Mint,English,,,,,,,,225,Rare,$2.45
1,0,Gang of Elk,Urza's Legacy,102,Near Mint,English,,,,,,,,,Uncommon,$0.18
1,0,Gangrenous Zombies,Ice Age,15,Near Mint,English,,,,,,,,,Common,$0.14
9,8,Garruk's Horde,Magic 2012,176,Near Mint,English,,,,,,,,25,Rare,$0.27
10,8,Garruk's Horde,Magic 2014 Core Set,173,Near Mint,English,,,,,,,,50,Rare,$0.32
1,1,"Garruk, Primal Hunter",Magic 2013,174,Near Mint,English,,,,,,,,650,MythicRare,$6.44
1,0,Gaseous Form,Legends,59,Near Mint,English,,,,,,,,,Common,$0.19
1,0,Gaseous Form,Fourth Edition,74,Near Mint,English,,,,,,,,,Common,$0.15
1,0,Gaseous Form,Classic Sixth Edition,71,Near Mint,English,,,,,,,,,Common,$0.14
2,2,Gauntlet of Power,Time Spiral,255,Near Mint,English,,,,,,,,1575,Rare,$15.34
2,0,Gauntlets of Chaos,Legends,222,Near Mint,English,,,,,,,,,Rare,$2.37
1,1,Gavony Township,Innistrad,239,Near Mint,English,,,,,,,,575,Rare,$5.86
30,8,Gaze of Granite,Dragon's Maze,72,Near Mint,English,,,,,,,,25,Rare,$0.33
15,8,Geier Reach Bandit,Shadows over Innistrad,159,Near Mint,English,,,,,,,,100,Rare,$0.90
8,8,Geist of Saint Traft,Innistrad,213,Near Mint,English,,,,,,,,900,MythicRare,$8.83
37,8,Geist-Honored Monk,Innistrad,17,Near Mint,English,,,,,,,,25,Rare,$0.27
1,0,Gemstone Mine,Weatherlight,164,Near Mint,English,,,,,,,,,Uncommon,$7.55
19,8,General Tazri,Oath of the Gatewatch,19,Near Mint,English,,,,,,,,75,MythicRare,$0.77
9,8,Genesis Hydra,Magic 2015 Core Set,176,Near Mint,English,,,,,,,,100,Rare,$0.96
1,1,Genesis Wave,Scars of Mirrodin,122,Near Mint,English,,,,,,,,700,Rare,$7.17
8,0,Geothermal Crevice,Invasion,323,Near Mint,English,,,,,,,,,Common,$0.17
7,7,Geralf's Masterpiece,Shadows over Innistrad,65,Near Mint,English,,,,,,,,100,MythicRare,$0.96
7,7,Geralf's Messenger,Dark Ascension,63,Near Mint,English,,,,,,,,500,Rare,$5.02
31,8,Geralf's Mindcrusher,Dark Ascension,37,Near Mint,English,,,,,,,,25,Rare,$0.31
6,0,Gerrard's Command,Planeshift,109,Near Mint,English,,,,,,,,,Common,$0.14
4,0,Gerrard's Irregulars,Mercadian Masques,192,Near Mint,English,,,,,,,,,Common,$0.14
7,0,Gerrard's Verdict,Apocalypse,102,Near Mint,English,,,,,,,,,Uncommon,$0.32
1,1,"Geth, Lord of the Vault",Scars of Mirrodin,64,Near Mint,English,,,,,,,,700,MythicRare,$7.33
16,8,Ghastly Conscription,Fate Reforged,70,Near Mint,English,,,,,,,,75,MythicRare,$0.65
3,0,Ghitu Encampment,Urza's Legacy,141,Near Mint,English,,,,,,,,,Uncommon,$0.25
1,0,Ghitu Fire,Invasion,144,Near Mint,English,,,,,,,,,Rare,$0.30
1,0,Ghitu Slinger,Urza's Legacy,77,Near Mint,English,,,,,,,,,Common,$0.16
1,0,Ghitu War Cry,Urza's Legacy,78,Near Mint,English,,,,,,,,,Uncommon,$0.18
5,0,Ghost Ship,The Dark,27,Near Mint,English,,,,,,,,,Common,$0.14
1,0,Ghost Ship,The Dark,27,Good (Lightly Played),English,,,,,,,,,Common,$0.14
40,8,Ghostfire Blade,Khans of Tarkir,220,Near Mint,English,,,,,,,,75,Rare,$0.75
4,0,Ghosts of the Damned,Legends,12,Near Mint,English,,,,,,,,,Common,$0.19
1,0,Ghoul's Feast,Mercadian Masques,137,Near Mint,English,,,,,,,,,Uncommon,$0.18
8,8,Ghoultree,Dark Ascension,115,Near Mint,English,,,,,,,,100,Rare,$0.89
8,8,Giant Adephage,Gatecrash,121,Near Mint,English,,,,,,,,150,MythicRare,$1.52
3,0,Giant Caterpillar,Visions,58,Near Mint,English,,,,,,,,,Common,$0.15
1,0,Giant Caterpillar,Mercadian Masques,249,Near Mint,English,,,,,,,,,Common,$0.14
2,0,Giant Cockroach,Urza's Legacy,54,Near Mint,English,,,,,,,,,Common,$0.15
7,0,Giant Growth,Revised Edition,106,Near Mint,English,,,,,,,,,Common,$0.15
2,0,Giant Growth,Ice Age,134,Near Mint,English,,,,,,,,,Common,$0.17
5,0,Giant Shark,The Dark,28,Near Mint,English,,,,,,,,,Common,$0.16
1,0,Giant Slug,Legends,13,Near Mint,English,,,,,,,,,Common,$0.19
8,0,Giant Spider,Revised Edition,107,Near Mint,English,,,,,,,,,Common,$0.14
1,0,Giant Strength,Classic Sixth Edition,181,Near Mint,English,,,,,,,,,Common,$0.15
3,0,Gibbering Hyenas,Mirage,117,Near Mint,English,,,,,,,,,Common,$0.14
1,1,Gideon's Avenger,Magic 2012,17,Near Mint,English,,,,,,,,75,Rare,$0.80
30,8,Gideon's Phalanx,Magic Origins,14,Near Mint,English,,,,,,,,25,Rare,$0.31
10,8,"Gideon, Ally of Zendikar",Battle for Zendikar,29,Near Mint,English,,,,,,,,2125,MythicRare,$20.14
35,8,Gift of Immortality,Theros,14,Near Mint,English,,,,,,,,75,Rare,$0.71
1,1,Gifts Ungiven,Modern Masters,46,Near Mint,English,,,,,,,,1800,Rare,$18.06
18,8,Gild,Born of the Gods,73,Near Mint,English,,,,,,,,25,Rare,$0.27
1,1,Gilded Drake,Urza's Saga,76,Near Mint,English,,,,,,,,2575,Rare,$24.23
1,1,Gilded Lotus,Magic 2013,206,Near Mint,English,,,,,,,,850,Rare,$8.54
26,8,Gilt-Leaf Winnower,Magic Origins,99,Near Mint,English,,,,,,,,50,Rare,$0.47
1,1,"Gisela, Blade of Goldnight",Avacyn Restored,209,Near Mint,English,,,,,,,,625,MythicRare,$6.61
1,1,Gitaxian Probe,New Phyrexia,35,Near Mint,English,,,,,,,,400,Common,$3.85
3,0,Glacial Chasm,Ice Age,331,Near Mint,English,,,,,,,,,Uncommon,$0.51
4,4,Glacial Fortress,Magic 2012,227,Near Mint,English,,,,,,,,225,Rare,$2.25
8,8,Glacial Fortress,Magic 2013,225,Near Mint,English,,,,,,,,225,Rare,$2.41
4,0,Glade Gnarr,Apocalypse,78,Near Mint,English,,,,,,,,,Common,$0.14
10,8,Gladehart Cavalry,Oath of the Gatewatch,132,Near Mint,English,,,,,,,,25,Rare,$0.24
29,8,Glaring Spotlight,Gatecrash,229,Near Mint,English,,,,,,,,50,Rare,$0.40
1,0,Glasses of Urza,Revised Edition,249,Near Mint,English,,,,,,,,,Uncommon,$0.17
1,0,Glasses of Urza,Classic Sixth Edition,287,Near Mint,English,,,,,,,,,Uncommon,$0.25
23,8,Gleam of Authority,Dragons of Tarkir,19,Near Mint,English,,,,,,,,50,Rare,$0.44
1,0,Gliding Licid,Stronghold,31,Near Mint,English,,,,,,,,,Uncommon,$0.18
4,0,Glimmering Angel,Invasion,17,Near Mint,English,,,,,,,,,Common,$0.17
2,2,Glimmervoid,Mirrodin,281,Near Mint,English,,,,,,,,3275,Rare,$32.18
1,1,Glimmervoid,Mirrodin,281,Good (Lightly Played),English,,,,,,,,3029,Rare,$32.18
1,1,"Glissa, the Traitor",Mirrodin Besieged,96,Near Mint,English,,,,,,,,300,MythicRare,$2.82
6,6,Glistening Oil,New Phyrexia,62,Near Mint,English,,,,,,,,25,Rare,$0.33
1,0,Glittering Lion,Prophecy,10,Near Mint,English,,,,,,,,,Uncommon,$0.20
2,0,Glittering Lynx,Prophecy,11,Near Mint,English,,,,,,,,,Common,$0.14
4,0,Gloom,Revised Edition,21,Near Mint,English,,,,,,,,,Uncommon,$0.17
38,8,Gloom Surgeon,Avacyn Restored,104,Near Mint,English,,,,,,,,25,Rare,$0.32
1,0,Glowing Anemone,Mercadian Masques,81,Near Mint,English,,,,,,,,,Uncommon,$0.18
1,0,Glyph of Delusion,Legends,60,Near Mint,English,,,,,,,,,Common,$0.21
3,0,Glyph of Destruction,Legends,148,Good (Lightly Played),English,,,,,,,,,Common,$0.19
1,0,Glyph of Destruction,Legends,148,Near Mint,English,,,,,,,,,Common,$0.19
4,0,Glyph of Doom,Legends,14,Near Mint,English,,,,,,,,,Common,$0.19
1,0,Glyph of Life,Legends,184,Good (Lightly Played),English,,,,,,,,,Common,$0.19
3,0,Glyph of Life,Legends,184,Near Mint,English,,,,,,,,,Common,$0.19
1,0,Glyph of Reincarnation,Legends,103,Near Mint,English,,,,,,,,,Common,$0.19
1,0,Goblin Balloon Brigade,Revised Edition,153,Near Mint,English,,,,,,,,,Uncommon,$0.16
1,0,Goblin Caves,The Dark,63,Good (Lightly Played),English,,,,,,,,,Common,$0.34
4,0,Goblin Caves,The Dark,63,Near Mint,English,,,,,,,,,Common,$0.34
1,1,Goblin Chieftain,Magic 2012,138,Near Mint,English,,,,,,,,600,Rare,$5.96
5,0,Goblin Chirurgeon,Fallen Empires,110,Near Mint,English,,,,,,,,,Common,$0.24
5,0,Goblin Chirurgeon,Fallen Empires,111,Near Mint,English,,,,,,,,,Common,$0.22
6,0,Goblin Chirurgeon,Fallen Empires,112,Near Mint,English,,,,,,,,,Common,$0.24
26,8,Goblin Dark-Dwellers,Oath of the Gatewatch,110,Near Mint,English,,,,,,,,225,Rare,$2.27
1,0,Goblin Digging Team,The Dark,64,Good (Lightly Played),English,,,,,,,,,Common,$0.14
12,8,Goblin Diplomats,Magic 2014 Core Set,141,Near Mint,English,,,,,,,,25,Rare,$0.26
1,0,Goblin Elite Infantry,Mirage,177,Near Mint,English,,,,,,,,,Common,$0.14
1,0,Goblin Elite Infantry,Classic Sixth Edition,183,Near Mint,English,,,,,,,,,Common,$0.14
3,0,Goblin Flotilla,Fallen Empires,113,Near Mint,English,,,,,,,,,Rare,$0.35
3,0,Goblin Game,Planeshift,61,Near Mint,English,,,,,,,,,Rare,$0.91
3,0,Goblin Grenade,Fallen Empires,114,Near Mint,English,,,,,,,,,Common,$0.73
3,0,Goblin Grenade,Fallen Empires,115,Near Mint,English,,,,,,,,,Common,$0.68
4,0,Goblin Grenade,Fallen Empires,116,Near Mint,English,,,,,,,,,Common,$0.73
5,0,Goblin Hero,The Dark,65,Near Mint,English,,,,,,,,,Common,$0.14
10,8,Goblin Kaboomist,Magic 2015 Core Set,144,Near Mint,English,,,,,,,,25,Rare,$0.25
1,0,Goblin King,Revised Edition,154,Good (Lightly Played),English,,,,,,,,,Rare,$1.35
1,0,Goblin King,Revised Edition,154,Near Mint,English,,,,,,,,,Rare,$1.35
6,0,Goblin Kites,Fallen Empires,117,Near Mint,English,,,,,,,,,Uncommon,$0.17
1,0,Goblin Lackey,Urza's Saga,190,Near Mint,English,,,,,,,,,Uncommon,$7.66
4,0,Goblin Legionnaire,Apocalypse,103,Near Mint,English,,,,,,,,,Common,$0.14
2,0,Goblin Matron,Urza's Saga,191,Near Mint,English,,,,,,,,,Common,$0.52
1,0,Goblin Offensive,Urza's Saga,192,Near Mint,English,,,,,,,,,Uncommon,$1.29
1,0,Goblin Patrol,Urza's Saga,193,Near Mint,English,,,,,,,,,Common,$0.14
36,8,Goblin Piledriver,Magic Origins,151,Near Mint,English,,,,,,,,225,Rare,$2.33
11,8,Goblin Rabblemaster,Magic 2015 Core Set,145,Near Mint,English,,,,,,,,250,Rare,$2.49
3,0,Goblin Raider,Urza's Saga,194,Near Mint,English,,,,,,,,,Common,$0.14
1,0,Goblin Recruiter,Visions,80,Near Mint,English,,,,,,,,,Uncommon,$1.73
1,0,Goblin Recruiter,Classic Sixth Edition,186,Near Mint,English,,,,,,,,,Uncommon,$1.70
7,0,Goblin Ringleader,Apocalypse,62,Near Mint,English,,,,,,,,,Uncommon,$1.88
5,0,Goblin Rock Sled,The Dark,66,Near Mint,English,,,,,,,,,Common,$0.14
1,0,Goblin Rock Sled,Fourth Edition,217,Near Mint,English,,,,,,,,,Common,$0.14
1,0,Goblin Sappers,Ice Age,189,Near Mint,English,,,,,,,,,Common,$0.14
5,0,Goblin Shrine,The Dark,67,Near Mint,English,,,,,,,,,Common,$0.14
2,0,Goblin Spelunkers,Urza's Saga,195,Near Mint,English,,,,,,,,,Common,$0.15
1,0,Goblin Spy,Invasion,145,Near Mint,English,,,,,,,,,Uncommon,$0.17
3,0,Goblin Swine-Rider,Visions,81,Near Mint,English,,,,,,,,,Common,$0.16
2,0,Goblin War Buggy,Urza's Saga,196,Near Mint,English,,,,,,,,,Common,$0.14
5,0,Goblin War Drums,Fallen Empires,118,Near Mint,English,,,,,,,,,Common,$0.16
6,0,Goblin War Drums,Fallen Empires,119,Near Mint,English,,,,,,,,,Common,$0.16
5,0,Goblin War Drums,Fallen Empires,120,Near Mint,English,,,,,,,,,Common,$0.16
3,0,Goblin War Drums,Fallen Empires,121,Near Mint,English,,,,,,,,,Common,$0.16
2,0,Goblin Warrens,Fallen Empires,122,Near Mint,English,,,,,,,,,Rare,$0.86
1,0,Goblin Wizard,The Dark,68,Near Mint,English,,,,,,,,,Rare,$8.00
1,0,Goblins of the Flarg,The Dark,69,Good (Lightly Played),English,,,,,,,,,Common,$0.14
7,0,Goblins of the Flarg,The Dark,69,Near Mint,English,,,,,,,,,Common,$0.14
1,1,Godless Shrine,Gatecrash,242,Near Mint,English,,,,,,,,1050,Rare,$10.90
2,2,Godsend,Journey into Nyx,12,Near Mint,English,,,,,,,,600,MythicRare,$6.27
3,0,Goham Djinn,Invasion,107,Near Mint,English,,,,,,,,,Uncommon,$0.18
8,8,Goldnight Castigator,Shadows over Innistrad,162,Near Mint,English,,,,,,,,200,MythicRare,$2.13
1,0,Gorilla Pack,Ice Age,135,Near Mint,English,,,,,,,,,Common,$0.14
1,0,Gorilla Warrior,Urza's Saga,256,Near Mint,English,,,,,,,,,Common,$0.14
6,6,Goryo's Vengeance,Betrayers of Kamigawa,67,Near Mint,English,,,,,,,,3250,Rare,$31.66
1,0,Gossamer Chains,Visions,106,Near Mint,English,,,,,,,,,Common,$0.17
1,1,Grafdigger's Cage,Dark Ascension,149,Near Mint,English,,,,,,,,1025,Rare,$10.00
2,2,Grand Abolisher,Magic 2012,19,Near Mint,English,,,,,,,,450,Rare,$4.23
5,5,Grand Architect,Scars of Mirrodin,33,Near Mint,English,,,,,,,,275,Rare,$2.66
1,0,Granger Guildmage,Mirage,118,Near Mint,English,,,,,,,,,Common,$0.14
1,0,Grapeshot Catapult,Antiquities,17,Near Mint,English,,,,,,,,,Common,$0.19
1,0,Grapeshot Catapult,Fourth Edition,340,Near Mint,English,,,,,,,,,Common,$0.14
1,0,Grasslands,Mirage,296,Near Mint,English,,,,,,,,,Uncommon,$0.42
39,7,Grave Betrayal,Return to Ravnica,67,Near Mint,English,,,,,,,,125,Rare,$1.06
7,0,Grave Defiler,Apocalypse,40,Near Mint,English,,,,,,,,,Uncommon,$0.23
2,0,Grave Robbers,The Dark,8,Near Mint,English,,,,,,,,,Rare,$0.45
2,0,Grave Servitude,Mirage,24,Near Mint,English,,,,,,,,,Common,$0.14
1,0,Gravebane Zombie,Mirage,25,Near Mint,English,,,,,,,,,Common,$0.14
1,0,Gravebind,Ice Age,17,Near Mint,English,,,,,,,,,Rare,$0.31
27,8,Graveblade Marauder,Magic Origins,101,Near Mint,English,,,,,,,,25,Rare,$0.37
1,1,Gravecrawler,Dark Ascension,64,Near Mint,English,,,,,,,,550,Rare,$5.72
1,0,Gravedigger,Tempest,31,Near Mint,English,,,,,,,,,Common,$0.14
1,0,Gravedigger,Classic Sixth Edition,134,Near Mint,English,,,,,,,,,Common,$0.14
1,0,Gravity Sphere,Legends,149,Good (Lightly Played),English,,,,,,,,,Rare,$29.70
1,0,Great Wall,Legends,186,Good (Lightly Played),English,,,,,,,,,Uncommon,$0.39
3,2,Greater Good,Urza's Saga,257,Near Mint,English,,,,,,,,,Rare,$11.20
1,0,Greed,Legends,15,Near Mint,English,,,,,,,,,Rare,$17.36
7,0,Greel's Caress,Prophecy,67,Near Mint,English,,,,,,,,,Common,$0.14
1,0,"Greel, Mind Raker",Prophecy,66,Near Mint,English,,,,,,,,,Rare,$0.39
1,0,Green Mana Battery,Legends,223,Good (Lightly Played),English,,,,,,,,,Uncommon,$0.59
4,0,Green Ward,Revised Edition,204,Near Mint,English,,,,,,,,,Uncommon,$0.16
1,0,Greener Pastures,Urza's Saga,258,Near Mint,English,,,,,,,,,Rare,$0.32
28,8,Greenwarden of Murasa,Battle for Zendikar,174,Near Mint,English,,,,,,,,125,MythicRare,$1.40
1,0,Griffin Canyon,Visions,163,Near Mint,English,,,,,,,,,Rare,$0.92
34,8,Grim Backwoods,Dark Ascension,156,Near Mint,English,,,,,,,,25,Rare,$0.28
59,8,Grim Haruspex,Khans of Tarkir,73,Near Mint,English,,,,,,,,25,Rare,$0.34
2,2,Grim Lavamancer,Magic 2012,145,Near Mint,English,,,,,,,,675,Rare,$6.96
1,0,Grim Monolith,Urza's Legacy,126,Near Mint,English,,,,,,,,,Rare,$61.13
19,8,Grim Return,Magic 2014 Core Set,100,Near Mint,English,,,,,,,,50,Rare,$0.38
27,8,"Grimgrin, Corpse-Born",Innistrad,214,Near Mint,English,,,,,,,,375,MythicRare,$3.99
1,1,Grimoire of the Dead,Innistrad,226,Near Mint,English,,,,,,,,325,MythicRare,$3.33
13,8,Grindclock,Scars of Mirrodin,163,Near Mint,English,,,,,,,,50,Rare,$0.35
1,1,Grindclock,Magic 2015 Core Set,217,Near Mint,English,,,,,,,,25,Rare,$0.25
5,5,Griselbrand,Avacyn Restored,106,Near Mint,English,,,,,,,,1250,MythicRare,$12.97
2,0,Grollub,Exodus,63,Near Mint,English,,,,,,,,,Common,$0.15
38,8,Ground Seal,Magic 2013,176,Near Mint,English,,,,,,,,25,Rare,$0.34
2,0,Groundskeeper,Mercadian Masques,250,Near Mint,English,,,,,,,,,Uncommon,$0.29
1,1,Grove of the Burnwillows,Future Sight,176,Near Mint,English,,,,,,,,6600,Rare,$65.06
56,8,Grove of the Guardian,Return to Ravnica,240,Near Mint,English,,,,,,,,25,Rare,$0.26
9,8,Growing Ranks,Return to Ravnica,217,Near Mint,English,,,,,,,,75,Rare,$0.78
28,8,Gruesome Slaughter,Battle for Zendikar,9,Near Mint,English,,,,,,,,25,Rare,$0.29
52,8,Gruul Ragebeast,Gatecrash,170,Near Mint,English,,,,,,,,25,Rare,$0.23
3,0,Guard Dogs,Planeshift,5,Near Mint,English,,,,,,,,,Uncommon,$0.17
5,0,Guardian Angel,Revised Edition,205,Near Mint,English,,,,,,,,,Common,$0.14
34,8,Guardian of Tazeem,Battle for Zendikar,78,Near Mint,English,,,,,,,,25,Rare,$0.27
23,8,Guardian of the Ages,Magic 2014 Core Set,211,Near Mint,English,,,,,,,,25,Rare,$0.25
71,8,Guild Feud,Return to Ravnica,97,Near Mint,English,,,,,,,,25,Rare,$0.23
3,0,Gulf Squid,Prophecy,35,Near Mint,English,,,,,,,,,Common,$0.15
4,0,Gush,Mercadian Masques,82,Near Mint,English,,,,,,,,,Common,$1.43
38,8,Gutter Grime,Innistrad,186,Near Mint,English,,,,,,,,25,Rare,$0.32
47,8,Guul Draz Overseer,Battle for Zendikar,112,Near Mint,English,,,,,,,,25,Rare,$0.25
17,8,Gyre Sage,Gatecrash,123,Near Mint,English,,,,,,,,150,Rare,$1.46
16,8,Hall of Triumph,Journey into Nyx,162,Near Mint,English,,,,,,,,50,Rare,$0.59
1,1,Hallowed Fountain,Return to Ravnica,241,Near Mint,English,,,,,,,,800,Rare,$7.88
25,8,Hallowed Moonlight,Magic Origins,16,Near Mint,English,,,,,,,,175,Rare,$1.76
33,8,Hamletback Goliath,Magic 2013,136,Near Mint,English,,,,,,,,25,Rare,$0.26
2,0,Hammer Mage,Mercadian Masques,193,Near Mint,English,,,,,,,,,Uncommon,$0.19
47,8,Hammer of Purphoros,Theros,124,Near Mint,English,,,,,,,,25,Rare,$0.36
1,0,Hammerhead Shark,Stronghold,32,Near Mint,English,,,,,,,,,Common,$0.15
1,0,Hammerheim,Legends,247,Good (Lightly Played),English,,,,,,,,,Uncommon,$2.21
2,0,Hand of Justice,Fallen Empires,142,Near Mint,English,,,,,,,,,Rare,$0.41
17,8,Hangarback Walker,Magic Origins,229,Near Mint,English,,,,,,,,375,Rare,$3.88
6,5,Hanweir Militia Captain,Shadows over Innistrad,21,Near Mint,English,,,,,,,,100,Rare,$1.14
25,8,Harbinger of the Hunt,Dragons of Tarkir,223,Near Mint,English,,,,,,,,25,Rare,$0.33
20,8,Harbinger of the Tides,Magic Origins,58,Near Mint,English,,,,,,,,125,Rare,$1.48
31,8,Hardened Scales,Khans of Tarkir,133,Near Mint,English,,,,,,,,175,Rare,$1.81
1,0,Harmonic Convergence,Urza's Legacy,103,Near Mint,English,,,,,,,,,Uncommon,$0.20
17,8,Harness by Force,Journey into Nyx,100,Near Mint,English,,,,,,,,25,Rare,$0.26
10,8,Harness the Storm,Shadows over Innistrad,163,Near Mint,English,,,,,,,,25,Rare,$0.32
4,0,Harrow,Invasion,189,Near Mint,English,,,,,,,,,Common,$0.17
8,0,Harvest Mage,Nemesis,105,Near Mint,English,,,,,,,,,Common,$0.14
6,6,Harvester of Souls,Avacyn Restored,107,Near Mint,English,,,,,,,,100,Rare,$1.05
2,0,Hate Weaver,Invasion,108,Near Mint,English,,,,,,,,,Uncommon,$0.19
7,0,Haunted Angel,Apocalypse,12,Near Mint,English,,,,,,,,,Uncommon,$0.19
1,0,Haunted Crossroads,Mercadian Masques,138,Near Mint,English,,,,,,,,,Uncommon,$0.51
8,8,Haunted Plate Mail,Magic 2014 Core Set,212,Near Mint,English,,,,,,,,25,Rare,$0.27
3,3,Haunted Plate Mail,Magic 2015 Core Set,218,Near Mint,English,,,,,,,,25,Rare,$0.24
11,8,Haven of the Spirit Dragon,Dragons of Tarkir,249,Near Mint,English,,,,,,,,150,Rare,$1.86
2,2,Havengul Lich,Dark Ascension,139,Near Mint,English,,,,,,,,400,MythicRare,$4.32
28,8,Havengul Runebinder,Dark Ascension,39,Near Mint,English,,,,,,,,25,Rare,$0.32
5,0,Havenwood Battleground,Fallen Empires,181,Near Mint,English,,,,,,,,,Uncommon,$0.23
65,8,Havoc Festival,Return to Ravnica,166,Near Mint,English,,,,,,,,25,Rare,$0.24
1,0,Hawkeater Moth,Urza's Saga,259,Near Mint,English,,,,,,,,,Uncommon,$0.18
1,0,Hazerider Drake,Mirage,328,Near Mint,English,,,,,,,,,Uncommon,$0.17
5,0,Hazy Homunculus,Prophecy,36,Near Mint,English,,,,,,,,,Common,$0.14
1,0,Headless Horseman,Legends,16,Near Mint,English,,,,,,,,,Common,$0.27
4,0,Heal,Ice Age,254,Near Mint,English,,,,,,,,,Common,$0.15
10,0,Healing Salve,Revised Edition,206,Near Mint,English,,,,,,,,,Common,$0.14
1,0,Healing Salve,Urza's Saga,16,Near Mint,English,,,,,,,,,Common,$0.15
1,0,Hearth Charm,Visions,82,Near Mint,English,,,,,,,,,Common,$0.15
33,8,Heartless Summoning,Innistrad,104,Near Mint,English,,,,,,,,150,Rare,$1.75
1,0,Heartstone,Stronghold,128,Near Mint,English,,,,,,,,,Uncommon,$0.36
1,0,Heat of Battle,Stronghold,88,Near Mint,English,,,,,,,,,Uncommon,$0.20
1,0,Heat Ray,Urza's Saga,199,Near Mint,English,,,,,,,,,Common,$0.14
1,0,Heat Stroke,Weatherlight,107,Near Mint,English,,,,,,,,,Rare,$0.44
2,0,Heat Wave,Visions,83,Near Mint,English,,,,,,,,,Uncommon,$0.17
1,0,Heaven's Gate,Legends,188,Near Mint,English,,,,,,,,,Uncommon,$0.55
1,0,Heavy Ballista,Weatherlight,133,Near Mint,English,,,,,,,,,Common,$0.14
1,0,Heavy Ballista,Classic Sixth Edition,23,Near Mint,English,,,,,,,,,Uncommon,$0.21
1,0,Hecatomb,Ice Age,18,Near Mint,English,,,,,,,,,Rare,$0.57
25,8,Hedonist's Trove,Dragons of Tarkir,106,Near Mint,English,,,,,,,,25,Rare,$0.35
26,8,Hedron Alignment,Oath of the Gatewatch,57,Near Mint,English,,,,,,,,25,Rare,$0.31
29,8,"Heliod, God of the Sun",Theros,17,Near Mint,English,,,,,,,,400,MythicRare,$4.29
4,0,Helionaut,Apocalypse,13,Near Mint,English,,,,,,,,,Common,$0.15
2,0,Hell Swarm,Legends,17,Near Mint,English,,,,,,,,,Common,$0.19
1,0,Hellfire,Legends,18,Played,English,,,,,,,,,Rare,$15.90
20,8,Hellion Crucible,Magic 2013,226,Near Mint,English,,,,,,,,25,Rare,$0.26
9,8,Hellkite Igniter,Mirrodin Besieged,65,Near Mint,English,,,,,,,,25,Rare,$0.32
3,3,Hellkite Tyrant,Gatecrash,94,Near Mint,English,,,,,,,,300,MythicRare,$3.32
9,8,Hellrider,Dark Ascension,93,Near Mint,English,,,,,,,,50,Rare,$0.57
1,0,Helm of Awakening,Visions,145,Near Mint,English,,,,,,,,,Uncommon,$1.03
2,0,Helm of Chatzuk,Revised Edition,250,Near Mint,English,,,,,,,,,Rare,$0.30
1,0,Helm of Chatzuk,Fourth Edition,342,Near Mint,English,,,,,,,,,Rare,$0.29
23,8,Helm of the Gods,Magic Origins,230,Near Mint,English,,,,,,,,25,Rare,$0.33
24,8,Helvault,Dark Ascension,151,Near Mint,English,,,,,,,,75,MythicRare,$0.67
1,0,Henge Guardian,Mercadian Masques,297,Near Mint,English,,,,,,,,,Uncommon,$0.17
2,0,Henge of Ramos,Mercadian Masques,318,Near Mint,English,,,,,,,,,Uncommon,$0.19
22,8,Herald of Anafenza,Khans of Tarkir,12,Near Mint,English,,,,,,,,25,Rare,$0.30
23,8,Herald of the Pantheon,Magic Origins,180,Near Mint,English,,,,,,,,50,Rare,$0.62
34,8,Herald of Torment,Born of the Gods,75,Near Mint,English,,,,,,,,25,Rare,$0.26
43,8,Heretic's Punishment,Innistrad,147,Near Mint,English,,,,,,,,25,Rare,$0.29
2,0,Hermetic Study,Urza's Saga,78,Near Mint,English,,,,,,,,,Common,$0.17
1,1,Hero of Bladehold,Mirrodin Besieged,8,Near Mint,English,,,,,,,,800,MythicRare,$8.04
33,8,Hero of Goma Fada,Battle for Zendikar,31,Near Mint,English,,,,,,,,25,Rare,$0.29
26,8,Hero of Iroas,Born of the Gods,17,Near Mint,English,,,,,,,,75,Rare,$0.82
18,8,Hero of Leina Tower,Born of the Gods,123,Near Mint,English,,,,,,,,25,Rare,$0.29
11,8,Hero of Oxid Ridge,Mirrodin Besieged,66,Near Mint,English,,,,,,,,100,MythicRare,$0.93
14,8,Hero's Downfall,Theros,90,Near Mint,English,,,,,,,,200,Rare,$1.93
5,5,Heroes' Bane,Journey into Nyx,126,Near Mint,English,,,,,,,,50,Rare,$0.62
20,8,Heroes' Podium,Born of the Gods,159,Near Mint,English,,,,,,,,25,Rare,$0.25
3,0,Heroes' Reunion,Invasion,250,Near Mint,English,,,,,,,,,Uncommon,$0.30
3,0,Heroic Defiance,Planeshift,6,Near Mint,English,,,,,,,,,Common,$0.14
6,0,Heroism,Fallen Empires,143,Near Mint,English,,,,,,,,,Uncommon,$0.17
8,8,Hex Parasite,New Phyrexia,137,Near Mint,English,,,,,,,,50,Rare,$0.55
4,0,Hickory Woodlot,Mercadian Masques,319,Near Mint,English,,,,,,,,,Common,$0.15
1,0,Hidden Ancients,Urza's Saga,260,Near Mint,English,,,,,,,,,Uncommon,$0.21
33,8,Hidden Dragonslayer,Dragons of Tarkir,23,Near Mint,English,,,,,,,,100,Rare,$1.20
1,0,Hidden Path,The Dark,41,Near Mint,English,,,,,,,,,Rare,$0.69
1,0,Hidden Retreat,Stronghold,106,Near Mint,English,,,,,,,,,Rare,$0.30
2,0,Hidden Spider,Urza's Saga,264,Near Mint,English,,,,,,,,,Common,$0.16
1,0,High Ground,Exodus,7,Near Mint,English,,,,,,,,,Uncommon,$0.19
2,0,High Market,Mercadian Masques,320,Near Mint,English,,,,,,,,,Rare,$3.95
40,8,High Priest of Penance,Gatecrash,171,Near Mint,English,,,,,,,,50,Rare,$0.61
2,0,High Seas,Mercadian Masques,83,Near Mint,English,,,,,,,,,Uncommon,$0.18
37,8,High Sentinels of Arashin,Khans of Tarkir,13,Near Mint,English,,,,,,,,25,Rare,$0.31
6,0,High Tide,Fallen Empires,35,Near Mint,English,,,,,,,,,Common,$0.56
7,0,High Tide,Fallen Empires,36,Near Mint,English,,,,,,,,,Common,$0.54
5,0,High Tide,Fallen Empires,37,Near Mint,English,,,,,,,,,Common,$0.56
4,0,Highway Robber,Mercadian Masques,139,Near Mint,English,,,,,,,,,Common,$0.15
4,4,Hinterland Harbor,Innistrad,241,Near Mint,English,,,,,,,,525,Rare,$5.19
1,0,Hipparion,Ice Age,255,Near Mint,English,,,,,,,,,Uncommon,$0.17
1,0,Hired Giant,Mercadian Masques,194,Near Mint,English,,,,,,,,,Uncommon,$0.18
10,8,Hissing Quagmire,Oath of the Gatewatch,171,Near Mint,English,,,,,,,,400,Rare,$4.06
27,8,"Hixus, Prison Warden",Magic Origins,19,Near Mint,English,,,,,,,,25,Rare,$0.30
1,0,Hoar Shade,Ice Age,19,Near Mint,English,,,,,,,,,Common,$0.14
3,3,Hoard-Smelter Dragon,Scars of Mirrodin,93,Near Mint,English,,,,,,,,25,Rare,$0.31
12,8,Hoarding Dragon,Magic 2015 Core Set,149,Near Mint,English,,,,,,,,25,Rare,$0.24
7,0,Hobble,Planeshift,7,Near Mint,English,,,,,,,,,Common,$0.15
3,0,Hollow Dogs,Urza's Saga,137,Near Mint,English,,,,,,,,,Common,$0.14
4,0,Hollow Trees,Fallen Empires,182,Near Mint,English,,,,,,,,,Rare,$0.63
3,0,Hollow Warrior,Prophecy,138,Near Mint,English,,,,,,,,,Uncommon,$0.19
8,0,Holy Armor,Revised Edition,207,Near Mint,English,,,,,,,,,Common,$0.14
1,0,Holy Armor,Fourth Edition,279,Near Mint,English,,,,,,,,,Common,$0.14
4,0,Holy Day,Invasion,20,Near Mint,English,,,,,,,,,Common,$0.24
5,0,Holy Light,The Dark,83,Near Mint,English,,,,,,,,,Common,$0.25
6,0,Holy Strength,Revised Edition,208,Near Mint,English,,,,,,,,,Common,$0.14
1,0,Holy Strength,Fourth Edition,280,Near Mint,English,,,,,,,,,Common,$0.15
7,0,Homarid,Fallen Empires,38,Near Mint,English,,,,,,,,,Common,$0.17
7,0,Homarid,Fallen Empires,39,Near Mint,English,,,,,,,,,Common,$0.17
5,0,Homarid,Fallen Empires,40,Near Mint,English,,,,,,,,,Common,$0.14
6,0,Homarid,Fallen Empires,41,Near Mint,English,,,,,,,,,Common,$0.17
2,0,Homarid Shaman,Fallen Empires,42,Near Mint,English,,,,,,,,,Rare,$0.35
4,0,Homarid Spawning Bed,Fallen Empires,43,Near Mint,English,,,,,,,,,Uncommon,$0.21
6,0,Homarid Warrior,Fallen Empires,44,Near Mint,English,,,,,,,,,Common,$0.16
5,0,Homarid Warrior,Fallen Empires,45,Near Mint,English,,,,,,,,,Common,$0.14
5,0,Homarid Warrior,Fallen Empires,46,Near Mint,English,,,,,,,,,Common,$0.16
1,0,Honor Guard,Stronghold,107,Near Mint,English,,,,,,,,,Common,$0.15
3,3,Honor of the Pure,Magic 2012,23,Near Mint,English,,,,,,,,175,Rare,$1.95
1,0,Honorable Passage,Visions,107,Near Mint,English,,,,,,,,,Uncommon,$0.18
5,0,Honorable Scout,Planeshift,8,Near Mint,English,,,,,,,,,Common,$0.14
28,8,Honored Hierarch,Magic Origins,182,Near Mint,English,,,,,,,,25,Rare,$0.42
13,8,Hooded Hydra,Khans of Tarkir,136,Near Mint,English,,,,,,,,100,MythicRare,$1.12
4,0,Hooded Kavu,Invasion,147,Near Mint,English,,,,,,,,,Common,$0.14
4,0,Hoodwink,Mercadian Masques,84,Near Mint,English,,,,,,,,,Common,$0.17
1,0,Hope Charm,Visions,108,Near Mint,English,,,,,,,,,Common,$0.15
1,0,Hopping Automaton,Urza's Saga,297,Near Mint,English,,,,,,,,,Uncommon,$0.18
1,0,Horn of Deafening,Chronicles,80,Near Mint,English,,,,,,,,,Rare,$0.27
3,0,Horned Cheetah,Invasion,251,Near Mint,English,,,,,,,,,Uncommon,$0.18
6,0,Horned Kavu,Planeshift,110,Near Mint,English,,,,,,,,,Common,$0.16
4,0,Horned Troll,Mercadian Masques,251,Near Mint,English,,,,,,,,,Common,$0.14
4,0,Hornet Cobra,Legends,104,Near Mint,English,,,,,,,,,Common,$0.19
11,8,Hornet Nest,Magic 2015 Core Set,177,Near Mint,English,,,,,,,,125,Rare,$1.17
9,8,Hornet Queen,Magic 2015 Core Set,178,Near Mint,English,,,,,,,,100,Rare,$1.01
1,0,Horrible Hordes,Mirage,269,Near Mint,English,,,,,,,,,Uncommon,$0.17
2,0,Horror of Horrors,Legends,20,Near Mint,English,,,,,,,,,Uncommon,$0.45
1,0,Horseshoe Crab,Urza's Saga,80,Near Mint,English,,,,,,,,,Common,$0.16
36,8,Hound of Griselbrand,Avacyn Restored,141,Near Mint,English,,,,,,,,50,Rare,$0.37
1,0,Howl from Beyond,Revised Edition,22,Good (Lightly Played),English,,,,,,,,,Common,$0.13
9,0,Howl from Beyond,Revised Edition,22,Near Mint,English,,,,,,,,,Common,$0.13
1,0,Howl from Beyond,Classic Sixth Edition,138,Near Mint,English,,,,,,,,,Common,$0.16
32,8,Howl of the Horde,Khans of Tarkir,112,Near Mint,English,,,,,,,,25,Rare,$0.30
1,0,Howling Mine,Fourth Edition,343,Played,English,,,,,,,,,Rare,$2.83
1,0,Howling Mine,Fourth Edition,343,Near Mint,English,,,,,,,,,Rare,$2.83
1,0,Howling Mine,Fifth Edition,377,Good (Lightly Played),English,,,,,,,,,Rare,$2.61
4,0,Howling Wolf,Mercadian Masques,252,Near Mint,English,,,,,,,,,Common,$0.14
9,0,Hull Breach,Planeshift,111,Near Mint,English,,,,,,,,,Common,$0.21
3,0,Humility,Tempest,236,Near Mint,English,,,,,,,,,Rare,$21.87
1,0,Humility,Tempest,236,Good (Lightly Played),English,,,,,,,,,Rare,$21.87
50,8,Hundred-Handed One,Theros,20,Near Mint,English,,,,,,,,50,Rare,$0.34
2,0,Hungry Mist,Homelands,60,Near Mint,English,,,,,,,,,Common,$0.16
1,0,Hunted Wumpus,Mercadian Masques,253,Near Mint,English,,,,,,,,,Uncommon,$0.19
25,8,Hunter's Prowess,Born of the Gods,124,Near Mint,English,,,,,,,,25,Rare,$0.24
6,0,Hunting Drake,Planeshift,27,Near Mint,English,,,,,,,,,Common,$0.14
1,0,Hunting Kavu,Invasion,252,Near Mint,English,,,,,,,,,Uncommon,$0.18
1,1,Huntmaster of the Fells,Dark Ascension,140,Near Mint,English,,,,,,,,1375,MythicRare,$13.62
3,0,Hurkyl's Recall,Revised Edition,60,Near Mint,English,,,,,,,,,Rare,$3.75
1,0,Hurloon Minotaur,Fourth Edition,220,Near Mint,English,,,,,,,,,Common,$0.14
3,0,Hurricane,Revised Edition,109,Near Mint,English,,,,,,,,,Uncommon,$0.19
1,0,Hush,Urza's Saga,266,Near Mint,English,,,,,,,,,Common,$0.14
13,8,Hushwing Gryff,Magic 2015 Core Set,15,Near Mint,English,,,,,,,,50,Rare,$0.61
1,0,Hyalopterous Lemure,Ice Age,21,Near Mint,English,,,,,,,,,Uncommon,$0.17
15,8,Hydra Broodmaster,Journey into Nyx,128,Near Mint,English,,,,,,,,75,Rare,$0.64
2,0,Hydroblast,Ice Age,72,Near Mint,English,,,,,,,,,Common,$0.58
8,0,Hymn to Tourach,Fallen Empires,12,Near Mint,English,,,,,,,,,Common,$1.43
6,0,Hymn to Tourach,Fallen Empires,13,Near Mint,English,,,,,,,,,Common,$1.49
5,0,Hymn to Tourach,Fallen Empires,14,Near Mint,English,,,,,,,,,Common,$1.49
5,0,Hymn to Tourach,Fallen Empires,15,Near Mint,English,,,,,,,,,Common,$1.49
1,0,Hyperion Blacksmith,Legends,150,Good (Lightly Played),English,,,,,,,,,Uncommon,$0.37
1,0,Hyperion Blacksmith,Legends,150,Near Mint,English,,,,,,,,,Uncommon,$0.37
43,8,Hypersonic Dragon,Return to Ravnica,170,Near Mint,English,,,,,,,,25,Rare,$0.30
4,0,Hypnotic Cloud,Invasion,109,Near Mint,English,,,,,,,,,Common,$0.14
20,8,Hypnotic Siren,Journey into Nyx,42,Near Mint,English,,,,,,,,25,Rare,$0.32
3,0,Hypnotic Specter,Revised Edition,23,Near Mint,English,,,,,,,,,Uncommon,$0.82
21,8,Hythonia the Cruel,Theros,91,Near Mint,English,,,,,,,,75,MythicRare,$0.71
6,0,Icatian Infantry,Fallen Empires,144,Near Mint,English,,,,,,,,,Common,$0.17
8,0,Icatian Infantry,Fallen Empires,145,Near Mint,English,,,,,,,,,Common,$0.17
5,0,Icatian Infantry,Fallen Empires,146,Near Mint,English,,,,,,,,,Common,$0.17
4,0,Icatian Infantry,Fallen Empires,147,Near Mint,English,,,,,,,,,Common,$0.14
7,0,Icatian Javelineers,Fallen Empires,148,Near Mint,English,,,,,,,,,Common,$0.18
6,0,Icatian Javelineers,Fallen Empires,149,Near Mint,English,,,,,,,,,Common,$0.18
6,0,Icatian Javelineers,Fallen Empires,150,Near Mint,English,,,,,,,,,Common,$0.19
1,0,Icatian Lieutenant,Fallen Empires,151,Near Mint,English,,,,,,,,,Rare,$0.32
8,0,Icatian Moneychanger,Fallen Empires,152,Near Mint,English,,,,,,,,,Common,$0.14
4,0,Icatian Moneychanger,Fallen Empires,153,Near Mint,English,,,,,,,,,Common,$0.17
4,0,Icatian Moneychanger,Fallen Empires,154,Near Mint,English,,,,,,,,,Common,$0.17
10,0,Icatian Phalanx,Fallen Empires,155,Near Mint,English,,,,,,,,,Uncommon,$0.17
5,0,Icatian Priest,Fallen Empires,156,Near Mint,English,,,,,,,,,Uncommon,$0.17
6,0,Icatian Scout,Fallen Empires,157,Near Mint,English,,,,,,,,,Common,$0.17
6,0,Icatian Scout,Fallen Empires,158,Near Mint,English,,,,,,,,,Common,$0.17
9,0,Icatian Scout,Fallen Empires,159,Near Mint,English,,,,,,,,,Common,$0.17
7,0,Icatian Scout,Fallen Empires,160,Near Mint,English,,,,,,,,,Common,$0.14
3,0,Icatian Skirmishers,Fallen Empires,161,Near Mint,English,,,,,,,,,Rare,$0.35
5,0,Icatian Store,Fallen Empires,183,Near Mint,English,,,,,,,,,Rare,$0.45
1,0,Icatian Town,Fallen Empires,162,Near Mint,English,,,,,,,,,Rare,$0.30
1,0,Ice Floe,Ice Age,333,Near Mint,English,,,,,,,,,Uncommon,$0.26
29,8,Icefall Regent,Dragons of Tarkir,58,Near Mint,English,,,,,,,,100,Rare,$1.14
2,0,Icequake,Ice Age,22,Near Mint,English,,,,,,,,,Uncommon,$0.35
1,0,Ichneumon Druid,Legends,105,Near Mint,English,,,,,,,,,Uncommon,$0.85
42,8,Icy Blast,Khans of Tarkir,42,Near Mint,English,,,,,,,,25,Rare,$0.30
1,0,Icy Manipulator,Ice Age,297,Near Mint,English,,,,,,,,,Uncommon,$0.42
1,0,Ifh-Bíff Efreet,Arabian Nights,34,Poor,English,,,,,,,,,Rare,$21.42
1,0,Ignoble Soldier,Mercadian Masques,22,Near Mint,English,,,,,,,,,Uncommon,$0.18
1,0,Ill-Gotten Gains,Urza's Saga,138,Near Mint,English,,,,,,,,,Rare,$1.39
7,0,Illuminate,Apocalypse,63,Near Mint,English,,,,,,,,,Uncommon,$0.20
8,0,Illusion // Reality,Apocalypse,129,Near Mint,English,,,,,,,,,Uncommon,$0.17
2,0,Illusionary Forces,Ice Age,75,Near Mint,English,,,,,,,,,Common,$0.14
4,4,Illusionist's Bracers,Gatecrash,231,Near Mint,English,,,,,,,,200,Rare,$1.92
1,0,Illusions of Grandeur,Ice Age,79,Near Mint,English,,,,,,,,,Rare,$4.73
20,8,Illusory Gains,Dragons of Tarkir,59,Near Mint,English,,,,,,,,25,Rare,$0.32
1,0,Imaginary Pet,Urza's Saga,81,Near Mint,English,,,,,,,,,Rare,$0.30
2,0,Immolation,Legends,151,Near Mint,English,,,,,,,,,Common,$0.19
2,0,Immolation,Legends,151,Good (Lightly Played),English,,,,,,,,,Common,$0.19
22,8,Immortal Servitude,Gatecrash,220,Near Mint,English,,,,,,,,50,Rare,$0.55
4,0,Implements of Sacrifice,Fallen Empires,173,Near Mint,English,,,,,,,,,Rare,$0.29
2,0,Implode,Planeshift,62,Near Mint,English,,,,,,,,,Uncommon,$0.21
21,8,Imposing Sovereign,Magic 2014 Core Set,22,Near Mint,English,,,,,,,,50,Rare,$0.43
3,0,Imposing Visage,Ice Age,193,Near Mint,English,,,,,,,,,Common,$0.14
3,3,In Garruk's Wake,Magic 2015 Core Set,100,Near Mint,English,,,,,,,,50,Rare,$0.56
1,0,In the Eye of Chaos,Legends,61,Near Mint,English,,,,,,,,,Rare,$44.62
3,0,Incinerate,Ice Age,194,Near Mint,English,,,,,,,,,Common,$0.20
26,8,Increasing Ambition,Dark Ascension,69,Near Mint,English,,,,,,,,100,Rare,$1.01
1,1,Increasing Confusion,Dark Ascension,41,Near Mint,English,,,,,,,,150,Rare,$1.62
3,3,Increasing Devotion,Dark Ascension,11,Near Mint,English,,,,,,,,50,Rare,$0.57
14,8,Increasing Savagery,Dark Ascension,120,Near Mint,English,,,,,,,,100,Rare,$0.87
39,8,Increasing Vengeance,Dark Ascension,95,Near Mint,English,,,,,,,,125,Rare,$1.34
1,0,Indentured Djinn,Mercadian Masques,85,Near Mint,English,,,,,,,,,Uncommon,$0.27
14,8,Indestructibility,Magic 2014 Core Set,23,Near Mint,English,,,,,,,,50,Rare,$0.54
4,0,Indestructible Aura,Legends,190,Near Mint,English,,,,,,,,,Common,$0.21
5,0,Index,Apocalypse,25,Near Mint,English,,,,,,,,,Common,$0.15
2,2,Indomitable Archangel,Scars of Mirrodin,11,Near Mint,English,,,,,,,,150,MythicRare,$1.49
16,8,Indulgent Tormentor,Magic 2015 Core Set,101,Near Mint,English,,,,,,,,75,Rare,$0.75
13,8,Inexorable Blob,Shadows over Innistrad,212,Near Mint,English,,,,,,,,25,Rare,$0.35
2,2,Inexorable Tide,Scars of Mirrodin,35,Near Mint,English,,,,,,,,75,Rare,$0.66
1,0,Infernal Harvest,Visions,12,Near Mint,English,,,,,,,,,Common,$0.15
1,0,Infernal Medusa,Legends,22,Good (Lightly Played),English,,,,,,,,,Uncommon,$1.34
1,0,Infernal Medusa,Legends,22,Near Mint,English,,,,,,,,,Uncommon,$1.34
1,0,Infernal Spawn of Evil,Unglued,33,Near Mint,English,,,,,,,,,Rare,$2.22
1,0,Infernal Tribute,Weatherlight,15,Near Mint,English,,,,,,,,,Rare,$1.07
2,0,Inferno,The Dark,70,Good (Lightly Played),English,,,,,,,,,Rare,$0.87
15,0,Infiltrate,Nemesis,33,Near Mint,English,,,,,,,,,Common,$0.14
22,8,Infinite Obliteration,Magic Origins,103,Near Mint,English,,,,,,,,175,Rare,$1.62
22,8,Infinite Reflection,Avacyn Restored,61,Near Mint,English,,,,,,,,50,Rare,$0.37
5,0,Inflame,Prophecy,91,Near Mint,English,,,,,,,,,Common,$0.14
3,0,Infuse,Ice Age,80,Near Mint,English,,,,,,,,,Common,$0.14
5,0,Initiates of the Ebon Hand,Fallen Empires,16,Near Mint,English,,,,,,,,,Common,$0.14
4,0,Initiates of the Ebon Hand,Fallen Empires,17,Near Mint,English,,,,,,,,,Common,$0.16
7,0,Initiates of the Ebon Hand,Fallen Empires,18,Near Mint,English,,,,,,,,,Common,$0.16
2,2,Inkmoth Nexus,Mirrodin Besieged,145,Near Mint,English,,,,,,,,2725,Rare,$27.47
5,0,Inquisition,The Dark,9,Near Mint,English,,,,,,,,,Common,$0.14
1,1,Inquisition of Kozilek,Rise of the Eldrazi,115,Near Mint,English,,,,,,,,1400,Uncommon,$14.88
10,0,Insolence,Planeshift,63,Near Mint,English,,,,,,,,,Common,$0.14
2,0,Instigator,Mercadian Masques,140,Near Mint,English,,,,,,,,,Rare,$0.30
28,8,Instigator Gang,Innistrad,149,Near Mint,English,,,,,,,,75,Rare,$0.85
3,0,Instill Energy,Revised Edition,110,Near Mint,English,,,,,,,,,Uncommon,$0.23
4,0,Insubordination,Mercadian Masques,141,Near Mint,English,,,,,,,,,Common,$0.14
1,0,Intervene,Urza's Legacy,33,Near Mint,English,,,,,,,,,Common,$0.14
1,0,Intimidation,Mercadian Masques,142,Near Mint,English,,,,,,,,,Uncommon,$0.22
12,8,Into the Wilds,Magic 2014 Core Set,180,Near Mint,English,,,,,,,,50,Rare,$0.43
1,0,Intrepid Hero,Urza's Saga,19,Near Mint,English,,,,,,,,,Rare,$1.02
12,8,Intrepid Hero,Magic 2013,20,Near Mint,English,,,,,,,,75,Rare,$0.80
7,7,Invader Parasite,New Phyrexia,87,Near Mint,English,,,,,,,,25,Rare,$0.32
15,8,Inverter of Truth,Oath of the Gatewatch,72,Near Mint,English,,,,,,,,100,MythicRare,$0.97
4,0,Invigorate,Mercadian Masques,254,Near Mint,English,,,,,,,,,Common,$0.83
3,0,Inviolability,Mercadian Masques,23,Near Mint,English,,,,,,,,,Common,$0.20
2,0,Invisibility,Unlimited Edition,60,Near Mint,English,,,,,,,,,Common,$0.36
1,0,Invisibility,Unlimited Edition,60,Good (Lightly Played),English,,,,,,,,,Common,$0.36
2,0,Invisibility,Unlimited Edition,60,Played,English,,,,,,,,,Common,$0.36
13,8,Invocation of Saint Traft,Shadows over Innistrad,246,Near Mint,English,,,,,,,,25,Rare,$0.33
32,8,Ire Shaman,Dragons of Tarkir,141,Near Mint,English,,,,,,,,50,Rare,$0.38
1,1,"Iroas, God of Victory",Journey into Nyx,150,Near Mint,English,,,,,,,,775,MythicRare,$7.97
1,0,Iron Lance,Mercadian Masques,300,Near Mint,English,,,,,,,,,Uncommon,$0.17
2,0,Iron Star,Revised Edition,252,Good (Lightly Played),English,,,,,,,,,Uncommon,$0.16
7,0,Ironroot Treefolk,Revised Edition,111,Near Mint,English,,,,,,,,,Common,$0.13
1,0,Ironroot Treefolk,Fourth Edition,137,Near Mint,English,,,,,,,,,Common,$0.15
6,0,Irrigation Ditch,Invasion,324,Near Mint,English,,,,,,,,,Common,$0.16
1,1,Island,Unhinged,137,Near Mint,English,,,,,,,,0,BasicLand,$9.98
1,0,Island Fish Jasconius,Revised Edition,61,Near Mint,English,,,,,,,,,Rare,$0.30
10,8,Isolated Chapel,Innistrad,242,Near Mint,English,,,,,,,,350,Rare,$3.53
40,8,"Isperia, Supreme Judge",Return to Ravnica,171,Near Mint,English,,,,,,,,75,MythicRare,$0.78
1,0,Ivory Cup,Limited Edition Beta,253,Played,English,,,,,,,,,Uncommon,$1.93
2,0,Ivory Cup,Revised Edition,253,Near Mint,English,,,,,,,,,Uncommon,$0.15
1,0,Ivory Mask,Mercadian Masques,24,Near Mint,English,,,,,,,,,Rare,$0.76
1,0,Ivory Tower,Revised Edition,254,Played,English,,,,,,,,,Rare,$1.28
20,8,Ivorytusk Fortress,Khans of Tarkir,179,Near Mint,English,,,,,,,,25,Rare,$0.27
1,0,Jabari's Banner,Weatherlight,150,Near Mint,English,,,,,,,,,Uncommon,$0.21
1,1,Jace's Archivist,Magic 2012,59,Near Mint,English,,,,,,,,50,Rare,$0.41
18,8,Jace's Mindseeker,Magic 2014 Core Set,61,Near Mint,English,,,,,,,,25,Rare,$0.26
21,8,Jace's Sanctum,Magic Origins,61,Near Mint,English,,,,,,,,50,Rare,$0.50
1,1,"Jace, Memory Adept",Magic 2012,58,Near Mint,English,,,,,,,,625,MythicRare,$6.17
4,4,"Jace, Memory Adept",Magic 2014 Core Set,60,Near Mint,English,,,,,,,,600,MythicRare,$6.19
6,6,"Jace, the Living Guildpact",Magic 2015 Core Set,62,Near Mint,English,,,,,,,,275,MythicRare,$2.85
1,1,"Jace, the Mind Sculptor",Eternal Masters,57,Near Mint,English,,,,,,,,6850,MythicRare,$69.10
1,1,"Jace, Unraveler of Secrets",Shadows over Innistrad,69,Near Mint,English,,,,,,,,675,MythicRare,$6.77
4,4,"Jace, Vryn's Prodigy",Magic Origins,60,Near Mint,English,,,,,,,,3100,MythicRare,$32.17
2,0,Jackalope Herd,Exodus,111,Near Mint,English,,,,,,,,,Common,$0.14
1,0,Jade Leech,Invasion,190,Near Mint,English,,,,,,,,,Rare,$0.29
4,0,Jaded Response,Apocalypse,26,Near Mint,English,,,,,,,,,Common,$0.14
2,2,"Jalira, Master Polymorphist",Magic 2015 Core Set,64,Near Mint,English,,,,,,,,25,Rare,$0.26
1,0,Jalum Tome,Antiquities,19,Near Mint,English,,,,,,,,,Uncommon,$0.73
1,0,Jamuraan Lion,Visions,110,Near Mint,English,,,,,,,,,Common,$0.15
2,0,Jandor's Ring,Revised Edition,256,Near Mint,English,,,,,,,,,Rare,$0.28
1,0,Jandor's Saddlebags,Revised Edition,257,Near Mint,English,,,,,,,,,Rare,$0.29
1,0,Jangling Automaton,Weatherlight,151,Near Mint,English,,,,,,,,,Common,$0.14
33,8,Jar of Eyeballs,Dark Ascension,152,Near Mint,English,,,,,,,,25,Rare,$0.29
50,8,Jarad's Orders,Return to Ravnica,175,Near Mint,English,,,,,,,,25,Rare,$0.35
12,8,"Jarad, Golgari Lich Lord",Return to Ravnica,174,Near Mint,English,,,,,,,,100,MythicRare,$1.08
1,0,Jayemdae Tome,Revised Edition,258,Near Mint,English,,,,,,,,,Rare,$0.29
20,8,Jeering Instigator,Khans of Tarkir,113,Near Mint,English,,,,,,,,25,Rare,$0.27
79,8,Jeskai Ascendancy,Khans of Tarkir,180,Near Mint,English,,,,,,,,75,Rare,$0.76
31,8,Jeskai Infiltrator,Fate Reforged,36,Near Mint,English,,,,,,,,25,Rare,$0.28
2,0,Jester's Cap,Ice Age,299,Near Mint,English,,,,,,,,,Rare,$2.22
1,0,Jeweled Torque,Mercadian Masques,301,Near Mint,English,,,,,,,,,Uncommon,$0.17
1,0,Jhovall Queen,Mercadian Masques,25,Near Mint,English,,,,,,,,,Rare,$0.45
1,0,Jhovall Rider,Mercadian Masques,26,Near Mint,English,,,,,,,,,Uncommon,$0.17
4,0,Jilt,Apocalypse,27,Near Mint,English,,,,,,,,,Common,$0.15
1,0,Jinxed Ring,Stronghold,131,Near Mint,English,,,,,,,,,Rare,$0.33
1,0,Jolrael's Centaur,Mirage,120,Near Mint,English,,,,,,,,,Common,$0.14
4,0,"Jolrael, Empress of Beasts",Prophecy,115,Near Mint,English,,,,,,,,,Rare,$0.37
1,0,Jolt,Mirage,70,Near Mint,English,,,,,,,,,Common,$0.15
4,0,Jolting Merfolk,Nemesis,34,Near Mint,English,,,,,,,,,Uncommon,$0.21
14,8,"Jor Kadeen, the Prevailer",New Phyrexia,128,Near Mint,English,,,,,,,,25,Rare,$0.33
38,8,"Jori En, Ruin Diver",Oath of the Gatewatch,155,Near Mint,English,,,,,,,,50,Rare,$0.60
1,0,Jovial Evil,Legends,23,Near Mint,English,,,,,,,,,Rare,$5.23
5,0,Juggernaut,Revised Edition,259,Near Mint,English,,,,,,,,,Uncommon,$0.20
5,0,Jump,Revised Edition,62,Near Mint,English,,,,,,,,,Common,$0.14
7,0,Jungle Barrier,Apocalypse,106,Near Mint,English,,,,,,,,,Uncommon,$0.18
1,0,Jungle Basin,Visions,164,Near Mint,English,,,,,,,,,Uncommon,$0.30
1,0,Jungle Wurm,Mirage,122,Near Mint,English,,,,,,,,,Common,$0.14
2,0,Juniper Order Druid,Ice Age,139,Near Mint,English,,,,,,,,,Common,$0.15
2,0,Juxtapose,Legends,63,Near Mint,English,,,,,,,,,Rare,$2.18
1,1,Kaalia of the Vast,Commander,206,Played,English,,,,,,,,3400,MythicRare,$40.75
1,1,Kaalia of the Vast,Commander,206,Near Mint,English,,,,,,,,4000,MythicRare,$40.75
1,0,Kaervek's Torch,Mirage,185,Near Mint,English,,,,,,,,,Common,$0.19
1,1,"Kalitas, Traitor of Ghet",Oath of the Gatewatch,86,Near Mint,English,,,,,,,,2450,MythicRare,$24.72
2,2,Kalonian Hydra,Magic 2014 Core Set,181,Near Mint,English,,,,,,,,1050,MythicRare,$10.83
7,7,Kalonian Twingrove,Magic 2015 Core Set,182,Near Mint,English,,,,,,,,25,Rare,$0.34
1,0,"Kangee, Aerie Keeper",Invasion,253,Near Mint,English,,,,,,,,,Rare,$0.54
1,1,Karakas,Eternal Masters,240,Near Mint,English,,,,,,,,6875,MythicRare,$74.26
1,0,Karakas,Legends,248,Played,English,,,,,,,,,Uncommon,$114.18
17,8,"Karametra, God of Harvests",Born of the Gods,148,Near Mint,English,,,,,,,,325,MythicRare,$3.43
4,0,Karma,Revised Edition,210,Near Mint,English,,,,,,,,,Uncommon,$0.16
2,0,Karma,Fourth Edition,282,Near Mint,English,,,,,,,,,Uncommon,$0.19
1,0,Karplusan Forest,Ice Age,337,Near Mint,English,,,,,,,,,Rare,$7.33
1,0,Karplusan Forest,Classic Sixth Edition,326,Near Mint,English,,,,,,,,,Rare,$6.95
1,1,"Karrthus, Tyrant of Jund",Alara Reborn,117,Near Mint,English,,,,,,,,1450,MythicRare,$14.75
4,0,Kavu Aggressor,Invasion,148,Near Mint,English,,,,,,,,,Common,$0.15
5,0,Kavu Chameleon,Invasion,191,Near Mint,English,,,,,,,,,Uncommon,$0.18
4,0,Kavu Climber,Invasion,192,Near Mint,English,,,,,,,,,Common,$0.14
5,0,Kavu Glider,Apocalypse,64,Near Mint,English,,,,,,,,,Common,$0.15
7,0,Kavu Howler,Apocalypse,79,Near Mint,English,,,,,,,,,Uncommon,$0.18
1,0,Kavu Monarch,Invasion,149,Near Mint,English,,,,,,,,,Rare,$0.37
5,0,Kavu Recluse,Planeshift,64,Near Mint,English,,,,,,,,,Common,$0.14
2,0,Kavu Runner,Invasion,150,Near Mint,English,,,,,,,,,Uncommon,$0.18
4,0,Kavu Scout,Invasion,151,Near Mint,English,,,,,,,,,Common,$0.14
1,0,Kavu Titan,Invasion,194,Near Mint,English,,,,,,,,,Rare,$0.83
1,0,Keeper of the Beasts,Exodus,112,Near Mint,English,,,,,,,,,Uncommon,$0.18
1,0,Keeper of the Flame,Exodus,85,Near Mint,English,,,,,,,,,Uncommon,$0.20
2,0,Keeper of the Mind,Exodus,36,Near Mint,English,,,,,,,,,Uncommon,$0.19
4,0,Keepers of the Faith,Legends,193,Near Mint,English,,,,,,,,,Common,$0.19
4,0,Keldon Battlewagon,Prophecy,139,Near Mint,English,,,,,,,,,Rare,$0.28
8,0,Keldon Mantle,Planeshift,65,Near Mint,English,,,,,,,,,Common,$0.14
2,0,Keldon Necropolis,Invasion,325,Near Mint,English,,,,,,,,,Rare,$0.36
1,0,Kelsinko Ranger,Ice Age,257,Near Mint,English,,,,,,,,,Common,$0.14
19,8,"Kemba, Kha Regent",Scars of Mirrodin,12,Near Mint,English,,,,,,,,50,Rare,$0.41
15,8,"Keranos, God of Storms",Journey into Nyx,151,Near Mint,English,,,,,,,,1150,MythicRare,$11.72
41,8,Kessig Cagebreakers,Innistrad,189,Near Mint,English,,,,,,,,25,Rare,$0.31
1,1,Kessig Wolf Run,Innistrad,243,Near Mint,English,,,,,,,,225,Rare,$2.28
1,0,Kezzerdrix,Tempest,33,Near Mint,English,,,,,,,,,Rare,$0.29
36,8,Kheru Lich Lord,Khans of Tarkir,182,Near Mint,English,,,,,,,,25,Rare,$0.28
30,8,Kheru Spellsnatcher,Khans of Tarkir,45,Near Mint,English,,,,,,,,25,Rare,$0.27
3,3,"Kiki-Jiki, Mirror Breaker",Modern Masters 2015 Edition,121,Near Mint,English,,,,,,,,1525,MythicRare,$16.13
2,0,Kill Switch,Nemesis,133,Near Mint,English,,,,,,,,,Rare,$0.38
1,0,Killer Whale,Exodus,37,Near Mint,English,,,,,,,,,Uncommon,$0.20
11,8,Killing Wave,Avacyn Restored,111,Near Mint,English,,,,,,,,100,Rare,$0.92
1,0,King Cheetah,Visions,60,Near Mint,English,,,,,,,,,Common,$0.15
1,0,King Crab,Urza's Legacy,34,Near Mint,English,,,,,,,,,Uncommon,$0.18
13,8,"King Macar, the Gold-Cursed",Journey into Nyx,74,Near Mint,English,,,,,,,,25,Rare,$0.27
34,8,"Kiora, Master of the Depths",Battle for Zendikar,213,Near Mint,English,,,,,,,,275,MythicRare,$3.03
8,8,"Kiora, the Crashing Wave",Born of the Gods,149,Near Mint,English,,,,,,,,275,MythicRare,$2.98
2,2,"Kira, Great Glass-Spinner",Modern Masters,49,Near Mint,English,,,,,,,,1525,Rare,$15.66
1,1,"Kira, Great Glass-Spinner",Betrayers of Kamigawa,40,Near Mint,English,,,,,,,,1650,Rare,$15.66
1,0,Kismet,Fourth Edition,283,Near Mint,English,,,,,,,,,Uncommon,$0.24
2,2,Kitchen Finks,Modern Masters,190,Near Mint,English,,,,,,,,1475,Uncommon,$14.15
1,1,Kitchen Finks,Shadowmoor,229,Near Mint,English,,,,,,,,1500,Uncommon,$14.97
2,0,Kithkin Armor,Weatherlight,135,Near Mint,English,,,,,,,,,Common,$0.16
2,0,Kjeldoran Dead,Ice Age,25,Near Mint,English,,,,,,,,,Common,$0.16
1,0,Kjeldoran Guard,Ice Age,259,Near Mint,English,,,,,,,,,Common,$0.14
1,0,Kjeldoran Warrior,Ice Age,265,Near Mint,English,,,,,,,,,Common,$0.14
1,0,Knight of the Mists,Visions,36,Near Mint,English,,,,,,,,,Common,$0.15
1,1,Knight of the Reliquary,Conflux,113,Near Mint,English,,,,,,,,1150,Rare,$11.67
9,8,Knight of the White Orchid,Magic Origins,21,Near Mint,English,,,,,,,,325,Rare,$3.31
1,0,Knight of Valor,Visions,111,Near Mint,English,,,,,,,,,Common,$0.15
1,0,Knights of Thorn,The Dark,84,Near Mint,English,,,,,,,,,Rare,$0.87
7,7,Knowledge Pool,Mirrodin Besieged,111,Near Mint,English,,,,,,,,25,Rare,$0.28
1,0,Knowledge Vault,Legends,225,Near Mint,English,,,,,,,,,Rare,$4.05
5,5,Kolaghan's Command,Dragons of Tarkir,224,Near Mint,English,,,,,,,,975,Rare,$9.41
44,8,"Kolaghan, the Storm's Fury",Fate Reforged,155,Near Mint,English,,,,,,,,50,Rare,$0.56
1,0,Kookus,Visions,86,Near Mint,English,,,,,,,,,Rare,$0.32
2,0,Kor Haven,Nemesis,141,Near Mint,English,,,,,,,,,Rare,$7.30
2,2,Kor Spiritdancer,Planechase 2012,9,Near Mint,English,,,,,,,,1325,Rare,$13.34
4,4,Kor Spiritdancer,Rise of the Eldrazi,31,Near Mint,English,,,,,,,,1225,Rare,$12.77
1,0,Kormus Bell,Revised Edition,260,Near Mint,English,,,,,,,,,Rare,$0.30
1,0,Koskun Keep,Homelands,139,Near Mint,English,,,,,,,,,Uncommon,$0.21
26,8,"Kothophed, Soul Hoarder",Magic Origins,104,Near Mint,English,,,,,,,,25,Rare,$0.41
3,3,"Kozilek, Butcher of Truth",Modern Masters 2015 Edition,5,Near Mint,English,,,,,,,,2025,MythicRare,$20.86
12,8,"Kozilek, the Great Distortion",Oath of the Gatewatch,4,Near Mint,English,,,,,,,,475,MythicRare,$5.02
4,0,Kris Mage,Mercadian Masques,195,Near Mint,English,,,,,,,,,Common,$0.14
1,0,Krovikan Sorcerer,Ice Age,81,Near Mint,English,,,,,,,,,Common,$0.14
4,0,Krovikan Vampire,Ice Age,29,Near Mint,English,,,,,,,,,Uncommon,$0.29
3,3,Kruin Outlaw,Innistrad,152,Near Mint,English,,,,,,,,200,Rare,$1.99
15,8,"Kruphix, God of Horizons",Journey into Nyx,152,Near Mint,English,,,,,,,,650,MythicRare,$6.55
2,0,Kry Shield,Legends,227,Near Mint,English,,,,,,,,,Uncommon,$0.39
2,0,Kudzu,Revised Edition,112,Near Mint,English,,,,,,,,,Rare,$0.31
1,0,Kukemssa Pirates,Mirage,71,Near Mint,English,,,,,,,,,Rare,$0.39
3,3,Kuldotha Forgemaster,Scars of Mirrodin,169,Near Mint,English,,,,,,,,225,Rare,$2.26
11,8,Kuldotha Phoenix,Scars of Mirrodin,95,Near Mint,English,,,,,,,,25,Rare,$0.28
3,3,"Kurkesh, Onakke Ancient",Magic 2015 Core Set,153,Near Mint,English,,,,,,,,25,Rare,$0.27
1,0,Kyren Archive,Mercadian Masques,302,Near Mint,English,,,,,,,,,Rare,$0.29
4,0,Kyren Glider,Mercadian Masques,196,Near Mint,English,,,,,,,,,Common,$0.14
2,0,Kyren Legate,Mercadian Masques,197,Near Mint,English,,,,,,,,,Uncommon,$0.21
1,0,Kyren Negotiations,Mercadian Masques,198,Near Mint,English,,,,,,,,,Uncommon,$0.22
4,0,Kyren Sniper,Mercadian Masques,199,Near Mint,English,,,,,,,,,Common,$0.14
1,0,Kyren Toy,Mercadian Masques,303,Near Mint,English,,,,,,,,,Rare,$0.37
41,8,Kytheon's Irregulars,Magic Origins,24,Near Mint,English,,,,,,,,25,Rare,$0.27
1,1,"Kytheon, Hero of Akros",Magic Origins,23,Near Mint,Japanese,,,,,,,,1150,MythicRare,$10.02
1,1,"Kytheon, Hero of Akros",Magic Origins,23,Near Mint,Korean,,,,,,,,1250,MythicRare,$10.02
1,0,Lab Rats,Stronghold,11,Near Mint,English,,,,,,,,,Common,$0.18
6,6,Laboratory Maniac,Innistrad,61,Near Mint,English,,,,,,,,300,Rare,$3.09
50,8,Labyrinth Champion,Theros,126,Near Mint,English,,,,,,,,25,Rare,$0.27
7,0,Laccolith Grunt,Nemesis,87,Near Mint,English,,,,,,,,,Common,$0.14
8,0,Laccolith Rig,Nemesis,88,Near Mint,English,,,,,,,,,Common,$0.14
1,0,Laccolith Titan,Nemesis,89,Near Mint,English,,,,,,,,,Rare,$0.32
2,0,Laccolith Warrior,Nemesis,90,Near Mint,English,,,,,,,,,Uncommon,$0.21
10,0,Laccolith Whelp,Nemesis,91,Near Mint,English,,,,,,,,,Common,$0.14
1,0,Lady Caleria,Legends,279,Near Mint,English,,,,,,,,,Rare,$4.56
2,0,Lance,Revised Edition,211,Near Mint,English,,,,,,,,,Uncommon,$0.16
2,0,Land Cap,Ice Age,338,Near Mint,English,,,,,,,,,Rare,$0.32
4,0,Land Grant,Mercadian Masques,255,Near Mint,English,,,,,,,,,Common,$0.38
5,0,Land Leeches,The Dark,42,Near Mint,English,,,,,,,,,Common,$0.14
2,2,Land Tax,Fourth Edition,284,Near Mint,English,,,,,,,,1325,Rare,$13.36
3,0,Land's Edge,Legends,155,Near Mint,English,,,,,,,,,Rare,$14.03
1,1,Languish,Magic Origins,105,Near Mint,English,,,,,,,,525,Rare,$5.51
26,8,Lantern Scout,Battle for Zendikar,37,Near Mint,English,,,,,,,,75,Rare,$0.76
1,0,Lapis Lazuli Talisman,Ice Age,302,Near Mint,English,,,,,,,,,Uncommon,$0.19
1,0,Larceny,Mercadian Masques,143,Near Mint,English,,,,,,,,,Uncommon,$0.21
7,0,Lashknife,Nemesis,9,Near Mint,English,,,,,,,,,Common,$0.14
3,0,Lashknife Barrier,Planeshift,9,Near Mint,English,,,,,,,,,Uncommon,$0.21
4,4,Lashwrithe,New Phyrexia,143,Near Mint,English,,,,,,,,50,Rare,$0.47
2,0,Last Breath,Mercadian Masques,27,Near Mint,English,,,,,,,,,Uncommon,$0.25
4,0,Last Caress,Apocalypse,41,Near Mint,English,,,,,,,,,Common,$0.14
6,0,Latulla's Orders,Prophecy,96,Near Mint,English,,,,,,,,,Common,$0.14
2,0,Launch,Urza's Saga,82,Near Mint,English,,,,,,,,,Common,$0.16
11,8,Launch the Fleet,Journey into Nyx,15,Near Mint,English,,,,,,,,75,Rare,$0.67
4,0,Lava Axe,Urza's Legacy,84,Near Mint,English,,,,,,,,,Common,$0.15
6,0,Lava Zombie,Planeshift,113,Near Mint,English,,,,,,,,,Common,$0.14
46,8,Lavinia of the Tenth,Dragon's Maze,80,Near Mint,English,,,,,,,,25,Rare,$0.25
12,0,Lawbringer,Nemesis,10,Near Mint,English,,,,,,,,,Common,$0.14
4,0,Lay of the Land,Apocalypse,81,Near Mint,English,,,,,,,,,Common,$0.16
7,7,"Lazav, Dimir Mastermind",Gatecrash,174,Near Mint,English,,,,,,,,250,MythicRare,$2.73
1,0,Lead-Belly Chimera,Visions,148,Near Mint,English,,,,,,,,,Uncommon,$0.20
2,0,Leap,Stronghold,35,Near Mint,English,,,,,,,,,Common,$0.14
1,0,Leering Gargoyle,Mirage,331,Near Mint,English,,,,,,,,,Rare,$0.31
11,8,Legion's Initiative,Dragon's Maze,81,Near Mint,English,,,,,,,,150,MythicRare,$1.60
2,0,Legions of Lim-Dûl,Ice Age,30,Near Mint,English,,,,,,,,,Common,$0.11
10,8,Leonin Arbiter,Scars of Mirrodin,14,Near Mint,English,,,,,,,,475,Rare,$4.73
1,0,Lesser Gargadon,Prophecy,97,Near Mint,English,,,,,,,,,Uncommon,$0.20
1,0,Lesser Werewolf,Legends,24,Near Mint,English,,,,,,,,,Uncommon,$0.71
1,0,Lesser Werewolf,Legends,24,Good (Lightly Played),English,,,,,,,,,Uncommon,$0.71
1,0,Leviathan,The Dark,29,Near Mint,English,,,,,,,,,Rare,$0.90
1,0,Levitation,Urza's Legacy,35,Near Mint,English,,,,,,,,,Uncommon,$0.18
1,0,Ley Line,Mercadian Masques,256,Near Mint,English,,,,,,,,,Uncommon,$0.18
4,0,Library of Leng,Revised Edition,261,Near Mint,English,,,,,,,,,Uncommon,$0.30
1,0,Lich,Unlimited Edition,22,Near Mint,English,,,,,,,,,Rare,$31.36
4,0,Liege of the Hollows,Weatherlight,73,Near Mint,English,,,,,,,,,Rare,$0.83
7,0,Life // Death,Apocalypse,130,Near Mint,English,,,,,,,,,Uncommon,$0.26
5,0,Life Chisel,Legends,228,Near Mint,English,,,,,,,,,Uncommon,$0.84
1,0,Life Matrix,Legends,229,Near Mint,English,,,,,,,,,Rare,$3.72
5,5,Life's Finale,New Phyrexia,65,Near Mint,English,,,,,,,,175,Rare,$1.74
13,8,Life's Legacy,Magic 2015 Core Set,183,Near Mint,English,,,,,,,,50,Rare,$0.39
10,8,Lifebane Zombie,Magic 2014 Core Set,101,Near Mint,English,,,,,,,,50,Rare,$0.57
3,0,Lifeforce,Revised Edition,114,Near Mint,English,,,,,,,,,Uncommon,$0.19
1,0,Lifelace,Fourth Edition,142,Near Mint,English,,,,,,,,,Rare,$0.27
2,0,Lifeline,Urza's Saga,299,Near Mint,English,,,,,,,,,Rare,$3.77
2,0,Lifetap,Revised Edition,63,Near Mint,English,,,,,,,,,Uncommon,$0.16
8,0,Lightbringer,Nemesis,11,Near Mint,English,,,,,,,,,Common,$0.14
4,0,Lightning Bolt,Revised Edition,161,Near Mint,English,,,,,,,,,Common,$2.46
2,0,Lightning Bolt,Revised Edition,161,Near Mint,English,,,,,,,,,Common,$2.46
4,0,Lightning Bolt,Fourth Edition,226,Near Mint,English,,,,,,,,,Common,$2.22
1,0,Lightning Elemental,Tempest,186,Near Mint,English,,,,,,,,,Common,$0.14
4,0,Lightning Hounds,Mercadian Masques,201,Near Mint,English,,,,,,,,,Common,$0.14
1,0,Lightning Reflexes,Mirage,186,Near Mint,English,,,,,,,,,Common,$0.13
18,8,Liliana's Reaver,Magic 2014 Core Set,103,Near Mint,English,,,,,,,,50,Rare,$0.53
1,0,Lilting Refrain,Urza's Saga,83,Near Mint,English,,,,,,,,,Uncommon,$0.24
1,0,Lim-Dûl's Cohort,Ice Age,33,Near Mint,English,,,,,,,,,Common,$0.10
1,0,"Lin Sivvi, Defiant Hero",Nemesis,12,Near Mint,English,,,,,,,,,Rare,$1.23
10,8,"Linvala, the Preserver",Oath of the Gatewatch,25,Near Mint,English,,,,,,,,300,MythicRare,$2.93
3,3,Livewire Lash,Scars of Mirrodin,172,Near Mint,English,,,,,,,,50,Rare,$0.40
4,0,Living Airship,Apocalypse,28,Near Mint,English,,,,,,,,,Common,$0.15
1,0,Living Armor,The Dark,101,Good (Lightly Played),English,,,,,,,,,Uncommon,$0.18
2,0,Living Armor,The Dark,101,Near Mint,English,,,,,,,,,Uncommon,$0.18
1,1,Living End,Time Spiral,115,Near Mint,English,,,,,,,,1400,Rare,$14.92
33,8,Living Lore,Dragons of Tarkir,61,Near Mint,English,,,,,,,,50,Rare,$0.33
1,0,Living Plane,Legends,107,Near Mint,English,,,,,,,,,Rare,$47.00
3,0,Living Wall,Revised Edition,262,Near Mint,English,,,,,,,,,Uncommon,$0.23
4,0,Llanowar Cavalry,Invasion,195,Near Mint,English,,,,,,,,,Common,$0.14
4,0,Llanowar Dead,Apocalypse,109,Near Mint,English,,,,,,,,,Common,$0.18
1,0,Llanowar Druid,Weatherlight,75,Near Mint,English,,,,,,,,,Common,$0.18
3,0,Llanowar Elite,Invasion,196,Near Mint,English,,,,,,,,,Common,$0.16
14,0,Llanowar Elves,Revised Edition,118,Near Mint,English,,,,,,,,,Common,$0.19
1,0,Llanowar Elves,Classic Sixth Edition,239,Near Mint,English,,,,,,,,,Common,$0.22
4,0,Llanowar Knight,Invasion,254,Near Mint,English,,,,,,,,,Common,$0.14
1,0,Llanowar Sentinel,Weatherlight,76,Near Mint,English,,,,,,,,,Common,$0.16
3,0,Llanowar Vanguard,Invasion,197,Near Mint,English,,,,,,,,,Common,$0.14
6,6,Llanowar Wastes,Magic 2015 Core Set,244,Near Mint,English,,,,,,,,200,Rare,$2.25
28,8,Llanowar Wastes,Magic Origins,248,Near Mint,English,,,,,,,,175,Rare,$1.82
1,0,Lobotomy,Invasion,255,Near Mint,English,,,,,,,,,Uncommon,$0.26
39,8,Lone Revenant,Avacyn Restored,64,Near Mint,English,,,,,,,,25,Rare,$0.30
2,0,Lone Wolf,Urza's Legacy,105,Near Mint,English,,,,,,,,,Uncommon,$0.18
1,0,Longbow Archer,Visions,112,Near Mint,English,,,,,,,,,Uncommon,$0.31
1,0,Looming Shade,Urza's Saga,139,Near Mint,English,,,,,,,,,Common,$0.14
1,0,Lord of Atlantis,Revised Edition,64,Near Mint,English,,,,,,,,,Rare,$4.82
1,1,Lord of Extinction,Alara Reborn,91,Near Mint,English,,,,,,,,1625,MythicRare,$16.80
6,6,Lord of the Unreal,Magic 2012,62,Near Mint,English,,,,,,,,75,Rare,$0.87
2,2,Lord of the Void,Gatecrash,71,Near Mint,English,,,,,,,,400,MythicRare,$4.02
34,8,Lost in the Woods,Dark Ascension,123,Near Mint,English,,,,,,,,25,Rare,$0.25
1,0,Lost Soul,Legends,25,Near Mint,English,,,,,,,,,Common,$0.19
1,0,Lost Soul,Fourth Edition,29,Near Mint,English,,,,,,,,,Common,$0.16
1,0,Lost Soul,Classic Sixth Edition,142,Near Mint,English,,,,,,,,,Common,$0.16
39,8,Lotleth Troll,Return to Ravnica,177,Near Mint,English,,,,,,,,75,Rare,$0.74
2,2,Lotus Cobra,Zendikar,168,Near Mint,English,,,,,,,,1475,MythicRare,$15.54
1,0,Lowland Basilisk,Stronghold,59,Near Mint,English,,,,,,,,,Common,$0.15
37,8,Loxodon Smiter,Return to Ravnica,178,Near Mint,English,,,,,,,,225,Rare,$2.43
12,8,Ludevic's Test Subject,Innistrad,64,Near Mint,English,,,,,,,,25,Rare,$0.31
1,0,Lull,Urza's Saga,267,Near Mint,English,,,,,,,,,Common,$0.17
88,8,Lumbering Falls,Battle for Zendikar,239,Near Mint,English,,,,,,,,150,Rare,$1.75
1,0,Lumbering Satyr,Mercadian Masques,257,Near Mint,English,,,,,,,,,Uncommon,$0.18
22,8,Luminate Primordial,Gatecrash,20,Near Mint,English,,,,,,,,25,Rare,$0.30
43,8,Lunar Mystic,Avacyn Restored,65,Near Mint,English,,,,,,,,25,Rare,$0.34
4,0,Lunge,Mercadian Masques,203,Near Mint,English,,,,,,,,,Common,$0.14
8,0,Lure,Revised Edition,119,Near Mint,English,,,,,,,,,Uncommon,$0.16
1,0,Lure,Mercadian Masques,258,Near Mint,English,,,,,,,,,Uncommon,$0.18
1,0,Lurker,The Dark,43,Near Mint,English,,,,,,,,,Rare,$0.38
1,0,Lurking Evil,Urza's Saga,140,Near Mint,English,,,,,,,,,Rare,$0.32
1,1,Lux Cannon,Scars of Mirrodin,173,Near Mint,English,,,,,,,,300,MythicRare,$3.07
2,2,Maelstrom Pulse,Modern Masters,180,Near Mint,English,,,,,,,,1450,Rare,$14.22
1,1,Maelstrom Wanderer,Eternal Masters,204,Near Mint,English,,,,,,,,1125,MythicRare,$11.49
1,0,Mage il-Vec,Exodus,86,Near Mint,English,,,,,,,,,Common,$0.15
30,8,Mage-Ring Responder,Magic Origins,232,Near Mint,English,,,,,,,,25,Rare,$0.29
2,0,Mageta's Boon,Prophecy,14,Near Mint,English,,,,,,,,,Common,$0.14
9,0,Maggot Carrier,Planeshift,45,Near Mint,English,,,,,,,,,Common,$0.14
4,0,Maggot Therapy,Mercadian Masques,145,Near Mint,English,,,,,,,,,Common,$0.14
3,0,Magical Hack,Revised Edition,65,Near Mint,English,,,,,,,,,Rare,$0.29
1,0,Magical Hack,Fourth Edition,83,Near Mint,English,,,,,,,,,Rare,$0.29
1,0,Magistrate's Veto,Mercadian Masques,204,Near Mint,English,,,,,,,,,Uncommon,$0.19
8,0,Magma Burst,Planeshift,66,Near Mint,English,,,,,,,,,Common,$0.14
1,0,Magma Mine,Visions,149,Near Mint,English,,,,,,,,,Uncommon,$0.17
30,8,Magmaquake,Magic 2013,140,Near Mint,English,,,,,,,,25,Rare,$0.30
11,8,Magnetic Mine,Mirrodin Besieged,113,Near Mint,English,,,,,,,,25,Rare,$0.31
1,0,Magnetic Mountain,Revised Edition,162,Near Mint,English,,,,,,,,,Rare,$0.29
2,0,Mahamoti Djinn,Fourth Edition,84,Near Mint,English,,,,,,,,,Rare,$0.28
10,8,Mahamoti Djinn,Magic 2015 Core Set,275,Near Mint,English,,,,,,,,25,Rare,$0.30
9,8,Mahamoti Djinn,Magic Origins,278,Near Mint,English,,,,,,,,0,Rare,$0.49
7,0,Malicious Advice,Planeshift,114,Near Mint,English,,,,,,,,,Common,$0.14
1,1,Malignus,Avacyn Restored,148,Near Mint,English,,,,,,,,225,MythicRare,$2.28
2,0,Man-o'-War,Visions,37,Near Mint,English,,,,,,,,,Common,$0.26
57,8,Mana Bloom,Return to Ravnica,130,Near Mint,English,,,,,,,,25,Rare,$0.30
2,0,Mana Breach,Exodus,38,Near Mint,English,,,,,,,,,Uncommon,$0.22
3,0,Mana Cache,Nemesis,92,Near Mint,English,,,,,,,,,Rare,$0.36
1,0,Mana Chains,Weatherlight,41,Near Mint,English,,,,,,,,,Common,$0.14
1,0,Mana Clash,The Dark,71,Good (Lightly Played),English,,,,,,,,,Rare,$0.48
1,0,Mana Clash,The Dark,71,Near Mint,English,,,,,,,,,Rare,$0.48
3,3,Mana Confluence,Journey into Nyx,163,Near Mint,English,,,,,,,,450,Rare,$4.84
1,1,Mana Crypt,Eternal Masters,225,Near Mint,English,,,,,,,,8925,MythicRare,$93.02
2,0,Mana Cylix,Planeshift,132,Near Mint,English,,,,,,,,,Uncommon,$0.22
1,0,Mana Drain,Legends,65,Played,English,,,,,,,,,Uncommon,$217.00
1,0,Mana Drain,Legends,65,Good (Lightly Played),English,,,,,,,,,Uncommon,$217.00
4,0,Mana Flare,Revised Edition,163,Near Mint,English,,,,,,,,,Rare,$2.11
1,0,Mana Maze,Invasion,59,Near Mint,English,,,,,,,,,Rare,$0.46
1,0,Mana Short,Revised Edition,67,Near Mint,English,,,,,,,,,Rare,$0.69
1,0,Mana Short,Revised Edition,67,Played,English,,,,,,,,,Rare,$0.69
2,0,Mana Vapors,Prophecy,38,Near Mint,English,,,,,,,,,Uncommon,$0.23
4,0,Mana Vault,Revised Edition,263,Near Mint,English,,,,,,,,,Rare,$10.41
1,0,Mana Vault,Revised Edition,263,Good (Lightly Played),English,,signed,,,,,,,Rare,$10.41
1,0,Mana Vortex,The Dark,30,Good (Lightly Played),English,,,,,,,,,Rare,$4.40
2,0,Mana Vortex,The Dark,30,Near Mint,English,,,,,,,,,Rare,$4.40
2,0,Manabarbs,Revised Edition,164,Near Mint,English,,,,,,,,,Rare,$0.32
12,8,Manabarbs,Magic 2012,150,Near Mint,English,,,,,,,,25,Rare,$0.30
1,0,Manabond,Exodus,113,Near Mint,English,,,,,,,,,Rare,$4.40
4,0,Manacles of Decay,Apocalypse,14,Near Mint,English,,,,,,,,,Common,$0.14
33,8,Managorger Hydra,Magic Origins,186,Near Mint,English,,,,,,,,150,Rare,$1.73
1,0,Mangara's Equity,Mirage,230,Near Mint,English,,,,,,,,,Uncommon,$0.18
1,0,Maniacal Rage,Exodus,87,Near Mint,English,,,,,,,,,Common,$0.15
4,0,Maniacal Rage,Invasion,155,Near Mint,English,,,,,,,,,Common,$0.14
4,0,Manipulate Fate,Invasion,60,Near Mint,English,,,,,,,,,Uncommon,$0.43
34,8,Manor Gargoyle,Innistrad,228,Near Mint,English,,,,,,,,25,Rare,$0.26
55,8,Mantis Rider,Khans of Tarkir,184,Near Mint,English,,,,,,,,50,Rare,$0.47
1,0,Marble Diamond,Mirage,275,Near Mint,English,,,,,,,,,Uncommon,$0.22
1,0,Marble Priest,Legends,231,Good (Lightly Played),English,,,,,,,,,Uncommon,$0.36
44,8,March from the Tomb,Battle for Zendikar,214,Near Mint,English,,,,,,,,25,Rare,$0.37
1,0,March of Souls,Planeshift,10,Near Mint,English,,,,,,,,,Rare,$0.61
35,8,Mardu Ascendancy,Khans of Tarkir,185,Near Mint,English,,,,,,,,25,Rare,$0.34
33,8,Mardu Strike Leader,Fate Reforged,75,Near Mint,English,,,,,,,,50,Rare,$0.63
14,8,Markov Blademaster,Dark Ascension,96,Near Mint,English,,,,,,,,75,Rare,$0.69
14,8,Markov Dreadknight,Shadows over Innistrad,122,Near Mint,English,,,,,,,,25,Rare,$0.28
3,0,Marsh Boa,Prophecy,118,Near Mint,English,,,,,,,,,Common,$0.15
2,0,Marsh Crocodile,Planeshift,115,Near Mint,English,,,,,,,,,Uncommon,$0.22
1,1,Marsh Flats,Zendikar,219,Near Mint,English,,,,,,,,4500,Rare,$43.99
5,0,Marsh Gas,The Dark,10,Near Mint,English,,,,,,,,,Common,$0.14
7,0,Marsh Goblins,The Dark,118,Near Mint,English,,,,,,,,,Common,$0.14
5,0,Marsh Viper,The Dark,44,Near Mint,English,,,,,,,,,Common,$0.14
62,8,Martial Law,Return to Ravnica,14,Near Mint,English,,,,,,,,25,Rare,$0.28
1,0,Martyr's Cry,The Dark,85,Near Mint,English,,,,,,,,,Rare,$0.71
7,0,Martyrs' Tomb,Apocalypse,110,Near Mint,English,,,,,,,,,Uncommon,$0.17
1,0,Mask of the Mimic,Stronghold,37,Near Mint,English,,,,,,,,,Uncommon,$0.29
12,8,Mass Calcify,Magic 2015 Core Set,18,Near Mint,English,,,,,,,,25,Rare,$0.27
4,0,Massacre,Nemesis,58,Near Mint,English,,,,,,,,,Uncommon,$0.55
1,0,Master of Arms,Weatherlight,136,Near Mint,English,,,,,,,,,Uncommon,$0.20
1,1,Master of Etherium,Duel Decks: Elspeth vs. Tezzeret,48,Near Mint,English,,,,,,,,1225,Rare,$11.17
33,8,Master of Pearls,Khans of Tarkir,18,Near Mint,English,,,,,,,,25,Rare,$0.27
13,8,Master of Predicaments,Magic 2015 Core Set,67,Near Mint,English,,,,,,,,25,Rare,$0.23
19,8,Master of the Feast,Journey into Nyx,75,Near Mint,English,,,,,,,,100,Rare,$1.09
10,8,Master of the Pearl Trident,Magic 2013,59,Near Mint,English,,,,,,,,725,Rare,$7.66
1,1,Master of the Wild Hunt,Magic 2010,191,Played,English,,,,,,,,1148,MythicRare,$14.55
1,1,Master of the Wild Hunt,Magic 2010,191,Near Mint,English,,,,,,,,1350,MythicRare,$14.55
9,8,Master of Waves,Theros,53,Near Mint,English,,,,,,,,425,MythicRare,$4.33
34,8,Mastery of the Unseen,Fate Reforged,19,Near Mint,English,,,,,,,,50,Rare,$0.40
36,8,Matter Reshaper,Oath of the Gatewatch,6,Near Mint,English,,,,,,,,375,Rare,$3.50
3,3,Maze of Ith,Eternal Masters,241,Near Mint,English,,,,,,,,1425,Rare,$14.85
1,0,Maze of Ith,The Dark,114,Good (Lightly Played),English,,,,,,,,,Uncommon,$23.97
1,0,Maze of Ith,The Dark,114,Played,English,,signed,,,,,,,Uncommon,$23.97
2,0,Maze of Ith,The Dark,114,Played,English,,,,,,,,,Uncommon,$23.97
13,8,Maze's End,Dragon's Maze,152,Near Mint,English,,,,,,,,100,MythicRare,$0.98
42,8,Meandering Towershell,Khans of Tarkir,141,Near Mint,English,,,,,,,,25,Rare,$0.26
26,8,Medomai the Ageless,Theros,196,Near Mint,English,,,,,,,,75,MythicRare,$0.83
1,0,Meekstone,Revised Edition,264,Near Mint,English,,,,,,,,,Rare,$1.49
13,8,Megantic Sliver,Magic 2014 Core Set,185,Near Mint,English,,,,,,,,75,Rare,$0.70
1,0,Melee,Ice Age,200,Near Mint,English,,,,,,,,,Uncommon,$0.17
15,8,"Melek, Izzet Paragon",Dragon's Maze,84,Near Mint,English,,,,,,,,25,Rare,$0.31
62,8,Meletis Charlatan,Theros,54,Near Mint,English,,,,,,,,25,Rare,$0.24
2,2,"Melira, Sylvok Outcast",New Phyrexia,115,Near Mint,English,,,,,,,,925,Rare,$9.17
1,1,Memoricide,Scars of Mirrodin,69,Near Mint,English,,,,,,,,50,Rare,$0.35
1,0,Memory Lapse,Mirage,74,Near Mint,English,,,,,,,,,Common,$0.19
13,8,Mentor of the Meek,Innistrad,21,Near Mint,English,,,,,,,,100,Rare,$1.03
1,0,Mercadia's Downfall,Mercadian Masques,205,Near Mint,English,,,,,,,,,Uncommon,$0.17
1,0,Mercadian Bazaar,Mercadian Masques,321,Near Mint,English,,,,,,,,,Uncommon,$0.30
1,0,Mercenary Informer,Prophecy,15,Near Mint,English,,,,,,,,,Rare,$0.35
45,8,Merciless Eviction,Gatecrash,177,Near Mint,English,,,,,,,,100,Rare,$0.99
36,8,Mercurial Chemister,Return to Ravnica,180,Near Mint,English,,,,,,,,25,Rare,$0.27
2,2,Mercurial Pretender,Magic 2015 Core Set,68,Near Mint,English,,,,,,,,25,Rare,$0.24
3,0,Merfolk Assassin,The Dark,31,Near Mint,English,,,,,,,,,Uncommon,$0.52
4,0,Merfolk Looter,Exodus,39,Near Mint,English,,,,,,,,,Common,$0.16
4,0,Merfolk of the Pearl Trident,Revised Edition,68,Near Mint,English,,,,,,,,,Common,$0.15
1,0,Merfolk Raiders,Mirage,75,Near Mint,English,,,,,,,,,Common,$0.14
6,0,Merseine,Fallen Empires,47,Near Mint,English,,,,,,,,,Common,$0.17
7,0,Merseine,Fallen Empires,48,Near Mint,English,,,,,,,,,Common,$0.17
6,0,Merseine,Fallen Empires,49,Near Mint,English,,,,,,,,,Common,$0.14
6,0,Merseine,Fallen Empires,50,Near Mint,English,,,,,,,,,Common,$0.17
5,5,Mesa Enchantress,Magic 2012,25,Near Mint,English,,,,,,,,25,Rare,$0.31
1,0,Mesa Falcon,Classic Sixth Edition,31,Near Mint,English,,,,,,,,,Common,$0.14
9,0,Mesa Pegasus,Revised Edition,212,Near Mint,English,,,,,,,,,Common,$0.14
1,1,Mesmeric Orb,Mirrodin,204,Near Mint,English,,,,,,,,1175,Rare,$11.72
2,2,Metalworker,Urza's Destiny,135,Near Mint,Japanese,,,,,,,,4514,Rare,$37.46
1,0,Metathran Transport,Invasion,62,Near Mint,English,,,,,,,,,Uncommon,$0.18
4,0,Metathran Zombie,Invasion,63,Near Mint,English,,,,,,,,,Common,$0.15
1,0,Meteor Crater,Planeshift,140,Near Mint,English,,,,,,,,,Rare,$1.43
2,0,Meteor Shower,Ice Age,202,Near Mint,English,,,,,,,,,Common,$0.14
1,0,Midnight Ritual,Mercadian Masques,146,Near Mint,English,,,,,,,,,Rare,$0.30
2,0,Might Weaver,Invasion,198,Near Mint,English,,,,,,,,,Uncommon,$0.18
1,0,Mightstone,Antiquities,20,Played,English,,,,,,,,,Uncommon,$0.59
2,0,Mijae Djinn,Revised Edition,165,Near Mint,English,,,,,,,,,Rare,$0.36
2,2,"Mikaeus, the Lunarch",Innistrad,23,Near Mint,English,,,,,,,,350,MythicRare,$3.66
1,0,Millstone,Revised Edition,265,Near Mint,English,,,,,,,,,Rare,$0.42
2,2,Mimic Vat,Scars of Mirrodin,175,Near Mint,English,,,,,,,,300,Rare,$3.41
29,8,"Mina and Denn, Wildborn",Oath of the Gatewatch,156,Near Mint,English,,,,,,,,50,Rare,$0.56
2,2,"Minamo, School at Water's Edge",Champions of Kamigawa,279,Near Mint,English,,,,,,,,2475,Rare,$23.46
1,0,Mind Bomb,The Dark,32,Near Mint,English,,,,,,,,,Rare,$0.63
4,0,Mind Extraction,Apocalypse,42,Near Mint,English,,,,,,,,,Common,$0.14
1,0,Mind Games,Stronghold,38,Near Mint,English,,,,,,,,,Common,$0.16
7,7,Mind Grind,Gatecrash,178,Near Mint,English,,,,,,,,200,Rare,$2.05
2,0,Mind Maggots,Exodus,66,Near Mint,English,,,,,,,,,Uncommon,$0.18
1,1,Mind Over Matter,Exodus,40,Near Mint,English,,,,,,,,1350,Rare,$13.29
1,0,Mind Peel,Stronghold,13,Near Mint,English,,,,,,,,,Uncommon,$0.23
2,0,Mind Ravel,Ice Age,35,Near Mint,English,,,,,,,,,Common,$0.14
6,0,Mind Slash,Nemesis,59,Near Mint,English,,,,,,,,,Uncommon,$0.42
6,0,Mind Swords,Nemesis,60,Near Mint,English,,,,,,,,,Common,$0.14
2,0,Mind Twist,Revised Edition,25,Near Mint,English,,,,,,,,,Rare,$2.69
6,6,Mind Unbound,Magic 2012,68,Near Mint,English,,,,,,,,25,Rare,$0.29
2,0,Mindless Automaton,Exodus,135,Near Mint,English,,,,,,,,,Rare,$0.34
13,8,Mindreaver,Born of the Gods,44,Near Mint,English,,,,,,,,25,Rare,$0.26
26,8,Mindshrieker,Innistrad,67,Near Mint,English,,,,,,,,50,Rare,$0.37
1,1,Mindslaver,Scars of Mirrodin,176,Near Mint,English,,,,,,,,500,MythicRare,$4.99
12,8,Mindsparker,Magic 2014 Core Set,146,Near Mint,English,,,,,,,,25,Rare,$0.34
8,0,Mindstab Thrull,Fallen Empires,19,Near Mint,English,,,,,,,,,Common,$0.17
5,0,Mindstab Thrull,Fallen Empires,20,Near Mint,English,,,,,,,,,Common,$0.18
5,0,Mindstab Thrull,Fallen Empires,21,Near Mint,English,,,,,,,,,Common,$0.17
60,8,Mindswipe,Khans of Tarkir,189,Near Mint,English,,,,,,,,25,Rare,$0.29
13,8,Mindwrack Demon,Shadows over Innistrad,124,Near Mint,English,,,,,,,,250,MythicRare,$2.78
1,0,Mine Bearer,Prophecy,16,Near Mint,English,,,,,,,,,Common,$0.14
7,0,Minotaur Illusionist,Apocalypse,111,Near Mint,English,,,,,,,,,Uncommon,$0.17
4,0,Minotaur Tactician,Apocalypse,65,Near Mint,English,,,,,,,,,Common,$0.14
7,0,Miracle Worker,The Dark,86,Near Mint,English,,,,,,,,,Common,$0.14
6,0,Mire Kavu,Planeshift,67,Near Mint,English,,,,,,,,,Common,$0.14
15,8,"Mirko Vosk, Mind Drinker",Dragon's Maze,85,Near Mint,English,,,,,,,,100,Rare,$0.95
4,4,Mirran Crusader,Mirrodin Besieged,14,Near Mint,English,,,,,,,,150,Rare,$1.61
12,8,Mirror Mockery,Dragons of Tarkir,62,Near Mint,English,,,,,,,,50,Rare,$0.46
29,8,Mirror-Mad Phantasm,Innistrad,68,Near Mint,English,,,,,,,,75,MythicRare,$0.70
5,5,Mirrorpool,Oath of the Gatewatch,174,Near Mint,English,,,,,,,,225,MythicRare,$2.55
1,0,Mirrorwood Treefolk,Planeshift,83,Near Mint,English,,,,,,,,,Uncommon,$0.18
8,8,Mirrorworks,Mirrodin Besieged,114,Near Mint,English,,,,,,,,175,Rare,$1.67
1,0,Miscalculation,Urza's Legacy,36,Near Mint,English,,,,,,,,,Common,$0.23
1,0,Mischievous Poltergeist,Weatherlight,16,Near Mint,English,,,,,,,,,Uncommon,$0.21
1,0,Misdirection,Mercadian Masques,87,Near Mint,English,,,,,,,,,Rare,$5.62
1,0,Mishra's Factory,Antiquities,66,Near Mint,English,,,,,,,,,Rare,$20.28
1,0,Mishra's Factory,Antiquities,66,Played,English,,,,,,,,,Rare,$20.28
1,0,Mishra's Factory,Antiquities,67,Good (Lightly Played),English,,,,,,,,,Rare,$50.00
1,0,Mishra's Factory,Antiquities,68,Played,English,,,,,,,,,Rare,$12.00
1,0,Mishra's Factory,Antiquities,69,Played,English,,,,,,,,,Uncommon,$69.00
2,0,Mishra's Factory,Fourth Edition,181,Near Mint,English,,,,,,,,,Uncommon,$1.77
1,0,Mishra's Helix,Urza's Saga,302,Near Mint,English,,,,,,,,,Rare,$1.32
1,0,Mishra's Workshop,Antiquities,70,Good (Lightly Played),English,,,,,,,,,Rare,$975.60
3,0,Misshapen Fiend,Mercadian Masques,147,Near Mint,English,,,,,,,,,Common,$0.14
4,0,Misstep,Mercadian Masques,88,Near Mint,English,,,,,,,,,Common,$0.14
45,8,Mistcutter Hydra,Theros,162,Near Mint,English,,,,,,,,50,Rare,$0.50
17,8,Misthollow Griffin,Avacyn Restored,68,Near Mint,English,,,,,,,,100,MythicRare,$0.93
1,1,Misty Rainforest,Zendikar,220,Near Mint,English,,,,,,,,5650,Rare,$57.14
14,8,Mitotic Manipulation,Mirrodin Besieged,27,Near Mint,English,,,,,,,,25,Rare,$0.27
25,8,Mizzium Meddler,Magic Origins,64,Near Mint,English,,,,,,,,25,Rare,$0.46
26,8,Mizzium Mortars,Return to Ravnica,101,Near Mint,English,,,,,,,,50,Rare,$0.45
1,0,Mob Justice,Stronghold,90,Near Mint,English,,,,,,,,,Common,$0.16
17,8,Mob Rule,Fate Reforged,109,Near Mint,English,,,,,,,,25,Rare,$0.28
1,0,Mobile Fort,Urza's Saga,303,Near Mint,English,,,,,,,,,Uncommon,$0.20
6,0,Mogg Alarm,Nemesis,93,Near Mint,English,,,,,,,,,Uncommon,$0.24
3,0,Mogg Bombers,Stronghold,91,Near Mint,English,,,,,,,,,Common,$0.15
1,0,Mogg Flunkies,Stronghold,92,Near Mint,English,,,,,,,,,Common,$0.15
1,0,Mogg Hollows,Tempest,318,Near Mint,English,,,,,,,,,Uncommon,$0.17
3,0,Mogg Jailer,Planeshift,68,Near Mint,English,,,,,,,,,Uncommon,$0.18
1,0,Mogg Maniac,Stronghold,94,Near Mint,English,,,,,,,,,Uncommon,$0.91
4,0,Mogg Salvage,Nemesis,94,Near Mint,English,,,,,,,,,Uncommon,$0.20
1,0,Mogg Sentry,Planeshift,69,Near Mint,English,,,,,,,,,Rare,$0.31
5,0,Mogg Toady,Nemesis,95,Near Mint,English,,,,,,,,,Common,$0.14
3,0,Moggcatcher,Nemesis,96,Near Mint,English,,,,,,,,,Rare,$5.17
17,8,"Mogis, God of Slaughter",Born of the Gods,151,Near Mint,English,,,,,,,,500,MythicRare,$5.17
38,8,Moldgraf Monstrosity,Innistrad,194,Near Mint,English,,,,,,,,25,Rare,$0.35
1,0,Mole Worms,Ice Age,40,Near Mint,English,,,,,,,,,Uncommon,$0.18
27,8,Molten Primordial,Gatecrash,101,Near Mint,English,,,,,,,,25,Rare,$0.26
11,8,Molten Psyche,Scars of Mirrodin,98,Near Mint,English,,,,,,,,50,Rare,$0.37
18,8,Molten Vortex,Magic Origins,156,Near Mint,English,,,,,,,,50,Rare,$0.53
10,8,Moltensteel Dragon,New Phyrexia,88,Near Mint,English,,,,,,,,50,Rare,$0.50
1,0,Molting Harpy,Mercadian Masques,148,Near Mint,English,,,,,,,,,Uncommon,$0.18
4,0,Moment of Silence,Mercadian Masques,28,Near Mint,English,,,,,,,,,Common,$0.16
27,8,Monastery Siege,Fate Reforged,43,Near Mint,English,,,,,,,,50,Rare,$0.63
10,8,Monastery Swiftspear,Khans of Tarkir,118,Near Mint,English,,,,,,,,225,Uncommon,$2.21
30,8,Mondronen Shaman,Dark Ascension,98,Near Mint,English,,,,,,,,50,Rare,$0.44
2,0,Monk Realist,Urza's Saga,21,Near Mint,English,,,,,,,,,Common,$0.15
2,2,Monomania,Magic 2012,102,Near Mint,English,,,,,,,,25,Rare,$0.28
4,0,Mons's Goblin Raiders,Revised Edition,166,Near Mint,English,,,,,,,,,Common,$0.14
1,0,Moonlit Wake,Mercadian Masques,29,Near Mint,English,,,,,,,,,Uncommon,$0.22
2,2,Moonveil Dragon,Dark Ascension,99,Near Mint,English,,,,,,,,225,MythicRare,$2.28
33,8,Moorland Haunt,Innistrad,244,Near Mint,English,,,,,,,,25,Rare,$0.28
7,0,Morale,The Dark,87,Near Mint,English,,,,,,,,,Common,$0.14
1,0,Morgue Thrull,Stronghold,15,Near Mint,English,,,,,,,,,Common,$0.15
6,0,Morgue Toad,Planeshift,46,Near Mint,English,,,,,,,,,Common,$0.14
2,0,Mortal Wound,Visions,63,Near Mint,English,,,,,,,,,Common,$0.15
1,0,Mortuary,Stronghold,16,Near Mint,English,,,,,,,,,Rare,$0.36
1,0,Moss Diamond,Classic Sixth Edition,300,Near Mint,English,,,,,,,,,Uncommon,$0.26
2,0,Moss Monster,Legends,109,Near Mint,English,,,,,,,,,Common,$0.19
11,0,Mossdog,Nemesis,106,Near Mint,English,,,,,,,,,Common,$0.14
2,2,Mountain,Unhinged,139,Near Mint,English,,,,,,,,0,BasicLand,$6.38
1,0,Mountain Goat,Ice Age,203,Near Mint,English,,,,,,,,,Common,$0.15
1,0,Mountain Goat,Classic Sixth Edition,195,Near Mint,English,,,,,,,,,Common,$0.15
2,0,Mountain Stronghold,Legends,249,Near Mint,English,,,,,,,,,Uncommon,$0.56
1,0,Mountain Yeti,Legends,156,Near Mint,English,,,,,,,,,Uncommon,$0.40
4,0,Mournful Zombie,Apocalypse,43,Near Mint,English,,,,,,,,,Common,$0.14
4,0,Mourning,Invasion,111,Near Mint,English,,,,,,,,,Common,$0.15
2,2,Mox Opal,Scars of Mirrodin,179,Near Mint,English,,,,,,,,3975,MythicRare,$39.15
1,0,Mtenda Lion,Mirage,128,Near Mint,English,,,,,,,,,Common,$0.14
2,0,Mulch,Stronghold,60,Near Mint,English,,,,,,,,,Common,$0.18
2,0,Multani's Acolyte,Urza's Legacy,108,Near Mint,English,,,,,,,,,Common,$0.19
1,0,Multani's Harmony,Planeshift,84,Near Mint,English,,,,,,,,,Uncommon,$0.21
20,8,Munda's Vanguard,Oath of the Gatewatch,29,Near Mint,English,,,,,,,,25,Rare,$0.31
64,8,"Munda, Ambush Leader",Battle for Zendikar,215,Near Mint,English,,,,,,,,25,Rare,$0.29
1,0,Mundungu,Visions,132,Near Mint,English,,,,,,,,,Uncommon,$0.29
2,0,Murderous Betrayal,Nemesis,61,Near Mint,English,,,,,,,,,Rare,$0.31
5,0,Murk Dwellers,The Dark,11,Near Mint,English,,,,,,,,,Common,$0.14
1,0,Muscle Sliver,Tempest,132,Near Mint,English,,,,,,,,,Common,$0.76
2,2,Mutagenic Growth,New Phyrexia,116,Near Mint,English,,,,,,,,75,Common,$0.74
3,3,Mutavault,Morningtide,148,Near Mint,English,,,,,,,,1625,Rare,$16.30
1,1,Mutavault,Magic 2014 Core Set,228,Near Mint,English,,,,,,,,1275,Rare,$14.22
23,8,Mutilate,Magic 2013,102,Near Mint,English,,,,,,,,50,Rare,$0.59
4,0,Muzzle,Mercadian Masques,30,Near Mint,English,,,,,,,,,Common,$0.14
1,1,Mycosynth Golem,Fifth Dawn,137,Good (Lightly Played),English,,,,,,,,1133,Rare,$12.38
1,1,Mycosynth Golem,Fifth Dawn,137,Played,English,,,,,,,,1041,Rare,$12.38
1,1,Mycosynth Lattice,Darksteel,130,Good (Lightly Played),English,,,,,,,,1989,Rare,$21.51
8,8,Myr Battlesphere,Scars of Mirrodin,180,Near Mint,English,,,,,,,,50,Rare,$0.67
9,8,Myr Propagator,Scars of Mirrodin,182,Near Mint,English,,,,,,,,25,Rare,$0.34
10,8,Myr Reservoir,Scars of Mirrodin,183,Near Mint,English,,,,,,,,50,Rare,$0.56
8,8,Myr Superion,New Phyrexia,146,Near Mint,English,,,,,,,,175,Rare,$1.77
11,8,Myr Turbine,Mirrodin Besieged,117,Near Mint,English,,,,,,,,125,Rare,$1.33
11,8,Myr Welder,Mirrodin Besieged,118,Near Mint,English,,,,,,,,25,Rare,$0.31
50,8,Mystic Genesis,Gatecrash,180,Near Mint,English,,,,,,,,25,Rare,$0.24
1,0,Mystic Veil,Visions,38,Near Mint,English,,,,,,,,,Common,$0.17
1,0,Mystical Tutor,Classic Sixth Edition,83,Near Mint,English,,,,,,,,,Uncommon,$6.98
45,8,Myth Realized,Dragons of Tarkir,26,Near Mint,English,,,,,,,,75,Rare,$0.65
1,0,Nacre Talisman,Ice Age,304,Near Mint,English,,,,,,,,,Uncommon,$0.17
5,5,"Nahiri, the Harbinger",Shadows over Innistrad,247,Near Mint,English,,,,,,,,2400,MythicRare,$25.05
4,0,Nakaya Shade,Prophecy,69,Near Mint,English,,,,,,,,,Uncommon,$0.20
4,0,Nalathni Dragon,Media Inserts,3,Near Mint,English,,,,,,,,,Special,$0.77
2,0,Nameless Race,The Dark,12,Near Mint,English,,,,,,,,,Rare,$0.41
1,1,Narset Transcendent,Dragons of Tarkir,225,Near Mint,English,,,,,,,,900,MythicRare,$8.79
28,8,"Narset, Enlightened Master",Khans of Tarkir,190,Near Mint,English,,,,,,,,100,MythicRare,$0.91
1,0,Natural Affinity,Mercadian Masques,260,Near Mint,English,,,,,,,,,Rare,$0.41
2,0,Natural Emergence,Planeshift,117,Near Mint,English,,,,,,,,,Rare,$0.32
3,3,Natural Order,Eternal Masters,177,Near Mint,English,,,,,,,,2525,MythicRare,$26.23
1,0,Nature's Kiss,Weatherlight,78,Near Mint,English,,,,,,,,,Common,$0.14
2,0,Nausea,Exodus,67,Near Mint,English,,,,,,,,,Common,$0.15
4,0,Necra Disciple,Apocalypse,44,Near Mint,English,,,,,,,,,Common,$0.15
7,0,Necra Sanctuary,Apocalypse,45,Near Mint,English,,,,,,,,,Uncommon,$0.17
6,0,Necrite,Fallen Empires,22,Near Mint,English,,,,,,,,,Common,$0.18
8,0,Necrite,Fallen Empires,23,Near Mint,English,,,,,,,,,Common,$0.18
5,0,Necrite,Fallen Empires,24,Near Mint,English,,,,,,,,,Common,$0.15
1,0,Necrologia,Exodus,68,Near Mint,English,,,,,,,,,Uncommon,$0.20
7,7,Necromancer's Stockpile,Magic 2015 Core Set,108,Near Mint,English,,,,,,,,25,Rare,$0.27
23,8,Necromaster Dragon,Dragons of Tarkir,226,Near Mint,English,,,,,,,,50,Rare,$0.33
2,0,Necropolis,The Dark,102,Near Mint,English,,,,,,,,,Uncommon,$0.22
49,8,Necropolis Fiend,Khans of Tarkir,82,Near Mint,English,,,,,,,,25,Rare,$0.27
21,8,Necropolis Regent,Return to Ravnica,71,Near Mint,English,,,,,,,,200,MythicRare,$2.14
3,0,Necropotence,Ice Age,42,Near Mint,English,,,,,,,,,Rare,$8.90
1,0,Necrosavant,Visions,15,Near Mint,English,,,,,,,,,Rare,$0.29
12,8,Necrotic Ooze,Scars of Mirrodin,72,Near Mint,English,,,,,,,,150,Rare,$1.49
31,8,Needle Spires,Oath of the Gatewatch,175,Near Mint,English,,,,,,,,150,Rare,$1.82
4,4,"Nefarox, Overlord of Grixis",Magic 2013,103,Near Mint,English,,,,,,,,75,Rare,$0.67
1,0,"Nemata, Grove Guardian",Planeshift,85,Near Mint,English,,,,,,,,,Rare,$1.46
20,8,Nephalia Drownyard,Innistrad,245,Near Mint,English,,,,,,,,50,Rare,$0.45
18,8,Nephalia Moondrakes,Shadows over Innistrad,75,Near Mint,English,,,,,,,,25,Rare,$0.27
4,4,Nessian Wilds Ravager,Born of the Gods,129,Near Mint,English,,,,,,,,25,Rare,$0.26
5,0,Nesting Wurm,Nemesis,107,Near Mint,English,,,,,,,,,Uncommon,$0.20
1,0,Nether Spirit,Mercadian Masques,149,Near Mint,English,,,,,,,,,Rare,$2.61
1,0,Nether Void,Legends,27,Near Mint,English,,,,,,,,,Rare,$294.88
5,0,Netter en-Dal,Nemesis,13,Near Mint,English,,,,,,,,,Common,$0.14
1,0,Nettling Imp,Unlimited Edition,26,Near Mint,English,,,,,,,,,Uncommon,$0.81
7,0,Nettling Imp,Revised Edition,27,Near Mint,English,,,,,,,,,Uncommon,$0.22
39,8,Nevermore,Innistrad,25,Near Mint,English,,,,,,,,75,Rare,$0.75
1,0,Nevinyrral's Disk,Revised Edition,267,Near Mint,English,,,,,,,,,Rare,$2.31
1,0,Nevinyrral's Disk,Fourth Edition,356,Poor,English,,,,,,,,,Rare,$2.72
1,0,Nevinyrral's Disk,Fourth Edition,356,Played,English,,,,,,,,,Rare,$2.72
1,0,Nevinyrral's Disk,Fourth Edition,356,Good (Lightly Played),English,,,,,,,,,Rare,$2.72
1,0,Niall Silvain,The Dark,45,Near Mint,English,,,,,,,,,Rare,$0.50
7,0,Night // Day,Apocalypse,131,Near Mint,English,,,,,,,,,Uncommon,$0.18
1,1,Night of Souls' Betrayal,Champions of Kamigawa,133,Near Mint,English,,,,,,,,1100,Rare,$9.62
7,0,Night Soil,Fallen Empires,80,Near Mint,English,,,,,,,,,Common,$0.16
7,0,Night Soil,Fallen Empires,81,Near Mint,English,,,,,,,,,Common,$0.18
4,0,Night Soil,Fallen Empires,82,Near Mint,English,,,,,,,,,Common,$0.18
67,8,Nighthowler,Theros,98,Near Mint,English,,,,,,,,25,Rare,$0.29
7,7,Nightmare,Magic 2014 Core Set,108,Near Mint,English,,,,,,,,25,Rare,$0.28
7,7,Nightmare,Magic 2015 Core Set,276,Near Mint,English,,,,,,,,25,Rare,$0.32
8,8,Nightmare,Magic Origins,282,Near Mint,English,,,,,,,,0,Rare,$0.44
4,0,Nightscape Apprentice,Invasion,112,Near Mint,English,,,,,,,,,Common,$0.14
2,0,Nightscape Battlemage,Planeshift,47,Near Mint,English,,,,,,,,,Uncommon,$0.21
8,0,Nightscape Familiar,Planeshift,48,Near Mint,English,,,,,,,,,Common,$0.21
13,8,Nightveil Specter,Gatecrash,222,Near Mint,English,,,,,,,,100,Rare,$0.97
4,0,Nightwind Glider,Mercadian Masques,31,Near Mint,English,,,,,,,,,Common,$0.14
2,2,Nimbus Maze,Future Sight,178,Near Mint,English,,,,,,,,3000,Rare,$29.14
52,8,Nissa's Renewal,Battle for Zendikar,180,Near Mint,English,,,,,,,,75,Rare,$0.98
16,8,Nissa's Revelation,Magic Origins,191,Near Mint,English,,,,,,,,50,Rare,$0.39
1,1,"Nissa, Voice of Zendikar",Oath of the Gatewatch,138,Near Mint,English,,,,,,,,1200,MythicRare,$12.26
1,1,"Nissa, Worldwaker",Magic 2015 Core Set,187,Near Mint,English,,,,,,,,1000,MythicRare,$10.25
10,8,"Niv-Mizzet, Dracogenius",Return to Ravnica,183,Near Mint,English,,,,,,,,150,MythicRare,$1.55
62,8,Nivmagus Elemental,Return to Ravnica,219,Near Mint,English,,,,,,,,50,Rare,$0.45
1,1,No Mercy,Urza's Legacy,56,Near Mint,English,,,,,,,,1075,Rare,$10.52
2,0,No Rest for the Wicked,Urza's Saga,142,Near Mint,English,,,,,,,,,Uncommon,$0.23
1,0,Noble Benefactor,Weatherlight,44,Near Mint,English,,,,,,,,,Uncommon,$0.26
2,2,Noble Hierarch,Modern Masters 2015 Edition,151,Near Mint,English,,,,,,,,4800,Rare,$49.27
2,0,Noble Purpose,Mercadian Masques,32,Near Mint,English,,,,,,,,,Uncommon,$0.43
4,0,Noble Stand,Nemesis,14,Near Mint,English,,,,,,,,,Uncommon,$0.21
4,0,Nomadic Elf,Invasion,200,Near Mint,English,,,,,,,,,Common,$0.14
2,2,Norn's Annex,New Phyrexia,17,Near Mint,English,,,,,,,,300,Rare,$3.04
1,0,Norritt,Ice Age,43,Near Mint,English,,,,,,,,,Common,$0.16
35,8,Notion Thief,Dragon's Maze,88,Near Mint,English,,,,,,,,75,Rare,$0.76
1,0,Nova Pentacle,Legends,234,Good (Lightly Played),English,,,,,,,,,Rare,$5.47
4,0,Noxious Vapors,Planeshift,49,Near Mint,English,,,,,,,,,Uncommon,$0.18
41,8,"Noyan Dar, Roil Shaper",Battle for Zendikar,216,Near Mint,English,,,,,,,,25,Rare,$0.32
1,0,Null Rod,Weatherlight,154,Near Mint,English,,,,,,,,,Rare,$31.96
6,6,"Nykthos, Shrine to Nyx",Theros,223,Near Mint,English,,,,,,,,675,Rare,$6.92
20,8,"Nylea, God of the Hunt",Theros,166,Near Mint,English,,,,,,,,500,MythicRare,$4.94
4,0,Oasis,Fourth Edition,185,Near Mint,English,,,,,,,,,Uncommon,$0.19
25,8,Oath of Chandra,Oath of the Gatewatch,113,Near Mint,English,,,,,,,,25,Rare,$0.29
29,8,Oath of Gideon,Oath of the Gatewatch,30,Near Mint,English,,,,,,,,50,Rare,$0.53
25,8,Oath of Jace,Oath of the Gatewatch,60,Near Mint,English,,,,,,,,50,Rare,$0.85
1,0,Oath of Mages,Exodus,90,Near Mint,English,,,,,,,,,Rare,$0.31
8,8,Oath of Nissa,Oath of the Gatewatch,140,Near Mint,English,,,,,,,,300,Rare,$3.06
24,8,Oath of the Ancient Wood,Magic 2014 Core Set,187,Near Mint,English,,,,,,,,25,Rare,$0.26
7,7,Ob Nixilis Reignited,Battle for Zendikar,119,Near Mint,English,,,,,,,,625,MythicRare,$6.55
11,8,"Ob Nixilis, Unshackled",Magic 2015 Core Set,110,Near Mint,English,,,,,,,,225,Rare,$2.08
1,0,Obelisk of Undoing,Chronicles,84,Near Mint,English,,,,,,,,,Rare,$0.25
10,8,Obelisk of Urd,Magic 2015 Core Set,222,Near Mint,English,,,,,,,,250,Rare,$2.35
4,0,Obliterate,Invasion,156,Near Mint,English,,,,,,,,,Rare,$3.26
28,8,Oblivion Sower,Battle for Zendikar,11,Near Mint,English,,,,,,,,200,MythicRare,$1.91
2,2,Oblivion Stone,Commander,254,Good (Lightly Played),English,,,,,,,,2451,Rare,$26.42
1,1,Oblivion Stone,Mirrodin,222,Near Mint,English,,,,,,,,2675,Rare,$26.88
2,2,"Oboro, Palace in the Clouds",Saviors of Kamigawa,164,Near Mint,English,,,,,,,,2125,Rare,$21.29
30,8,Obscuring Aether,Dragons of Tarkir,194,Near Mint,English,,,,,,,,0,Rare,$0.33
2,0,Obsianus Golem,Revised Edition,268,Near Mint,English,,,,,,,,,Uncommon,$0.16
1,0,Obsianus Golem,Fourth Edition,357,Near Mint,English,,,,,,,,,Uncommon,$0.17
4,0,Obsidian Acolyte,Invasion,22,Near Mint,English,,,,,,,,,Common,$0.19
54,8,Obzedat's Aid,Dragon's Maze,89,Near Mint,English,,,,,,,,25,Rare,$0.33
3,3,"Obzedat, Ghost Council",Gatecrash,182,Near Mint,English,,,,,,,,350,MythicRare,$3.71
7,7,"Odric, Lunarch Marshal",Shadows over Innistrad,31,Near Mint,English,,,,,,,,50,Rare,$0.56
13,8,"Odric, Master Tactician",Magic 2013,23,Near Mint,English,,,,,,,,150,Rare,$1.56
7,0,Off Balance,Nemesis,15,Near Mint,English,,,,,,,,,Common,$0.14
10,8,Ogre Battledriver,Magic 2014 Core Set,148,Near Mint,English,,,,,,,,25,Rare,$0.27
1,0,Ogre Shaman,Exodus,91,Near Mint,English,,,,,,,,,Rare,$0.30
31,8,Ogre Slumlord,Gatecrash,74,Near Mint,English,,,,,,,,50,Rare,$0.47
1,0,Ogre Taskmaster,Mercadian Masques,206,Near Mint,English,,,,,,,,,Uncommon,$0.17
24,8,Ojutai Exemplars,Dragons of Tarkir,27,Near Mint,English,,,,,,,,100,MythicRare,$1.11
21,8,Ojutai's Command,Dragons of Tarkir,227,Near Mint,English,,,,,,,,175,Rare,$1.85
39,8,"Ojutai, Soul of Winter",Fate Reforged,156,Near Mint,English,,,,,,,,25,Rare,$0.32
3,3,Olivia Voldaren,Innistrad,215,Near Mint,English,,,,,,,,950,MythicRare,$10.49
4,4,"Olivia, Mobilized for War",Shadows over Innistrad,248,Near Mint,English,,,,,,,,525,MythicRare,$5.45
10,8,Omen Machine,New Phyrexia,148,Near Mint,English,,,,,,,,25,Rare,$0.29
22,8,"Omnath, Locus of Rage",Battle for Zendikar,217,Near Mint,English,,,,,,,,150,MythicRare,$1.74
3,0,Onslaught,Exodus,92,Near Mint,English,,,,,,,,,Common,$0.16
1,0,Onulet,Antiquities,24,Near Mint,English,,,,,,,,,Uncommon,$0.41
1,0,Onulet,Revised Edition,269,Near Mint,English,,,,,,,,,Rare,$0.29
50,8,Ooze Flux,Gatecrash,128,Near Mint,English,,,,,,,,25,Rare,$0.32
3,0,Opal Caryatid,Urza's Saga,24,Near Mint,English,,,,,,,,,Common,$0.14
3,0,Opal Champion,Urza's Legacy,16,Near Mint,English,,,,,,,,,Common,$0.14
1,0,Opal Gargoyle,Urza's Saga,25,Near Mint,English,,,,,,,,,Common,$0.14
1,0,Opal Titan,Urza's Saga,26,Near Mint,English,,,,,,,,,Rare,$0.31
1,0,Opportunity,Urza's Legacy,37,Near Mint,English,,,,,,,,,Uncommon,$0.20
4,0,Opt,Invasion,64,Near Mint,English,,,,,,,,,Common,$0.21
16,8,Oracle of Bones,Born of the Gods,103,Near Mint,English,,,,,,,,25,Rare,$0.24
1,0,Oracle's Attendants,Nemesis,16,Near Mint,English,,,,,,,,,Rare,$0.30
42,8,Oran-Rief Hydra,Battle for Zendikar,181,Near Mint,English,,,,,,,,25,Rare,$0.30
4,0,Oraxid,Nemesis,35,Near Mint,English,,,,,,,,,Common,$0.14
22,8,Orbs of Warding,Magic Origins,234,Near Mint,English,,,,,,,,50,Rare,$0.48
4,0,Orc General,The Dark,72,Near Mint,English,,,,,,,,,Uncommon,$0.17
1,0,Orcish Artillery,Classic Sixth Edition,196,Near Mint,English,,,,,,,,,Uncommon,$0.20
6,0,Orcish Captain,Fallen Empires,123,Near Mint,English,,,,,,,,,Uncommon,$0.18
1,0,Orcish Farmer,Ice Age,207,Near Mint,English,,,,,,,,,Common,$0.14
1,0,Orcish Librarian,Ice Age,209,Near Mint,English,,,,,,,,,Rare,$0.27
1,0,Orcish Lumberjack,Ice Age,210,Near Mint,English,,,,,,,,,Common,$0.15
1,0,Orcish Mine,Homelands,98,Near Mint,English,,,,,,,,,Uncommon,$0.21
5,0,Orcish Oriflamme,Revised Edition,168,Near Mint,English,,,,,,,,,Uncommon,$0.16
1,0,Orcish Oriflamme,Fourth Edition,233,Near Mint,English,,,,,,,,,Uncommon,$0.19
6,0,Orcish Spy,Fallen Empires,124,Near Mint,English,,,,,,,,,Common,$0.14
6,0,Orcish Spy,Fallen Empires,125,Near Mint,English,,,,,,,,,Common,$0.17
6,0,Orcish Spy,Fallen Empires,126,Near Mint,English,,,,,,,,,Common,$0.17
5,0,Orcish Veteran,Fallen Empires,127,Near Mint,English,,,,,,,,,Common,$0.17
7,0,Orcish Veteran,Fallen Empires,128,Near Mint,English,,,,,,,,,Common,$0.17
5,0,Orcish Veteran,Fallen Empires,129,Near Mint,English,,,,,,,,,Common,$0.14
6,0,Orcish Veteran,Fallen Empires,130,Near Mint,English,,,,,,,,,Common,$0.17
7,0,Order // Chaos,Apocalypse,132,Near Mint,English,,,,,,,,,Uncommon,$0.20
4,0,Order of Leitbur,Fallen Empires,163,Near Mint,English,,,,,,,,,Common,$0.20
3,0,Order of Leitbur,Fallen Empires,164,Near Mint,English,,,,,,,,,Common,$0.20
3,0,Order of Leitbur,Fallen Empires,165,Near Mint,English,,,,,,,,,Common,$0.21
3,0,Order of the Ebon Hand,Fallen Empires,25,Near Mint,English,,,,,,,,,Common,$0.19
8,0,Order of the Ebon Hand,Fallen Empires,26,Near Mint,English,,,,,,,,,Common,$0.20
5,0,Order of the Ebon Hand,Fallen Empires,27,Near Mint,English,,,,,,,,,Common,$0.19
1,0,Order of the White Shield,Ice Age,270,Near Mint,English,,,,,,,,,Uncommon,$0.25
2,0,Ordered Migration,Invasion,258,Near Mint,English,,,,,,,,,Uncommon,$0.18
2,0,Orgg,Fallen Empires,131,Near Mint,English,,,,,,,,,Rare,$0.25
4,0,Orim's Cure,Mercadian Masques,33,Near Mint,English,,,,,,,,,Common,$0.14
4,0,Orim's Thunder,Apocalypse,15,Near Mint,English,,,,,,,,,Common,$0.15
3,0,Orim's Touch,Invasion,23,Near Mint,English,,,,,,,,,Common,$0.14
1,0,Ornithopter,Antiquities,25,Good (Lightly Played),English,,,,,,,,,Common,$2.03
1,0,Ornithopter,Antiquities,25,Played,English,,,,,,,,,Common,$2.03
3,0,Ornithopter,Revised Edition,270,Near Mint,English,,,,,,,,,Uncommon,$0.32
1,1,Orzhov Pontiff,Guildpact,124,Near Mint,English,,,,,,,,1225,Rare,$12.18
1,0,Osai Vultures,Legends,198,Near Mint,English,,,,,,,,,Common,$0.19
1,0,Ostracize,Urza's Legacy,57,Near Mint,English,,,,,,,,,Common,$0.16
24,8,Otherworld Atlas,Avacyn Restored,219,Near Mint,English,,,,,,,,50,Rare,$0.43
1,0,Oubliette,Arabian Nights,11,Near Mint,English,,,,,,,,,Common,$28.48
3,0,Oubliette,Arabian Nights,12,Good (Lightly Played),English,,,,,,,,,Common,$27.82
3,0,Outbreak,Prophecy,71,Near Mint,English,,,,,,,,,Uncommon,$0.22
41,8,Outland Colossus,Magic Origins,193,Near Mint,English,,,,,,,,25,Rare,$0.26
36,8,Outpost Siege,Fate Reforged,110,Near Mint,English,,,,,,,,75,Rare,$0.69
1,0,Overabundance,Invasion,259,Near Mint,English,,,,,,,,,Rare,$0.35
1,1,Overgrown Tomb,Return to Ravnica,243,Near Mint,English,,,,,,,,875,Rare,$8.90
1,0,Overgrowth,Stronghold,61,Near Mint,English,,,,,,,,,Common,$0.25
1,0,Overlaid Terrain,Nemesis,108,Near Mint,English,,,,,,,,,Rare,$0.30
4,0,Overload,Invasion,157,Near Mint,English,,,,,,,,,Common,$0.14
3,0,Overrun,Tempest,137,Played,English,,,,,,,,,Uncommon,$0.31
18,8,Overwhelming Denial,Oath of the Gatewatch,61,Near Mint,English,,,,,,,,25,Rare,$0.35
2,0,Pacifism,Mirage,236,Near Mint,English,,,,,,,,,Common,$0.16
1,0,Pacifism,Tempest,246,Near Mint,English,,,,,,,,,Common,$0.17
1,0,Pacifism,Urza's Saga,27,Near Mint,English,,,,,,,,,Common,$0.14
1,0,Pacifism,Classic Sixth Edition,33,Near Mint,English,,,,,,,,,Common,$0.18
1,0,Pack Hunt,Nemesis,109,Near Mint,English,,,,,,,,,Rare,$0.46
12,8,Pack Rat,Return to Ravnica,73,Near Mint,English,,,,,,,,175,Rare,$1.98
2,0,Pain // Suffering,Invasion,294,Near Mint,English,,,,,,,,,Uncommon,$0.20
26,8,Pain Seer,Born of the Gods,80,Near Mint,English,,,,,,,,25,Rare,$0.31
1,0,Painful Memories,Classic Sixth Edition,147,Near Mint,English,,,,,,,,,Common,$0.15
3,3,Painful Quandary,Scars of Mirrodin,73,Near Mint,English,,,,,,,,275,Rare,$2.79
33,8,Painful Truths,Battle for Zendikar,120,Near Mint,English,,,,,,,,75,Rare,$0.94
2,2,Painter's Servant,Shadowmoor,257,Near Mint,English,,,,,,,,2025,Rare,$20.19
34,8,Palace Siege,Fate Reforged,79,Near Mint,English,,,,,,,,50,Rare,$0.46
3,0,Pale Moon,Nemesis,36,Near Mint,English,,,,,,,,,Rare,$1.22
3,3,Palinchron,Urza's Legacy,38,Near Mint,English,,,,,,,,2175,Rare,$20.88
57,8,Palisade Giant,Return to Ravnica,15,Near Mint,English,,,,,,,,25,Rare,$0.30
1,0,Panacea,Mercadian Masques,308,Near Mint,English,,,,,,,,,Uncommon,$0.17
2,0,Pangosaur,Mercadian Masques,261,Near Mint,English,,,,,,,,,Rare,$0.33
5,0,Panic Attack,Prophecy,98,Near Mint,English,,,,,,,,,Common,$0.14
1,0,Panther Warriors,Classic Sixth Edition,243,Near Mint,English,,,,,,,,,Common,$0.14
8,0,Parallax Dementia,Nemesis,62,Near Mint,English,,,,,,,,,Common,$0.14
1,0,Parallax Inhibitor,Nemesis,134,Near Mint,English,,,,,,,,,Rare,$0.31
2,0,Parallax Tide,Nemesis,37,Near Mint,English,,,,,,,,,Rare,$0.89
2,0,Parallax Wave,Nemesis,17,Near Mint,English,,,,,,,,,Rare,$2.81
1,1,Parallel Lives,Innistrad,199,Near Mint,English,,,,,,,,750,Rare,$7.45
4,0,Paralyze,Revised Edition,29,Near Mint,English,,,,,,,,,Common,$0.14
1,0,Parapet,Visions,114,Near Mint,English,,,,,,,,,Common,$0.15
2,0,Parch,Urza's Legacy,86,Near Mint,English,,,,,,,,,Common,$0.15
9,8,Part the Waterveil,Battle for Zendikar,80,Near Mint,English,,,,,,,,450,MythicRare,$4.39
1,0,Part Water,Legends,66,Near Mint,English,,,,,,,,,Uncommon,$0.36
9,7,Past in Flames,Innistrad,155,Near Mint,English,,,,,,,,900,MythicRare,$9.36
1,0,Patagia Golem,Mirage,278,Near Mint,English,,,,,,,,,Uncommon,$0.17
16,8,Path of Bravery,Magic 2014 Core Set,26,Near Mint,English,,,,,,,,50,Rare,$0.47
2,0,Path of Peace,Urza's Saga,29,Near Mint,English,,,,,,,,,Common,$0.15
3,3,Path to Exile,Modern Masters,25,Near Mint,English,,,,,,,,1100,Uncommon,$10.91
1,1,Path to Exile,Conflux,15,Near Mint,English,,,,,,,,1050,Uncommon,$10.74
1,1,Path to Exile,Conflux,15,Good (Lightly Played),English,,,,,,,,971,Uncommon,$10.74
1,1,Patriarch's Bidding,Onslaught,161,Good (Lightly Played),English,,,,,,,,1064,Rare,$11.35
1,0,Peace and Quiet,Urza's Legacy,17,Near Mint,English,,,,,,,,,Uncommon,$0.17
5,0,Peace of Mind,Exodus,13,Near Mint,English,,,,,,,,,Uncommon,$0.20
1,0,Peace Talks,Visions,115,Near Mint,English,,,,,,,,,Uncommon,$0.21
38,8,Pearl Lake Ancient,Khans of Tarkir,49,Near Mint,English,,,,,,,,75,MythicRare,$0.71
5,0,Pearled Unicorn,Revised Edition,214,Near Mint,English,,,,,,,,,Common,$0.14
2,0,Peat Bog,Mercadian Masques,322,Near Mint,English,,,,,,,,,Common,$0.16
1,0,Pegasus Charger,Urza's Saga,30,Near Mint,English,,,,,,,,,Common,$0.15
1,0,Pegasus Refuge,Tempest,247,Near Mint,English,,,,,,,,,Rare,$0.29
1,0,Pegasus Stampede,Exodus,14,Near Mint,English,,,,,,,,,Uncommon,$0.19
1,0,Pendelhaven,Legends,250,Played,English,,,,,,,,,Uncommon,$17.48
1,1,Pendelhaven,"Time Spiral ""Timeshifted""",120,Near Mint,English,,,,,,,,1375,Special,$13.91
2,0,Pendrell Drake,Urza's Saga,86,Near Mint,English,,,,,,,,,Common,$0.14
1,0,Pendrell Flux,Urza's Saga,87,Near Mint,English,,,,,,,,,Common,$0.14
10,8,Pentavus,Magic 2012,213,Near Mint,English,,,,,,,,25,Rare,$0.26
4,0,Penumbra Bobcat,Apocalypse,82,Near Mint,English,,,,,,,,,Common,$0.15
7,0,Penumbra Kavu,Apocalypse,83,Near Mint,English,,,,,,,,,Uncommon,$0.17
2,0,People of the Woods,The Dark,46,Near Mint,English,,,,,,,,,Uncommon,$0.21
1,0,People of the Woods,The Dark,46,Good (Lightly Played),English,,,,,,,,,Uncommon,$0.21
4,4,Perilous Vault,Magic 2015 Core Set,224,Near Mint,English,,,,,,,,200,MythicRare,$2.26
14,8,Perplexing Chimera,Born of the Gods,48,Near Mint,English,,,,,,,,25,Rare,$0.31
7,7,Personal Sanctuary,Magic 2012,30,Near Mint,English,,,,,,,,25,Rare,$0.28
4,0,Pestilence,Revised Edition,30,Near Mint,English,,,,,,,,,Common,$0.16
1,0,Pestilence,Classic Sixth Edition,149,Near Mint,English,,,,,,,,,Uncommon,$0.24
1,0,Pestilence Rats,Ice Age,45,Near Mint,English,,,,,,,,,Common,$0.17
5,0,Phantasmal Forces,Revised Edition,69,Near Mint,English,,,,,,,,,Uncommon,$0.17
1,0,Phantasmal Terrain,Fourth Edition,89,Near Mint,English,,,,,,,,,Common,$0.13
1,0,Phantasmal Terrain,Classic Sixth Edition,84,Near Mint,English,,,,,,,,,Common,$0.14
7,0,Phantasmal Terrain,Invasion,65,Near Mint,English,,,,,,,,,Common,$0.14
3,0,Phantom Monster,Revised Edition,71,Near Mint,English,,,,,,,,,Uncommon,$0.16
17,8,"Pharika, God of Affliction",Journey into Nyx,154,Near Mint,English,,,,,,,,250,MythicRare,$2.62
25,8,"Phenax, God of Deception",Born of the Gods,152,Near Mint,English,,,,,,,,525,MythicRare,$5.45
12,8,Pheres-Band Warchief,Journey into Nyx,135,Near Mint,English,,,,,,,,25,Rare,$0.31
22,8,Phylactery Lich,Magic 2013,104,Near Mint,English,,,,,,,,25,Rare,$0.34
2,0,Phyrexian Altar,Invasion,306,Near Mint,English,,,,,,,,,Rare,$27.07
4,0,Phyrexian Battleflies,Invasion,114,Near Mint,English,,,,,,,,,Common,$0.14
7,0,Phyrexian Bloodstock,Planeshift,50,Near Mint,English,,,,,,,,,Common,$0.14
2,0,Phyrexian Broodlings,Urza's Legacy,58,Near Mint,English,,,,,,,,,Common,$0.15
7,7,Phyrexian Crusader,Mirrodin Besieged,50,Near Mint,English,,,,,,,,600,Rare,$5.95
2,0,Phyrexian Debaser,Urza's Legacy,59,Near Mint,English,,,,,,,,,Common,$0.15
2,0,Phyrexian Delver,Invasion,115,Near Mint,English,,,,,,,,,Rare,$0.32
1,0,Phyrexian Dreadnought,Mirage,280,Near Mint,English,,,,,,,,,Rare,$16.15
6,0,Phyrexian Driver,Nemesis,64,Near Mint,English,,,,,,,,,Common,$0.14
7,0,Phyrexian Gargantua,Apocalypse,48,Near Mint,English,,,,,,,,,Uncommon,$0.19
1,0,Phyrexian Ghoul,Urza's Saga,148,Near Mint,English,,,,,,,,,Common,$0.19
3,0,Phyrexian Gremlins,Antiquities,48,Near Mint,English,,,,,,,,,Common,$0.26
8,8,Phyrexian Hydra,Mirrodin Besieged,85,Near Mint,English,,,,,,,,50,Rare,$0.55
1,0,Phyrexian Infiltrator,Invasion,116,Near Mint,English,,,,,,,,,Rare,$0.29
11,8,Phyrexian Ingester,New Phyrexia,41,Near Mint,English,,,,,,,,25,Rare,$0.30
1,0,Phyrexian Lens,Invasion,307,Near Mint,English,,,,,,,,,Rare,$0.29
1,1,Phyrexian Metamorph,New Phyrexia,42,Near Mint,English,,,,,,,,650,Rare,$6.60
1,1,Phyrexian Obliterator,New Phyrexia,68,Near Mint,English,,,,,,,,3150,MythicRare,$31.80
1,0,Phyrexian Plaguelord,Urza's Legacy,62,Near Mint,English,,,,,,,,,Rare,$0.33
1,0,Phyrexian Processor,Urza's Saga,306,Near Mint,English,,,,,,,,,Rare,$1.72
4,0,Phyrexian Prowler,Nemesis,65,Near Mint,English,,,,,,,,,Uncommon,$0.21
4,0,Phyrexian Rager,Apocalypse,49,Near Mint,English,,,,,,,,,Common,$0.17
6,0,Phyrexian Reaper,Invasion,117,Near Mint,English,,,,,,,,,Common,$0.15
10,8,Phyrexian Rebirth,Mirrodin Besieged,15,Near Mint,English,,,,,,,,75,Rare,$0.74
1,0,Phyrexian Reclamation,Urza's Legacy,63,Near Mint,English,,,,,,,,,Uncommon,$0.40
1,1,Phyrexian Revoker,Mirrodin Besieged,122,Near Mint,English,,,,,,,,125,Rare,$1.24
26,8,Phyrexian Revoker,Magic 2015 Core Set,225,Near Mint,English,,,,,,,,125,Rare,$1.15
1,0,Phyrexian Scuta,Planeshift,51,Near Mint,English,,,,,,,,,Rare,$0.50
3,0,Phyrexian Slayer,Invasion,118,Near Mint,English,,,,,,,,,Common,$0.14
1,1,Phyrexian Swarmlord,New Phyrexia,119,Near Mint,English,,,,,,,,50,Rare,$0.47
1,0,Phyrexian Tower,Urza's Saga,322,Near Mint,English,,,,,,,,,Rare,$27.77
2,0,Phyrexian Tyranny,Planeshift,118,Near Mint,English,,,,,,,,,Rare,$2.39
9,8,Phyrexian Unlife,New Phyrexia,18,Near Mint,English,,,,,,,,275,Rare,$2.59
10,8,Phyrexian Vatmother,Mirrodin Besieged,52,Near Mint,English,,,,,,,,25,Rare,$0.34
2,0,Phyrexian Walker,Visions,152,Near Mint,English,,,,,,,,,Common,$0.42
3,3,Phytotitan,Magic 2015 Core Set,191,Near Mint,English,,,,,,,,25,Rare,$0.27
10,8,Pia and Kiran Nalaar,Magic Origins,157,Near Mint,English,,,,,,,,200,Rare,$2.34
1,0,Piety,Fourth Edition,291,Near Mint,English,,,,,,,,,Common,$0.15
5,0,Pikemen,The Dark,88,Near Mint,English,,,,,,,,,Common,$0.14
4,0,Pincer Spider,Invasion,201,Near Mint,English,,,,,,,,,Common,$0.14
1,0,Pincher Beetles,Tempest,138,Near Mint,English,,,,,,,,,Common,$0.14
4,0,Pious Warrior,Mercadian Masques,34,Near Mint,English,,,,,,,,,Common,$0.15
2,0,Pirate Ship,Revised Edition,72,Near Mint,English,,,,,,,,,Rare,$0.30
3,0,Pit Raptor,Prophecy,72,Near Mint,English,,,,,,,,,Uncommon,$0.19
1,0,Pit Scorpion,Legends,28,Good (Lightly Played),English,,,,,,,,,Common,$0.17
3,0,Pit Scorpion,Legends,28,Near Mint,English,,,,,,,,,Common,$0.17
1,0,Pit Spawn,Exodus,70,Near Mint,English,,,,,,,,,Rare,$0.72
1,0,Pit Trap,Ice Age,308,Near Mint,English,,,,,,,,,Uncommon,$0.17
19,8,Pithing Needle,Return to Ravnica,231,Near Mint,English,,,,,,,,250,Rare,$2.56
24,8,Pitiless Horde,Dragons of Tarkir,112,Near Mint,English,,,,,,,,50,Rare,$0.39
5,0,Plague Fiend,Prophecy,73,Near Mint,English,,,,,,,,,Common,$0.14
12,0,Plague Rats,Revised Edition,31,Near Mint,English,,,,,,,,,Common,$0.14
2,0,Plague Spitter,Invasion,119,Near Mint,English,,,,,,,,,Uncommon,$0.34
5,0,Plague Spores,Invasion,260,Near Mint,English,,,,,,,,,Common,$0.14
11,0,Plague Witch,Nemesis,66,Near Mint,English,,,,,,,,,Common,$0.14
4,4,Plains,Unhinged,136,Near Mint,English,,,,,,,,0,BasicLand,$6.34
1,0,Plains,Mercadian Masques,334,Near Mint,English,,,,,,,,,BasicLand,$0.21
1,0,Plains,Invasion,332,Near Mint,English,,,,,,,,,BasicLand,$0.27
1,0,Plains,Invasion,334,Near Mint,English,,,,,,,,,BasicLand,$0.28
25,8,Planar Cleansing,Magic 2013,26,Near Mint,English,,,,,,,,50,Rare,$0.37
14,8,Planar Cleansing,Magic 2014 Core Set,29,Near Mint,English,,,,,,,,25,Rare,$0.34
50,8,Planar Outburst,Battle for Zendikar,42,Near Mint,English,,,,,,,,50,Rare,$0.63
1,0,Planar Overlay,Planeshift,28,Near Mint,English,,,,,,,,,Rare,$0.29
2,0,Planar Portal,Invasion,308,Near Mint,English,,,,,,,,,Rare,$4.18
1,0,Planeswalker's Favor,Planeshift,86,Near Mint,English,,,,,,,,,Rare,$0.29
1,0,Planeswalker's Scorn,Planeshift,52,Near Mint,English,,,,,,,,,Rare,$0.29
30,8,Plasm Capture,Dragon's Maze,91,Near Mint,English,,,,,,,,25,Rare,$0.37
2,0,Plateau,Revised Edition,296,Good (Lightly Played),English,,,,,,,,,Rare,$64.64
2,0,Plateau,Revised Edition,296,Played,English,,,,,,,,,Rare,$64.64
2,0,Plated Rootwalla,Exodus,116,Near Mint,English,,,,,,,,,Common,$0.14
4,4,Plea for Guidance,Born of the Gods,24,Near Mint,English,,,,,,,,25,Rare,$0.27
1,0,Pledge of Loyalty,Invasion,24,Near Mint,English,,,,,,,,,Uncommon,$0.18
35,8,Polis Crusher,Theros,198,Near Mint,English,,,,,,,,25,Rare,$0.23
9,0,Pollen Remedy,Planeshift,13,Near Mint,English,,,,,,,,,Common,$0.14
4,4,Polluted Delta,Khans of Tarkir,239,Near Mint,English,,,,,,,,1800,Rare,$18.36
9,8,"Polukranos, World Eater",Theros,172,Near Mint,English,,,,,,,,100,MythicRare,$1.10
17,8,Polymorphist's Jest,Magic 2015 Core Set,75,Near Mint,English,,,,,,,,125,Rare,$1.31
10,8,Polymorphous Rush,Journey into Nyx,46,Near Mint,English,,,,,,,,25,Rare,$0.26
41,8,Pontiff of Blight,Dragon's Maze,27,Near Mint,English,,,,,,,,25,Rare,$0.29
4,0,Port Inspector,Mercadian Masques,90,Near Mint,English,,,,,,,,,Common,$0.14
15,8,Port Town,Shadows over Innistrad,278,Near Mint,English,,,,,,,,200,Rare,$2.50
3,0,Portent,Ice Age,90,Near Mint,English,,,,,,,,,Common,$0.17
61,8,Possibility Storm,Dragon's Maze,34,Near Mint,English,,,,,,,,25,Rare,$0.36
1,0,Pouncing Jaguar,Urza's Saga,269,Near Mint,English,,,,,,,,,Common,$0.16
4,0,Pouncing Kavu,Invasion,158,Near Mint,English,,,,,,,,,Common,$0.17
5,0,Power Armor,Invasion,309,Near Mint,English,,,,,,,,,Uncommon,$0.18
1,0,Power Artifact,Antiquities,55,Near Mint,English,,,,,,,,,Uncommon,$44.43
1,0,Power Artifact,Antiquities,55,Played,English,,,,,,,,,Uncommon,$44.43
6,0,Power Leak,Revised Edition,73,Near Mint,English,,,,,,,,,Common,$0.15
1,0,Power Matrix,Mercadian Masques,309,Near Mint,English,,,,,,,,,Rare,$1.47
6,0,Power Sink,Revised Edition,74,Near Mint,English,,,,,,,,,Common,$0.16
3,0,Power Sink,Urza's Saga,89,Near Mint,English,,,,,,,,,Common,$0.15
1,0,Power Surge,Revised Edition,169,Near Mint,English,,,,,,,,,Rare,$0.32
1,0,Power Taint,Urza's Saga,90,Near Mint,English,,,,,,,,,Common,$0.15
2,0,Pradesh Gypsies,Legends,111,Near Mint,English,,,,,,,,,Uncommon,$0.35
1,0,Pradesh Gypsies,Classic Sixth Edition,244,Near Mint,English,,,,,,,,,Common,$0.15
3,3,Praetor's Grasp,New Phyrexia,71,Near Mint,English,,,,,,,,75,Rare,$0.65
28,8,Prairie Stream,Battle for Zendikar,241,Near Mint,English,,,,,,,,300,Rare,$3.31
2,0,Preacher,The Dark,89,Near Mint,English,,,,,,,,,Rare,$5.88
1,0,Preacher,The Dark,89,Near Mint,English,,,,,,,,,Rare,$5.88
15,8,Precinct Captain,Return to Ravnica,17,Near Mint,English,,,,,,,,50,Rare,$0.60
9,8,Precursor Golem,Scars of Mirrodin,194,Near Mint,English,,,,,,,,25,Rare,$0.27
6,6,Predator Ooze,Dark Ascension,124,Near Mint,English,,,,,,,,250,Rare,$2.60
2,0,"Predator, Flagship",Nemesis,135,Near Mint,English,,,,,,,,,Rare,$0.96
2,0,Predatory Hunger,Exodus,117,Near Mint,English,,,,,,,,,Common,$0.18
43,8,Predatory Rampage,Magic 2013,180,Near Mint,English,,,,,,,,25,Rare,$0.25
6,6,Preeminent Captain,Magic 2015 Core Set,25,Near Mint,English,,,,,,,,75,Rare,$0.67
1,0,Presence of the Master,Legends,200,Good (Lightly Played),English,,,,,,,,,Uncommon,$1.50
1,0,Presence of the Master,Urza's Saga,32,Near Mint,English,,,,,,,,,Uncommon,$0.21
1,0,Pretender's Claim,Mercadian Masques,151,Near Mint,English,,,,,,,,,Uncommon,$0.18
2,0,Price of Progress,Exodus,95,Near Mint,English,,,,,,,,,Uncommon,$4.60
26,8,Priest of the Blood Rite,Magic Origins,112,Near Mint,English,,,,,,,,50,Rare,$0.51
3,0,Priest of Titania,Urza's Saga,270,Near Mint,English,,,,,,,,,Common,$2.29
1,0,Primal Clay,Antiquities,26,Near Mint,English,,,,,,,,,Uncommon,$0.40
3,0,Primal Clay,Antiquities,26,Good (Lightly Played),English,,,,,,,,,Uncommon,$0.40
1,0,Primal Clay,Revised Edition,271,Near Mint,English,,,,,,,,,Rare,$0.29
3,0,Primal Growth,Planeshift,87,Near Mint,English,,,,,,,,,Common,$0.18
23,8,Primal Surge,Avacyn Restored,189,Near Mint,English,,,,,,,,150,MythicRare,$1.62
11,8,Prime Speaker Zegana,Gatecrash,188,Near Mint,English,,,,,,,,150,MythicRare,$1.42
3,3,Primeval Bounty,Magic 2014 Core Set,190,Near Mint,English,,,,,,,,450,MythicRare,$4.64
1,0,Primeval Shambler,Mercadian Masques,152,Near Mint,English,,,,,,,,,Uncommon,$0.17
3,3,Primeval Titan,Magic 2012,188,Near Mint,English,,,,,,,,875,MythicRare,$8.98
8,8,Primordial Hydra,Magic 2013,183,Near Mint,English,,,,,,,,725,MythicRare,$7.43
36,8,Prism Array,Battle for Zendikar,81,Near Mint,English,,,,,,,,25,Rare,$0.25
1,1,Prismatic Omen,Shadowmoor,126,Near Mint,English,,,,,,,,1500,Rare,$15.60
1,0,Prismatic Ward,Ice Age,271,Near Mint,English,,,,,,,,,Common,$0.14
4,0,Prison Barricade,Invasion,25,Near Mint,English,,,,,,,,,Common,$0.14
30,8,Pristine Skywise,Dragons of Tarkir,228,Near Mint,English,,,,,,,,25,Rare,$0.32
1,1,Privileged Position,Ravnica: City of Guilds,251,Near Mint,English,,,,,,,,1350,Rare,$13.16
18,8,Prized Amalgam,Shadows over Innistrad,249,Near Mint,English,,,,,,,,200,Rare,$2.32
4,0,Probe,Invasion,66,Near Mint,English,,,,,,,,,Common,$0.18
3,0,Prodigal Sorcerer,Revised Edition,75,Good (Lightly Played),English,,,,,,,,,Common,$0.15
5,0,Prodigal Sorcerer,Revised Edition,75,Near Mint,English,,,,,,,,,Common,$0.15
23,8,Profaner of the Dead,Dragons of Tarkir,70,Near Mint,English,,,,,,,,50,Rare,$0.38
23,8,Profound Journey,Dragons of Tarkir,30,Near Mint,English,,,,,,,,25,Rare,$0.32
1,1,Progenitor Mimic,Dragon's Maze,92,Near Mint,English,,,,,,,,425,MythicRare,$4.31
39,8,Prognostic Sphinx,Theros,60,Near Mint,English,,,,,,,,25,Rare,$0.36
4,0,Prohibit,Invasion,67,Near Mint,English,,,,,,,,,Common,$0.17
18,8,Prophet of Kruphix,Theros,199,Near Mint,English,,,,,,,,150,Rare,$1.51
23,8,Prophetic Flamespeaker,Journey into Nyx,106,Near Mint,English,,,,,,,,125,MythicRare,$1.14
4,0,Protective Sphere,Invasion,26,Near Mint,English,,,,,,,,,Common,$0.14
8,8,Prototype Portal,Scars of Mirrodin,195,Near Mint,English,,,,,,,,125,Rare,$1.30
1,0,Psychic Allergy,The Dark,33,Near Mint,English,,,,,,,,,Rare,$0.44
49,8,Psychic Intrusion,Theros,200,Near Mint,English,,,,,,,,25,Rare,$0.23
1,0,Psychic Purge,Legends,68,Near Mint,English,,,,,,,,,Common,$0.33
11,8,Psychic Surgery,New Phyrexia,44,Near Mint,English,,,,,,,,25,Rare,$0.30
4,0,Psychic Venom,Revised Edition,76,Good (Lightly Played),English,,,,,,,,,Common,$0.15
6,0,Psychic Venom,Revised Edition,76,Near Mint,English,,,,,,,,,Common,$0.15
1,1,Psychosis Crawler,Mirrodin Besieged,126,Near Mint,English,,,,,,,,75,Rare,$0.87
2,0,Puffer Extract,Mercadian Masques,310,Near Mint,English,,,,,,,,,Uncommon,$0.17
1,0,Pulse of Llanowar,Invasion,202,Near Mint,English,,,,,,,,,Uncommon,$0.23
1,0,Pulverize,Mercadian Masques,207,Near Mint,English,,,,,,,,,Rare,$0.53
2,0,Puppet Master,Legends,69,Good (Lightly Played),English,,,,,,,,,Uncommon,$0.35
1,0,Puppet Master,Legends,69,Near Mint,English,,,,,,,,,Uncommon,$0.35
1,0,Puppet's Verdict,Mercadian Masques,208,Near Mint,English,,,,,,,,,Rare,$1.44
1,0,Pure Reflection,Invasion,27,Near Mint,English,,,,,,,,,Rare,$0.29
1,0,Purelace,Revised Edition,216,Near Mint,English,,,,,,,,,Rare,$0.29
11,8,"Purphoros, God of the Forge",Theros,135,Near Mint,English,,,,,,,,875,MythicRare,$8.77
1,0,Purraj of Urborg,Mirage,33,Near Mint,English,,,,,,,,,Rare,$0.34
1,0,Putrefaction,Mercadian Masques,153,Near Mint,English,,,,,,,,,Uncommon,$0.18
11,8,Putrefax,Scars of Mirrodin,126,Near Mint,English,,,,,,,,25,Rare,$0.30
4,0,Putrid Warrior,Apocalypse,117,Near Mint,English,,,,,,,,,Common,$0.14
5,0,Pygmy Kavu,Planeshift,88,Near Mint,English,,,,,,,,,Common,$0.14
1,0,Pygmy Pyrosaur,Urza's Legacy,87,Near Mint,English,,,,,,,,,Common,$0.15
1,0,Pygmy Razorback,Prophecy,120,Near Mint,English,,,,,,,,,Common,$0.14
1,0,Pygmy Troll,Exodus,118,Near Mint,English,,,,,,,,,Common,$0.15
2,0,Pyknite,Ice Age,146,Near Mint,English,,,,,,,,,Common,$0.14
1,0,Pyre Zombie,Invasion,261,Near Mint,English,,,,,,,,,Rare,$0.43
43,8,Pyrewild Shaman,Dragon's Maze,36,Near Mint,English,,,,,,,,25,Rare,$0.32
1,0,Pyric Salamander,Mirage,187,Near Mint,English,,,,,,,,,Common,$0.14
2,0,Pyroblast,Ice Age,213,Near Mint,English,,,,,,,,,Common,$1.64
1,0,Pyroblast,Ice Age,213,Near Mint,English,,,,,,,,,Common,$1.64
1,0,Pyroclasm,Ice Age,214,Near Mint,English,,,,,,,,,Uncommon,$0.75
12,8,Pyromancer's Gauntlet,Magic 2014 Core Set,214,Near Mint,English,,,,,,,,25,Rare,$0.25
5,5,Pyromancer's Goggles,Magic Origins,236,Near Mint,English,,,,,,,,450,MythicRare,$5.04
1,0,Pyromancy,Urza's Legacy,88,Near Mint,English,,,,,,,,,Rare,$0.31
1,0,Pyrotechnics,Legends,158,Near Mint,English,,,,,,,,,Common,$0.19
3,0,Pyrotechnics,Legends,158,Good (Lightly Played),English,,,,,,,,,Common,$0.19
1,0,Pyrotechnics,Classic Sixth Edition,199,Near Mint,English,,,,,,,,,Common,$0.15
2,0,Python,Visions,18,Near Mint,English,,,,,,,,,Common,$0.15
1,0,Python,Classic Sixth Edition,150,Near Mint,English,,,,,,,,,Common,$0.14
54,8,Pyxis of Pandemonium,Theros,220,Near Mint,English,,,,,,,,25,Rare,$0.24
1,0,Quagmire,Legends,29,Near Mint,English,,,,,,,,,Uncommon,$0.42
5,0,Quagmire Druid,Apocalypse,51,Near Mint,English,,,,,,,,,Common,$0.15
1,0,Quagmire Lamprey,Mercadian Masques,154,Near Mint,English,,,,,,,,,Uncommon,$0.18
28,8,Quarantine Field,Battle for Zendikar,43,Near Mint,English,,,,,,,,125,MythicRare,$1.33
1,0,Questing Phelddagrif,Planeshift,119,Near Mint,English,,,,,,,,,Rare,$0.89
6,6,Quicken,Magic 2014 Core Set,68,Near Mint,English,,,,,,,,100,Rare,$1.04
2,2,Quicksilver Amulet,Magic 2012,214,Near Mint,English,,,,,,,,975,Rare,$9.76
4,0,Quicksilver Dagger,Apocalypse,118,Near Mint,English,,,,,,,,,Common,$0.16
4,4,Quicksilver Gargantuan,Scars of Mirrodin,39,Near Mint,English,,,,,,,,100,MythicRare,$0.93
1,0,Quicksilver Wall,Prophecy,41,Near Mint,English,,,,,,,,,Uncommon,$0.20
40,8,Quirion Dryad,Magic 2013,184,Near Mint,English,,,,,,,,25,Rare,$0.29
4,0,Quirion Elves,Invasion,203,Near Mint,English,,,,,,,,,Common,$0.18
10,0,Quirion Explorer,Planeshift,90,Near Mint,English,,,,,,,,,Common,$0.14
1,0,Quirion Ranger,Visions,67,Near Mint,English,,,,,,,,,Common,$1.75
4,0,Quirion Sentinel,Invasion,204,Near Mint,English,,,,,,,,,Common,$0.14
3,0,Quirion Trailblazer,Invasion,205,Near Mint,English,,,,,,,,,Common,$0.15
1,0,Rabid Rats,Stronghold,17,Near Mint,English,,,,,,,,,Common,$0.14
3,0,Rabid Wolverines,Exodus,119,Near Mint,English,,,,,,,,,Common,$0.14
6,0,Rackling,Nemesis,136,Near Mint,English,,,,,,,,,Uncommon,$0.23
74,8,Radiant Flames,Battle for Zendikar,151,Near Mint,English,,,,,,,,50,Rare,$0.59
1,0,Radiant Kavu,Planeshift,120,Near Mint,English,,,,,,,,,Rare,$0.29
18,8,Radiant Purge,Dragons of Tarkir,31,Near Mint,English,,,,,,,,50,Rare,$0.55
2,0,Radiant's Judgment,Urza's Legacy,22,Near Mint,English,,,,,,,,,Common,$0.16
1,0,Radjan Spirit,Legends,113,Good (Lightly Played),English,,,,,,,,,Uncommon,$0.42
1,0,Radjan Spirit,Fourth Edition,150,Near Mint,English,,,,,,,,,Uncommon,$0.18
2,0,Rag Man,The Dark,13,Near Mint,English,,,,,,,,,Rare,$0.43
1,0,Rage Weaver,Invasion,159,Near Mint,English,,,,,,,,,Uncommon,$0.18
25,8,Rageblood Shaman,Theros,138,Near Mint,English,,,,,,,,25,Rare,$0.33
1,0,Raging Goblin,Exodus,96,Near Mint,English,,,,,,,,,Common,$0.16
1,0,Raging Kavu,Invasion,262,Near Mint,English,,,,,,,,,Rare,$0.33
4,4,Raging Ravine,Worldwake,141,Near Mint,English,,,,,,,,1600,Rare,$16.25
1,0,Raging Spirit,Mirage,188,Near Mint,English,,,,,,,,,Common,$0.14
7,0,Raiding Party,Fallen Empires,132,Near Mint,English,,,,,,,,,Uncommon,$0.18
1,0,Rain of Filth,Urza's Saga,151,Near Mint,English,,,,,,,,,Uncommon,$0.42
3,0,Rainbow Crow,Invasion,69,Near Mint,English,,,,,,,,,Uncommon,$0.18
1,0,Rainbow Vale,Fallen Empires,184,Near Mint,English,,,,,,,,,Rare,$0.88
1,0,Raise Dead,Revised Edition,32,Good (Lightly Played),English,,,,,,,,,Common,$0.15
5,0,Raise Dead,Revised Edition,32,Near Mint,English,,,,,,,,,Common,$0.15
1,0,Raise Dead,Fourth Edition,40,Near Mint,English,,,,,,,,,Common,$0.14
4,0,Raka Disciple,Apocalypse,66,Near Mint,English,,,,,,,,,Common,$0.14
7,0,Raka Sanctuary,Apocalypse,67,Near Mint,English,,,,,,,,,Uncommon,$0.17
14,8,Rakdos's Return,Return to Ravnica,188,Near Mint,English,,,,,,,,100,MythicRare,$1.39
11,8,"Rakdos, Lord of Riots",Return to Ravnica,187,Near Mint,English,,,,,,,,225,MythicRare,$2.49
67,8,Rakshasa Deathdealer,Khans of Tarkir,192,Near Mint,English,,,,,,,,50,Rare,$0.39
23,8,Rakshasa Vizier,Khans of Tarkir,193,Near Mint,English,,,,,,,,25,Rare,$0.28
2,0,Rally,Ice Age,272,Near Mint,English,,,,,,,,,Common,$0.14
22,8,Rally the Ancestors,Fate Reforged,22,Near Mint,English,,,,,,,,75,Rare,$0.76
1,0,Ramirez DePietro,Legends,291,Good (Lightly Played),English,,,,,,,,,Uncommon,$1.01
1,0,Ramosian Captain,Mercadian Masques,35,Near Mint,English,,,,,,,,,Uncommon,$0.19
1,0,Ramosian Commander,Mercadian Masques,36,Near Mint,English,,,,,,,,,Uncommon,$0.21
4,0,Ramosian Lieutenant,Mercadian Masques,37,Near Mint,English,,,,,,,,,Common,$0.18
4,0,Ramosian Rally,Mercadian Masques,38,Near Mint,English,,,,,,,,,Common,$0.16
4,0,Ramosian Sergeant,Mercadian Masques,39,Near Mint,English,,,,,,,,,Common,$0.16
1,0,Ramosian Sky Marshal,Mercadian Masques,40,Near Mint,English,,,,,,,,,Rare,$0.32
5,0,Rampant Elephant,Invasion,28,Near Mint,English,,,,,,,,,Common,$0.14
4,0,Rampart Crawler,Mercadian Masques,156,Near Mint,English,,,,,,,,,Common,$0.14
3,0,Rancor,Urza's Legacy,110,Near Mint,English,,,,,,,,,Common,$2.97
1,0,Rappelling Scouts,Mercadian Masques,41,Near Mint,English,,,,,,,,,Rare,$0.31
1,0,Rashka the Slayer,Homelands,115,Near Mint,English,,,,,,,,,Uncommon,$0.20
1,1,Ratchet Bomb,Scars of Mirrodin,196,Near Mint,English,,,,,,,,125,Rare,$1.08
8,8,Ratchet Bomb,Magic 2014 Core Set,215,Near Mint,English,,,,,,,,100,Rare,$1.02
3,0,Rath's Edge,Nemesis,142,Near Mint,English,,,,,,,,,Rare,$0.33
3,0,Rathi Assassin,Nemesis,67,Near Mint,English,,,,,,,,,Rare,$0.37
4,0,Rathi Fiend,Nemesis,68,Near Mint,English,,,,,,,,,Uncommon,$0.21
7,0,Rathi Intimidator,Nemesis,69,Near Mint,English,,,,,,,,,Common,$0.14
2,2,Rattlechains,Shadows over Innistrad,81,Near Mint,English,,,,,,,,425,Rare,$4.40
37,8,Rattleclaw Mystic,Khans of Tarkir,144,Near Mint,English,,,,,,,,75,Rare,$0.82
35,8,Ravenous Demon,Dark Ascension,71,Near Mint,English,,,,,,,,25,Rare,$0.32
2,0,Ravenous Rats,Invasion,120,Near Mint,English,,,,,,,,,Common,$0.17
2,0,Ravenous Skirge,Urza's Saga,152,Near Mint,English,,,,,,,,,Common,$0.15
1,0,Ray of Command,Ice Age,92,Near Mint,English,,,,,,,,,Common,$0.16
2,0,Raze,Urza's Saga,207,Near Mint,English,,,,,,,,,Common,$0.21
2,0,Razing Snidd,Planeshift,121,Near Mint,English,,,,,,,,,Uncommon,$0.17
1,0,Razor Pendulum,Mirage,282,Near Mint,English,,,,,,,,,Rare,$0.31
4,0,Razorfin Hunter,Apocalypse,119,Near Mint,English,,,,,,,,,Common,$0.19
4,0,Razorfoot Griffin,Invasion,29,Near Mint,English,,,,,,,,,Common,$0.14
5,5,Razorverge Thicket,Scars of Mirrodin,228,Near Mint,English,,,,,,,,850,Rare,$8.71
39,8,Ready // Willing,Dragon's Maze,132,Near Mint,English,,,,,,,,0,Rare,$0.26
38,8,Reality Smasher,Oath of the Gatewatch,7,Near Mint,English,,,,,,,,400,Rare,$4.19
1,0,Reality Twist,Ice Age,94,Near Mint,English,,,,,,,,,Rare,$0.33
31,8,Realmwright,Gatecrash,45,Near Mint,English,,,,,,,,25,Rare,$0.24
1,0,Reanimate,Tempest,45,Near Mint,English,,,,,,,,,Uncommon,$9.15
26,8,Reap Intellect,Dragon's Maze,95,Near Mint,English,,,,,,,,75,MythicRare,$0.71
2,2,Reaper from the Abyss,Innistrad,112,Near Mint,English,,,,,,,,125,MythicRare,$1.48
34,8,Reaper of the Wilds,Theros,201,Near Mint,English,,,,,,,,25,Rare,$0.35
3,0,Reaping the Rewards,Exodus,16,Near Mint,English,,,,,,,,,Common,$0.14
1,0,Rebuild,Urza's Legacy,40,Near Mint,English,,,,,,,,,Uncommon,$0.26
1,0,Recall,Legends,70,Good (Lightly Played),English,,,,,,,,,Rare,$32.17
1,0,Reckless Assault,Invasion,263,Near Mint,English,,,,,,,,,Rare,$0.28
6,0,Reckless Ogre,Exodus,98,Near Mint,English,,,,,,,,,Common,$0.15
4,0,Reckless Spite,Invasion,121,Near Mint,English,,,,,,,,,Uncommon,$0.20
2,0,Reclaim,Exodus,120,Near Mint,English,,,,,,,,,Common,$0.15
4,0,Recoil,Invasion,264,Near Mint,English,,,,,,,,,Common,$0.17
4,0,Reconstruction,Revised Edition,77,Near Mint,English,,,,,,,,,Common,$0.15
4,0,Recover,Invasion,122,Near Mint,English,,,,,,,,,Common,$0.14
7,0,Red Elemental Blast,Revised Edition,170,Near Mint,English,,,,,,,,,Common,$0.20
1,0,Red Elemental Blast,Revised Edition,170,Near Mint,English,,,,,,,,,Common,$0.20
1,0,Red Mana Battery,Legends,236,Near Mint,English,,,,,,,,,Uncommon,$0.73
10,8,Red Sun's Zenith,Mirrodin Besieged,74,Near Mint,English,,,,,,,,50,Rare,$0.57
2,0,Red Ward,Revised Edition,217,Near Mint,English,,,,,,,,,Uncommon,$0.17
6,6,Redirect,Magic 2012,74,Near Mint,English,,,,,,,,50,Rare,$0.37
4,4,Redirect,Magic 2013,64,Near Mint,English,,,,,,,,50,Rare,$0.49
1,0,Redwood Treefolk,Weatherlight,80,Near Mint,English,,,,,,,,,Common,$0.14
1,0,Redwood Treefolk,Classic Sixth Edition,247,Near Mint,English,,,,,,,,,Common,$0.14
4,0,Reef Shaman,Apocalypse,29,Near Mint,English,,,,,,,,,Common,$0.16
4,0,Reflecting Mirror,The Dark,103,Near Mint,English,,,,,,,,,Uncommon,$0.22
3,0,Reflexes,Urza's Saga,208,Near Mint,English,,,,,,,,,Common,$0.15
17,8,Reforge the Soul,Avacyn Restored,151,Near Mint,English,,,,,,,,250,Rare,$2.62
4,0,Refreshing Rain,Nemesis,110,Near Mint,English,,,,,,,,,Uncommon,$0.23
2,2,Regal Force,Eventide,74,Near Mint,English,,,,,,,,1175,Rare,$11.32
1,0,Regeneration,Unlimited Edition,122,Good (Lightly Played),English,,,,,,,,,Common,$0.28
6,0,Regeneration,Revised Edition,120,Near Mint,English,,,,,,,,,Common,$0.14
1,0,Regeneration,Classic Sixth Edition,248,Near Mint,English,,,,,,,,,Common,$0.14
4,0,Regrowth,Revised Edition,121,Near Mint,English,,,,,,,,,Uncommon,$1.24
2,2,Reiterate,Time Spiral,175,Near Mint,English,,,,,,,,925,Rare,$9.51
4,0,Rejuvenation Chamber,Nemesis,137,Near Mint,English,,,,,,,,,Uncommon,$0.20
1,0,Relearn,Weatherlight,51,Near Mint,English,,,,,,,,,Uncommon,$0.23
1,0,Relentless Assault,Visions,91,Near Mint,English,,,,,,,,,Rare,$0.46
5,5,Relentless Dead,Shadows over Innistrad,131,Near Mint,English,,,,,,,,1300,MythicRare,$13.42
1,0,Relic Barrier,Legends,237,Near Mint,English,,,,,,,,,Uncommon,$3.13
3,0,Relic Bind,Legends,71,Near Mint,English,,,,,,,,,Uncommon,$0.39
25,8,Relic Seeker,Magic Origins,29,Near Mint,English,,,,,,,,50,Rare,$0.60
2,0,Remedy,Visions,117,Near Mint,English,,,,,,,,,Common,$0.15
1,0,Remedy,Classic Sixth Edition,36,Near Mint,English,,,,,,,,,Common,$0.14
29,8,Remorseless Punishment,Oath of the Gatewatch,89,Near Mint,English,,,,,,,,25,Rare,$0.32
5,0,Remote Farm,Mercadian Masques,323,Near Mint,English,,,,,,,,,Common,$0.17
2,0,Remote Isle,Urza's Saga,324,Near Mint,English,,,,,,,,,Common,$0.20
1,0,Remove Enchantments,Legends,202,Near Mint,English,,,,,,,,,Common,$0.23
2,0,Remove Soul,Legends,72,Near Mint,English,,,,,,,,,Common,$0.20
3,0,Remove Soul,Legends,72,Good (Lightly Played),English,,,,,,,,,Common,$0.20
19,8,Render Silent,Dragon's Maze,96,Near Mint,English,,,,,,,,75,Rare,$0.86
48,8,Renegade Krasis,Dragon's Maze,47,Near Mint,English,,,,,,,,50,Rare,$0.47
1,0,Renegade Warlord,Tempest,197,Near Mint,English,,,,,,,,,Uncommon,$0.17
1,0,Renounce,Mercadian Masques,42,Near Mint,English,,,,,,,,,Uncommon,$0.23
42,8,Renounce the Guilds,Dragon's Maze,5,Near Mint,English,,,,,,,,25,Rare,$0.32
1,0,Repopulate,Urza's Legacy,111,Near Mint,English,,,,,,,,,Common,$0.15
3,0,Repulse,Invasion,70,Near Mint,English,,,,,,,,,Common,$0.17
31,8,Requiem Angel,Dark Ascension,18,Near Mint,English,,,,,,,,25,Rare,$0.34
3,0,Rescind,Urza's Saga,92,Near Mint,English,,,,,,,,,Common,$0.15
3,0,Resistance Fighter,Visions,118,Near Mint,English,,,,,,,,,Common,$0.15
7,7,Resolute Archangel,Magic 2015 Core Set,28,Near Mint,English,,,,,,,,50,Rare,$0.49
1,0,Respite,Tempest,143,Near Mint,English,,,,,,,,,Common,$0.18
24,8,Rest in Peace,Return to Ravnica,18,Near Mint,English,,,,,,,,450,Rare,$4.52
1,0,Restless Dead,Mirage,36,Near Mint,English,,,,,,,,,Common,$0.14
15,8,Restoration Angel,Avacyn Restored,32,Near Mint,English,,,,,,,,1175,Rare,$11.82
4,0,Restrain,Invasion,30,Near Mint,English,,,,,,,,,Common,$0.15
7,0,Resurrection,Revised Edition,218,Near Mint,English,,,,,,,,,Uncommon,$0.23
1,0,Retaliation,Urza's Saga,272,Near Mint,English,,,,,,,,,Uncommon,$0.18
7,0,Rethink,Prophecy,42,Near Mint,English,,,,,,,,,Common,$0.16
32,8,Retribution of the Ancients,Khans of Tarkir,85,Near Mint,English,,,,,,,,25,Rare,$0.27
1,0,Retromancer,Urza's Saga,209,Near Mint,English,,,,,,,,,Common,$0.15
13,8,Return to the Ranks,Magic 2015 Core Set,29,Near Mint,English,,,,,,,,125,Rare,$1.13
2,0,Reveille Squad,Prophecy,18,Near Mint,English,,,,,,,,,Uncommon,$0.24
12,8,Revel of the Fallen God,Journey into Nyx,155,Near Mint,English,,,,,,,,25,Rare,$0.24
1,0,Revelation,Legends,116,Near Mint,English,,,,,,,,,Rare,$2.44
26,8,Revenge of the Hunted,Avacyn Restored,191,Near Mint,English,,,,,,,,50,Rare,$0.39
10,8,Reverberate,Magic 2012,152,Near Mint,English,,,,,,,,50,Rare,$0.63
3,3,Reverberate,Magic 2013,145,Near Mint,English,,,,,,,,75,Rare,$0.66
4,0,Revered Elder,Mercadian Masques,43,Near Mint,English,,,,,,,,,Common,$0.14
35,8,Reverent Hunter,Theros,173,Near Mint,English,,,,,,,,25,Rare,$0.27
1,0,Reverent Mantra,Mercadian Masques,44,Near Mint,English,,,,,,,,,Rare,$0.41
8,0,Reverent Silence,Nemesis,111,Near Mint,English,,,,,,,,,Common,$0.21
1,0,Reverse Damage,Revised Edition,219,Near Mint,English,,,,,,,,,Rare,$0.35
1,0,Reverse Polarity,Antiquities,100,Near Mint,English,,,,,,,,,Common,$0.19
1,0,Reverse Polarity,Revised Edition,220,Near Mint,English,,,,,,,,,Uncommon,$0.16
1,0,Revive,Mercadian Masques,262,Near Mint,English,,,,,,,,,Uncommon,$0.20
4,0,Reviving Dose,Invasion,31,Near Mint,English,,,,,,,,,Common,$0.14
2,0,Reviving Vapors,Invasion,265,Near Mint,English,,,,,,,,,Uncommon,$0.18
2,0,Rewards of Diversity,Invasion,32,Near Mint,English,,,,,,,,,Uncommon,$0.20
2,0,Rewind,Urza's Saga,93,Near Mint,English,,,,,,,,,Common,$0.29
3,0,Rhox,Nemesis,112,Near Mint,English,,,,,,,,,Rare,$0.37
2,2,Rhox Faithmender,Magic 2013,29,Near Mint,English,,,,,,,,450,Rare,$4.44
2,0,Rhystic Cave,Prophecy,142,Near Mint,English,,,,,,,,,Uncommon,$0.24
4,0,Rhystic Circle,Prophecy,19,Near Mint,English,,,,,,,,,Common,$0.14
2,0,Rhystic Deluge,Prophecy,43,Near Mint,English,,,,,,,,,Common,$0.15
4,0,Rhystic Lightning,Prophecy,99,Near Mint,English,,,,,,,,,Common,$0.14
2,0,Rhystic Scrying,Prophecy,44,Near Mint,English,,,,,,,,,Uncommon,$0.22
3,0,Rhystic Shield,Prophecy,20,Near Mint,English,,,,,,,,,Common,$0.14
4,0,Rhystic Study,Prophecy,45,Near Mint,English,,,,,,,,,Common,$4.35
1,0,Rhystic Syphon,Prophecy,76,Near Mint,English,,,,,,,,,Uncommon,$0.20
2,0,Rib Cage Spider,Prophecy,121,Near Mint,English,,,,,,,,,Common,$0.14
6,0,Ribbon Snake,Prophecy,46,Near Mint,English,,,,,,,,,Common,$0.14
31,8,Riders of Gavony,Avacyn Restored,33,Near Mint,English,,,,,,,,50,Rare,$0.37
5,0,Ridgeline Rager,Prophecy,100,Near Mint,English,,,,,,,,,Common,$0.14
2,0,Righteous Aura,Visions,120,Near Mint,English,,,,,,,,,Common,$0.16
1,0,Righteous Aura,Mercadian Masques,45,Near Mint,English,,,,,,,,,Uncommon,$0.22
56,8,Righteous Authority,Return to Ravnica,189,Near Mint,English,,,,,,,,25,Rare,$0.25
2,0,Righteous Indignation,Mercadian Masques,46,Near Mint,English,,,,,,,,,Uncommon,$0.17
1,0,Ring of Immortals,Legends,238,Near Mint,English,,,,,,,,,Rare,$5.92
1,0,Ring of Immortals,Legends,238,Good (Lightly Played),English,,,,,,,,,Rare,$5.92
2,0,Ring of Renewal,Fallen Empires,174,Near Mint,English,,,,,,,,,Rare,$0.32
1,1,Ring of Three Wishes,Magic 2014 Core Set,216,Near Mint,English,,,,,,,,350,MythicRare,$3.45
5,0,Riptide,The Dark,34,Near Mint,English,,,,,,,,,Common,$0.14
1,0,Riptide Crab,Invasion,266,Near Mint,English,,,,,,,,,Uncommon,$0.18
1,1,Rise of the Dark Realms,Magic 2014 Core Set,111,Near Mint,English,,,,,,,,700,MythicRare,$6.55
3,0,Rishadan Airship,Mercadian Masques,91,Near Mint,English,,,,,,,,,Common,$0.16
4,0,Rishadan Cutpurse,Mercadian Masques,93,Near Mint,English,,,,,,,,,Common,$0.16
2,0,Rishadan Footpad,Mercadian Masques,94,Near Mint,English,,,,,,,,,Uncommon,$0.31
1,0,Rishadan Pawnshop,Mercadian Masques,311,Near Mint,English,,,,,,,,,Rare,$0.30
1,0,Rishadan Port,Mercadian Masques,324,Near Mint,English,,,,,,,,,Rare,$119.63
2,0,Rising Waters,Nemesis,38,Near Mint,English,,,,,,,,,Rare,$0.75
41,8,Rite of Ruin,Avacyn Restored,153,Near Mint,English,,,,,,,,25,Rare,$0.29
7,7,Rites of Flourishing,Magic 2012,192,Near Mint,English,,,,,,,,125,Rare,$1.26
2,0,Rith's Attendant,Invasion,310,Near Mint,English,,,,,,,,,Uncommon,$0.18
1,0,Rith's Charm,Planeshift,122,Near Mint,English,,,,,,,,,Uncommon,$0.21
4,0,Rith's Grove,Planeshift,141,Near Mint,English,,,,,,,,,Uncommon,$0.44
1,0,Riven Turnbull,Legends,294,Good (Lightly Played),English,,,,,,,,,Uncommon,$0.73
4,0,River Boa,Visions,68,Near Mint,English,,,,,,,,,Common,$0.19
1,0,River Boa,Classic Sixth Edition,249,Near Mint,English,,,,,,,,,Uncommon,$0.29
2,0,River Delta,Ice Age,346,Near Mint,English,,,,,,,,,Rare,$0.33
4,0,River Merfolk,Fallen Empires,51,Near Mint,English,,,,,,,,,Rare,$0.33
1,0,Robber Fly,Mercadian Masques,209,Near Mint,English,,,,,,,,,Uncommon,$0.18
4,0,Robe of Mirrors,Exodus,43,Near Mint,English,,,,,,,,,Common,$0.16
3,0,Roc of Kher Ridges,Revised Edition,171,Near Mint,English,,,,,,,,,Rare,$0.32
1,0,Rock Badger,Mercadian Masques,210,Near Mint,English,,,,,,,,,Uncommon,$0.17
2,0,Rock Hydra,Revised Edition,172,Near Mint,English,,,,,,,,,Rare,$0.39
2,0,Rock Slide,Visions,92,Near Mint,English,,,,,,,,,Common,$0.15
2,0,Rod of Ruin,Revised Edition,273,Near Mint,English,,,,,,,,,Uncommon,$0.16
2,0,Rod of Ruin,Revised Edition,273,Good (Lightly Played),English,,,,,,,,,Uncommon,$0.16
1,0,Rod of Ruin,Classic Sixth Edition,308,Near Mint,English,,,,,,,,,Uncommon,$0.20
1,1,"Rofellos, Llanowar Emissary",Urza's Destiny,118,Good (Lightly Played),English,,,,,,,,1388,Rare,$15.60
6,0,Rogue Kavu,Invasion,160,Near Mint,English,,,,,,,,,Common,$0.15
1,0,Rohgahh of Kher Keep,Legends,295,Near Mint,English,,,,,,,,,Rare,$10.15
14,8,Rooftop Storm,Innistrad,71,Near Mint,English,,,,,,,,100,Rare,$0.89
2,0,Root Cage,Prophecy,122,Near Mint,English,,,,,,,,,Uncommon,$0.20
9,0,Root Greevil,Planeshift,91,Near Mint,English,,,,,,,,,Common,$0.14
4,4,Rootbound Crag,Magic 2012,228,Near Mint,English,,,,,,,,175,Rare,$1.83
15,8,Rootbound Crag,Magic 2013,228,Near Mint,English,,,,,,,,200,Rare,$1.86
4,0,Rootwater Alligator,Exodus,122,Near Mint,English,,,,,,,,,Common,$0.15
9,0,Rootwater Commando,Nemesis,39,Near Mint,English,,,,,,,,,Common,$0.14
1,0,Rootwater Hunter,Tempest,82,Near Mint,English,,,,,,,,,Common,$0.16
2,0,Rootwater Mystic,Exodus,44,Near Mint,English,,,,,,,,,Common,$0.15
1,0,Rootwater Thief,Nemesis,40,Near Mint,English,,,,,,,,,Rare,$1.28
4,0,Rouse,Mercadian Masques,157,Near Mint,English,,,,,,,,,Common,$0.16
17,8,Rubblebelt Raiders,Gatecrash,224,Near Mint,English,,,,,,,,25,Rare,$0.28
48,8,Rubblehulk,Gatecrash,191,Near Mint,English,,,,,,,,25,Rare,$0.26
1,0,Rubinia Soulsinger,Chronicles,118,Near Mint,English,,,,,,,,,Rare,$0.35
1,0,Rubinia Soulsinger,Legends,296,Near Mint,English,,,,,,,,,Rare,$6.82
3,0,Ruham Djinn,Invasion,35,Near Mint,English,,,,,,,,,Uncommon,$0.20
1,0,Ruination,Stronghold,95,Near Mint,English,,,,,,,,,Rare,$0.98
53,8,Ruinous Path,Battle for Zendikar,123,Near Mint,English,,,,,,,,150,Rare,$1.73
32,8,Ruins of Oran-Rief,Oath of the Gatewatch,176,Near Mint,English,,,,,,,,50,Rare,$0.47
6,0,Ruins of Trokair,Fallen Empires,185,Near Mint,English,,,,,,,,,Uncommon,$0.20
1,0,Rukh Egg,Arabian Nights,52,Near Mint,English,,,,,,,,,Common,$2.24
2,0,Rukh Egg,Arabian Nights,52,Good (Lightly Played),English,,,,,,,,,Common,$2.24
1,0,Rukh Egg,Arabian Nights,52,Heavily Played,English,,,,,,,,,Common,$2.24
1,0,Rune of Protection: Artifacts,Urza's Saga,35,Near Mint,English,,,,,,,,,Uncommon,$0.26
1,0,Rune of Protection: Black,Urza's Saga,36,Near Mint,English,,,,,,,,,Common,$0.15
1,0,Rune of Protection: Green,Urza's Saga,38,Near Mint,English,,,,,,,,,Common,$0.15
2,0,Rune of Protection: Red,Urza's Saga,40,Near Mint,English,,,,,,,,,Common,$0.23
1,0,Rune of Protection: White,Urza's Saga,41,Near Mint,English,,,,,,,,,Common,$0.15
39,8,Runechanter's Pike,Innistrad,231,Near Mint,English,,,,,,,,50,Rare,$0.40
1,0,Runed Arch,Ice Age,309,Near Mint,English,,,,,,,,,Rare,$0.28
4,0,Runesword,The Dark,104,Near Mint,English,,,,,,,,,Uncommon,$0.21
5,0,Rupture,Nemesis,97,Near Mint,English,,,,,,,,,Uncommon,$0.21
30,8,"Ruric Thar, the Unbowed",Dragon's Maze,99,Near Mint,English,,,,,,,,50,Rare,$0.41
7,0,Rushing River,Planeshift,30,Near Mint,English,,,,,,,,,Common,$0.16
4,0,Rushwood Dryad,Mercadian Masques,263,Near Mint,English,,,,,,,,,Common,$0.14
1,0,Rushwood Elemental,Mercadian Masques,264,Near Mint,English,,,,,,,,,Rare,$0.92
1,0,Rushwood Grove,Mercadian Masques,325,Near Mint,English,,,,,,,,,Uncommon,$0.27
4,0,Rushwood Herbalist,Mercadian Masques,265,Near Mint,English,,,,,,,,,Common,$0.14
2,0,Rushwood Legate,Mercadian Masques,266,Near Mint,English,,,,,,,,,Uncommon,$0.22
4,0,Rust,Legends,117,Near Mint,English,,,,,,,,,Common,$0.18
7,0,Rusting Golem,Nemesis,138,Near Mint,English,,,,,,,,,Uncommon,$0.21
1,0,Saber Ants,Mercadian Masques,267,Near Mint,English,,,,,,,,,Uncommon,$0.25
1,0,Sabertooth Wyvern,Exodus,99,Near Mint,English,,,,,,,,,Uncommon,$0.18
1,0,Sabretooth Tiger,Classic Sixth Edition,203,Near Mint,English,,,,,,,,,Common,$0.14
4,0,Sacred Prey,Mercadian Masques,268,Near Mint,English,,,,,,,,,Common,$0.14
1,0,Sacrifice,Unlimited Edition,33,Near Mint,English,,,,,,,,,Uncommon,$0.56
3,0,Sacrifice,Revised Edition,34,Near Mint,English,,,,,,,,,Uncommon,$0.20
3,0,Safe Haven,The Dark,115,Near Mint,English,,,,,,,,,Rare,$0.86
11,8,Sage of Ancient Lore,Shadows over Innistrad,225,Near Mint,English,,,,,,,,25,Rare,$0.36
8,8,Sage of Hours,Journey into Nyx,50,Near Mint,English,,,,,,,,275,MythicRare,$2.76
1,0,Sage of Lat-Nam,Antiquities,57,Near Mint,English,,,,,,,,,Common,$0.22
28,8,Sage of the Inward Eye,Khans of Tarkir,195,Near Mint,English,,,,,,,,25,Rare,$0.25
2,0,Sage Owl,Weatherlight,52,Near Mint,English,,,,,,,,,Common,$0.14
22,8,Sage-Eye Avengers,Fate Reforged,50,Near Mint,English,,,,,,,,25,Rare,$0.28
45,8,Sagu Mauler,Khans of Tarkir,196,Near Mint,English,,,,,,,,25,Rare,$0.34
1,0,Sailmonger,Mercadian Masques,95,Near Mint,English,,,,,,,,,Uncommon,$0.18
2,0,Salt Flats,Tempest,330,Near Mint,English,,,,,,,,,Rare,$0.76
2,0,Salt Marsh,Invasion,326,Near Mint,English,,,,,,,,,Uncommon,$0.35
1,0,Samite Archer,Invasion,269,Near Mint,English,,,,,,,,,Uncommon,$0.20
1,0,Samite Blessing,Stronghold,113,Near Mint,English,,,,,,,,,Common,$0.14
12,0,Samite Healer,Revised Edition,222,Near Mint,English,,,,,,,,,Common,$0.14
1,0,Samite Healer,Classic Sixth Edition,40,Near Mint,English,,,,,,,,,Common,$0.14
2,0,Samite Ministration,Invasion,36,Near Mint,English,,,,,,,,,Uncommon,$0.18
7,0,Samite Pilgrim,Planeshift,15,Near Mint,English,,,,,,,,,Common,$0.14
2,0,Samite Sanctuary,Prophecy,21,Near Mint,English,,,,,,,,,Rare,$0.31
1,0,Sanctum Custodian,Urza's Saga,42,Near Mint,English,,,,,,,,,Common,$0.15
11,8,Sanctum of Ugin,Battle for Zendikar,242,Near Mint,English,,,,,,,,100,Rare,$1.21
2,0,Sand Silos,Fallen Empires,186,Near Mint,English,,,,,,,,,Rare,$0.60
3,0,Sandbar Crocodile,Mirage,88,Near Mint,English,,,,,,,,,Common,$0.14
1,0,Sandbar Merfolk,Urza's Saga,94,Near Mint,English,,,,,,,,,Common,$0.16
20,8,Sands of Delirium,Magic 2013,216,Near Mint,English,,,,,,,,75,Rare,$0.77
26,8,Sandsteppe Mastodon,Fate Reforged,137,Near Mint,English,,,,,,,,25,Rare,$0.25
6,0,Sandstone Needle,Mercadian Masques,326,Near Mint,English,,,,,,,,,Common,$0.21
2,0,Sandstorm,Fourth Edition,153,Near Mint,English,,,,,,,,,Common,$0.14
3,3,Sangromancer,Mirrodin Besieged,53,Near Mint,English,,,,,,,,200,Rare,$1.93
11,8,Sanguine Bond,Magic 2014 Core Set,112,Near Mint,English,,,,,,,,0,Rare,$2.61
1,0,Sapphire Leech,Invasion,71,Near Mint,English,,,,,,,,,Rare,$0.29
1,0,Saprazzan Bailiff,Mercadian Masques,97,Near Mint,English,,,,,,,,,Rare,$0.28
2,0,Saprazzan Breaker,Mercadian Masques,98,Near Mint,English,,,,,,,,,Uncommon,$0.17
1,0,Saprazzan Cove,Mercadian Masques,327,Near Mint,English,,,,,,,,,Uncommon,$0.36
1,0,Saprazzan Legate,Mercadian Masques,100,Near Mint,English,,,,,,,,,Uncommon,$0.18
4,0,Saprazzan Outrigger,Mercadian Masques,101,Near Mint,English,,,,,,,,,Common,$0.14
4,0,Saprazzan Raider,Mercadian Masques,102,Near Mint,English,,,,,,,,,Common,$0.14
5,0,Saprazzan Skerry,Mercadian Masques,328,Near Mint,English,,,,,,,,,Common,$0.19
2,0,Saproling Burst,Nemesis,113,Near Mint,English,,,,,,,,,Rare,$0.79
1,0,Saproling Infestation,Invasion,208,Near Mint,English,,,,,,,,,Rare,$0.30
1,0,Saproling Symbiosis,Invasion,209,Near Mint,English,,,,,,,,,Rare,$3.06
5,5,Sarkhan Unbroken,Dragons of Tarkir,230,Near Mint,English,,,,,,,,500,MythicRare,$5.20
25,8,"Sarkhan, the Dragonspeaker",Khans of Tarkir,119,Near Mint,English,,,,,,,,250,MythicRare,$2.66
9,8,Satyr Firedancer,Born of the Gods,108,Near Mint,English,,,,,,,,75,Rare,$0.62
2,0,Savaen Elves,The Dark,47,Good (Lightly Played),English,,,,,,,,,Common,$0.14
4,0,Savaen Elves,The Dark,47,Near Mint,English,,,,,,,,,Common,$0.14
4,0,Savage Gorilla,Apocalypse,85,Near Mint,English,,,,,,,,,Common,$0.15
60,8,Savage Knuckleblade,Khans of Tarkir,197,Near Mint,English,,,,,,,,50,Rare,$0.38
4,0,Savage Offensive,Invasion,162,Near Mint,English,,,,,,,,,Common,$0.14
20,8,Savage Summoning,Magic 2014 Core Set,194,Near Mint,English,,,,,,,,25,Rare,$0.29
5,5,Savageborn Hydra,Dragon's Maze,100,Near Mint,English,,,,,,,,225,MythicRare,$2.34
1,0,Savannah,Revised Edition,297,Good (Lightly Played),English,,,,,,,,,Rare,$84.61
3,0,Savannah,Revised Edition,297,Near Mint,English,,,,,,,,,Rare,$84.61
1,0,Sawtooth Loon,Planeshift,123,Near Mint,English,,,,,,,,,Uncommon,$0.18
24,8,Scab-Clan Berserker,Magic Origins,160,Near Mint,English,,,,,,,,50,Rare,$0.58
1,0,Scald,Urza's Saga,211,Near Mint,English,,,,,,,,,Uncommon,$0.20
1,1,Scalding Tarn,Zendikar,223,Near Mint,English,,,,,,,,8525,Rare,$87.39
1,0,Scalebane's Elite,Visions,135,Near Mint,English,,,,,,,,,Uncommon,$0.17
1,0,Scaled Wurm,Classic Sixth Edition,251,Near Mint,English,,,,,,,,,Common,$0.14
2,0,Scandalmonger,Mercadian Masques,158,Near Mint,English,,,,,,,,,Uncommon,$0.18
2,2,Scapeshift,Morningtide,136,Near Mint,English,,,,,,,,4325,Rare,$40.46
1,0,Scare Tactics,Exodus,73,Near Mint,English,,,,,,,,,Common,$0.15
1,0,Scarecrow,The Dark,105,Near Mint,English,,,,,,,,,Uncommon,$0.30
4,0,Scarred Puma,Invasion,163,Near Mint,English,,,,,,,,,Common,$0.15
3,0,Scarwood Bandits,The Dark,48,Near Mint,English,,,,,,,,,Rare,$0.57
9,0,Scarwood Goblins,The Dark,119,Near Mint,English,,,,,,,,,Common,$0.14
3,0,Scarwood Hag,The Dark,49,Near Mint,English,,,,,,,,,Uncommon,$0.23
5,0,Scathe Zombies,Revised Edition,35,Near Mint,English,,,,,,,,,Common,$0.14
1,0,Scathe Zombies,Classic Sixth Edition,154,Near Mint,English,,,,,,,,,Common,$0.14
56,8,Scatter to the Winds,Battle for Zendikar,85,Near Mint,English,,,,,,,,50,Rare,$0.57
4,0,Scavenged Weaponry,Invasion,123,Near Mint,English,,,,,,,,,Common,$0.14
7,0,Scavenger Folk,The Dark,50,Near Mint,English,,,,,,,,,Common,$0.14
1,0,Scavenging Ghoul,Revised Edition,36,Near Mint,English,,,,,,,,,Uncommon,$0.15
2,2,Scavenging Ooze,Magic 2014 Core Set,195,Near Mint,English,,,,,,,,700,Rare,$7.19
2,0,School of Piranha,Exodus,45,Near Mint,English,,,,,,,,,Common,$0.14
62,8,Scion of Vitu-Ghazi,Dragon's Maze,7,Near Mint,English,,,,,,,,25,Rare,$0.29
1,1,Scorched Ruins,Weatherlight,166,Near Mint,English,,,,,,,,1100,Rare,$10.55
7,0,Scorching Lava,Invasion,164,Near Mint,English,,,,,,,,,Common,$0.15
1,0,Scoria Cat,Prophecy,101,Near Mint,English,,,,,,,,,Uncommon,$0.20
4,4,Scourge of Fleets,Journey into Nyx,51,Near Mint,English,,,,,,,,25,Rare,$0.32
15,8,Scourge of Skola Vale,Born of the Gods,137,Near Mint,English,,,,,,,,25,Rare,$0.33
14,8,Scourge Wolf,Shadows over Innistrad,179,Near Mint,English,,,,,,,,25,Rare,$0.39
1,0,Scouting Trek,Invasion,210,Near Mint,English,,,,,,,,,Uncommon,$0.32
12,8,Scrambleverse,Magic 2012,153,Near Mint,English,,,,,,,,25,Rare,$0.28
2,0,Scrap,Urza's Saga,213,Near Mint,English,,,,,,,,,Common,$0.16
17,8,Scroll of the Masters,Fate Reforged,163,Near Mint,English,,,,,,,,25,Rare,$0.30
2,1,Scrubland,Revised Edition,298,Played,English,,,,,,,,,Rare,$76.94
2,0,Scrubland,Revised Edition,298,Good (Lightly Played),English,,,,,,,,,Rare,$76.94
2,0,Scrubland,Revised Edition,298,Near Mint,English,,,,,,,,,Rare,$76.94
9,0,Scryb Sprites,Revised Edition,122,Near Mint,English,,,,,,,,,Common,$0.14
22,8,Scuttling Doom Engine,Magic 2015 Core Set,229,Near Mint,English,,,,,,,,50,Rare,$0.45
22,8,Sea Gate Wreckage,Oath of the Gatewatch,177,Near Mint,English,,,,,,,,100,Rare,$1.03
1,0,Sea Kings' Blessing,Legends,75,Good (Lightly Played),English,,,,,,,,,Uncommon,$0.43
5,0,Sea Serpent,Revised Edition,78,Near Mint,English,,,,,,,,,Common,$0.14
7,0,Sea Snidd,Planeshift,31,Near Mint,English,,,,,,,,,Common,$0.14
3,3,Seachrome Coast,Scars of Mirrodin,229,Near Mint,English,,,,,,,,550,Rare,$5.83
7,0,Seal of Cleansing,Nemesis,18,Near Mint,English,,,,,,,,,Common,$0.19
5,0,Seal of Doom,Nemesis,70,Near Mint,English,,,,,,,,,Common,$0.15
5,0,Seal of Fire,Nemesis,98,Near Mint,English,,,,,,,,,Common,$0.19
7,0,Seal of Removal,Nemesis,42,Near Mint,English,,,,,,,,,Common,$0.21
6,0,Seal of Strength,Nemesis,115,Near Mint,English,,,,,,,,,Common,$0.18
33,8,Séance,Dark Ascension,20,Near Mint,English,,,,,,,,50,Rare,$0.49
51,8,Search the City,Return to Ravnica,49,Near Mint,English,,,,,,,,25,Rare,$0.25
2,0,Searing Rays,Invasion,165,Near Mint,English,,,,,,,,,Uncommon,$0.18
2,0,Searing Spear Askari,Mirage,191,Near Mint,English,,,,,,,,,Common,$0.14
3,0,Seashell Cameo,Invasion,311,Near Mint,English,,,,,,,,,Uncommon,$0.18
7,0,Seasinger,Fallen Empires,52,Near Mint,English,,,,,,,,,Uncommon,$0.21
2,0,Season of the Witch,The Dark,14,Good (Lightly Played),English,,,,,,,,,Rare,$0.97
1,0,Seasoned Marshal,Urza's Saga,44,Near Mint,English,,,,,,,,,Uncommon,$0.18
4,4,Seasons Past,Shadows over Innistrad,226,Near Mint,English,,,,,,,,225,MythicRare,$2.77
1,0,Second Chance,Urza's Legacy,41,Near Mint,English,,,,,,,,,Rare,$0.42
10,8,Second Harvest,Shadows over Innistrad,227,Near Mint,English,,,,,,,,50,Rare,$0.54
3,3,Secure the Wastes,Dragons of Tarkir,36,Near Mint,English,,,,,,,,625,Rare,$6.16
1,0,Security Detail,Mercadian Masques,47,Near Mint,English,,,,,,,,,Rare,$0.29
2,0,Sedge Troll,Revised Edition,173,Near Mint,English,,,,,,,,,Rare,$0.36
8,8,See the Unwritten,Khans of Tarkir,149,Near Mint,English,,,,,,,,100,MythicRare,$0.94
1,1,Seedborn Muse,Legions,138,Near Mint,English,,,,,,,,2175,Rare,$20.78
1,1,Seedborn Muse,Legions,138,Played,English,,,,,,,,1849,Rare,$20.78
1,0,Seedling Charm,Mirage,138,Near Mint,English,,,,,,,,,Common,$0.14
2,0,Seer's Vision,Invasion,270,Near Mint,English,,,,,,,,,Uncommon,$0.18
1,0,Seething Anger,Stronghold,96,Near Mint,English,,,,,,,,,Common,$0.15
1,0,Seismic Assault,Exodus,101,Near Mint,English,,,,,,,,,Rare,$1.79
1,0,Seizures,Ice Age,47,Near Mint,English,,,,,,,,,Common,$0.14
6,6,Semblance Anvil,Scars of Mirrodin,201,Near Mint,English,,,,,,,,125,Rare,$1.15
1,1,Sen Triplets,Alara Reborn,109,Near Mint,Chinese,,,,,,,,2280,MythicRare,$23.88
1,1,Sensei's Divining Top,Champions of Kamigawa,268,Near Mint,English,,,,,,,,2350,Uncommon,$23.13
1,0,Sentinel,Legends,239,Good (Lightly Played),English,,,,,,,,,Rare,$2.64
1,0,Sentinel,Legends,239,Near Mint,English,,,,,,,,,Rare,$2.64
19,8,Sepulchral Primordial,Gatecrash,75,Near Mint,English,,,,,,,,50,Rare,$0.41
12,8,Seraph of the Sword,Magic 2014 Core Set,31,Near Mint,English,,,,,,,,75,Rare,$0.77
1,0,Serendib Efreet,Revised Edition,79,Near Mint,English,,,,,,,,,Rare,$0.81
2,0,Serene Heart,Mirage,140,Near Mint,English,,,,,,,,,Common,$0.15
1,0,Serpent Generator,Chronicles,88,Near Mint,English,,,,,,,,,Rare,$0.44
1,0,Serpent Warrior,Stronghold,19,Near Mint,English,,,,,,,,,Common,$0.15
4,0,Serpentine Kavu,Invasion,211,Near Mint,English,,,,,,,,,Common,$0.14
35,8,Serpentine Spike,Battle for Zendikar,133,Near Mint,English,,,,,,,,25,Rare,$0.26
2,0,Serra Angel,Revised Edition,224,Near Mint,English,,,,,,,,,Uncommon,$0.41
5,5,Serra Avatar,Magic 2013,32,Near Mint,English,,,,,,,,125,MythicRare,$1.16
7,7,Serra Avenger,Magic 2013,33,Near Mint,English,,,,,,,,200,Rare,$2.14
1,0,Serra Paladin,Homelands,121,Near Mint,English,,,,,,,,,Common,$0.16
3,0,Serra Zealot,Urza's Saga,46,Near Mint,English,,,,,,,,,Common,$0.14
1,0,Serra's Embrace,Urza's Saga,47,Near Mint,English,,,,,,,,,Uncommon,$0.22
1,0,Servant of Volrath,Tempest,50,Near Mint,English,,,,,,,,,Common,$0.14
11,8,Setessan Tactics,Journey into Nyx,140,Near Mint,English,,,,,,,,50,Rare,$0.42
4,0,Sever Soul,Mercadian Masques,159,Near Mint,English,,,,,,,,,Common,$0.14
28,8,Sever the Bloodline,Innistrad,115,Near Mint,English,,,,,,,,25,Rare,$0.32
1,0,Sewer Rats,Mirage,37,Near Mint,English,,,,,,,,,Common,$0.14
4,0,Sewers of Estark,Media Inserts,2,Near Mint,English,,,,,,,,,Special,$0.65
2,0,Shackles,Exodus,18,Near Mint,English,,,,,,,,,Common,$0.15
4,0,Shackles,Invasion,37,Near Mint,English,,,,,,,,,Common,$0.15
1,0,Shadow Guildmage,Mirage,38,Near Mint,English,,,,,,,,,Common,$0.14
7,7,Shadowborn Apostle,Magic 2014 Core Set,114,Near Mint,English,,,,,,,,175,Common,$1.65
5,5,Shadowborn Demon,Magic 2014 Core Set,115,Near Mint,English,,,,,,,,100,MythicRare,$0.99
10,8,Shaman of Forgotten Ways,Dragons of Tarkir,204,Near Mint,English,,,,,,,,250,MythicRare,$2.54
28,8,Shaman of the Great Hunt,Fate Reforged,113,Near Mint,English,,,,,,,,100,MythicRare,$0.97
19,8,Shamanic Revelation,Fate Reforged,138,Near Mint,English,,,,,,,,25,Rare,$0.31
1,0,Shambling Strider,Ice Age,151,Near Mint,English,,,,,,,,,Common,$0.14
48,8,Shambling Vent,Battle for Zendikar,244,Near Mint,English,,,,,,,,350,Rare,$3.53
4,4,Shape Anew,Scars of Mirrodin,43,Near Mint,English,,,,,,,,100,Rare,$0.85
1,0,Shapeshifter,Antiquities,29,Near Mint,English,,,,,,,,,Rare,$2.08
3,3,Shardless Agent,Planechase 2012,104,Near Mint,English,,,,,,,,1250,Uncommon,$12.37
10,0,Shatter,Revised Edition,174,Near Mint,English,,,,,,,,,Common,$0.13
1,0,Shatter,Tempest,203,Near Mint,English,,,,,,,,,Common,$0.14
1,0,Shatter,Classic Sixth Edition,204,Near Mint,English,,,,,,,,,Common,$0.14
1,0,Shattered Crypt,Weatherlight,22,Near Mint,English,,,,,,,,,Common,$0.14
1,0,Shattering Pulse,Exodus,102,Near Mint,English,,,,,,,,,Common,$0.23
4,0,Shatterstorm,Revised Edition,175,Near Mint,English,,,,,,,,,Uncommon,$1.48
1,0,Shelkin Brownie,Legends,118,Near Mint,English,,,,,,,,,Common,$0.19
1,0,Sheltered Valley,Alliances,187,Near Mint,English,,,,,,,,,Rare,$0.32
1,1,"Sheoldred, Whispering One",New Phyrexia,73,Good (Lightly Played),English,,,,,,,,1734,MythicRare,$19.17
1,0,Shield Bearer,Ice Age,276,Near Mint,English,,,,,,,,,Common,$0.14
3,0,Shield Dancer,Prophecy,23,Near Mint,English,,,,,,,,,Uncommon,$0.21
5,0,Shield Mate,Exodus,19,Near Mint,English,,,,,,,,,Common,$0.16
4,0,Shield of Duty and Reason,Apocalypse,16,Near Mint,English,,,,,,,,,Common,$0.14
6,6,Shield of the Avatar,Magic 2015 Core Set,230,Near Mint,English,,,,,,,,25,Rare,$0.23
4,0,Shifting Sky,Planeshift,32,Near Mint,English,,,,,,,,,Uncommon,$0.22
1,0,Shifting Wall,Stronghold,134,Near Mint,English,,,,,,,,,Uncommon,$0.41
25,8,Shimian Specter,Magic 2013,109,Near Mint,English,,,,,,,,25,Rare,$0.30
2,2,Shimmer Myr,Mirrodin Besieged,129,Near Mint,English,,,,,,,,125,Rare,$1.21
4,0,Shimmering Mirage,Apocalypse,30,Near Mint,English,,,,,,,,,Common,$0.15
4,0,Shimmering Wings,Invasion,72,Near Mint,English,,,,,,,,,Common,$0.15
60,8,Shipbreaker Kraken,Theros,63,Near Mint,English,,,,,,,,25,Rare,$0.23
1,0,Shivan Dragon,Revised Edition,176,Good (Lightly Played),English,,,,,,,,,Rare,$1.04
2,0,Shivan Dragon,Revised Edition,176,Played,English,,,,,,,,,Rare,$1.04
1,0,Shivan Dragon,Revised Edition,176,Near Mint,English,,,,,,,,,Rare,$1.04
1,0,Shivan Dragon,Fourth Edition,238,Near Mint,English,,,,,,,,,Rare,$0.76
3,3,Shivan Dragon,Magic 2014 Core Set,154,Near Mint,English,,,,,,,,25,Rare,$0.26
5,5,Shivan Dragon,Magic 2015 Core Set,281,Near Mint,English,,,,,,,,25,Rare,$0.31
6,6,Shivan Dragon,Magic Origins,285,Near Mint,English,,,,,,,,0,Rare,$0.49
4,0,Shivan Emissary,Invasion,166,Near Mint,English,,,,,,,,,Uncommon,$0.18
1,0,Shivan Harvest,Invasion,167,Near Mint,English,,,,,,,,,Uncommon,$0.32
1,0,Shivan Oasis,Invasion,327,Near Mint,English,,,,,,,,,Uncommon,$0.27
1,0,Shivan Raptor,Urza's Saga,216,Near Mint,English,,,,,,,,,Uncommon,$0.20
4,4,Shivan Reef,Magic 2015 Core Set,246,Near Mint,English,,,,,,,,300,Rare,$3.27
4,4,Shivan Reef,Magic Origins,251,Near Mint,English,,,,,,,,275,Rare,$2.97
1,0,Shivan Wurm,Planeshift,124,Near Mint,English,,,,,,,,,Rare,$1.04
4,0,Shivan Zombie,Invasion,271,Near Mint,English,,,,,,,,,Common,$0.14
4,0,Shock Troops,Mercadian Masques,212,Near Mint,English,,,,,,,,,Common,$0.14
10,8,Shorecrasher Elemental,Dragons of Tarkir,73,Near Mint,English,,,,,,,,100,MythicRare,$1.01
4,0,Shoreline Raider,Invasion,73,Near Mint,English,,,,,,,,,Common,$0.15
2,0,Shoving Match,Mercadian Masques,103,Near Mint,English,,,,,,,,,Uncommon,$0.17
1,0,Show and Tell,Urza's Saga,96,Near Mint,English,,,,,,,,,Rare,$59.53
2,0,Shower of Sparks,Urza's Saga,217,Near Mint,English,,,,,,,,,Common,$0.15
8,0,Shriek of Dread,Planeshift,53,Near Mint,English,,,,,,,,,Common,$0.14
2,0,Shrieking Drake,Visions,43,Near Mint,English,,,,,,,,,Common,$0.18
3,0,Shrieking Mogg,Nemesis,99,Near Mint,English,,,,,,,,,Rare,$0.37
23,8,Shrine of the Forsaken Gods,Battle for Zendikar,245,Near Mint,English,,,,,,,,100,Rare,$1.14
2,0,Shrink,Homelands,70,Near Mint,English,,,,,,,,,Common,$0.15
32,8,"Shu Yun, the Silent Tempest",Fate Reforged,52,Near Mint,English,,,,,,,,25,Rare,$0.33
2,0,Sick and Tired,Urza's Legacy,66,Near Mint,English,,,,,,,,,Common,$0.15
1,0,Sicken,Urza's Saga,156,Near Mint,English,,,,,,,,,Common,$0.15
33,8,"Sidisi, Brood Tyrant",Khans of Tarkir,199,Near Mint,English,,,,,,,,100,MythicRare,$0.90
15,8,"Sidisi, Undead Vizier",Dragons of Tarkir,120,Near Mint,English,,,,,,,,325,Rare,$3.29
4,4,Siege Dragon,Magic 2015 Core Set,162,Near Mint,English,,,,,,,,25,Rare,$0.25
45,8,Siege Rhino,Khans of Tarkir,200,Near Mint,English,,,,,,,,150,Rare,$1.51
47,8,Sifter of Skulls,Oath of the Gatewatch,77,Near Mint,English,,,,,,,,25,Rare,$0.30
14,8,"Sigarda, Heron's Grace",Shadows over Innistrad,250,Near Mint,English,,,,,,,,225,MythicRare,$2.39
22,8,Sigil of the Empty Throne,Magic Origins,31,Near Mint,English,,,,,,,,50,Rare,$0.74
41,8,Signal the Clans,Gatecrash,194,Near Mint,English,,,,,,,,25,Rare,$0.27
6,6,Silence,Magic 2014 Core Set,35,Near Mint,English,,,,,,,,100,Rare,$1.06
20,8,Silence the Believers,Journey into Nyx,82,Near Mint,English,,,,,,,,50,Rare,$0.35
2,0,Silent Attendant,Urza's Saga,51,Near Mint,English,,,,,,,,,Common,$0.15
20,8,Silent Sentinel,Born of the Gods,26,Near Mint,English,,,,,,,,25,Rare,$0.28
1,0,Silhouette,Legends,77,Near Mint,English,,,,,,,,,Uncommon,$0.50
7,0,Silkenfist Fighter,Nemesis,19,Near Mint,English,,,,,,,,,Common,$0.14
4,0,Silkenfist Order,Nemesis,20,Near Mint,English,,,,,,,,,Uncommon,$0.20
38,8,Silklash Spider,Magic 2013,191,Near Mint,English,,,,,,,,25,Rare,$0.30
3,0,Silt Crawler,Prophecy,123,Near Mint,English,,,,,,,,,Common,$0.14
25,8,Silumgar Assassin,Dragons of Tarkir,121,Near Mint,English,,,,,,,,50,Rare,$0.33
34,8,Silumgar's Command,Dragons of Tarkir,232,Near Mint,English,,,,,,,,50,Rare,$0.63
48,8,"Silumgar, the Drifting Death",Fate Reforged,157,Near Mint,English,,,,,,,,50,Rare,$0.48
8,0,Silver Drake,Planeshift,125,Near Mint,English,,,,,,,,,Common,$0.14
24,8,Silverblade Paladin,Avacyn Restored,36,Near Mint,English,,,,,,,,50,Rare,$0.57
14,8,Silverfur Partisan,Shadows over Innistrad,228,Near Mint,English,,,,,,,,100,Rare,$0.92
4,0,Silverglade Elemental,Mercadian Masques,269,Near Mint,English,,,,,,,,,Common,$0.16
1,0,Silverglade Pathfinder,Mercadian Masques,270,Near Mint,English,,,,,,,,,Uncommon,$0.22
2,0,Simian Grunts,Urza's Legacy,113,Near Mint,English,,,,,,,,,Common,$0.14
42,8,Simic Manipulator,Gatecrash,50,Near Mint,English,,,,,,,,25,Rare,$0.30
1,0,Simoon,Visions,136,Near Mint,English,,,,,,,,,Uncommon,$0.20
2,0,Simulacrum,Revised Edition,38,Near Mint,English,,,,,,,,,Uncommon,$0.20
11,8,Sin Prodder,Shadows over Innistrad,181,Near Mint,English,,,,,,,,100,Rare,$1.00
1,0,Sindbad,Fourth Edition,100,Near Mint,English,,,,,,,,,Uncommon,$0.18
9,0,Singe,Planeshift,71,Near Mint,English,,,,,,,,,Common,$0.14
4,0,Sinister Strength,Planeshift,54,Near Mint,English,,,,,,,,,Common,$0.17
3,3,Sinkhole,Eternal Masters,106,Near Mint,English,,,,,,,,1175,Rare,$13.61
3,3,Sinkhole,Unlimited Edition,38,Near Mint,English,,,,,,,,2125,Common,$24.05
37,8,Sire of Insanity,Dragon's Maze,104,Near Mint,English,,,,,,,,25,Rare,$0.28
36,8,Sire of Stagnation,Battle for Zendikar,206,Near Mint,English,,,,,,,,100,MythicRare,$1.16
3,0,Siren's Call,Unlimited Edition,78,Near Mint,English,,,,,,,,,Uncommon,$0.47
6,0,Siren's Call,Revised Edition,80,Near Mint,English,,,,,,,,,Uncommon,$0.17
5,0,Sisay's Ingenuity,Planeshift,33,Near Mint,English,,,,,,,,,Common,$0.14
2,0,Sisay's Ring,Visions,154,Near Mint,English,,,,,,,,,Common,$0.17
1,0,Sisters of the Flame,The Dark,73,Good (Lightly Played),English,,,,,,,,,Uncommon,$0.21
4,0,Sivvi's Ruse,Nemesis,21,Near Mint,English,,,,,,,,,Uncommon,$0.22
3,0,Sivvi's Valor,Nemesis,22,Near Mint,English,,,,,,,,,Rare,$0.32
3,0,Sizzle,Mercadian Masques,213,Near Mint,English,,,,,,,,,Common,$0.16
8,8,Skaab Ruinator,Innistrad,77,Near Mint,English,,,,,,,,125,MythicRare,$1.34
66,8,Skarrg Goliath,Gatecrash,133,Near Mint,English,,,,,,,,25,Rare,$0.26
1,0,Skeleton Ship,Ice Age,379,Near Mint,English,,,,,,,,,Rare,$0.64
3,3,Skinshifter,Magic 2012,195,Near Mint,English,,,,,,,,50,Rare,$0.53
18,8,Skirsdag High Priest,Innistrad,117,Near Mint,English,,,,,,,,50,Rare,$0.50
2,2,"Skithiryx, the Blight Dragon",Scars of Mirrodin,79,Near Mint,English,,,,,,,,1150,MythicRare,$11.34
3,0,Skittering Skirge,Urza's Saga,158,Near Mint,English,,,,,,,,,Common,$0.15
3,0,Skittish Kavu,Invasion,168,Near Mint,English,,,,,,,,,Uncommon,$0.18
1,0,Skizzik,Invasion,169,Near Mint,English,,,,,,,,,Rare,$0.83
4,0,Skulking Fugitive,Mercadian Masques,161,Near Mint,English,,,,,,,,,Common,$0.14
4,0,Skull of Orm,The Dark,106,Good (Lightly Played),English,,,,,,,,,Uncommon,$0.48
1,0,Skull of Ramos,Mercadian Masques,312,Near Mint,English,,,,,,,,,Rare,$0.64
3,3,Skullcrack,Gatecrash,106,Near Mint,English,,,,,,,,100,Uncommon,$1.01
3,0,Sky Weaver,Invasion,74,Near Mint,English,,,,,,,,,Uncommon,$0.18
15,8,Skybind,Journey into Nyx,25,Near Mint,English,,,,,,,,25,Rare,$0.25
25,8,Skylasher,Dragon's Maze,49,Near Mint,English,,,,,,,,50,Rare,$0.47
1,0,Skyshaper,Exodus,137,Near Mint,English,,,,,,,,,Uncommon,$0.19
1,0,Skyship Weatherlight,Planeshift,133,Near Mint,English,,,,,,,,,Rare,$0.95
1,0,Skyshroud Archer,Stronghold,64,Near Mint,English,,,,,,,,,Common,$0.15
2,0,Skyshroud Behemoth,Nemesis,116,Near Mint,English,,,,,,,,,Rare,$0.31
3,0,Skyshroud Blessing,Planeshift,92,Near Mint,English,,,,,,,,,Uncommon,$0.18
9,0,Skyshroud Claim,Nemesis,117,Near Mint,English,,,,,,,,,Common,$1.90
1,0,Skyshroud Condor,Tempest,88,Near Mint,English,,,,,,,,,Uncommon,$0.21
6,0,Skyshroud Cutter,Nemesis,118,Near Mint,English,,,,,,,,,Common,$0.14
1,0,Skyshroud Elite,Exodus,123,Near Mint,English,,,,,,,,,Uncommon,$0.36
2,0,Skyshroud Falcon,Stronghold,116,Near Mint,English,,,,,,,,,Common,$0.15
1,0,Skyshroud Forest,Tempest,332,Near Mint,English,,,,,,,,,Rare,$0.74
2,0,Skyshroud Poacher,Nemesis,119,Near Mint,English,,,,,,,,,Rare,$2.41
4,0,Skyshroud Ridgeback,Nemesis,120,Near Mint,English,,,,,,,,,Common,$0.14
4,0,Skyshroud Sentinel,Nemesis,121,Near Mint,English,,,,,,,,,Common,$0.14
1,0,Skyshroud Troopers,Stronghold,65,Near Mint,English,,,,,,,,,Common,$0.15
9,8,Slag Fiend,New Phyrexia,95,Near Mint,English,,,,,,,,25,Rare,$0.27
13,8,Slagstorm,Mirrodin Besieged,75,Near Mint,English,,,,,,,,50,Rare,$0.40
1,0,Slaughter,Exodus,74,Near Mint,English,,,,,,,,,Uncommon,$0.24
34,8,Slaughter Games,Return to Ravnica,197,Near Mint,English,,,,,,,,75,Rare,$0.64
1,1,Slaughter Pact,Future Sight,78,Near Mint,English,,,,,,,,950,Rare,$9.55
1,0,Slay,Planeshift,55,Near Mint,English,,,,,,,,,Uncommon,$0.17
15,8,Slayer's Plate,Shadows over Innistrad,264,Near Mint,English,,,,,,,,25,Rare,$0.27
23,8,Slayers' Stronghold,Avacyn Restored,229,Near Mint,English,,,,,,,,50,Rare,$0.50
1,0,Sleeper Agent,Urza's Saga,159,Near Mint,English,,,,,,,,,Rare,$0.39
4,0,Sleeper's Guile,Urza's Legacy,67,Near Mint,English,,,,,,,,,Common,$0.15
1,0,Sleeper's Robe,Invasion,273,Near Mint,English,,,,,,,,,Uncommon,$0.26
5,0,Sleeping Potion,Planeshift,34,Near Mint,English,,,,,,,,,Common,$0.14
8,0,Slimy Kavu,Invasion,170,Near Mint,English,,,,,,,,,Common,$0.14
8,0,Slingshot Goblin,Planeshift,72,Near Mint,English,,,,,,,,,Common,$0.14
2,0,Slinking Serpent,Invasion,274,Near Mint,English,,,,,,,,,Uncommon,$0.18
1,0,Slippery Karst,Urza's Saga,327,Near Mint,English,,,,,,,,,Common,$0.17
4,4,Sliver Hive,Magic 2015 Core Set,247,Near Mint,English,,,,,,,,500,Rare,$5.01
1,1,Sliver Hivelord,Magic 2015 Core Set,211,Near Mint,Japanese,,,,,,,,1121,MythicRare,$9.44
1,0,Slow Motion,Urza's Legacy,42,Near Mint,English,,,,,,,,,Common,$0.16
1,0,Sluggishness,Urza's Legacy,92,Near Mint,English,,,,,,,,,Common,$0.15
13,8,Slumbering Dragon,Magic 2013,148,Near Mint,English,,,,,,,,200,Rare,$2.00
4,0,Smash,Apocalypse,69,Near Mint,English,,,,,,,,,Common,$0.15
1,0,Smite,Stronghold,117,Near Mint,English,,,,,,,,,Common,$0.14
28,8,Smoldering Marsh,Battle for Zendikar,247,Near Mint,English,,,,,,,,300,Rare,$3.12
67,8,Smothering Abomination,Battle for Zendikar,99,Near Mint,English,,,,,,,,25,Rare,$0.39
3,0,Snag,Prophecy,124,Near Mint,English,,,,,,,,,Uncommon,$0.20
1,0,Snake Pit,Mercadian Masques,271,Near Mint,English,,,,,,,,,Uncommon,$0.24
1,0,Snap,Urza's Legacy,43,Near Mint,English,,,,,,,,,Common,$2.46
4,4,Sneak Attack,Eternal Masters,148,Near Mint,English,,,,,,,,2475,MythicRare,$25.61
11,0,Sneaky Homunculus,Nemesis,44,Near Mint,English,,,,,,,,,Common,$0.14
4,0,Snorting Gahr,Mercadian Masques,272,Near Mint,English,,,,,,,,,Common,$0.14
1,0,Snow Devil,Ice Age,100,Near Mint,English,,,,,,,,,Common,$0.14
1,0,Snow Fortress,Ice Age,312,Near Mint,English,,,,,,,,,Rare,$0.30
1,0,Snow Hound,Ice Age,277,Near Mint,English,,,,,,,,,Uncommon,$0.19
1,0,Snowfall,Ice Age,101,Near Mint,English,,,,,,,,,Common,$0.14
4,0,Snuff Out,Mercadian Masques,162,Near Mint,English,,,,,,,,,Common,$0.28
1,0,Sol Ring,Revised Edition,274,Good (Lightly Played),English,,,,,,,,,Uncommon,$4.08
3,0,Sol Ring,Revised Edition,274,Near Mint,English,,,,,,,,,Uncommon,$4.08
1,0,Soldevi Excavations,Alliances,188,Near Mint,English,,,,,,,,,Rare,$2.43
1,0,Soldevi Simulacrum,Ice Age,314,Near Mint,English,,,,,,,,,Uncommon,$0.17
31,8,Soldier of the Pantheon,Theros,32,Near Mint,English,,,,,,,,50,Rare,$0.39
1,1,Solemn Simulacrum,Magic 2012,217,Near Mint,English,,,,,,,,400,Rare,$4.07
4,0,Solfatara,Visions,93,Near Mint,English,,,,,,,,,Common,$0.15
1,0,Soltari Priest,Tempest,258,Near Mint,English,,,,,,,,,Uncommon,$0.60
2,0,Soltari Visionary,Exodus,20,Near Mint,English,,,,,,,,,Common,$0.21
30,8,Somberwald Sage,Avacyn Restored,194,Near Mint,English,,,,,,,,150,Rare,$1.45
1,0,Song of Blood,Visions,94,Near Mint,English,,,,,,,,,Common,$0.15
3,0,Sonic Burst,Exodus,103,Near Mint,English,,,,,,,,,Common,$0.15
4,0,Soothing Balm,Mercadian Masques,48,Near Mint,English,,,,,,,,,Common,$0.15
2,0,Soothsaying,Mercadian Masques,104,Near Mint,English,,,,,,,,,Uncommon,$1.60
1,0,Sorceress Queen,Revised Edition,39,Near Mint,English,,,,,,,,,Rare,$0.48
1,1,Sorin's Vengeance,Magic 2012,111,Near Mint,English,,,,,,,,125,Rare,$1.20
4,4,"Sorin, Grim Nemesis",Shadows over Innistrad,251,Near Mint,English,,,,,,,,925,MythicRare,$9.51
1,1,"Sorin, Lord of Innistrad",Dark Ascension,142,Near Mint,English,,,,,,,,650,MythicRare,$6.85
14,8,"Sorin, Solemn Visitor",Khans of Tarkir,202,Near Mint,English,,,,,,,,500,MythicRare,$5.26
5,0,Sorrow's Path,The Dark,116,Near Mint,English,,,,,,,,,Rare,$0.80
2,0,Soul Barrier,Ice Age,103,Near Mint,English,,,,,,,,,Uncommon,$0.21
1,0,Soul Burn,Ice Age,49,Near Mint,English,,,,,,,,,Common,$0.14
5,0,Soul Burn,Invasion,124,Near Mint,English,,,,,,,,,Common,$0.16
3,0,Soul Channeling,Mercadian Masques,163,Near Mint,English,,,,,,,,,Common,$0.14
8,0,Soul Charmer,Prophecy,24,Near Mint,English,,,,,,,,,Common,$0.14
10,8,Soul Conduit,New Phyrexia,158,Near Mint,English,,,,,,,,25,Rare,$0.31
9,0,Soul Exchange,Fallen Empires,28,Near Mint,English,,,,,,,,,Uncommon,$0.27
4,0,Soul Kiss,Ice Age,50,Near Mint,English,,,,,,,,,Common,$0.12
5,0,Soul Link,Apocalypse,120,Near Mint,English,,,,,,,,,Common,$0.21
1,0,Soul Net,Unlimited Edition,271,Good (Lightly Played),English,,,,,,,,,Uncommon,$0.53
1,0,Soul Net,Revised Edition,275,Played,English,,,,,,,,,Uncommon,$0.16
5,5,Soul of Innistrad,Magic 2015 Core Set,115,Near Mint,English,,,,,,,,125,MythicRare,$1.14
4,4,Soul of New Phyrexia,Magic 2015 Core Set,231,Near Mint,English,,,,,,,,250,MythicRare,$2.60
6,6,Soul of Ravnica,Magic 2015 Core Set,78,Near Mint,English,,,,,,,,50,MythicRare,$0.64
9,8,Soul of Shandalar,Magic 2015 Core Set,163,Near Mint,English,,,,,,,,75,MythicRare,$0.75
27,8,Soul of the Harvest,Avacyn Restored,195,Near Mint,English,,,,,,,,50,Rare,$0.49
7,7,Soul of Theros,Magic 2015 Core Set,34,Near Mint,English,,,,,,,,100,MythicRare,$0.99
10,8,Soul of Zendikar,Magic 2015 Core Set,201,Near Mint,English,,,,,,,,75,MythicRare,$0.64
59,8,Soul Ransom,Gatecrash,198,Near Mint,English,,,,,,,,25,Rare,$0.30
3,0,Soul Strings,Prophecy,78,Near Mint,English,,,,,,,,,Common,$0.14
14,8,Soul Swallower,Shadows over Innistrad,230,Near Mint,English,,,,,,,,25,Rare,$0.29
3,0,Soul Warden,Exodus,21,Near Mint,English,,,,,,,,,Common,$0.90
37,8,Soulblade Djinn,Magic Origins,75,Near Mint,English,,,,,,,,25,Rare,$0.27
22,8,Soulfire Grand Master,Fate Reforged,27,Near Mint,English,,,,,,,,325,MythicRare,$3.69
36,8,Soulflayer,Fate Reforged,84,Near Mint,English,,,,,,,,25,Rare,$0.31
2,0,Soulshriek,Mirage,43,Near Mint,English,,,,,,,,,Common,$0.13
48,8,Spark Trooper,Gatecrash,199,Near Mint,English,,,,,,,,25,Rare,$0.33
1,0,Sparring Golem,Invasion,312,Near Mint,English,,,,,,,,,Uncommon,$0.18
1,0,Spatial Binding,Mirage,344,Near Mint,English,,,,,,,,,Uncommon,$0.17
5,5,Spawn of Thraxes,Journey into Nyx,112,Near Mint,English,,,,,,,,25,Rare,$0.26
5,0,Spawning Pool,Urza's Legacy,142,Near Mint,English,,,,,,,,,Uncommon,$0.25
56,8,Spear of Heliod,Theros,33,Near Mint,English,,,,,,,,75,Rare,$0.65
4,0,Specter's Wail,Mercadian Masques,164,Near Mint,English,,,,,,,,,Common,$0.14
1,1,Spectra Ward,Magic 2015 Core Set,36,Near Mint,English,,,,,,,,75,Rare,$0.64
1,0,Spectral Bears,Homelands,72,Near Mint,English,,,,,,,,,Uncommon,$0.21
1,0,Spectral Shield,Ice Age,380,Near Mint,English,,,,,,,,,Uncommon,$0.19
1,0,Spell Blast,Unlimited Edition,80,Near Mint,English,,,,,,,,,Common,$0.27
7,0,Spell Blast,Revised Edition,82,Near Mint,English,,,,,,,,,Common,$0.15
2,2,Spellskite,Modern Masters 2015 Edition,230,Near Mint,English,,,,,,,,2850,Rare,$27.41
26,8,Spelltwine,Magic 2013,68,Near Mint,English,,,,,,,,25,Rare,$0.28
48,8,Sphinx of the Chimes,Return to Ravnica,52,Near Mint,English,,,,,,,,25,Rare,$0.25
14,8,Sphinx of the Final Word,Oath of the Gatewatch,63,Near Mint,English,,,,,,,,125,MythicRare,$1.61
10,8,Sphinx of Uthuun,Magic 2012,76,Near Mint,English,,,,,,,,25,Rare,$0.28
29,8,Sphinx of Uthuun,Magic 2013,69,Near Mint,English,,,,,,,,25,Rare,$0.34
3,3,Sphinx's Revelation,Return to Ravnica,200,Near Mint,English,,,,,,,,625,MythicRare,$6.18
2,0,Spider Climb,Visions,70,Near Mint,English,,,,,,,,,Common,$0.15
3,0,Spidersilk Armor,Mercadian Masques,273,Near Mint,English,,,,,,,,,Common,$0.87
1,0,Spike Breeder,Stronghold,66,Near Mint,English,,,,,,,,,Rare,$0.32
1,0,Spike Cannibal,Exodus,75,Near Mint,English,,,,,,,,,Uncommon,$0.23
2,0,Spike Colony,Stronghold,67,Near Mint,English,,,,,,,,,Common,$0.14
2,0,Spike Drone,Tempest,152,Near Mint,English,,,,,,,,,Common,$0.14
1,0,Spike Rogue,Exodus,127,Near Mint,English,,,,,,,,,Uncommon,$0.20
1,0,Spike Weaver,Exodus,128,Near Mint,English,,,,,,,,,Rare,$4.86
2,0,Spike Worker,Stronghold,70,Near Mint,English,,,,,,,,,Common,$0.15
9,8,Spikeshot Elder,Scars of Mirrodin,104,Near Mint,English,,,,,,,,50,Rare,$0.36
3,0,Spiketail Hatchling,Prophecy,49,Near Mint,English,,,,,,,,,Common,$0.16
1,0,Spindrift Drake,Stronghold,44,Near Mint,English,,,,,,,,,Common,$0.14
8,8,Spine of Ish Sah,Mirrodin Besieged,136,Near Mint,English,,,,,,,,50,Rare,$0.36
1,0,Spined Fluke,Urza's Saga,160,Near Mint,English,,,,,,,,,Uncommon,$0.21
1,0,Spined Sliver,Stronghold,142,Near Mint,English,,,,,,,,,Uncommon,$0.26
2,0,Spined Wurm,Stronghold,71,Near Mint,English,,,,,,,,,Common,$0.15
10,0,Spineless Thug,Nemesis,71,Near Mint,English,,,,,,,,,Common,$0.14
2,0,Spire Owl,Urza's Saga,98,Near Mint,English,,,,,,,,,Common,$0.15
38,8,Spirit Away,Avacyn Restored,76,Near Mint,English,,,,,,,,25,Rare,$0.29
3,3,Spirit Bonds,Magic 2015 Core Set,37,Near Mint,English,,,,,,,,50,Rare,$0.37
1,0,Spirit en-Kor,Stronghold,119,Near Mint,English,,,,,,,,,Common,$0.14
1,0,Spirit Link,Fourth Edition,301,Near Mint,English,,,,,,,,,Uncommon,$0.30
1,0,Spirit of Resistance,Invasion,38,Near Mint,English,,,,,,,,,Rare,$0.66
2,2,Spirit of the Labyrinth,Born of the Gods,27,Near Mint,English,,,,,,,,100,Rare,$0.88
2,0,Spirit Shackle,Legends,31,Near Mint,English,,,,,,,,,Common,$0.19
2,0,Spirit Shield,Fallen Empires,175,Near Mint,English,,,,,,,,,Rare,$0.31
1,0,Spirit Weaver,Invasion,39,Near Mint,English,,,,,,,,,Uncommon,$0.18
1,0,Spiritual Asylum,Nemesis,23,Near Mint,English,,,,,,,,,Rare,$0.46
4,0,Spite // Malice,Invasion,293,Near Mint,English,,,,,,,,,Uncommon,$0.20
4,0,Spiteful Bully,Nemesis,72,Near Mint,English,,,,,,,,,Common,$0.14
2,0,Spitting Slug,The Dark,51,Near Mint,English,,,,,,,,,Uncommon,$0.18
3,0,Spitting Spider,Prophecy,125,Near Mint,English,,,,,,,,,Uncommon,$0.20
27,8,Splinterfright,Innistrad,205,Near Mint,English,,,,,,,,50,Rare,$0.37
6,0,Spore Cloud,Fallen Empires,83,Near Mint,English,,,,,,,,,Common,$0.18
6,0,Spore Cloud,Fallen Empires,84,Near Mint,English,,,,,,,,,Common,$0.16
7,0,Spore Cloud,Fallen Empires,85,Near Mint,English,,,,,,,,,Common,$0.18
6,0,Spore Flower,Fallen Empires,86,Near Mint,English,,,,,,,,,Uncommon,$0.34
6,0,Spore Frog,Prophecy,126,Near Mint,English,,,,,,,,,Common,$0.53
3,0,Spur Grappler,Prophecy,104,Near Mint,English,,,,,,,,,Common,$0.14
4,0,Squall,Mercadian Masques,275,Near Mint,English,,,,,,,,,Common,$0.14
1,0,Squallmonger,Mercadian Masques,276,Near Mint,English,,,,,,,,,Uncommon,$0.18
1,0,Squandered Resources,Visions,137,Near Mint,English,,,,,,,,,Rare,$6.25
4,0,Squee's Embrace,Apocalypse,122,Near Mint,English,,,,,,,,,Common,$0.18
7,0,Squee's Revenge,Apocalypse,123,Near Mint,English,,,,,,,,,Uncommon,$0.23
4,0,Squire,The Dark,90,Near Mint,English,,,,,,,,,Common,$0.14
9,8,Staff of Nin,Magic 2013,217,Near Mint,English,,,,,,,,100,Rare,$1.00
1,0,Staff of Zegon,Antiquities,30,Good (Lightly Played),English,,,,,,,,,Common,$0.19
1,0,Staff of Zegon,Antiquities,30,Near Mint,English,,,,,,,,,Common,$0.19
13,8,Stain the Mind,Magic 2015 Core Set,117,Near Mint,English,,,,,,,,25,Rare,$0.31
1,0,Stalking Stones,Tempest,333,Near Mint,English,,,,,,,,,Uncommon,$0.22
1,0,Stalking Tiger,Mirage,141,Near Mint,English,,,,,,,,,Common,$0.14
1,0,Stamina,Mercadian Masques,277,Near Mint,English,,,,,,,,,Uncommon,$0.18
3,0,Stampede Driver,Nemesis,122,Near Mint,English,,,,,,,,,Uncommon,$0.21
2,0,Stampeding Wildebeests,Visions,71,Near Mint,English,,,,,,,,,Uncommon,$0.20
3,0,Stand // Deliver,Invasion,292,Near Mint,English,,,,,,,,,Uncommon,$0.21
4,0,Standard Bearer,Apocalypse,18,Near Mint,English,,,,,,,,,Common,$0.27
4,0,Standing Stones,The Dark,107,Near Mint,English,,,,,,,,,Uncommon,$0.22
2,0,Standing Troops,Exodus,22,Near Mint,English,,,,,,,,,Common,$0.15
1,0,Star Compass,Planeshift,134,Near Mint,English,,,,,,,,,Uncommon,$0.30
19,8,Starfield of Nyx,Magic Origins,33,Near Mint,English,,,,,,,,250,MythicRare,$2.51
1,1,Startled Awake,Shadows over Innistrad,88,Near Mint,English,,,,,,,,275,MythicRare,$2.93
1,0,Stasis,Revised Edition,83,Good (Lightly Played),English,,,,,,,,,Rare,$1.54
1,0,Stasis,Revised Edition,83,Played,English,,,,,,,,,Rare,$1.54
1,0,Statecraft,Mercadian Masques,106,Near Mint,English,,,,,,,,,Rare,$1.57
2,0,Steadfast Guard,Mercadian Masques,50,Near Mint,English,,,,,,,,,Common,$0.15
1,0,Steal Artifact,Unlimited Edition,82,Good (Lightly Played),English,,,,,,,,,Uncommon,$0.72
3,0,Steal Artifact,Revised Edition,84,Near Mint,English,,,,,,,,,Uncommon,$0.17
5,0,Steal Strength,Prophecy,79,Near Mint,English,,,,,,,,,Common,$0.14
65,8,Steam Augury,Theros,205,Near Mint,English,,,,,,,,25,Rare,$0.23
6,6,Steel Hellkite,Scars of Mirrodin,205,Near Mint,English,,,,,,,,100,Rare,$1.01
7,0,Steel Leaf Paladin,Planeshift,127,Near Mint,English,,,,,,,,,Common,$0.14
1,1,Steel Overseer,Duel Decks: Elspeth vs. Tezzeret,44,Near Mint,English,,,,,,,,1450,Rare,$14.68
38,8,Stensia Bloodhall,Innistrad,247,Near Mint,English,,,,,,,,25,Rare,$0.26
4,0,Stinging Barrier,Mercadian Masques,107,Near Mint,English,,,,,,,,,Common,$0.14
42,8,Stolen Goods,Avacyn Restored,78,Near Mint,English,,,,,,,,25,Rare,$0.27
24,8,Stolen Identity,Gatecrash,53,Near Mint,English,,,,,,,,50,Rare,$0.42
1,0,Stone Calendar,The Dark,108,Near Mint,English,,,,,,,,,Rare,$2.34
2,0,Stone Calendar,The Dark,108,Good (Lightly Played),English,,,,,,,,,Rare,$2.34
1,0,Stone Giant,Revised Edition,178,Near Mint,English,,,,,,,,,Uncommon,$0.16
24,8,Stone Haven Outfitter,Oath of the Gatewatch,37,Near Mint,English,,,,,,,,50,Rare,$0.45
9,0,Stone Kavu,Planeshift,93,Near Mint,English,,,,,,,,,Common,$0.14
3,0,Stone Rain,Revised Edition,179,Played,English,,,,,,,,,Common,$0.15
6,0,Stone Rain,Revised Edition,179,Near Mint,English,,,,,,,,,Common,$0.15
1,0,Stone Rain,Fourth Edition,242,Near Mint,English,,,,,,,,,Common,$0.17
1,0,Stone Rain,Ice Age,217,Near Mint,English,,,,,,,,,Common,$0.15
1,0,Stone Rain,Mirage,194,Near Mint,English,,,,,,,,,Common,$0.17
1,0,Stone Rain,Tempest,206,Near Mint,English,,,,,,,,,Common,$0.18
4,0,Stone Rain,Mercadian Masques,215,Near Mint,English,,,,,,,,,Common,$0.18
36,8,Stoneforge Masterwork,Oath of the Gatewatch,166,Near Mint,English,,,,,,,,75,Rare,$0.94
1,1,Stoneforge Mystic,Worldwake,20,Near Mint,Spanish,,,,,,,,1829,Rare,$20.32
3,3,Stoneforge Mystic,Worldwake,20,Near Mint,English,,,,,,,,1925,Rare,$20.32
20,8,Stony Silence,Innistrad,36,Near Mint,English,,,,,,,,1050,Rare,$10.60
1,0,Storm Front,Tempest,153,Near Mint,English,,,,,,,,,Uncommon,$0.17
1,0,Storm Seeker,Legends,119,Played,English,,,,,,,,,Uncommon,$1.77
1,0,Storm World,Legends,162,Near Mint,English,,,,,,,,,Rare,$23.30
1,0,Storm World,Legends,162,Good (Lightly Played),English,,,,,,,,,Rare,$23.30
24,8,Stormbreath Dragon,Theros,143,Near Mint,English,,,,,,,,225,MythicRare,$2.41
5,0,Stormscape Apprentice,Invasion,75,Near Mint,English,,,,,,,,,Common,$0.16
6,0,Stormscape Battlemage,Planeshift,35,Near Mint,English,,,,,,,,,Uncommon,$0.22
8,0,Stormscape Familiar,Planeshift,36,Near Mint,English,,,,,,,,,Common,$0.17
22,8,Stormtide Leviathan,Magic 2013,70,Near Mint,English,,,,,,,,25,Rare,$0.38
9,8,Stormtide Leviathan,Magic 2015 Core Set,80,Near Mint,English,,,,,,,,25,Rare,$0.30
5,0,Stormwatch Eagle,Prophecy,50,Near Mint,English,,,,,,,,,Common,$0.14
2,0,Story Circle,Mercadian Masques,51,Near Mint,English,,,,,,,,,Uncommon,$0.72
3,0,Strafe,Planeshift,73,Near Mint,English,,,,,,,,,Uncommon,$0.18
7,7,Strata Scythe,Scars of Mirrodin,206,Near Mint,English,,,,,,,,25,Rare,$0.31
2,0,Stratadon,Planeshift,135,Near Mint,English,,,,,,,,,Uncommon,$0.21
18,8,Stratus Dancer,Dragons of Tarkir,80,Near Mint,English,,,,,,,,100,Rare,$1.09
11,0,Stream of Life,Revised Edition,124,Near Mint,English,,,,,,,,,Common,$0.14
1,0,Stream of Life,Fourth Edition,156,Near Mint,English,,,,,,,,,Common,$0.16
5,0,Strength of Night,Apocalypse,86,Near Mint,English,,,,,,,,,Common,$0.14
4,0,Strength of Unity,Invasion,40,Near Mint,English,,,,,,,,,Common,$0.15
17,8,Strionic Resonator,Magic 2014 Core Set,224,Near Mint,English,,,,,,,,250,Rare,$2.58
2,0,Strip Mine,Antiquities,71,Near Mint,English,,,,,,,,,Rare,$8.25
1,0,Strip Mine,Antiquities,72,Near Mint,English,,,,,,,,,Rare,$14.24
3,0,Striped Bears,Weatherlight,82,Near Mint,English,,,,,,,,,Common,$0.16
3,0,Stroke of Genius,Urza's Saga,100,Near Mint,English,,,,,,,,,Rare,$2.45
1,0,Stroke of Genius,Urza's Saga,100,Played,English,,signed,,,,,,,Rare,$2.45
27,8,Stromkirk Noble,Innistrad,164,Near Mint,English,,,,,,,,75,Rare,$0.82
2,0,Strongarm Thug,Mercadian Masques,165,Near Mint,English,,,,,,,,,Uncommon,$0.21
2,0,Stronghold Biologist,Nemesis,45,Near Mint,English,,,,,,,,,Uncommon,$0.21
4,0,Stronghold Discipline,Nemesis,73,Near Mint,English,,,,,,,,,Common,$0.14
1,0,Stronghold Gambit,Nemesis,100,Near Mint,English,,,,,,,,,Rare,$1.13
4,0,Stronghold Machinist,Nemesis,46,Near Mint,English,,,,,,,,,Uncommon,$0.21
4,0,Stronghold Zeppelin,Nemesis,47,Near Mint,English,,,,,,,,,Uncommon,$0.21
4,4,Stuffy Doll,Magic 2013,218,Near Mint,English,,,,,,,,225,Rare,$2.21
4,0,Stun,Invasion,172,Near Mint,English,,,,,,,,,Common,$0.15
1,0,Stupor,Mirage,45,Near Mint,English,,,,,,,,,Uncommon,$0.28
44,8,Sturmgeist,Innistrad,82,Near Mint,English,,,,,,,,25,Rare,$0.30
1,0,Subdue,Legends,120,Near Mint,English,,,,,,,,,Common,$0.19
3,0,Submerge,Nemesis,48,Near Mint,English,,,,,,,,,Uncommon,$2.07
1,0,Subterranean Hangar,Mercadian Masques,329,Near Mint,English,,,,,,,,,Uncommon,$0.27
1,0,Subversion,Urza's Legacy,68,Near Mint,English,,,,,,,,,Rare,$0.84
21,8,Sudden Disappearance,Dark Ascension,23,Near Mint,English,,,,,,,,25,Rare,$0.28
5,5,Sulfur Falls,Innistrad,248,Near Mint,English,,,,,,,,900,Rare,$9.60
8,0,Sulfur Vent,Invasion,328,Near Mint,English,,,,,,,,,Common,$0.17
50,8,Sultai Ascendancy,Khans of Tarkir,203,Near Mint,English,,,,,,,,25,Rare,$0.28
1,0,Summer Bloom,Visions,72,Near Mint,English,,,,,,,,,Uncommon,$2.06
1,0,Summer Bloom,Classic Sixth Edition,255,Near Mint,English,,,,,,,,,Uncommon,$2.48
3,3,Summoner's Pact,Modern Masters,164,Near Mint,English,,,,,,,,1150,Rare,$11.27
2,2,Summoner's Pact,Future Sight,139,Near Mint,English,,,,,,,,1175,Rare,$11.97
1,1,Sun Titan,Magic 2012,39,Near Mint,English,,,,,,,,250,MythicRare,$2.64
3,3,Sunblast Angel,Scars of Mirrodin,22,Near Mint,English,,,,,,,,75,Rare,$0.73
25,8,Sunbringer's Touch,Dragons of Tarkir,209,Near Mint,English,,,,,,,,25,Rare,$0.34
1,1,Sundial of the Infinite,Magic 2012,218,Near Mint,English,,,,,,,,50,Rare,$0.55
1,0,Sunglasses of Urza,Revised Edition,276,Near Mint,English,,,,,,,,,Rare,$0.30
5,0,Sunken City,The Dark,35,Near Mint,English,,,,,,,,,Common,$0.15
1,0,Sunken City,Fourth Edition,106,Near Mint,English,,,,,,,,,Common,$0.15
32,8,Sunken Hollow,Battle for Zendikar,249,Near Mint,English,,,,,,,,250,Rare,$2.75
1,0,Sunken Hope,Planeshift,37,Near Mint,English,,,,,,,,,Rare,$0.31
2,2,Sunken Ruins,Shadowmoor,280,Near Mint,English,,,,,,,,1675,Rare,$17.24
1,1,Sunpetal Grove,Magic 2013,229,Near Mint,English,,,,,,,,225,Rare,$2.32
4,0,Sunscape Apprentice,Invasion,41,Near Mint,English,,,,,,,,,Common,$0.15
2,0,Sunscape Battlemage,Planeshift,16,Near Mint,English,,,,,,,,,Uncommon,$0.22
6,0,Sunscape Familiar,Planeshift,17,Near Mint,English,,,,,,,,,Common,$0.21
1,0,Sunscape Master,Invasion,42,Near Mint,English,,,,,,,,,Rare,$0.34
25,8,Sunscorch Regent,Dragons of Tarkir,41,Near Mint,English,,,,,,,,75,Rare,$0.68
34,8,Supplant Form,Fate Reforged,54,Near Mint,English,,,,,,,,25,Rare,$0.29
7,0,Suppress,Apocalypse,52,Near Mint,English,,,,,,,,,Uncommon,$0.17
27,8,Supreme Verdict,Return to Ravnica,201,Near Mint,English,,,,,,,,600,Rare,$6.04
1,0,Suq'Ata Assassin,Visions,19,Near Mint,English,,,,,,,,,Uncommon,$0.30
1,0,Suq'Ata Lancer,Visions,96,Near Mint,English,,,,,,,,,Common,$0.15
1,1,Surgical Extraction,New Phyrexia,74,Near Mint,English,,,,,,,,675,Rare,$6.70
3,0,Surprise Deployment,Planeshift,18,Near Mint,English,,,,,,,,,Uncommon,$0.17
33,8,Surrak Dragonclaw,Khans of Tarkir,206,Near Mint,English,,,,,,,,100,MythicRare,$0.93
29,8,"Surrak, the Hunt Caller",Dragons of Tarkir,210,Near Mint,English,,,,,,,,50,Rare,$0.58
1,0,Sustainer of the Realm,Urza's Legacy,23,Near Mint,English,,,,,,,,,Uncommon,$0.21
1,0,Sustenance,Mercadian Masques,278,Near Mint,English,,,,,,,,,Uncommon,$0.18
8,8,Sutured Ghoul,Magic 2012,112,Near Mint,English,,,,,,,,25,Rare,$0.29
5,0,Svyelunite Priest,Fallen Empires,53,Near Mint,English,,,,,,,,,Uncommon,$0.17
7,0,Svyelunite Temple,Fallen Empires,187,Near Mint,English,,,,,,,,,Uncommon,$0.24
1,1,Swamp,Unhinged,138,Near Mint,English,,,,,,,,0,BasicLand,$9.52
1,0,Swamp Mosquito,Alliances,30,Near Mint,English,,,,,,,,,Common,$0.17
1,0,Swamp Mosquito,Alliances,31,Near Mint,English,,,,,,,,,Common,$0.18
88,8,Swan Song,Theros,65,Near Mint,English,,,,,,,,125,Rare,$1.19
2,0,Swat,Urza's Legacy,69,Near Mint,English,,,,,,,,,Common,$0.15
2,0,Sway of Illusion,Invasion,77,Near Mint,English,,,,,,,,,Uncommon,$0.21
2,0,Sword Dancer,Prophecy,25,Near Mint,English,,,,,,,,,Uncommon,$0.20
14,8,Sword of the Animist,Magic Origins,240,Near Mint,English,,,,,,,,200,Rare,$2.30
2,2,Sword of the Meek,Future Sight,165,Near Mint,English,,,,,,,,1150,Uncommon,$11.74
3,3,Sword of the Meek,Future Sight,165,Near Mint,Italian,,,,,,,,1093,Uncommon,$11.74
1,0,Swords to Plowshares,Revised Edition,225,Near Mint,English,,,,,,,,,Uncommon,$2.75
1,0,Swords to Plowshares,Ice Age,278,Near Mint,English,,,,,,,,,Uncommon,$2.73
1,1,Sylvan Advocate,Oath of the Gatewatch,144,Near Mint,Russian,,,,,,,,688,Rare,$6.01
5,5,Sylvan Advocate,Oath of the Gatewatch,144,Near Mint,English,,,,,,,,550,Rare,$6.01
10,8,Sylvan Caryatid,Theros,180,Near Mint,English,,,,,,,,225,Rare,$2.24
3,3,Sylvan Library,Eternal Masters,187,Near Mint,English,,,,,,,,1850,Rare,$19.20
2,2,Sylvan Library,Fifth Edition,191,Near Mint,English,,,,,,,,2050,Rare,$21.28
7,0,Sylvan Messenger,Apocalypse,87,Near Mint,English,,,,,,,,,Uncommon,$0.65
25,8,Sylvan Primordial,Gatecrash,136,Near Mint,English,,,,,,,,50,Rare,$0.50
2,0,Symbiosis,Urza's Saga,275,Near Mint,English,,,,,,,,,Common,$0.15
1,1,Syphon Sliver,Magic 2014 Core Set,117,Near Mint,English,,,,,,,,225,Rare,$2.35
4,0,Syphon Soul,Legends,32,Near Mint,English,,,,,,,,,Common,$0.19
1,0,Syphon Soul,Classic Sixth Edition,159,Near Mint,English,,,,,,,,,Common,$0.19
1,0,Tablet of Epityr,Antiquities,32,Near Mint,English,,,,,,,,,Common,$0.19
4,0,Tahngarth's Glare,Apocalypse,70,Near Mint,English,,,,,,,,,Common,$0.14
2,0,"Tahngarth, Talruum Hero",Planeshift,74,Near Mint,English,,,,,,,,,Rare,$0.73
3,0,Taiga,Revised Edition,302,Near Mint,English,,,,,,,,,Rare,$83.34
1,0,Taiga,Revised Edition,302,Good (Lightly Played),English,,,,,,,,,Rare,$83.34
15,7,Tainted Remedy,Magic Origins,120,Near Mint,English,,,,,,,,50,Rare,$0.90
4,0,Tainted Well,Invasion,126,Near Mint,English,,,,,,,,,Common,$0.14
17,8,"Tajic, Blade of the Legion",Dragon's Maze,107,Near Mint,English,,,,,,,,75,Rare,$0.75
29,8,Talent of the Telepath,Magic Origins,78,Near Mint,English,,,,,,,,50,Rare,$0.58
4,4,"Talrand, Sky Summoner",Magic 2013,72,Near Mint,English,,,,,,,,125,Rare,$1.27
3,0,Talruum Champion,Visions,97,Near Mint,English,,,,,,,,,Common,$0.15
1,0,Talruum Minotaur,Classic Sixth Edition,210,Near Mint,English,,,,,,,,,Common,$0.14
1,0,Talruum Piper,Visions,98,Near Mint,English,,,,,,,,,Uncommon,$0.17
9,8,Tamiyo's Journal,Shadows over Innistrad,265,Near Mint,English,,,,,,,,50,Rare,$0.61
1,1,"Tamiyo, the Moon Sage",Avacyn Restored,79,Good (Lightly Played),English,,,,,,,,1804,MythicRare,$20.05
1,1,"Tamiyo, the Moon Sage",Avacyn Restored,79,Near Mint,English,,,,,,,,1950,MythicRare,$20.05
2,2,"Tamiyo, the Moon Sage",Avacyn Restored,79,Near Mint,Japanese,,,,,,,,2243,MythicRare,$20.05
2,0,Tangle,Invasion,213,Near Mint,English,,,,,,,,,Uncommon,$2.10
2,0,Tangle Kelp,The Dark,36,Near Mint,English,,,,,,,,,Uncommon,$0.20
1,0,Tangle Kelp,The Dark,36,Good (Lightly Played),English,,,,,,,,,Uncommon,$0.20
2,0,Tangle Wire,Nemesis,139,Near Mint,English,,,,,,,,,Rare,$4.32
1,1,Tarmogoyf,Modern Masters,166,Near Mint,English,,,,,,,,28150,MythicRare,$139.48
2,2,Tarmogoyf,Modern Masters 2015 Edition,165,Near Mint,English,,,,,,,,13650,MythicRare,$134.92
1,1,Tarmogoyf,Future Sight,153,Near Mint,English,,,,,,,,16975,Rare,$168.93
2,0,Tarpan,Ice Age,155,Near Mint,English,,,,,,,,,Common,$0.14
41,8,"Tasigur, the Golden Fang",Fate Reforged,87,Near Mint,English,,,,,,,,275,Rare,$2.85
2,0,Task Force,Mercadian Masques,52,Near Mint,English,,,,,,,,,Common,$0.17
1,0,Task Mage Assembly,Prophecy,105,Near Mint,English,,,,,,,,,Rare,$0.31
1,0,Tawnos's Weaponry,Antiquities,35,Poor,English,,,,,,,,,Uncommon,$0.38
1,0,Tectonic Break,Mercadian Masques,216,Near Mint,English,,,,,,,,,Rare,$0.45
1,0,Tectonic Instability,Invasion,173,Near Mint,English,,,,,,,,,Rare,$0.31
1,0,Teferi's Care,Invasion,43,Near Mint,English,,,,,,,,,Uncommon,$0.18
2,0,Teferi's Curse,Mirage,96,Near Mint,English,,,,,,,,,Common,$0.14
2,0,Teferi's Drake,Mirage,97,Near Mint,English,,,,,,,,,Common,$0.14
2,0,Teferi's Isle,Mirage,315,Near Mint,English,,,,,,,,,Rare,$0.92
3,0,Teferi's Puzzle Box,Visions,156,Near Mint,English,,,,,,,,,Rare,$2.81
1,0,Teferi's Response,Invasion,78,Near Mint,English,,,,,,,,,Rare,$0.90
1,1,"Teferi, Mage of Zhalfir",Time Spiral,83,Near Mint,English,,,,,,,,1375,Rare,$13.60
1,0,Teleport,Chronicles,26,Near Mint,English,,,,,,,,,Rare,$0.26
9,8,Tempered Steel,Scars of Mirrodin,24,Near Mint,English,,,,,,,,150,Rare,$1.50
1,0,Tempest Drake,Visions,139,Near Mint,English,,,,,,,,,Uncommon,$0.17
28,8,Temple of Abandon,Theros,224,Near Mint,English,,,,,,,,75,Rare,$0.77
21,8,Temple of Deceit,Theros,225,Near Mint,English,,,,,,,,175,Rare,$1.73
16,8,Temple of Enlightenment,Born of the Gods,163,Near Mint,English,,,,,,,,225,Rare,$2.34
9,8,Temple of Epiphany,Journey into Nyx,164,Near Mint,English,,,,,,,,300,Rare,$3.13
20,8,Temple of Malady,Journey into Nyx,165,Near Mint,English,,,,,,,,200,Rare,$2.16
8,8,Temple of Malice,Born of the Gods,164,Near Mint,English,,,,,,,,175,Rare,$1.68
26,8,Temple of Mystery,Theros,226,Near Mint,English,,,,,,,,100,Rare,$1.05
4,4,Temple of Plenty,Born of the Gods,165,Near Mint,English,,,,,,,,175,Rare,$1.84
33,8,Temple of Silence,Theros,227,Near Mint,English,,,,,,,,150,Rare,$1.50
23,8,Temple of Triumph,Theros,228,Near Mint,English,,,,,,,,100,Rare,$0.92
1,0,Temporal Distortion,Invasion,79,Near Mint,English,,,,,,,,,Rare,$0.34
4,0,Temporal Spring,Apocalypse,125,Near Mint,English,,,,,,,,,Common,$0.14
23,8,Temporal Trespass,Fate Reforged,55,Near Mint,English,,,,,,,,150,MythicRare,$1.49
64,8,Temur Ascendancy,Khans of Tarkir,207,Near Mint,English,,,,,,,,25,Rare,$0.28
29,8,Temur War Shaman,Fate Reforged,142,Near Mint,English,,,,,,,,25,Rare,$0.28
1,1,Tendo Ice Bridge,Betrayers of Kamigawa,165,Good (Lightly Played),English,,,,,,,,1133,Rare,$13.21
2,0,Teremko Griffin,Mirage,247,Near Mint,English,,,,,,,,,Common,$0.15
3,0,Terminal Moraine,Planeshift,142,Near Mint,English,,,,,,,,,Uncommon,$0.20
6,0,Terminate,Planeshift,128,Near Mint,English,,,,,,,,,Common,$2.62
14,8,Terminus,Avacyn Restored,38,Near Mint,English,,,,,,,,325,Rare,$3.30
5,5,Terra Stomper,Magic 2015 Core Set,284,Near Mint,English,,,,,,,,50,Rare,$0.55
8,8,Terra Stomper,Magic Origins,288,Near Mint,English,,,,,,,,0,Rare,$0.72
10,0,Terrain Generator,Nemesis,143,Near Mint,English,,,,,,,,,Uncommon,$2.14
1,0,Territorial Dispute,Mercadian Masques,217,Near Mint,English,,,,,,,,,Rare,$0.29
3,0,Terror,Revised Edition,40,Good (Lightly Played),English,,,,,,,,,Common,$0.15
1,0,Terror,Fourth Edition,48,Near Mint,English,,,,,,,,,Common,$0.15
1,0,Terror,Classic Sixth Edition,160,Near Mint,English,,,,,,,,,Common,$0.19
1,0,Tetravus,Antiquities,36,Good (Lightly Played),English,,,,,,,,,Rare,$25.25
41,8,"Teysa, Envoy of Ghosts",Dragon's Maze,108,Near Mint,English,,,,,,,,25,Rare,$0.35
1,1,"Tezzeret, Agent of Bolas",Mirrodin Besieged,97,Near Mint,Chinese,,,,,,,,2351,MythicRare,$26.34
1,1,"Tezzeret, Agent of Bolas",Mirrodin Besieged,97,Near Mint,English,,,,,,,,2475,MythicRare,$26.34
1,0,Thalakos Scout,Exodus,48,Near Mint,English,,,,,,,,,Common,$0.15
9,8,Thalia's Lieutenant,Shadows over Innistrad,43,Near Mint,English,,,,,,,,350,Rare,$3.64
7,7,"Thalia, Guardian of Thraben",Dark Ascension,24,Near Mint,English,,,,,,,,925,Rare,$9.18
6,0,Thallid,Fallen Empires,87,Near Mint,English,,,,,,,,,Common,$0.19
6,0,Thallid,Fallen Empires,88,Near Mint,English,,,,,,,,,Common,$0.19
7,0,Thallid,Fallen Empires,89,Near Mint,English,,,,,,,,,Common,$0.15
5,0,Thallid,Fallen Empires,90,Near Mint,English,,,,,,,,,Common,$0.19
10,0,Thallid Devourer,Fallen Empires,91,Near Mint,English,,,,,,,,,Uncommon,$0.25
8,8,"Thassa, God of the Sea",Theros,66,Near Mint,English,,,,,,,,600,MythicRare,$5.89
4,4,The Chain Veil,Magic 2015 Core Set,215,Near Mint,English,,,,,,,,175,MythicRare,$1.81
2,0,The Fallen,The Dark,15,Good (Lightly Played),English,,,,,,,,,Uncommon,$0.23
1,0,The Fallen,The Dark,15,Near Mint,English,,,,,,,,,Uncommon,$0.23
21,8,The Gitrog Monster,Shadows over Innistrad,245,Near Mint,English,,,,,,,,325,MythicRare,$3.94
15,8,The Great Aurora,Magic Origins,179,Near Mint,English,,,,,,,,175,MythicRare,$1.82
2,0,The Rack,Revised Edition,278,Near Mint,English,,,,,,,,,Uncommon,$2.19
1,0,The Tabernacle at Pendrell Vale,Legends,252,Good (Lightly Played),English,,,,,,,,,Rare,"$1,429.34"
3,0,Theft of Dreams,Exodus,49,Near Mint,English,,,,,,,,,Common,$0.15
8,0,Thelon's Chant,Fallen Empires,94,Near Mint,English,,,,,,,,,Uncommon,$0.17
3,0,Thelon's Curse,Fallen Empires,95,Near Mint,English,,,,,,,,,Rare,$0.30
8,0,Thelonite Druid,Fallen Empires,92,Near Mint,English,,,,,,,,,Uncommon,$0.18
1,0,Thelonite Monk,Fallen Empires,93,Near Mint,English,,,,,,,,,Rare,$0.32
4,0,Thermal Glider,Mercadian Masques,53,Near Mint,English,,,,,,,,,Common,$0.14
6,6,Thespian's Stage,Gatecrash,248,Near Mint,English,,,,,,,,275,Rare,$2.94
1,0,Thicket Basilisk,Unlimited Edition,127,Near Mint,English,,,,,,,,,Uncommon,$0.58
5,0,Thicket Basilisk,Revised Edition,125,Near Mint,English,,,,,,,,,Uncommon,$0.17
6,6,Thing in the Ice,Shadows over Innistrad,92,Near Mint,English,,,,,,,,450,Rare,$5.02
1,0,Thirst,Mirage,99,Near Mint,English,,,,,,,,,Common,$0.14
15,8,Thopter Assembly,Mirrodin Besieged,140,Near Mint,English,,,,,,,,50,Rare,$0.52
26,8,Thopter Spy Network,Magic Origins,79,Near Mint,English,,,,,,,,75,Rare,$0.85
2,2,Thorn of Amethyst,Lorwyn,262,Near Mint,English,,,,,,,,1625,Rare,$16.63
6,0,Thorn Thallid,Fallen Empires,96,Near Mint,English,,,,,,,,,Common,$0.17
7,0,Thorn Thallid,Fallen Empires,97,Near Mint,English,,,,,,,,,Common,$0.18
9,0,Thorn Thallid,Fallen Empires,98,Near Mint,English,,,,,,,,,Common,$0.18
6,0,Thorn Thallid,Fallen Empires,99,Near Mint,English,,,,,,,,,Common,$0.18
3,3,Thorncaster Sliver,Magic 2014 Core Set,158,Near Mint,English,,,,,,,,75,Rare,$0.73
3,0,Thornscape Apprentice,Invasion,215,Near Mint,English,,,,,,,,,Common,$0.15
2,0,Thornscape Battlemage,Planeshift,94,Near Mint,English,,,,,,,,,Uncommon,$0.18
8,0,Thornscape Familiar,Planeshift,95,Near Mint,English,,,,,,,,,Common,$0.15
1,0,Thornscape Master,Invasion,216,Near Mint,English,,,,,,,,,Rare,$0.32
1,0,Thornwind Faeries,Urza's Legacy,44,Near Mint,English,,,,,,,,,Common,$0.19
12,8,Thought-Knot Seer,Oath of the Gatewatch,9,Near Mint,English,,,,,,,,675,Rare,$6.84
1,0,Thoughtlace,Revised Edition,85,Near Mint,English,,,,,,,,,Rare,$0.27
4,4,Thoughtseize,Theros,107,Near Mint,English,,,,,,,,1450,Rare,$15.12
39,8,Thousand Winds,Khans of Tarkir,58,Near Mint,English,,,,,,,,25,Rare,$0.28
1,1,Thraben Doomsayer,Dark Ascension,25,Near Mint,English,,,,,,,,100,Rare,$0.98
1,0,Thran Quarry,Urza's Saga,329,Near Mint,English,,,,,,,,,Rare,$2.22
1,0,Thran Turbine,Urza's Saga,311,Near Mint,English,,,,,,,,,Uncommon,$0.31
1,0,Thran War Machine,Urza's Legacy,134,Near Mint,English,,,,,,,,,Uncommon,$0.18
3,3,Threads of Disloyalty,Betrayers of Kamigawa,56,Near Mint,English,,,,,,,,1000,Rare,$10.55
1,1,Threads of Disloyalty,Betrayers of Kamigawa,56,Good (Lightly Played),English,,,,,,,,925,Rare,$10.55
5,0,Thresher Beast,Prophecy,128,Near Mint,English,,,,,,,,,Common,$0.17
5,0,Thrive,Prophecy,129,Near Mint,English,,,,,,,,,Common,$0.16
1,0,Throne of Bone,Revised Edition,279,Good (Lightly Played),English,,,,,,,,,Uncommon,$0.16
8,8,Throne of Empires,Magic 2012,221,Near Mint,English,,,,,,,,25,Rare,$0.31
4,0,Thrull Champion,Fallen Empires,29,Near Mint,English,,,,,,,,,Rare,$0.38
6,0,Thrull Retainer,Fallen Empires,30,Near Mint,English,,,,,,,,,Uncommon,$0.18
1,0,Thrull Surgeon,Exodus,76,Near Mint,English,,,,,,,,,Common,$0.14
5,0,Thrull Wizard,Fallen Empires,31,Near Mint,English,,,,,,,,,Uncommon,$0.18
29,8,Thunderbreak Regent,Dragons of Tarkir,162,Near Mint,English,,,,,,,,200,Rare,$2.17
4,0,Thunderclap,Mercadian Masques,219,Near Mint,English,,,,,,,,,Common,$0.14
1,0,Thundering Giant,Urza's Saga,221,Near Mint,English,,,,,,,,,Uncommon,$0.18
5,0,Thunderscape Apprentice,Invasion,174,Near Mint,English,,,,,,,,,Common,$0.14
2,0,Thunderscape Battlemage,Planeshift,75,Near Mint,English,,,,,,,,,Uncommon,$0.21
8,0,Thunderscape Familiar,Planeshift,76,Near Mint,English,,,,,,,,,Common,$0.15
1,0,Thwart,Mercadian Masques,108,Near Mint,English,,,,,,,,,Uncommon,$0.88
1,0,Ticking Gnomes,Urza's Legacy,136,Near Mint,English,,,,,,,,,Uncommon,$0.18
4,0,Tidal Bore,Mercadian Masques,109,Near Mint,English,,,,,,,,,Common,$0.14
7,0,Tidal Courier,Apocalypse,31,Near Mint,English,,,,,,,,,Uncommon,$0.19
6,0,Tidal Flats,Fallen Empires,54,Near Mint,English,,,,,,,,,Common,$0.19
4,0,Tidal Flats,Fallen Empires,55,Near Mint,English,,,,,,,,,Common,$0.15
7,0,Tidal Flats,Fallen Empires,56,Near Mint,English,,,,,,,,,Common,$0.19
7,0,Tidal Influence,Fallen Empires,57,Near Mint,English,,,,,,,,,Uncommon,$0.17
2,0,Tidal Surge,Stronghold,46,Near Mint,English,,,,,,,,,Common,$0.15
1,0,Tidal Surge,Classic Sixth Edition,102,Near Mint,English,,,,,,,,,Common,$0.14
5,0,Tidal Visionary,Invasion,80,Near Mint,English,,,,,,,,,Common,$0.16
2,0,Tidal Warrior,Stronghold,47,Near Mint,English,,,,,,,,,Common,$0.17
1,0,Tidal Wave,Mirage,100,Near Mint,English,,,,,,,,,Uncommon,$0.18
27,8,Tidebinder Mage,Magic 2014 Core Set,73,Near Mint,English,,,,,,,,100,Rare,$0.89
4,0,Tiger Claws,Mercadian Masques,279,Near Mint,English,,,,,,,,,Common,$0.14
1,0,Tigereye Cameo,Invasion,314,Near Mint,English,,,,,,,,,Uncommon,$0.18
1,0,Timber Wolves,Revised Edition,126,Near Mint,English,,,,,,,,,Rare,$0.31
2,0,Timberline Ridge,Ice Age,356,Near Mint,English,,,,,,,,,Rare,$0.31
1,0,Time Elemental,Legends,81,Near Mint,English,,,,,,,,,Rare,$17.18
9,8,Time Reversal,Magic 2012,77,Near Mint,English,,,,,,,,100,MythicRare,$0.95
1,1,Time Warp,Magic 2010,75,Near Mint,English,,,,,,,,1800,MythicRare,$18.45
1,0,Timetwister,Unlimited Edition,85,Played,English,,,,,,,,,Rare,$702.52
1,0,Timid Drake,Mercadian Masques,111,Near Mint,English,,,,,,,,,Uncommon,$0.18
1,0,Tin-Wing Chimera,Visions,157,Near Mint,English,,,,,,,,,Uncommon,$0.21
8,0,Tinder Farm,Invasion,329,Near Mint,English,,,,,,,,,Common,$0.17
3,0,Tinder Wall,Ice Age,158,Near Mint,English,,,,,,,,,Common,$0.29
3,3,Tireless Tracker,Shadows over Innistrad,233,Near Mint,English,,,,,,,,500,Rare,$5.15
10,8,Titan Forge,Mirrodin Besieged,141,Near Mint,English,,,,,,,,75,Rare,$0.67
49,8,Titan of Eternal Fire,Theros,144,Near Mint,English,,,,,,,,25,Rare,$0.23
1,0,Titania's Boon,Urza's Saga,276,Near Mint,English,,,,,,,,,Uncommon,$0.18
3,0,Titania's Song,Antiquities,65,Near Mint,English,,,,,,,,,Uncommon,$0.42
1,0,Titania's Song,Revised Edition,127,Near Mint,English,,,,,,,,,Rare,$0.29
3,0,Tivadar's Crusade,The Dark,91,Near Mint,English,,,,,,,,,Uncommon,$0.66
12,8,To the Slaughter,Shadows over Innistrad,139,Near Mint,English,,,,,,,,75,Rare,$0.82
1,0,Tolaria,Legends,253,Near Mint,English,,,,,,,,,Uncommon,$0.73
1,0,Tolaria,Legends,253,Played,English,,,,,,,,,Uncommon,$0.73
1,0,Tolaria,Legends,253,Good (Lightly Played),English,,,,,,,,,Uncommon,$0.73
1,0,Tolarian Academy,Urza's Saga,330,Near Mint,English,,,,,,,,,Rare,$39.69
2,0,Tolarian Drake,Weatherlight,55,Near Mint,English,,,,,,,,,Common,$0.14
2,0,Tolarian Emissary,Invasion,81,Near Mint,English,,,,,,,,,Uncommon,$0.18
1,0,Tolarian Winds,Urza's Saga,104,Near Mint,English,,,,,,,,,Common,$0.15
1,0,Tonic Peddler,Mercadian Masques,54,Near Mint,English,,,,,,,,,Uncommon,$0.18
1,1,Tooth and Nail,Mirrodin,134,Near Mint,English,,,,,,,,2200,Rare,$21.27
4,0,Topple,Nemesis,24,Near Mint,English,,,,,,,,,Common,$0.14
1,0,Tor Giant,Ice Age,220,Near Mint,English,,,,,,,,,Common,$0.14
3,0,Torment,Stronghold,23,Near Mint,English,,,,,,,,,Common,$0.15
1,0,Tormod's Crypt,Chronicles,89,Near Mint,English,,,,,,,,,Common,$0.27
1,0,Tormod's Crypt,The Dark,109,Played,English,,,,,,,,,Uncommon,$1.90
1,0,Tormod's Crypt,The Dark,109,Good (Lightly Played),English,,,,,,,,,Uncommon,$1.90
1,0,Tormod's Crypt,The Dark,109,Near Mint,English,,,,,,,,,Uncommon,$1.90
4,4,Torpor Orb,New Phyrexia,162,Near Mint,English,,,,,,,,350,Rare,$3.53
11,8,Torrent Elemental,Fate Reforged,56,Near Mint,English,,,,,,,,75,MythicRare,$0.84
1,0,Torture,Homelands,23,Near Mint,English,,,,,,,,,Common,$0.18
1,0,Torture,Homelands,24,Near Mint,English,,,,,,,,,Common,$0.17
1,0,Tortured Existence,Stronghold,24,Near Mint,English,,,,,,,,,Common,$0.27
1,0,Touch of Death,Ice Age,55,Near Mint,English,,,,,,,,,Common,$0.14
32,8,Touch of the Eternal,Magic 2013,37,Near Mint,English,,,,,,,,25,Rare,$0.29
1,0,Touch of Vitae,Ice Age,159,Near Mint,English,,,,,,,,,Uncommon,$0.17
9,0,Tourach's Chant,Fallen Empires,32,Near Mint,English,,,,,,,,,Uncommon,$0.18
5,0,Tourach's Gate,Fallen Empires,33,Near Mint,English,,,,,,,,,Rare,$0.30
4,0,Tower Drake,Invasion,82,Near Mint,English,,,,,,,,,Common,$0.14
10,8,Tower of Calamities,Scars of Mirrodin,212,Near Mint,English,,,,,,,,25,Rare,$0.31
4,0,Tower of Coireall,The Dark,110,Near Mint,English,,,,,,,,,Uncommon,$0.22
2,0,Tower of the Magistrate,Mercadian Masques,330,Near Mint,English,,,,,,,,,Rare,$3.89
1,0,Toymaker,Mercadian Masques,314,Near Mint,English,,,,,,,,,Uncommon,$0.17
1,0,Tracker,The Dark,52,Good (Lightly Played),English,,signed,,,,,,,Rare,$0.60
1,0,Trade Routes,Mercadian Masques,112,Near Mint,English,,,,,,,,,Rare,$0.44
32,8,Trading Post,Magic 2013,220,Near Mint,English,,,,,,,,25,Rare,$0.32
16,8,Trading Post,Magic 2014 Core Set,225,Near Mint,English,,,,,,,,25,Rare,$0.31
22,8,Tragic Arrogance,Magic Origins,38,Near Mint,English,,,,,,,,75,Rare,$0.99
1,0,Tragic Poet,Urza's Legacy,24,Near Mint,English,,,,,,,,,Common,$0.15
30,8,Trail of Mystery,Khans of Tarkir,154,Near Mint,English,,,,,,,,25,Rare,$0.29
45,8,Trait Doctoring,Dragon's Maze,18,Near Mint,English,,,,,,,,25,Rare,$0.26
2,0,Tranquil Domain,Mirage,143,Near Mint,English,,,,,,,,,Common,$0.14
4,0,Tranquil Path,Apocalypse,89,Near Mint,English,,,,,,,,,Common,$0.15
3,0,Tranquility,Revised Edition,128,Near Mint,English,,,,,,,,,Common,$0.13
2,0,Tranquility,Mercadian Masques,280,Near Mint,English,,,,,,,,,Common,$0.14
5,0,Tranquility,Invasion,217,Near Mint,English,,,,,,,,,Common,$0.15
1,0,Transmogrifying Licid,Exodus,141,Near Mint,English,,,,,,,,,Uncommon,$0.18
1,0,Transmutation,Legends,37,Played,English,,,,,,,,,Common,$0.19
2,0,Transmute Artifact,Antiquities,58,Played,English,,,,,,,,,Uncommon,$58.85
27,8,Trap Essence,Khans of Tarkir,209,Near Mint,English,,,,,,,,25,Rare,$0.26
1,0,Trap Runner,Mercadian Masques,55,Near Mint,English,,,,,,,,,Uncommon,$0.21
5,5,Traumatize,Magic 2014 Core Set,77,Near Mint,English,,,,,,,,175,Rare,$1.84
4,0,Traveler's Cloak,Invasion,83,Near Mint,English,,,,,,,,,Common,$0.15
7,7,Traverse the Ulvenwald,Shadows over Innistrad,234,Near Mint,English,,,,,,,,200,Rare,$2.13
30,8,Treacherous Pit-Dweller,Avacyn Restored,121,Near Mint,English,,,,,,,,25,Rare,$0.31
1,0,Treasure Hunter,Exodus,23,Near Mint,English,,,,,,,,,Uncommon,$0.18
49,8,Treasury Thrull,Gatecrash,201,Near Mint,English,,,,,,,,25,Rare,$0.24
2,0,Treefolk Healer,Invasion,218,Near Mint,English,,,,,,,,,Uncommon,$0.18
2,0,Treefolk Mystic,Urza's Legacy,114,Near Mint,English,,,,,,,,,Common,$0.16
9,0,Treetop Bracers,Nemesis,123,Near Mint,English,,,,,,,,,Common,$0.14
3,0,Treetop Rangers,Urza's Saga,279,Near Mint,English,,,,,,,,,Common,$0.15
2,0,Treetop Village,Urza's Legacy,143,Near Mint,English,,,,,,,,,Uncommon,$2.69
1,0,Tremor,Classic Sixth Edition,211,Near Mint,English,,,,,,,,,Common,$0.14
4,0,Tremor,Mercadian Masques,220,Near Mint,English,,,,,,,,,Common,$0.15
1,0,Trench Wurm,Invasion,127,Near Mint,English,,,,,,,,,Uncommon,$0.21
3,0,Trenching Steed,Prophecy,26,Near Mint,English,,,,,,,,,Common,$0.14
2,0,Treva's Attendant,Invasion,315,Near Mint,English,,,,,,,,,Uncommon,$0.19
1,0,Treva's Charm,Planeshift,129,Near Mint,English,,,,,,,,,Uncommon,$0.20
1,0,Treva's Ruins,Planeshift,143,Near Mint,English,,,,,,,,,Uncommon,$0.68
57,8,Triad of Fates,Theros,206,Near Mint,English,,,,,,,,25,Rare,$0.27
4,0,Tribal Flames,Invasion,176,Near Mint,English,,,,,,,,,Common,$0.17
8,0,Trickster Mage,Nemesis,49,Near Mint,English,,,,,,,,,Common,$0.14
1,1,Trinisphere,Darksteel,154,Near Mint,English,,,,,,,,1525,Rare,$14.00
2,2,Triskaidekaphobia,Shadows over Innistrad,141,Near Mint,English,,,,,,,,150,Rare,$1.27
1,0,Troll-Horn Cameo,Invasion,316,Near Mint,English,,,,,,,,,Uncommon,$0.18
9,8,Tromokratis,Born of the Gods,55,Near Mint,English,,,,,,,,25,Rare,$0.25
1,0,Tropical Island,Unlimited Edition,299,Good (Lightly Played),English,,,,,,,,,Rare,$322.04
3,0,Tropical Island,Revised Edition,303,Near Mint,English,,,,,,,,,Rare,$227.21
1,0,Tropical Island,Revised Edition,303,Played,English,,,,,,,,,Rare,$227.21
1,0,Tropical Storm,Mirage,144,Near Mint,English,,,,,,,,,Uncommon,$0.17
3,3,"Trostani, Selesnya's Voice",Return to Ravnica,206,Near Mint,English,,,,,,,,325,MythicRare,$3.60
5,0,Troubled Healer,Prophecy,27,Near Mint,English,,,,,,,,,Common,$0.14
2,2,True Conviction,Scars of Mirrodin,25,Near Mint,English,,,,,,,,150,Rare,$1.48
3,3,True-Name Nemesis,Commander 2013,63,Near Mint,English,,,,,,,,1325,Rare,$13.14
2,0,Tsabo's Decree,Invasion,129,Near Mint,English,,,,,,,,,Rare,$0.72
1,0,Tsabo's Web,Invasion,317,Near Mint,English,,,,,,,,,Rare,$0.75
2,0,Tsunami,Revised Edition,129,Near Mint,English,,,,,,,,,Uncommon,$0.18
1,0,Tsunami,Fourth Edition,162,Near Mint,English,,,,,,,,,Uncommon,$0.19
1,0,Tundra,Unlimited Edition,300,Good (Lightly Played),English,,,,,,,,,Rare,$400.81
1,0,Tundra,Unlimited Edition,300,Heavily Played,English,,,,,,,,,Rare,$400.81
1,0,Tundra,Revised Edition,304,Near Mint,English,,,,,,,,,Rare,$203.76
1,0,Tundra,Revised Edition,304,Played,English,,,,,,,,,Rare,$203.76
4,0,Tundra Kavu,Apocalypse,71,Near Mint,English,,,,,,,,,Common,$0.15
3,0,Tundra Wolves,Legends,209,Played,English,,,,,,,,,Common,$0.20
1,0,Tundra Wolves,Classic Sixth Edition,48,Near Mint,English,,,,,,,,,Common,$0.14
13,8,Tunnel Ignus,Scars of Mirrodin,105,Near Mint,English,,,,,,,,25,Rare,$0.28
3,0,Turf Wound,Invasion,177,Near Mint,English,,,,,,,,,Common,$0.15
2,0,Twiddle,Unlimited Edition,86,Good (Lightly Played),English,,,,,,,,,Common,$0.29
1,0,Twiddle,Unlimited Edition,86,Near Mint,English,,,,,,,,,Common,$0.29
1,1,Twilight Mire,Eventide,180,Near Mint,English,,,,,,,,3825,Rare,$38.17
1,0,Twilight's Call,Invasion,130,Near Mint,English,,,,,,,,,Rare,$0.67
14,8,Twinflame,Journey into Nyx,115,Near Mint,English,,,,,,,,25,Rare,$0.29
59,8,"Tymaret, the Murder King",Theros,207,Near Mint,English,,,,,,,,25,Rare,$0.25
41,8,Tyrant of Discord,Avacyn Restored,162,Near Mint,English,,,,,,,,25,Rare,$0.32
28,8,Tyrant of Valakut,Oath of the Gatewatch,119,Near Mint,English,,,,,,,,25,Rare,$0.28
33,8,Ugin's Insight,Battle for Zendikar,87,Near Mint,English,,,,,,,,25,Rare,$0.31
87,8,Ugin's Nexus,Khans of Tarkir,227,Near Mint,English,,,,,,,,75,MythicRare,$0.69
5,5,"Ugin, the Spirit Dragon",Fate Reforged,1,Near Mint,English,,,,,,,,2275,MythicRare,$24.60
1,0,Uktabi Efreet,Weatherlight,85,Near Mint,English,,,,,,,,,Common,$0.15
1,1,"Ulamog, the Ceaseless Hunger",Battle for Zendikar,15,Near Mint,English,,,,,,,,1275,MythicRare,$12.49
2,2,"Ulamog, the Infinite Gyre",Modern Masters 2015 Edition,6,Near Mint,English,,,,,,,,1575,MythicRare,$16.61
1,1,"Ulamog, the Infinite Gyre",Rise of the Eldrazi,12,Near Mint,English,,,,,,,,1800,MythicRare,$18.48
7,7,Ulvenwald Hydra,Shadows over Innistrad,235,Near Mint,English,,,,,,,,225,MythicRare,$2.30
37,8,Ulvenwald Tracker,Avacyn Restored,200,Near Mint,English,,,,,,,,50,Rare,$0.60
8,8,Unbreathing Horde,Innistrad,121,Near Mint,English,,,,,,,,125,Rare,$1.06
1,0,Uncle Istvan,The Dark,16,Near Mint,English,,,,,,,,,Uncommon,$0.33
14,8,Undead Alchemist,Innistrad,84,Near Mint,English,,,,,,,,100,Rare,$0.89
56,8,Undercity Plague,Gatecrash,83,Near Mint,English,,,,,,,,25,Rare,$0.24
1,0,Underground River,Ice Age,357,Near Mint,English,,,,,,,,,Rare,$4.75
1,0,Underground Sea,Unlimited Edition,301,Heavily Played,English,,,,,,,,,Rare,$601.19
1,0,Underground Sea,Revised Edition,305,Heavily Played,English,,,,,,,,,Rare,$368.24
1,0,Underground Sea,Revised Edition,305,Played,English,,,,,,,,,Rare,$368.24
1,0,Underground Sea,Revised Edition,305,Good (Lightly Played),English,,,,,,,,,Rare,$368.24
43,8,Undergrowth Champion,Battle for Zendikar,197,Near Mint,English,,,,,,,,175,MythicRare,$1.75
1,0,Undermine,Invasion,282,Near Mint,English,,,,,,,,,Rare,$2.07
4,0,Undertaker,Mercadian Masques,167,Near Mint,English,,,,,,,,,Common,$0.16
1,0,Undertow,Legends,82,Near Mint,English,,,,,,,,,Uncommon,$0.39
17,8,Underworld Cerberus,Theros,208,Near Mint,English,,,,,,,,75,MythicRare,$0.75
24,8,Underworld Connections,Return to Ravnica,83,Near Mint,English,,,,,,,,50,Rare,$0.54
1,0,Undo,Visions,47,Near Mint,English,,,,,,,,,Common,$0.15
2,0,Unearth,Urza's Legacy,72,Near Mint,English,,,,,,,,,Common,$1.46
1,0,Unerring Sling,Mirage,287,Near Mint,English,,,,,,,,,Uncommon,$0.17
25,8,Unexpected Results,Gatecrash,203,Near Mint,English,,,,,,,,25,Rare,$0.29
2,0,Unholy Citadel,Legends,254,Near Mint,English,,,,,,,,,Uncommon,$0.62
1,0,Unholy Strength,Revised Edition,41,Good (Lightly Played),English,,,,,,,,,Common,$0.14
4,0,Unholy Strength,Revised Edition,41,Near Mint,English,,,,,,,,,Common,$0.14
1,0,Unmask,Mercadian Masques,168,Near Mint,English,,,,,,,,,Rare,$4.62
1,0,Unnatural Selection,Apocalypse,32,Near Mint,English,,,,,,,,,Rare,$0.64
1,0,Unnerve,Urza's Saga,162,Near Mint,English,,,,,,,,,Common,$0.16
1,0,Unseen Walker,Mirage,147,Near Mint,English,,,,,,,,,Uncommon,$0.18
6,0,Unstable Mutation,Revised Edition,86,Near Mint,English,,,,,,,,,Common,$0.15
1,0,Unsummon,Unlimited Edition,87,Good (Lightly Played),English,,,,,,,,,Common,$0.30
10,0,Unsummon,Revised Edition,87,Near Mint,English,,,,,,,,,Common,$0.14
1,1,Unwinding Clock,New Phyrexia,164,Near Mint,English,,,,,,,,600,Rare,$5.97
1,0,Unworthy Dead,Urza's Saga,163,Near Mint,English,,,,,,,,,Common,$0.15
1,0,Updraft,Ice Age,105,Near Mint,English,,,,,,,,,Uncommon,$0.20
1,0,Uphill Battle,Mercadian Masques,222,Near Mint,English,,,,,,,,,Uncommon,$0.22
1,1,Urabrask the Hidden,New Phyrexia,98,Near Mint,English,,,,,,,,1075,MythicRare,$10.59
2,0,Urborg,Legends,255,Good (Lightly Played),English,,,,,,,,,Uncommon,$4.12
2,0,Urborg Drake,Invasion,283,Near Mint,English,,,,,,,,,Uncommon,$0.18
5,0,Urborg Elf,Apocalypse,90,Near Mint,English,,,,,,,,,Common,$0.18
2,0,Urborg Emissary,Invasion,131,Near Mint,English,,,,,,,,,Uncommon,$0.18
4,0,Urborg Justice,Weatherlight,26,Near Mint,English,,,,,,,,,Rare,$0.92
1,0,Urborg Mindsucker,Visions,21,Near Mint,English,,,,,,,,,Common,$0.14
5,0,Urborg Phantom,Invasion,132,Near Mint,English,,,,,,,,,Common,$0.16
1,0,Urborg Shambler,Invasion,133,Near Mint,English,,,,,,,,,Uncommon,$0.18
4,0,Urborg Skeleton,Invasion,134,Near Mint,English,,,,,,,,,Common,$0.15
5,0,Urborg Uprising,Apocalypse,53,Near Mint,English,,,,,,,,,Common,$0.16
1,0,Urborg Volcano,Invasion,330,Near Mint,English,,,,,,,,,Uncommon,$0.30
6,6,"Urborg, Tomb of Yawgmoth",Magic 2015 Core Set,248,Near Mint,English,,,,,,,,1050,Rare,$11.58
1,0,Urza's Avenger,Fourth Edition,373,Near Mint,English,,,,,,,,,Rare,$0.29
2,0,Urza's Bauble,Ice Age,318,Near Mint,English,,,,,,,,,Uncommon,$0.32
1,0,Urza's Blueprints,Urza's Legacy,137,Near Mint,English,,,,,,,,,Rare,$0.34
1,0,Urza's Mine,Chronicles,94,Near Mint,English,,,,,,,,,Uncommon,$1.81
1,0,Urza's Mine,Chronicles,95,Near Mint,English,,,,,,,,,Uncommon,$0.25
1,0,Urza's Mine,Antiquities,75,Good (Lightly Played),English,,,,,,,,,Common,$1.81
1,0,Urza's Mine,Antiquities,76,Good (Lightly Played),English,,,,,,,,,Uncommon,$1.00
1,0,Urza's Mine,Antiquities,77,Near Mint,English,,,,,,,,,Common,$1.70
1,0,Urza's Mine,Antiquities,78,Good (Lightly Played),English,,,,,,,,,Uncommon,$3.21
1,0,Urza's Miter,Antiquities,41,Near Mint,English,,,,,,,,,Rare,$3.58
1,0,Urza's Power Plant,Chronicles,100,Near Mint,English,,,,,,,,,Uncommon,$0.72
1,0,Urza's Power Plant,Antiquities,79,Played,English,,,,,,,,,Common,$0.96
1,0,Urza's Power Plant,Antiquities,80,Good (Lightly Played),English,,,,,,,,,Common,$3.14
1,0,Urza's Power Plant,Antiquities,81,Played,English,,,,,,,,,Uncommon,$0.50
1,0,Urza's Power Plant,Antiquities,82,Played,English,,,,,,,,,Uncommon,$2.45
1,0,Urza's Rage,Invasion,178,Near Mint,English,,,,,,,,,Rare,$0.91
1,0,Urza's Tower,Antiquities,83,Played,English,,,,,,,,,Uncommon,$3.50
2,0,Urza's Tower,Antiquities,84,Good (Lightly Played),English,,,,,,,,,Uncommon,$2.40
1,0,Urza's Tower,Antiquities,85,Played,English,,,,,,,,,Common,$0.68
1,0,Urza's Tower,Antiquities,86,Played,English,,,,,,,,,Uncommon,$1.00
2,0,Uthden Troll,Revised Edition,181,Near Mint,English,,,,,,,,,Uncommon,$0.16
1,0,Utopia Tree,Invasion,219,Near Mint,English,,,,,,,,,Rare,$1.27
60,8,Utter End,Khans of Tarkir,210,Near Mint,English,,,,,,,,75,Rare,$0.85
3,3,Utvara Hellkite,Return to Ravnica,110,Near Mint,English,,,,,,,,475,MythicRare,$4.73
7,0,Vampire Hounds,Exodus,77,Near Mint,English,,,,,,,,,Common,$0.19
2,0,Vampiric Tutor,Visions,22,Near Mint,English,,,,,,,,,Rare,$28.90
1,0,Vampiric Tutor,Visions,22,Played,English,,,,,,,,,Rare,$28.90
2,0,Vampiric Tutor,Visions,22,Good (Lightly Played),English,,,,,,,,,Rare,$28.90
2,0,Vanishing,Visions,48,Near Mint,English,,,,,,,,,Common,$0.18
1,0,Vaporous Djinn,Mirage,101,Near Mint,English,,,,,,,,,Uncommon,$0.17
44,8,"Varolz, the Scar-Striped",Dragon's Maze,112,Near Mint,English,,,,,,,,75,Rare,$0.65
2,2,Vastwood Hydra,Magic 2014 Core Set,198,Near Mint,English,,,,,,,,75,Rare,$0.87
18,8,Vault of the Archangel,Dark Ascension,158,Near Mint,English,,,,,,,,225,Rare,$2.36
1,0,Veil of Birds,Urza's Saga,106,Near Mint,English,,,,,,,,,Common,$0.14
1,0,Veiled Crocodile,Urza's Saga,108,Near Mint,English,,,,,,,,,Rare,$0.30
2,0,Veiled Sentry,Urza's Saga,109,Near Mint,English,,,,,,,,,Uncommon,$0.27
1,0,Veiled Serpent,Urza's Saga,110,Near Mint,English,,,,,,,,,Common,$0.14
1,0,Venarian Gold,Legends,83,Near Mint,English,,,,,,,,,Common,$0.19
4,0,Vendetta,Mercadian Masques,170,Near Mint,English,,,,,,,,,Common,$0.16
1,1,Vendilion Clique,Modern Masters,70,Near Mint,English,,,,,,,,3550,MythicRare,$35.68
2,2,Vendilion Clique,Morningtide,55,Near Mint,English,,,,,,,,3650,Rare,$35.54
1,0,Venerable Monk,Stronghold,121,Near Mint,English,,,,,,,,,Common,$0.15
2,2,Vengeful Pharaoh,Magic 2012,116,Near Mint,English,,,,,,,,325,Rare,$3.21
5,0,Venom,The Dark,53,Near Mint,English,,,,,,,,,Common,$0.14
1,0,Venomous Breath,Mercadian Masques,281,Near Mint,English,,,,,,,,,Uncommon,$0.18
4,0,Venomous Dragonfly,Mercadian Masques,282,Near Mint,English,,,,,,,,,Common,$0.15
2,0,Venomous Fangs,Urza's Saga,280,Near Mint,English,,,,,,,,,Common,$0.15
1,1,"Venser, Shaper Savant",Future Sight,46,Near Mint,English,,,,,,,,1825,Rare,$17.79
1,0,Verdant Field,Prophecy,130,Near Mint,English,,,,,,,,,Uncommon,$0.20
1,0,Verduran Emissary,Invasion,221,Near Mint,English,,,,,,,,,Uncommon,$0.18
1,0,Verduran Enchantress,Revised Edition,130,Good (Lightly Played),English,,,,,,,,,Rare,$0.38
1,0,Vernal Equinox,Mercadian Masques,283,Near Mint,English,,,,,,,,,Rare,$0.37
47,8,Veteran Warleader,Battle for Zendikar,221,Near Mint,English,,,,,,,,25,Rare,$0.29
1,0,Vexing Arcanix,Ice Age,319,Near Mint,English,,,,,,,,,Rare,$0.27
2,0,Viashino Bey,Urza's Legacy,93,Near Mint,English,,,,,,,,,Common,$0.15
4,0,Viashino Grappler,Invasion,179,Near Mint,English,,,,,,,,,Common,$0.14
1,0,Viashino Heretic,Urza's Legacy,95,Near Mint,English,,,,,,,,,Uncommon,$0.48
1,0,Viashino Outrider,Urza's Saga,223,Near Mint,English,,,,,,,,,Common,$0.14
3,0,Viashino Runner,Urza's Saga,224,Near Mint,English,,,,,,,,,Common,$0.15
1,0,Viashino Sandscout,Urza's Legacy,96,Near Mint,English,,,,,,,,,Common,$0.15
1,0,Viashino Sandswimmer,Urza's Saga,225,Near Mint,English,,,,,,,,,Rare,$0.31
2,0,Viashino Warrior,Mirage,200,Near Mint,English,,,,,,,,,Common,$0.14
2,0,Viashino Weaponsmith,Urza's Saga,226,Near Mint,English,,,,,,,,,Common,$0.15
1,0,Vibrating Sphere,Ice Age,320,Near Mint,English,,,,,,,,,Rare,$0.27
9,0,Vicious Hunger,Nemesis,74,Near Mint,English,,,,,,,,,Common,$0.14
5,0,Vicious Kavu,Invasion,284,Near Mint,English,,,,,,,,,Uncommon,$0.18
1,0,Victimize,Urza's Saga,166,Near Mint,English,,,,,,,,,Uncommon,$0.83
4,4,Victory's Herald,Mirrodin Besieged,18,Near Mint,English,,,,,,,,25,Rare,$0.42
1,0,Victual Sliver,Stronghold,143,Near Mint,English,,,,,,,,,Uncommon,$0.35
1,0,Vigilant Drake,Urza's Legacy,46,Near Mint,English,,,,,,,,,Common,$0.15
2,2,Vigor,Lorwyn,240,Near Mint,English,,,,,,,,1550,Rare,$15.80
4,0,Vigorous Charge,Invasion,222,Near Mint,English,,,,,,,,,Common,$0.15
27,8,Vile Redeemer,Oath of the Gatewatch,125,Near Mint,English,,,,,,,,25,Rare,$0.35
2,0,Vile Requiem,Urza's Saga,167,Near Mint,English,,,,,,,,,Uncommon,$0.22
33,8,Villainous Wealth,Khans of Tarkir,211,Near Mint,English,,,,,,,,25,Rare,$0.29
1,1,Vindicate,Apocalypse,126,Near Mint,English,,,,,,,,1250,Rare,$12.82
1,1,Vindicate,Apocalypse,126,Near Mint,Japanese,,,,,,,,1438,Rare,$12.82
4,0,Vine Dryad,Mercadian Masques,284,Near Mint,English,,,,,,,,,Rare,$0.51
5,0,Vintara Elephant,Prophecy,131,Near Mint,English,,,,,,,,,Common,$0.14
1,0,Vintara Snapper,Prophecy,132,Near Mint,English,,,,,,,,,Uncommon,$0.21
4,0,Viseling,Nemesis,140,Near Mint,English,,,,,,,,,Uncommon,$0.19
1,0,Vitalize,Classic Sixth Edition,265,Near Mint,English,,,,,,,,,Common,$0.21
1,0,Vitalizing Wind,Prophecy,133,Near Mint,English,,,,,,,,,Rare,$0.50
1,0,Vodalian Hypnotist,Invasion,84,Near Mint,English,,,,,,,,,Uncommon,$0.18
4,0,Vodalian Knights,Fallen Empires,58,Near Mint,English,,,,,,,,,Rare,$0.39
8,0,Vodalian Mage,Fallen Empires,59,Near Mint,English,,,,,,,,,Common,$0.18
7,0,Vodalian Mage,Fallen Empires,60,Near Mint,English,,,,,,,,,Common,$0.18
6,0,Vodalian Mage,Fallen Empires,61,Near Mint,English,,,,,,,,,Common,$0.17
4,0,Vodalian Merchant,Invasion,85,Near Mint,English,,,,,,,,,Common,$0.14
8,0,Vodalian Mystic,Apocalypse,33,Near Mint,English,,,,,,,,,Uncommon,$0.18
4,0,Vodalian Serpent,Invasion,86,Near Mint,English,,,,,,,,,Common,$0.14
5,0,Vodalian Soldiers,Fallen Empires,62,Near Mint,English,,,,,,,,,Common,$0.14
6,0,Vodalian Soldiers,Fallen Empires,63,Near Mint,English,,,,,,,,,Common,$0.16
7,0,Vodalian Soldiers,Fallen Empires,64,Near Mint,English,,,,,,,,,Common,$0.16
6,0,Vodalian Soldiers,Fallen Empires,65,Near Mint,English,,,,,,,,,Common,$0.16
1,0,Vodalian Soldiers,Classic Sixth Edition,104,Near Mint,English,,,,,,,,,Common,$0.14
4,0,Vodalian War Machine,Fallen Empires,66,Near Mint,English,,,,,,,,,Rare,$0.31
7,0,Vodalian Zombie,Invasion,286,Near Mint,English,,,,,,,,,Common,$0.15
4,0,Voice of All,Planeshift,19,Near Mint,English,,,,,,,,,Uncommon,$0.40
1,0,Voice of Grace,Urza's Saga,54,Near Mint,English,,,,,,,,,Uncommon,$0.21
1,1,Voice of Resurgence,Dragon's Maze,114,Near Mint,English,,,,,,,,3225,MythicRare,$30.84
1,0,Voice of Truth,Nemesis,25,Near Mint,English,,,,,,,,,Uncommon,$0.29
25,8,Void Stalker,Magic 2013,77,Near Mint,English,,,,,,,,25,Rare,$0.25
30,8,Void Winnower,Battle for Zendikar,17,Near Mint,English,,,,,,,,200,MythicRare,$2.20
63,8,Volatile Rig,Return to Ravnica,236,Near Mint,English,,,,,,,,25,Rare,$0.24
2,0,Volcanic Eruption,Revised Edition,89,Near Mint,English,,,,,,,,,Rare,$0.30
1,0,Volcanic Geyser,Classic Sixth Edition,215,Near Mint,English,,,,,,,,,Uncommon,$0.26
1,0,Volcanic Island,Unlimited Edition,302,Played,English,,,,,,,,,Rare,$488.38
1,0,Volcanic Island,Revised Edition,306,Played,English,,,,,,,,,Rare,$316.59
1,0,Volcanic Island,Revised Edition,306,Heavily Played,English,,,,,,,,,Rare,$316.59
1,0,Volcanic Island,Revised Edition,306,Good (Lightly Played),English,,,,,,,,,Rare,$316.59
23,8,Volcanic Vision,Dragons of Tarkir,167,Near Mint,English,,,,,,,,25,Rare,$0.32
1,0,Volcanic Wind,Mercadian Masques,223,Near Mint,English,,,,,,,,,Uncommon,$0.17
7,0,Volcano Imp,Planeshift,56,Near Mint,English,,,,,,,,,Common,$0.14
4,0,Volrath the Fallen,Nemesis,75,Near Mint,English,,,,,,,,,Rare,$0.69
1,0,Voodoo Doll,Chronicles,91,Near Mint,English,,,,,,,,,Rare,$0.25
24,8,Vorapede,Dark Ascension,131,Near Mint,English,,,,,,,,150,MythicRare,$1.47
41,8,Vorel of the Hull Clade,Dragon's Maze,115,Near Mint,English,,,,,,,,75,Rare,$0.78
1,1,"Vorinclex, Voice of Hunger",New Phyrexia,127,Near Mint,English,,,,,,,,2300,MythicRare,$22.16
4,4,Vraska the Unseen,Return to Ravnica,208,Near Mint,English,,,,,,,,425,MythicRare,$4.51
29,8,Vryn Wingmare,Magic Origins,40,Near Mint,English,,,,,,,,50,Rare,$0.61
2,0,Wake of Vultures,Visions,24,Near Mint,English,,,,,,,,,Common,$0.15
4,0,Wall of Air,Revised Edition,90,Near Mint,English,,,,,,,,,Uncommon,$0.17
5,0,Wall of Bone,Revised Edition,42,Near Mint,English,,,,,,,,,Uncommon,$0.17
2,0,Wall of Brambles,Revised Edition,131,Near Mint,English,,,,,,,,,Uncommon,$0.17
1,0,Wall of Caltrops,Legends,211,Near Mint,English,,,,,,,,,Common,$0.23
1,0,Wall of Diffusion,Tempest,211,Near Mint,English,,,,,,,,,Common,$0.14
4,0,Wall of Distortion,Mercadian Masques,171,Near Mint,English,,,,,,,,,Common,$0.14
2,0,Wall of Dust,Legends,165,Near Mint,English,,,,,,,,,Uncommon,$0.45
4,0,Wall of Earth,Legends,166,Near Mint,English,,,,,,,,,Common,$0.21
1,0,Wall of Fire,Revised Edition,182,Near Mint,English,,,,,,,,,Uncommon,$0.16
1,0,Wall of Ice,Revised Edition,132,Near Mint,English,,,,,,,,,Uncommon,$0.20
1,0,Wall of Junk,Urza's Saga,315,Near Mint,English,,,,,,,,,Uncommon,$0.26
1,0,Wall of Light,Legends,212,Near Mint,English,,,,,,,,,Uncommon,$0.82
1,0,Wall of Nets,Exodus,24,Near Mint,English,,,,,,,,,Rare,$0.76
2,0,Wall of Opposition,Chronicles,56,Near Mint,English,,,,,,,,,Uncommon,$0.17
1,0,Wall of Putrid Flesh,Legends,41,Played,English,,,,,,,,,Uncommon,$0.75
1,0,Wall of Razors,Stronghold,100,Near Mint,English,,,,,,,,,Uncommon,$0.29
1,0,Wall of Roots,Mirage,151,Near Mint,English,,,,,,,,,Common,$1.29
1,0,Wall of Shadows,Legends,42,Near Mint,English,,,,,,,,,Common,$0.20
1,0,Wall of Shields,Ice Age,322,Near Mint,English,,,,,,,,,Uncommon,$0.20
1,0,Wall of Spears,Antiquities,42,Near Mint,English,,,,,,,,,Uncommon,$0.40
1,0,Wall of Stone,Revised Edition,183,Near Mint,English,,,,,,,,,Uncommon,$0.20
1,0,Wall of Swords,Unlimited Edition,227,Near Mint,English,,,,,,,,,Uncommon,$0.54
3,0,Wall of Swords,Revised Edition,227,Near Mint,English,,,,,,,,,Uncommon,$0.17
1,0,Wall of Tears,Stronghold,50,Near Mint,English,,,,,,,,,Uncommon,$0.32
1,0,Wall of Vapor,Chronicles,27,Near Mint,English,,,,,,,,,Common,$0.13
1,0,Wall of Vapor,Legends,84,Good (Lightly Played),English,,,,,,,,,Common,$0.19
3,0,Wall of Vapor,Legends,84,Near Mint,English,,,,,,,,,Common,$0.19
1,0,Wall of Water,Revised Edition,91,Near Mint,English,,,,,,,,,Uncommon,$0.16
1,0,Wall of Wonder,Legends,85,Near Mint,English,,,,,,,,,Uncommon,$0.44
9,0,Wall of Wood,Revised Edition,133,Near Mint,English,,,,,,,,,Common,$0.14
1,0,Wallop,Invasion,223,Near Mint,English,,,,,,,,,Uncommon,$0.19
1,0,Wand of Denial,Classic Sixth Edition,317,Near Mint,English,,,,,,,,,Rare,$0.34
1,0,Wand of Ith,The Dark,111,Near Mint,English,,,,,,,,,Uncommon,$0.28
1,0,Wand of Ith,The Dark,111,Good (Lightly Played),English,,,,,,,,,Uncommon,$0.28
5,0,Wandering Eye,Nemesis,50,Near Mint,English,,,,,,,,,Common,$0.14
11,8,Wandering Fumarole,Oath of the Gatewatch,182,Near Mint,English,,,,,,,,300,Rare,$2.95
5,0,Wandering Stream,Invasion,224,Near Mint,English,,,,,,,,,Common,$0.14
1,0,Wanderlust,Revised Edition,134,Near Mint,English,,,,,,,,,Uncommon,$0.16
4,4,Wanderwine Hub,Lorwyn,280,Near Mint,English,,,,,,,,975,Rare,$9.77
4,0,War Barge,The Dark,112,Near Mint,English,,,,,,,,,Uncommon,$0.26
2,0,War Cadence,Mercadian Masques,224,Near Mint,English,,,,,,,,,Uncommon,$0.18
6,0,War Mammoth,Revised Edition,135,Near Mint,English,,,,,,,,,Common,$0.14
1,0,War Tax,Mercadian Masques,113,Near Mint,English,,,,,,,,,Uncommon,$0.34
1,0,Ward of Lights,Mirage,251,Near Mint,English,,,,,,,,,Common,$0.14
41,8,Warden of the First Tree,Fate Reforged,143,Near Mint,English,,,,,,,,100,MythicRare,$1.06
1,0,Warmonger,Mercadian Masques,225,Near Mint,English,,,,,,,,,Uncommon,$0.18
1,0,Warning,Ice Age,279,Near Mint,English,,,,,,,,,Common,$0.14
1,0,Warp Artifact,Revised Edition,43,Near Mint,English,,,,,,,,,Rare,$0.30
2,0,Warpath,Mercadian Masques,226,Near Mint,English,,,,,,,,,Uncommon,$0.17
3,0,Warped Devotion,Planeshift,57,Near Mint,English,,,,,,,,,Uncommon,$0.27
2,0,Warrior's Honor,Visions,124,Near Mint,English,,,,,,,,,Common,$0.15
4,4,Warstorm Surge,Magic 2012,160,Near Mint,English,,,,,,,,50,Rare,$0.39
1,0,Warthog,Visions,74,Near Mint,English,,,,,,,,,Common,$0.15
2,0,Wash Out,Invasion,87,Near Mint,English,,,,,,,,,Uncommon,$0.85
2,2,Waste Not,Magic 2015 Core Set,122,Near Mint,English,,,,,,,,400,Rare,$4.06
4,4,Wasteland,Tempest,340,Near Mint,English,,,,,,,,5425,Uncommon,$53.41
36,8,Wasteland Strangler,Battle for Zendikar,102,Near Mint,English,,,,,,,,75,Rare,$0.71
6,0,Water Wurm,The Dark,37,Near Mint,English,,,,,,,,,Common,$0.14
2,0,Waterfront Bouncer,Mercadian Masques,114,Near Mint,English,,,,,,,,,Common,$0.20
2,0,Waterspout Elemental,Planeshift,38,Near Mint,English,,,,,,,,,Rare,$0.29
1,0,Wax // Wane,Invasion,296,Near Mint,English,,,,,,,,,Uncommon,$0.20
3,0,Wayfaring Giant,Invasion,44,Near Mint,English,,,,,,,,,Uncommon,$0.20
53,8,Wayfaring Temple,Return to Ravnica,209,Near Mint,English,,,,,,,,50,Rare,$0.38
1,0,Waylay,Urza's Saga,56,Near Mint,English,,,,,,,,,Uncommon,$0.21
4,0,Weakness,Revised Edition,44,Near Mint,English,,,,,,,,,Common,$0.14
4,4,Wear // Tear,Dragon's Maze,135,Near Mint,English,,,,,,,,0,Uncommon,$1.03
3,0,Weatherseed Elf,Urza's Legacy,115,Near Mint,English,,,,,,,,,Common,$0.15
4,0,Weatherseed Faeries,Urza's Legacy,48,Near Mint,English,,,,,,,,,Common,$0.15
17,8,Welcome to the Fold,Shadows over Innistrad,96,Near Mint,English,,,,,,,,25,Rare,$0.27
5,0,Welkin Hawk,Exodus,25,Near Mint,English,,,,,,,,,Common,$0.15
1,0,Well-Laid Plans,Invasion,88,Near Mint,English,,,,,,,,,Rare,$0.31
5,5,Westvale Abbey,Shadows over Innistrad,281,Near Mint,English,,,,,,,,600,Rare,$6.56
1,0,Wheel of Fortune,Revised Edition,184,Good (Lightly Played),English,,,,,,,,,Rare,$23.03
3,0,Wheel of Fortune,Revised Edition,184,Near Mint,English,,,,,,,,,Rare,$23.03
13,8,Whelming Wave,Born of the Gods,57,Near Mint,English,,,,,,,,50,Rare,$0.42
1,0,Whim of Volrath,Tempest,102,Near Mint,English,,,,,,,,,Rare,$0.74
18,8,Whims of the Fates,Born of the Gods,115,Near Mint,English,,,,,,,,25,Rare,$0.30
6,6,Whip of Erebos,Theros,110,Near Mint,English,,,,,,,,175,Rare,$2.02
2,0,Whip Sergeant,Prophecy,107,Near Mint,English,,,,,,,,,Uncommon,$0.20
4,0,Whip Silk,Invasion,225,Near Mint,English,,,,,,,,,Common,$0.15
5,0,Whippoorwill,The Dark,54,Near Mint,English,,,,,,,,,Uncommon,$0.23
5,0,Whipstitched Zombie,Prophecy,81,Near Mint,English,,,,,,,,,Common,$0.14
3,0,Whiptongue Frog,Exodus,52,Near Mint,English,,,,,,,,,Common,$0.15
7,0,Whirlpool Drake,Apocalypse,34,Near Mint,English,,,,,,,,,Uncommon,$0.17
4,0,Whirlpool Rider,Apocalypse,35,Near Mint,English,,,,,,,,,Common,$0.15
40,8,Whispering Madness,Gatecrash,207,Near Mint,English,,,,,,,,25,Rare,$0.27
44,8,Whisperwood Elemental,Fate Reforged,145,Near Mint,English,,,,,,,,100,MythicRare,$0.82
2,0,White Knight,Revised Edition,228,Near Mint,English,,,,,,,,,Uncommon,$0.24
1,0,White Mana Battery,Legends,244,Near Mint,English,,,,,,,,,Uncommon,$0.62
15,8,White Sun's Zenith,Mirrodin Besieged,19,Near Mint,English,,,,,,,,25,Rare,$0.37
4,0,White Ward,Revised Edition,229,Near Mint,English,,,,,,,,,Uncommon,$0.16
1,0,Whiteout,Ice Age,163,Near Mint,English,,,,,,,,,Uncommon,$0.17
1,0,Wicked Reward,Visions,25,Near Mint,English,,,,,,,,,Common,$0.15
81,8,Wild Beastmaster,Return to Ravnica,139,Near Mint,English,,,,,,,,25,Rare,$0.24
17,8,Wild Defiance,Avacyn Restored,203,Near Mint,English,,,,,,,,275,Rare,$2.83
2,0,Wild Dogs,Urza's Saga,284,Near Mint,English,,,,,,,,,Common,$0.15
1,0,Wild Elephant,Mirage,152,Near Mint,English,,,,,,,,,Common,$0.14
15,0,Wild Growth,Revised Edition,137,Near Mint,English,,,,,,,,,Common,$0.15
1,0,Wild Growth,Classic Sixth Edition,268,Near Mint,English,,,,,,,,,Common,$0.20
2,0,Wild Jhovall,Mercadian Masques,227,Near Mint,English,,,,,,,,,Common,$0.14
1,0,Wild Mammoth,Nemesis,124,Near Mint,English,,,,,,,,,Uncommon,$0.21
3,0,Wild Might,Prophecy,134,Near Mint,English,,,,,,,,,Common,$0.15
8,8,Wild Ricochet,Magic 2014 Core Set,162,Near Mint,English,,,,,,,,0,Rare,$0.33
22,8,Wildcall,Fate Reforged,146,Near Mint,English,,,,,,,,25,Rare,$0.31
33,8,Willbreaker,Magic Origins,84,Near Mint,English,,,,,,,,25,Rare,$0.35
1,0,Wind Drake,Tempest,105,Near Mint,English,,,,,,,,,Common,$0.14
1,0,Wind Drake,Classic Sixth Edition,106,Near Mint,English,,,,,,,,,Common,$0.14
1,0,Wind Shear,Visions,75,Near Mint,English,,,,,,,,,Uncommon,$0.20
10,8,Windreader Sphinx,Magic 2014 Core Set,81,Near Mint,English,,,,,,,,75,MythicRare,$0.74
5,5,Windswept Heath,Khans of Tarkir,248,Near Mint,English,,,,,,,,1250,Rare,$12.69
2,0,Wing Snare,Urza's Legacy,117,Near Mint,English,,,,,,,,,Uncommon,$0.17
2,0,Wing Storm,Prophecy,135,Near Mint,English,,,,,,,,,Uncommon,$0.20
28,8,Wingmate Roc,Khans of Tarkir,31,Near Mint,English,,,,,,,,125,MythicRare,$1.26
1,0,Wings of Aesthir,Ice Age,383,Near Mint,English,,,,,,,,,Uncommon,$0.20
3,0,Wings of Hope,Invasion,289,Near Mint,English,,,,,,,,,Common,$0.14
1,0,Winnow,Invasion,45,Near Mint,English,,,,,,,,,Rare,$0.31
1,0,Wirecat,Urza's Saga,317,Near Mint,English,,,,,,,,,Uncommon,$0.18
2,0,Wishmonger,Mercadian Masques,57,Near Mint,English,,,,,,,,,Uncommon,$0.21
31,8,Wit's End,Magic 2013,117,Near Mint,English,,,,,,,,25,Rare,$0.30
1,0,Witch Hunter,The Dark,92,Good (Lightly Played),English,,,,,,,,,Rare,$0.73
5,5,Witchstalker,Magic 2014 Core Set,202,Near Mint,English,,,,,,,,50,Rare,$0.61
3,0,Withering Boon,Mirage,50,Near Mint,English,,,,,,,,,Uncommon,$0.42
1,0,Wizard Mentor,Urza's Saga,112,Near Mint,English,,,,,,,,,Common,$0.15
6,0,Wizards' School,Homelands,140,Near Mint,English,,,,,,,,,Uncommon,$0.20
7,7,Wolf of Devil's Breach,Shadows over Innistrad,192,Near Mint,English,,,,,,,,75,MythicRare,$0.97
2,2,Wolfbitten Captive,Dark Ascension,133,Near Mint,English,,,,,,,,125,Rare,$1.13
20,8,Wolfir Silverheart,Avacyn Restored,206,Near Mint,English,,,,,,,,75,Rare,$0.81
3,0,Wolverine Pack,Legends,128,Near Mint,English,,,,,,,,,Common,$0.19
2,0,Wood Elves,Exodus,130,Near Mint,English,,,,,,,,,Common,$0.20
10,8,Wooded Foothills,Khans of Tarkir,249,Near Mint,English,,,,,,,,1600,Rare,$16.61
1,0,Wooden Sphere,Revised Edition,281,Near Mint,English,,,,,,,,,Uncommon,$0.16
19,8,Woodland Bellower,Magic Origins,207,Near Mint,English,,,,,,,,125,MythicRare,$1.48
3,3,Woodland Cemetery,Innistrad,249,Near Mint,English,,,,,,,,525,Rare,$5.72
56,8,Woodland Wanderer,Battle for Zendikar,198,Near Mint,English,,,,,,,,50,Rare,$0.45
4,0,Woodripper,Nemesis,125,Near Mint,English,,,,,,,,,Uncommon,$0.22
1,0,Woolly Spider,Ice Age,167,Near Mint,English,,,,,,,,,Common,$0.13
5,0,Word of Binding,The Dark,17,Near Mint,English,,,,,,,,,Common,$0.14
1,0,Word of Blasting,Mercadian Masques,228,Near Mint,English,,,,,,,,,Uncommon,$0.17
1,0,Word of Undoing,Ice Age,108,Near Mint,English,,,,,,,,,Common,$0.14
1,0,Workhorse,Exodus,142,Near Mint,English,,,,,,,,,Rare,$0.50
3,3,World Breaker,Oath of the Gatewatch,126,Near Mint,English,,,,,,,,525,MythicRare,$5.52
3,3,Worldfire,Magic 2013,158,Near Mint,English,,,,,,,,150,MythicRare,$1.42
2,0,Worldly Counsel,Invasion,89,Near Mint,English,,,,,,,,,Common,$0.15
1,0,Worldly Tutor,Mirage,153,Near Mint,English,,,,,,,,,Uncommon,$6.72
3,3,Worldslayer,Magic 2012,222,Near Mint,English,,,,,,,,50,Rare,$0.45
1,0,Worms of the Earth,The Dark,18,Good (Lightly Played),English,,,,,,,,,Rare,$0.99
1,0,Worms of the Earth,The Dark,18,Near Mint,English,,,,,,,,,Rare,$0.99
2,0,Wormwood Treefolk,The Dark,55,Near Mint,English,,,,,,,,,Rare,$0.48
1,1,Worship,Urza's Saga,57,Near Mint,English,,,,,,,,1050,Rare,$10.67
3,3,Worship,Ninth Edition,55,Near Mint,English,,,,,,,,1200,Rare,$12.00
6,6,Worst Fears,Journey into Nyx,87,Near Mint,English,,,,,,,,75,MythicRare,$0.86
56,8,Wrecking Ogre,Gatecrash,112,Near Mint,English,,,,,,,,25,Rare,$0.24
2,2,Wurmcoil Engine,Commander 2014,283,Near Mint,English,,,,,,,,1650,MythicRare,$16.71
4,4,Wurmcoil Engine,Scars of Mirrodin,223,Near Mint,English,,,,,,,,1750,MythicRare,$18.12
25,8,Xathrid Gorgon,Magic 2013,118,Near Mint,English,,,,,,,,25,Rare,$0.33
22,8,Xathrid Necromancer,Magic 2014 Core Set,123,Near Mint,English,,,,,,,,50,Rare,$0.43
12,8,"Xenagos, God of Revels",Born of the Gods,156,Near Mint,English,,,,,,,,675,MythicRare,$6.80
3,3,"Xenagos, the Reveler",Theros,209,Near Mint,English,,,,,,,,450,MythicRare,$4.82
8,8,Xenograft,New Phyrexia,51,Near Mint,English,,,,,,,,50,Rare,$0.40
40,8,Yasova Dragonclaw,Fate Reforged,148,Near Mint,English,,,,,,,,25,Rare,$0.27
4,0,Yavimaya Barbarian,Invasion,290,Near Mint,English,,,,,,,,,Common,$0.14
7,7,Yavimaya Coast,Magic 2015 Core Set,249,Near Mint,English,,,,,,,,150,Rare,$1.54
31,8,Yavimaya Coast,Magic Origins,252,Near Mint,English,,,,,,,,150,Rare,$1.66
3,0,Yavimaya Granger,Urza's Legacy,118,Near Mint,English,,,,,,,,,Common,$0.15
2,0,Yavimaya Kavu,Invasion,291,Near Mint,English,,,,,,,,,Uncommon,$0.22
2,0,Yavimaya Wurm,Urza's Legacy,120,Near Mint,English,,,,,,,,,Common,$0.14
1,0,Yawgmoth's Will,Urza's Saga,171,Near Mint,English,,,,,,,,,Rare,$28.31
20,8,"Yeva, Nature's Herald",Magic 2013,197,Near Mint,English,,,,,,,,75,Rare,$0.69
6,6,"Yisan, the Wanderer Bard",Magic 2015 Core Set,209,Near Mint,English,,,,,,,,50,Rare,$0.41
1,0,Yotian Soldier,Antiquities,44,Near Mint,English,,,,,,,,,Common,$0.22
2,0,Yotian Soldier,Fourth Edition,378,Near Mint,English,,,,,,,,,Common,$0.14
1,0,Youthful Knight,Stronghold,125,Near Mint,English,,,,,,,,,Common,$0.15
34,8,"Zada, Hedron Grinder",Battle for Zendikar,162,Near Mint,English,,,,,,,,50,Rare,$0.72
1,0,Zanam Djinn,Invasion,90,Near Mint,English,,,,,,,,,Uncommon,$0.18
4,0,Zap,Invasion,180,Near Mint,English,,,,,,,,,Common,$0.14
1,0,Zealots en-Dal,Exodus,26,Near Mint,English,,,,,,,,,Uncommon,$0.18
29,8,Zealous Conscripts,Avacyn Restored,166,Near Mint,English,,,,,,,,75,Rare,$0.83
2,0,Zelyon Sword,Fallen Empires,176,Near Mint,English,,,,,,,,,Rare,$0.34
17,8,Zendikar Resurgent,Oath of the Gatewatch,147,Near Mint,English,,,,,,,,50,Rare,$0.60
1,0,Zephid's Embrace,Urza's Saga,114,Near Mint,English,,,,,,,,,Uncommon,$0.22
1,0,Zephyr Falcon,Fourth Edition,116,Near Mint,English,,,,,,,,,Common,$0.14
6,0,Zerapa Minotaur,Prophecy,108,Near Mint,English,,,,,,,,,Common,$0.14
1,0,Zhalfirin Knight,Mirage,254,Near Mint,English,,,,,,,,,Common,$0.14
55,8,Zhur-Taa Ancient,Dragon's Maze,119,Near Mint,English,,,,,,,,25,Rare,$0.29
3,3,Zombie Apocalypse,Dark Ascension,80,Near Mint,English,,,,,,,,100,Rare,$1.03
4,0,Zombie Boa,Apocalypse,54,Near Mint,English,,,,,,,,,Common,$0.15
1,0,Zombie Scavengers,Weatherlight,29,Near Mint,English,,,,,,,,,Common,$0.15
2,0,Zuran Enchanter,Ice Age,110,Near Mint,English,,,,,,,,,Common,$0.14
11,8,Zurgo Bellstriker,Dragons of Tarkir,169,Near Mint,English,,,,,,,,100,Rare,$1.13
