cardName,setName,foil,qtyOwned,buyPrice,sellPrice,buyMerchant,sellMerchant,buyQty,sellQty,spread
,,0,,,0,,None,,0,%
Dragon Broodmother,Alara Reborn,0,1,10.51,14.02,isleofcards,isleofcards,10,2,%
"Karrthus, Tyrant of Jund",Alara Reborn,0,1,11.06,14.28,isleofcards,isleofcards,11,1,%
Lord of Extinction,Alara Reborn,0,1,11.31,16.17,isleofcards,isleofcards,4,6,%
Sen Triplets,Alara Reborn,0,1,17.44,23.73,isleofcards,isleofcards,8,4,%
Balduvian Trading Post,Alliances,0,1,0.16,0.41,cardkingdom,tcgplayer,19,,%
Sheltered Valley,Alliances,0,1,0.12,0.36,abugames,tcgplayer,20,,%
Soldevi Excavations,Alliances,0,1,2,7.47,magicdotcards,tcgplayer,,,%
Amulet of Kroog,Antiquities,0,1,0.02,0.19,abugames,tcgplayer,99,,%
Argivian Archaeologist,Antiquities,0,1,14.5,18.82,cardkingdom,tcgplayer,10,,%
Argivian Blacksmith,Antiquities,0,1,0.02,0.18,abugames,tcgplayer,99,,%
Argothian Pixies,Antiquities,0,1,0.02,0.19,abugames,tcgplayer,99,,%
Argothian Treefolk,Antiquities,0,1,0.02,0.19,abugames,tcgplayer,99,,%
Artifact Blast,Antiquities,0,4,0.02,0.22,abugames,tcgplayer,99,,%
Artifact Possession,Antiquities,0,2,0.02,0.19,abugames,tcgplayer,99,,%
Artifact Ward,Antiquities,0,3,0.02,0.19,abugames,tcgplayer,99,,%
Ashnod's Altar,Antiquities,0,1,3.77,11.68,abugames,tcgplayer,4,,%
Ashnod's Transmogrant,Antiquities,0,1,0.09,0.36,abugames,tcgplayer,30,,%
Battering Ram,Antiquities,0,1,0.02,0.19,abugames,tcgplayer,99,,%
Circle of Protection: Artifacts,Antiquities,0,1,0.43,4.44,abugames,tcgplayer,6,,%
Citanul Druid,Antiquities,0,1,0.28,0.6,abugames,tcgplayer,4,,%
Clay Statue,Antiquities,0,1,0.02,0.18,abugames,tcgplayer,99,,%
Crumble,Antiquities,0,4,0.02,0.19,abugames,tcgplayer,99,,%
Cursed Rack,Antiquities,0,1,0.25,0.6,adventureson,tcgplayer,9,,%
Drafna's Restoration,Antiquities,0,1,0.02,0.24,abugames,tcgplayer,99,,%
Dragon Engine,Antiquities,0,3,0.02,0.23,abugames,tcgplayer,99,,%
Feldon's Cane,Antiquities,0,1,1.75,1.93,cardkingdom,tcgplayer,10,,%
Grapeshot Catapult,Antiquities,0,1,0.02,0.19,abugames,tcgplayer,99,,%
Jalum Tome,Antiquities,0,1,0.95,0.75,abugames,tcgplayer,4,,%
Mightstone,Antiquities,0,1,0.14,0.45,abugames,tcgplayer,99,,%
Mishra's Factory,Antiquities,0,1,4.73,0,adventureson,None,10,0,%
Mishra's Workshop,Antiquities,0,1,562.59,999.95,abugames,tcgplayer,12,,%
Onulet,Antiquities,0,1,0.02,0.36,abugames,tcgplayer,99,,%
Ornithopter,Antiquities,0,1,0.58,1.86,abugames,tcgplayer,20,,%
Phyrexian Gremlins,Antiquities,0,3,0.02,0.19,abugames,tcgplayer,99,,%
Power Artifact,Antiquities,0,1,39.99,39.99,adventureson,tcgplayer,18,,%
Primal Clay,Antiquities,0,3,0.16,0.38,adventureson,tcgplayer,26,,%
Reverse Polarity,Antiquities,0,1,0.02,0.18,abugames,tcgplayer,99,,%
Sage of Lat-Nam,Antiquities,0,1,0.02,0.21,abugames,tcgplayer,99,,%
Shapeshifter,Antiquities,0,1,1.74,1.6,adventureson,tcgplayer,10,,%
Staff of Zegon,Antiquities,0,1,0.02,0.18,abugames,tcgplayer,99,,%
Strip Mine,Antiquities,0,1,10,0,adventureson,None,11,0,%
Tablet of Epityr,Antiquities,0,1,0.02,0.18,abugames,tcgplayer,99,,%
Tawnos's Weaponry,Antiquities,0,1,0.02,0.34,abugames,tcgplayer,99,,%
Tetravus,Antiquities,0,1,11.25,20.5,cardkingdom,tcgplayer,10,,%
Titania's Song,Antiquities,0,3,0.1,0.39,cardkingdom,tcgplayer,12,,%
Transmute Artifact,Antiquities,0,2,35,62,cardkingdom,tcgplayer,11,,%
Urza's Miter,Antiquities,0,1,2.81,3.09,abugames,tcgplayer,4,,%
Wall of Spears,Antiquities,0,1,0.02,0.37,abugames,tcgplayer,99,,%
Yotian Soldier,Antiquities,0,1,0.02,0.2,abugames,tcgplayer,99,,%
Ana Disciple,Apocalypse,0,4,,0.16,,tcgplayer,,,%
Ana Sanctuary,Apocalypse,0,7,0.02,0.2,abugames,tcgplayer,50,,%
Angelfire Crusader,Apocalypse,0,5,,0.16,,tcgplayer,,,%
Bloodfire Dwarf,Apocalypse,0,4,,0.16,,tcgplayer,,,%
Bloodfire Infusion,Apocalypse,0,4,,0.17,,tcgplayer,,,%
Bloodfire Kavu,Apocalypse,0,7,,0.2,,tcgplayer,,,%
Bog Gnarr,Apocalypse,0,4,,0.15,,tcgplayer,,,%
Brass Herald,Apocalypse,0,7,0.06,0.25,cardkingdom,tcgplayer,1,,%
Captain's Maneuver,Apocalypse,0,7,,0.19,,tcgplayer,,,%
Ceta Disciple,Apocalypse,0,4,,0.17,,tcgplayer,,,%
Ceta Sanctuary,Apocalypse,0,7,,0.19,,tcgplayer,,,%
Coalition Flag,Apocalypse,0,7,,0.2,,tcgplayer,,,%
Coalition Honor Guard,Apocalypse,0,4,,0.17,,tcgplayer,,,%
Coastal Drake,Apocalypse,0,5,,0.16,,tcgplayer,,,%
Consume Strength,Apocalypse,0,5,0.02,0.16,adventureson,tcgplayer,20,,%
Dead Ringers,Apocalypse,0,4,,0.17,,tcgplayer,,,%
Death Mutation,Apocalypse,0,7,,0.2,,tcgplayer,,,%
Dega Disciple,Apocalypse,0,4,,0.17,,tcgplayer,,,%
Dega Sanctuary,Apocalypse,0,7,,0.2,,tcgplayer,,,%
Diversionary Tactics,Apocalypse,0,7,,0.2,,tcgplayer,,,%
Divine Light,Apocalypse,0,4,,0.17,,tcgplayer,,,%
Dodecapod,Apocalypse,0,7,,0.2,,tcgplayer,,,%
Dragon Arch,Apocalypse,0,7,0.5,1.79,magicdotcards,tcgplayer,,,%
Dwarven Landslide,Apocalypse,0,5,,0.16,,tcgplayer,,,%
Dwarven Patrol,Apocalypse,0,8,,0.19,,tcgplayer,,,%
Ebony Treefolk,Apocalypse,0,7,,0.2,,tcgplayer,,,%
Emblazoned Golem,Apocalypse,0,7,,0.19,,tcgplayer,,,%
Enlistment Officer,Apocalypse,0,7,0.05,0.21,magicdotcards,tcgplayer,,,%
Evasive Action,Apocalypse,0,7,,0.19,,tcgplayer,,,%
Flowstone Charger,Apocalypse,0,7,,0.19,,tcgplayer,,,%
Foul Presence,Apocalypse,0,7,,0.2,,tcgplayer,,,%
Gaea's Balance,Apocalypse,0,7,,0.19,,tcgplayer,,,%
Gaea's Skyfolk,Apocalypse,0,4,0.01,0.16,magicdotcards,tcgplayer,,,%
Gerrard's Verdict,Apocalypse,0,7,0.1,0.28,magicdotcards,tcgplayer,,,%
Glade Gnarr,Apocalypse,0,4,,0.16,,tcgplayer,,,%
Goblin Legionnaire,Apocalypse,0,4,,0.17,,tcgplayer,,,%
Goblin Ringleader,Apocalypse,0,7,1.3,1.9,cardkingdom,tcgplayer,18,,%
Grave Defiler,Apocalypse,0,7,,0.22,,tcgplayer,,,%
Haunted Angel,Apocalypse,0,7,0.06,0.2,cardkingdom,tcgplayer,1,,%
Helionaut,Apocalypse,0,4,,0.17,,tcgplayer,,,%
Illuminate,Apocalypse,0,7,,0.2,,tcgplayer,,,%
Index,Apocalypse,0,5,,0.18,,tcgplayer,,,%
Jaded Response,Apocalypse,0,4,,0.16,,tcgplayer,,,%
Jilt,Apocalypse,0,4,0.06,0.18,cardkingdom,tcgplayer,2,,%
Jungle Barrier,Apocalypse,0,7,,0.2,,tcgplayer,,,%
Kavu Glider,Apocalypse,0,5,,0.17,,tcgplayer,,,%
Kavu Howler,Apocalypse,0,7,,0.2,,tcgplayer,,,%
Last Caress,Apocalypse,0,4,,0.16,,tcgplayer,,,%
Lay of the Land,Apocalypse,0,4,,0.17,,tcgplayer,,,%
Living Airship,Apocalypse,0,4,,0.17,,tcgplayer,,,%
Llanowar Dead,Apocalypse,0,4,,0.21,,tcgplayer,,,%
Manacles of Decay,Apocalypse,0,4,,0.15,,tcgplayer,,,%
Martyrs' Tomb,Apocalypse,0,7,,0.19,,tcgplayer,,,%
Mind Extraction,Apocalypse,0,4,,0.17,,tcgplayer,,,%
Minotaur Illusionist,Apocalypse,0,7,,0.19,,tcgplayer,,,%
Minotaur Tactician,Apocalypse,0,4,,0.17,,tcgplayer,,,%
Mournful Zombie,Apocalypse,0,4,,0.16,,tcgplayer,,,%
Necra Disciple,Apocalypse,0,4,,0.17,,tcgplayer,,,%
Necra Sanctuary,Apocalypse,0,7,0.06,0.19,cardkingdom,tcgplayer,1,,%
Orim's Thunder,Apocalypse,0,4,0.02,0.18,abugames,tcgplayer,50,,%
Penumbra Bobcat,Apocalypse,0,4,,0.17,,tcgplayer,,,%
Penumbra Kavu,Apocalypse,0,7,,0.19,,tcgplayer,,,%
Phyrexian Gargantua,Apocalypse,0,7,,0.2,,tcgplayer,,,%
Phyrexian Rager,Apocalypse,0,4,0.06,0.19,cardkingdom,tcgplayer,4,,%
Putrid Warrior,Apocalypse,0,4,,0.16,,tcgplayer,,,%
Quagmire Druid,Apocalypse,0,5,,0.17,,tcgplayer,,,%
Quicksilver Dagger,Apocalypse,0,4,,0.16,,tcgplayer,,,%
Raka Disciple,Apocalypse,0,4,,0.16,,tcgplayer,,,%
Raka Sanctuary,Apocalypse,0,7,,0.19,,tcgplayer,,,%
Razorfin Hunter,Apocalypse,0,4,0.05,0.19,adventureson,tcgplayer,17,,%
Reef Shaman,Apocalypse,0,4,,0.17,,tcgplayer,,,%
Savage Gorilla,Apocalypse,0,4,,0.17,,tcgplayer,,,%
Shield of Duty and Reason,Apocalypse,0,4,,0.16,,tcgplayer,,,%
Shimmering Mirage,Apocalypse,0,4,,0.17,,tcgplayer,,,%
Smash,Apocalypse,0,4,0.02,0.17,abugames,tcgplayer,99,,%
Soul Link,Apocalypse,0,5,,0.2,,tcgplayer,,,%
Squee's Embrace,Apocalypse,0,4,,0.18,,tcgplayer,,,%
Squee's Revenge,Apocalypse,0,7,0.08,0.24,adventureson,tcgplayer,17,,%
Standard Bearer,Apocalypse,0,4,0.12,0.28,abugames,tcgplayer,15,,%
Strength of Night,Apocalypse,0,5,,0.16,,tcgplayer,,,%
Suppress,Apocalypse,0,7,0.02,0.19,abugames,tcgplayer,50,,%
Sylvan Messenger,Apocalypse,0,7,0.25,0.55,magicdotcards,tcgplayer,,,%
Tahngarth's Glare,Apocalypse,0,4,,0.15,,tcgplayer,,,%
Temporal Spring,Apocalypse,0,4,,0.16,,tcgplayer,,,%
Tidal Courier,Apocalypse,0,7,0.02,0.2,abugames,tcgplayer,99,,%
Tranquil Path,Apocalypse,0,4,,0.17,,tcgplayer,,,%
Tundra Kavu,Apocalypse,0,4,,0.17,,tcgplayer,,,%
Unnatural Selection,Apocalypse,0,1,0.25,0.68,magicdotcards,tcgplayer,,,%
Urborg Elf,Apocalypse,0,5,0.02,0.18,abugames,tcgplayer,99,,%
Urborg Uprising,Apocalypse,0,5,,0.18,,tcgplayer,,,%
Vindicate,Apocalypse,0,1,7.42,12.23,abugames,isleofcards,20,1,%
Vodalian Mystic,Apocalypse,0,8,,0.2,,tcgplayer,,,%
Whirlpool Drake,Apocalypse,0,7,0.02,0.19,abugames,tcgplayer,50,,%
Whirlpool Rider,Apocalypse,0,4,0.06,0.18,cardkingdom,tcgplayer,24,,%
Zombie Boa,Apocalypse,0,4,,0.18,,tcgplayer,,,%
Camel,Arabian Nights,0,1,0.3,0.66,cardkingdom,tcgplayer,10,,%
City in a Bottle,Arabian Nights,0,1,56.25,80.38,abugames,tcgplayer,4,,%
Desert,Arabian Nights,0,1,0.25,0.88,magicdotcards,tcgplayer,,,%
Desert Twister,Arabian Nights,0,1,11.25,13.82,abugames,tcgplayer,4,,%
Oubliette,Arabian Nights,0,3,14,27.7,cardkingdom,tcgplayer,6,,%
Rukh Egg,Arabian Nights,0,1,1.8,2.31,cardkingdom,tcgplayer,10,,%
Alchemist's Refuge,Avacyn Restored,0,4,0.27,0.99,adventureson,tcgplayer,8,,%
Angel of Glory's Rise,Avacyn Restored,0,28,0.15,0.35,adventureson,tcgplayer,12,,%
Arcane Melee,Avacyn Restored,0,38,0.1,0.35,magicdotcards,isleofcards,,21,%
Archwing Dragon,Avacyn Restored,0,32,0.2,0.41,isleofcards,tcgplayer,4,,%
"Avacyn, Angel of Hope",Avacyn Restored,0,2,18.12,24.66,isleofcards,isleofcards,9,2,%
Bonfire of the Damned,Avacyn Restored,0,3,3.17,4.95,isleofcards,tcgplayer,10,,%
"Bruna, Light of Alabaster",Avacyn Restored,0,2,1.02,2.04,isleofcards,isleofcards,6,5,%
Burn at the Stake,Avacyn Restored,0,35,0.17,0.39,adventureson,isleofcards,7,6,%
Captain of the Mists,Avacyn Restored,0,38,0.18,0.37,isleofcards,tcgplayer,1,,%
Cathars' Crusade,Avacyn Restored,0,4,0.8,1.4,abugames,isleofcards,16,7,%
Cavern of Souls,Avacyn Restored,0,2,39.13,55.91,isleofcards,isleofcards,5,5,%
Champion of Lambholt,Avacyn Restored,0,23,1.15,2.13,adventureson,isleofcards,26,7,%
Conjurer's Closet,Avacyn Restored,0,5,0.52,0.81,isleofcards,isleofcards,10,1,%
Dark Impostor,Avacyn Restored,0,19,0.46,0.9,adventureson,tcgplayer,11,,%
Deadeye Navigator,Avacyn Restored,0,20,1,2.1,magicdotcards,isleofcards,,11,%
Demonic Rising,Avacyn Restored,0,37,0.1,0.29,magicdotcards,tcgplayer,,,%
Demonlord of Ashmouth,Avacyn Restored,0,43,0.17,0.46,adventureson,isleofcards,14,5,%
Descendants' Path,Avacyn Restored,0,3,2,3.2,magicdotcards,isleofcards,,12,%
Descent into Madness,Avacyn Restored,0,28,0.4,0.8,isleofcards,isleofcards,1,4,%
Desolate Lighthouse,Avacyn Restored,0,31,0.58,1.16,isleofcards,isleofcards,4,5,%
Devastation Tide,Avacyn Restored,0,21,0.24,0.59,abugames,tcgplayer,20,,%
Divine Deflection,Avacyn Restored,0,31,0.14,0.28,isleofcards,tcgplayer,5,,%
Dread Slaver,Avacyn Restored,0,27,0.11,0.3,adventureson,tcgplayer,9,,%
Druids' Repository,Avacyn Restored,0,33,0.13,0.29,adventureson,isleofcards,8,7,%
Dual Casting,Avacyn Restored,0,43,0.23,0.47,isleofcards,tcgplayer,6,,%
Exquisite Blood,Avacyn Restored,0,1,6.63,10.78,abugames,isleofcards,16,5,%
Gallows at Willow Hill,Avacyn Restored,0,31,0.1,0.36,magicdotcards,tcgplayer,,,%
"Gisela, Blade of Goldnight",Avacyn Restored,0,1,4,6.29,magicdotcards,isleofcards,,8,%
Gloom Surgeon,Avacyn Restored,0,38,0.1,0.36,magicdotcards,isleofcards,,4,%
Griselbrand,Avacyn Restored,0,5,7.87,12.15,abugames,isleofcards,16,3,%
Harvester of Souls,Avacyn Restored,0,6,0.4,1.04,adventureson,isleofcards,15,6,%
Hound of Griselbrand,Avacyn Restored,0,36,0.19,0.39,isleofcards,tcgplayer,3,,%
Infinite Reflection,Avacyn Restored,0,22,0.21,0.42,isleofcards,isleofcards,1,4,%
Killing Wave,Avacyn Restored,0,11,0.5,0.88,magicdotcards,isleofcards,,5,%
Lone Revenant,Avacyn Restored,0,39,0.1,0.35,magicdotcards,isleofcards,,3,%
Lunar Mystic,Avacyn Restored,0,43,0.1,0.34,magicdotcards,isleofcards,,4,%
Malignus,Avacyn Restored,0,1,1.11,2.23,isleofcards,isleofcards,3,6,%
Misthollow Griffin,Avacyn Restored,0,17,0.52,0.93,cardkingdom,isleofcards,21,6,%
Otherworld Atlas,Avacyn Restored,0,24,0.12,0.46,adventureson,tcgplayer,17,,%
Primal Surge,Avacyn Restored,0,23,0.8,1.59,adventureson,tcgplayer,19,,%
Reforge the Soul,Avacyn Restored,0,17,1.3,2.56,adventureson,isleofcards,30,4,%
Restoration Angel,Avacyn Restored,0,15,7,11.24,magicdotcards,isleofcards,,12,%
Revenge of the Hunted,Avacyn Restored,0,26,0.11,0.4,adventureson,tcgplayer,20,,%
Riders of Gavony,Avacyn Restored,0,31,0.13,0.39,adventureson,tcgplayer,16,,%
Rite of Ruin,Avacyn Restored,0,41,0.17,0.35,isleofcards,tcgplayer,4,,%
Silverblade Paladin,Avacyn Restored,0,24,0.5,0.59,magicdotcards,tcgplayer,,,%
Slayers' Stronghold,Avacyn Restored,0,23,0.27,0.48,abugames,isleofcards,12,7,%
Somberwald Sage,Avacyn Restored,0,30,0.76,1.41,abugames,isleofcards,20,6,%
Soul of the Harvest,Avacyn Restored,0,27,0.2,0.49,adventureson,tcgplayer,16,,%
Spirit Away,Avacyn Restored,0,38,0.1,0.34,adventureson,isleofcards,16,5,%
Stolen Goods,Avacyn Restored,0,42,0.15,0.3,isleofcards,tcgplayer,2,,%
"Tamiyo, the Moon Sage",Avacyn Restored,0,2,13.7,19.58,isleofcards,isleofcards,6,6,%
Terminus,Avacyn Restored,0,14,2.18,3.17,abugames,tcgplayer,16,,%
Treacherous Pit-Dweller,Avacyn Restored,0,30,0.1,0.36,magicdotcards,isleofcards,,2,%
Tyrant of Discord,Avacyn Restored,0,41,0.12,0.35,adventureson,tcgplayer,20,,%
Ulvenwald Tracker,Avacyn Restored,0,37,0.24,0.58,abugames,isleofcards,20,4,%
Wild Defiance,Avacyn Restored,0,17,1.5,2.73,adventureson,isleofcards,11,7,%
Wolfir Silverheart,Avacyn Restored,0,20,0.45,0.75,cardkingdom,tcgplayer,23,,%
Zealous Conscripts,Avacyn Restored,0,29,0.49,0.76,abugames,isleofcards,20,5,%
Akoum Firebird,Battle for Zendikar,0,36,0.25,0.57,adventureson,isleofcards,6,30,%
Akoum Hellkite,Battle for Zendikar,0,35,0.1,0.3,magicdotcards,isleofcards,,30,%
Aligned Hedron Network,Battle for Zendikar,0,64,0.1,0.33,magicdotcards,isleofcards,,30,%
Ally Encampment,Battle for Zendikar,0,64,0.3,0.81,cardkingdom,tcgplayer,53,,%
Angelic Captain,Battle for Zendikar,0,44,0.1,0.3,magicdotcards,isleofcards,,29,%
Barrage Tyrant,Battle for Zendikar,0,28,0.1,0.26,magicdotcards,isleofcards,,29,%
Beastcaller Savant,Battle for Zendikar,0,29,0.15,0.45,adventureson,isleofcards,23,28,%
Blight Herder,Battle for Zendikar,0,55,0.1,0.44,adventureson,isleofcards,30,29,%
Bring to Light,Battle for Zendikar,0,58,0.15,0.57,adventureson,isleofcards,19,47,%
Brood Butcher,Battle for Zendikar,0,58,0.1,0.31,magicdotcards,isleofcards,,33,%
Brutal Expulsion,Battle for Zendikar,0,45,0.1,0.34,magicdotcards,tcgplayer,,,%
Canopy Vista,Battle for Zendikar,0,43,2,2.97,cardkingdom,isleofcards,73,40,%
Cinder Glade,Battle for Zendikar,0,37,1.5,2.95,magicdotcards,isleofcards,,43,%
Conduit of Ruin,Battle for Zendikar,0,19,0.5,0.88,magicdotcards,isleofcards,,21,%
Defiant Bloodlord,Battle for Zendikar,0,46,0.1,0.31,magicdotcards,tcgplayer,,,%
Desolation Twin,Battle for Zendikar,0,35,0.1,0.42,adventureson,tcgplayer,3,,%
Dragonmaster Outcast,Battle for Zendikar,0,23,1.5,2.37,magicdotcards,isleofcards,,22,%
"Drana, Liberator of Malakir",Battle for Zendikar,0,19,3.5,5.75,cardkingdom,isleofcards,55,29,%
Drowner of Hope,Battle for Zendikar,0,42,0.25,0.42,magicdotcards,isleofcards,,25,%
Dust Stalker,Battle for Zendikar,0,66,0.1,0.36,magicdotcards,tcgplayer,,,%
Emeria Shepherd,Battle for Zendikar,0,31,0.16,0.32,isleofcards,isleofcards,2,26,%
Endless One,Battle for Zendikar,0,43,0.57,0.95,isleofcards,tcgplayer,6,,%
Exert Influence,Battle for Zendikar,0,51,0.1,0.32,magicdotcards,tcgplayer,,,%
Fathom Feeder,Battle for Zendikar,0,57,0.1,0.44,adventureson,tcgplayer,10,,%
Felidar Sovereign,Battle for Zendikar,0,43,0.25,0.49,adventureson,tcgplayer,10,,%
From Beyond,Battle for Zendikar,0,23,0.38,0.76,isleofcards,isleofcards,1,28,%
"Gideon, Ally of Zendikar",Battle for Zendikar,0,10,14,19.94,cardkingdom,isleofcards,55,20,%
Greenwarden of Murasa,Battle for Zendikar,0,28,0.75,1.21,adventureson,isleofcards,17,48,%
Gruesome Slaughter,Battle for Zendikar,0,28,0.1,0.31,magicdotcards,tcgplayer,,,%
Guardian of Tazeem,Battle for Zendikar,0,34,0.1,0.3,magicdotcards,tcgplayer,,,%
Guul Draz Overseer,Battle for Zendikar,0,47,0.1,0.3,magicdotcards,tcgplayer,,,%
Hero of Goma Fada,Battle for Zendikar,0,33,0.1,0.33,magicdotcards,tcgplayer,,,%
"Kiora, Master of the Depths",Battle for Zendikar,0,34,2.5,2.81,cardkingdom,isleofcards,32,39,%
Lantern Scout,Battle for Zendikar,0,26,0.25,0.73,magicdotcards,isleofcards,,29,%
Lumbering Falls,Battle for Zendikar,0,88,1.04,1.39,isleofcards,tcgplayer,2,,%
March from the Tomb,Battle for Zendikar,0,44,0.1,0.37,magicdotcards,tcgplayer,,,%
"Munda, Ambush Leader",Battle for Zendikar,0,64,0.1,0.3,adventureson,tcgplayer,20,,%
Nissa's Renewal,Battle for Zendikar,0,52,0.49,0.7,isleofcards,isleofcards,7,37,%
"Noyan Dar, Roil Shaper",Battle for Zendikar,0,41,0.1,0.36,magicdotcards,isleofcards,,29,%
Ob Nixilis Reignited,Battle for Zendikar,0,7,4.6,6.14,isleofcards,isleofcards,7,40,%
Oblivion Sower,Battle for Zendikar,0,28,0.91,1.82,isleofcards,isleofcards,3,37,%
"Omnath, Locus of Rage",Battle for Zendikar,0,22,0.7,1.6,adventureson,isleofcards,23,31,%
Oran-Rief Hydra,Battle for Zendikar,0,42,0.1,0.29,adventureson,isleofcards,15,30,%
Painful Truths,Battle for Zendikar,0,33,0.25,0.72,magicdotcards,isleofcards,,69,%
Part the Waterveil,Battle for Zendikar,0,9,2.56,3.95,isleofcards,isleofcards,40,2,%
Planar Outburst,Battle for Zendikar,0,50,0.39,0.52,isleofcards,isleofcards,11,34,%
Prairie Stream,Battle for Zendikar,0,28,2,3.03,cardkingdom,tcgplayer,132,,%
Prism Array,Battle for Zendikar,0,36,0.1,0.29,magicdotcards,isleofcards,,40,%
Quarantine Field,Battle for Zendikar,0,28,0.94,1.18,isleofcards,isleofcards,3,44,%
Radiant Flames,Battle for Zendikar,0,74,0.1,0.49,magicdotcards,tcgplayer,,,%
Ruinous Path,Battle for Zendikar,0,53,0.76,1.53,isleofcards,tcgplayer,17,,%
Sanctum of Ugin,Battle for Zendikar,0,11,0.74,1.14,isleofcards,isleofcards,14,32,%
Scatter to the Winds,Battle for Zendikar,0,56,0.23,0.46,isleofcards,tcgplayer,6,,%
Serpentine Spike,Battle for Zendikar,0,35,0.1,0.31,magicdotcards,tcgplayer,,,%
Shambling Vent,Battle for Zendikar,0,48,2.34,3.13,isleofcards,isleofcards,4,18,%
Shrine of the Forsaken Gods,Battle for Zendikar,0,23,0.47,0.94,isleofcards,isleofcards,8,34,%
Sire of Stagnation,Battle for Zendikar,0,36,0.5,1.06,magicdotcards,isleofcards,,33,%
Smoldering Marsh,Battle for Zendikar,0,28,1.75,2.85,cardkingdom,isleofcards,92,115,%
Smothering Abomination,Battle for Zendikar,0,67,0.12,0.35,adventureson,isleofcards,14,26,%
Sunken Hollow,Battle for Zendikar,0,32,1.7,2.49,cardkingdom,isleofcards,98,70,%
Ugin's Insight,Battle for Zendikar,0,33,0.1,0.33,adventureson,tcgplayer,24,,%
"Ulamog, the Ceaseless Hunger",Battle for Zendikar,0,1,8.72,12.47,isleofcards,isleofcards,15,22,%
Undergrowth Champion,Battle for Zendikar,0,43,0.5,1.57,cardkingdom,tcgplayer,41,,%
Veteran Warleader,Battle for Zendikar,0,47,0.1,0.3,magicdotcards,tcgplayer,,,%
Void Winnower,Battle for Zendikar,0,30,1.25,1.98,adventureson,isleofcards,4,25,%
Wasteland Strangler,Battle for Zendikar,0,36,0.1,0.7,adventureson,isleofcards,20,49,%
Woodland Wanderer,Battle for Zendikar,0,56,0.1,0.38,magicdotcards,isleofcards,,30,%
"Zada, Hedron Grinder",Battle for Zendikar,0,34,0.28,0.57,isleofcards,isleofcards,4,15,%
Goryo's Vengeance,Betrayers of Kamigawa,0,6,23,31.2,cardkingdom,isleofcards,12,9,%
"Kira, Great Glass-Spinner",Betrayers of Kamigawa,0,1,12.19,16.59,isleofcards,isleofcards,9,3,%
Tendo Ice Bridge,Betrayers of Kamigawa,0,1,7.42,12.29,abugames,isleofcards,30,12,%
Threads of Disloyalty,Betrayers of Kamigawa,0,1,6.11,9.7,isleofcards,isleofcards,7,5,%
Arbiter of the Ideal,Born of the Gods,0,19,0.1,0.27,magicdotcards,tcgplayer,,,%
Astral Cornucopia,Born of the Gods,0,24,0.15,0.38,adventureson,tcgplayer,32,,%
"Brimaz, King of Oreskos",Born of the Gods,0,4,5.5,8.12,cardkingdom,isleofcards,21,24,%
Champion of Stray Souls,Born of the Gods,0,14,0.25,0.71,adventureson,isleofcards,14,30,%
Chromanticore,Born of the Gods,0,12,0.55,1.05,adventureson,isleofcards,14,29,%
Courser of Kruphix,Born of the Gods,0,19,2,3.43,magicdotcards,isleofcards,,15,%
Eater of Hope,Born of the Gods,0,12,0.1,0.35,magicdotcards,tcgplayer,,,%
Eidolon of Countless Battles,Born of the Gods,0,19,0.12,0.63,cardkingdom,isleofcards,28,22,%
"Ephara, God of the Polis",Born of the Gods,0,26,1.25,1.75,adventureson,tcgplayer,5,,%
Fate Unraveler,Born of the Gods,0,18,0.1,0.32,adventureson,tcgplayer,17,,%
Fated Conflagration,Born of the Gods,0,15,0.1,0.26,magicdotcards,tcgplayer,,,%
Fated Infatuation,Born of the Gods,0,17,0.1,0.33,adventureson,tcgplayer,23,,%
Fated Intervention,Born of the Gods,0,22,0.1,0.27,magicdotcards,tcgplayer,,,%
Fated Retribution,Born of the Gods,0,34,0.1,0.29,adventureson,tcgplayer,23,,%
Fated Return,Born of the Gods,0,17,0.1,0.3,magicdotcards,tcgplayer,,,%
Felhide Spiritbinder,Born of the Gods,0,15,0.1,0.28,adventureson,tcgplayer,24,,%
Flame-Wreathed Phoenix,Born of the Gods,0,7,0.3,0.78,adventureson,isleofcards,14,30,%
Forgestoker Dragon,Born of the Gods,0,13,0.1,0.27,magicdotcards,tcgplayer,,,%
Gild,Born of the Gods,0,18,0.1,0.29,magicdotcards,tcgplayer,,,%
Herald of Torment,Born of the Gods,0,34,0.1,0.29,magicdotcards,tcgplayer,,,%
Hero Of Iroas,Born of the Gods,0,26,0.25,0.79,magicdotcards,isleofcards,,23,%
Hero of Leina Tower,Born of the Gods,0,18,0.1,0.3,magicdotcards,tcgplayer,,,%
Heroes' Podium,Born of the Gods,0,20,0.1,0.27,magicdotcards,tcgplayer,,,%
Hunter's Prowess,Born of the Gods,0,25,0.1,0.27,magicdotcards,tcgplayer,,,%
"Karametra, God of Harvests",Born of the Gods,0,17,1.63,3.26,isleofcards,isleofcards,36,14,%
"Kiora, the Crashing Wave",Born of the Gods,0,8,1.4,2.83,adventureson,isleofcards,16,23,%
Mindreaver,Born of the Gods,0,13,0.1,0.27,magicdotcards,tcgplayer,,,%
"Mogis, God of Slaughter",Born of the Gods,0,17,3.02,4.99,abugames,tcgplayer,16,,%
Nessian Wilds Ravager,Born of the Gods,0,4,0.1,0.27,magicdotcards,tcgplayer,,,%
Oracle of Bones,Born of the Gods,0,16,0.1,0.26,magicdotcards,tcgplayer,,,%
Pain Seer,Born of the Gods,0,26,0.1,0.31,adventureson,tcgplayer,6,,%
Perplexing Chimera,Born of the Gods,0,14,0.1,0.34,magicdotcards,tcgplayer,,,%
"Phenax, God of Deception",Born of the Gods,0,25,3.3,5.19,abugames,isleofcards,12,24,%
Plea for Guidance,Born of the Gods,0,4,0.12,0.27,adventureson,tcgplayer,16,,%
Satyr Firedancer,Born of the Gods,0,9,0.22,0.64,abugames,tcgplayer,50,,%
Scourge of Skola Vale,Born of the Gods,0,15,0.1,0.36,magicdotcards,tcgplayer,,,%
Silent Sentinel,Born of the Gods,0,20,0.1,0.33,magicdotcards,tcgplayer,,,%
Spirit of the Labyrinth,Born of the Gods,0,2,0.25,0.87,cardkingdom,isleofcards,26,30,%
Temple of Enlightenment,Born of the Gods,0,16,1.3,2.29,cardkingdom,tcgplayer,37,,%
Temple of Malice,Born of the Gods,0,8,1,1.67,magicdotcards,tcgplayer,,,%
Temple of Plenty,Born of the Gods,0,4,1,1.78,magicdotcards,isleofcards,,16,%
Tromokratis,Born of the Gods,0,9,0.1,0.27,magicdotcards,tcgplayer,,,%
Whelming Wave,Born of the Gods,0,13,0.1,0.43,magicdotcards,tcgplayer,,,%
Whims of the Fates,Born of the Gods,0,18,0.1,0.34,magicdotcards,tcgplayer,,,%
"Xenagos, God of Revels",Born of the Gods,0,12,5,6.97,magicdotcards,tcgplayer,,,%
"Boseiju, Who Shelters All",Champions of Kamigawa,0,3,13.48,19.27,isleofcards,isleofcards,1,8,%
"Minamo, School at Water's Edge",Champions of Kamigawa,0,2,17.04,24.35,isleofcards,isleofcards,6,4,%
Night of Souls' Betrayal,Champions of Kamigawa,0,1,6.74,10.71,isleofcards,isleofcards,7,4,%
Sensei's Divining Top,Champions of Kamigawa,0,1,14.5,23.54,cardkingdom,isleofcards,24,12,%
Blood Moon,Chronicles,0,2,23.39,38.99,isleofcards,tcgplayer,7,,%
City of Brass,Chronicles,0,1,2.75,2.86,cardkingdom,tcgplayer,16,,%
Horn of Deafening,Chronicles,0,1,0.1,0.31,magicdotcards,tcgplayer,,,%
Obelisk of Undoing,Chronicles,0,1,0.1,0.29,magicdotcards,tcgplayer,,,%
Rubinia Soulsinger,Chronicles,0,1,0.1,0.35,magicdotcards,tcgplayer,,,%
Serpent Generator,Chronicles,0,1,0.15,0.48,cardkingdom,tcgplayer,22,,%
Teleport,Chronicles,0,1,0.1,0.3,magicdotcards,tcgplayer,,,%
Tormod's Crypt,Chronicles,0,1,0.1,0.22,magicdotcards,tcgplayer,,,%
Voodoo Doll,Chronicles,0,1,0.1,0.29,magicdotcards,tcgplayer,,,%
Wall of Opposition,Chronicles,0,2,,0.19,,tcgplayer,,,%
Wall of Vapor,Chronicles,0,1,,0.15,,tcgplayer,,,%
Abyssal Specter,Classic Sixth Edition,0,1,0.02,0.24,abugames,abugames,99,60,%
Anaba Bodyguard,Classic Sixth Edition,0,1,,0.14,,abugames,,30,%
Anaba Shaman,Classic Sixth Edition,0,1,,0.14,,abugames,,30,%
Ankh of Mishra,Classic Sixth Edition,0,1,0.49,0.74,adventureson,tcgplayer,5,,%
Armored Pegasus,Classic Sixth Edition,0,1,,0.14,,abugames,,30,%
Balduvian Horde,Classic Sixth Edition,0,1,0.25,0.4,magicdotcards,tcgplayer,,,%
Boomerang,Classic Sixth Edition,0,1,,0.14,,abugames,,150,%
Cat Warriors,Classic Sixth Edition,0,1,,0.14,,abugames,,40,%
Celestial Dawn,Classic Sixth Edition,0,1,0.33,0.64,cardkingdom,abugames,10,38,%
Chill,Classic Sixth Edition,0,1,0.25,0.44,magicdotcards,abugames,,100,%
Circle of Protection: Red,Classic Sixth Edition,0,1,,0.14,,abugames,,30,%
Circle of Protection: White,Classic Sixth Edition,0,1,,0.14,,abugames,,40,%
City of Brass,Classic Sixth Edition,0,1,2.5,2.88,cardkingdom,tcgplayer,10,,%
Coercion,Classic Sixth Edition,0,1,,0.14,,abugames,,110,%
Counterspell,Classic Sixth Edition,0,1,0.5,0.84,magicdotcards,abugames,,70,%
D'Avenant Archer,Classic Sixth Edition,0,1,,0.14,,abugames,,30,%
Dread of Night,Classic Sixth Edition,0,1,0.25,0.48,magicdotcards,tcgplayer,,,%
Dream Cache,Classic Sixth Edition,0,1,,0.14,,abugames,,30,%
Drudge Skeletons,Classic Sixth Edition,0,1,,0.14,,abugames,,130,%
Ekundu Griffin,Classic Sixth Edition,0,1,,0.14,,abugames,,30,%
Enlightened Tutor,Classic Sixth Edition,0,1,7.09,12.84,abugames,isleofcards,40,1,%
Fallen Angel,Classic Sixth Edition,0,1,0.25,0.42,magicdotcards,tcgplayer,,,%
Fatal Blow,Classic Sixth Edition,0,1,,0.14,,abugames,,90,%
Fire Diamond,Classic Sixth Edition,0,1,0.12,0.28,abugames,tcgplayer,10,,%
Firebreathing,Classic Sixth Edition,0,1,,0.14,,abugames,,30,%
Fit of Rage,Classic Sixth Edition,0,1,,0.14,,abugames,,30,%
Flame Spirit,Classic Sixth Edition,0,1,,0.14,,abugames,,110,%
Fog,Classic Sixth Edition,0,1,,0.19,,abugames,,200,%
Fog Elemental,Classic Sixth Edition,0,1,,0.14,,abugames,,30,%
Gaseous Form,Classic Sixth Edition,0,1,,0.14,,abugames,,40,%
Giant Strength,Classic Sixth Edition,0,1,,0.14,,abugames,,40,%
Glasses of Urza,Classic Sixth Edition,0,1,,0.19,,abugames,,110,%
Goblin Elite Infantry,Classic Sixth Edition,0,1,,0.14,,abugames,,30,%
Goblin Recruiter,Classic Sixth Edition,0,1,1,1.59,magicdotcards,abugames,,50,%
Gravedigger,Classic Sixth Edition,0,1,,0.14,,abugames,,30,%
Heavy Ballista,Classic Sixth Edition,0,1,,0.19,,abugames,,30,%
Howl from Beyond,Classic Sixth Edition,0,1,,0.14,,abugames,,30,%
Karplusan Forest,Classic Sixth Edition,0,1,3.8,6.49,cardkingdom,abugames,10,10,%
Llanowar Elves,Classic Sixth Edition,0,1,0.05,0.19,magicdotcards,abugames,,200,%
Lost Soul,Classic Sixth Edition,0,1,,0.14,,abugames,,40,%
Mesa Falcon,Classic Sixth Edition,0,1,,0.14,,abugames,,40,%
Moss Diamond,Classic Sixth Edition,0,1,0.1,0.24,magicdotcards,abugames,,170,%
Mountain Goat,Classic Sixth Edition,0,1,0.02,0.14,abugames,abugames,50,20,%
Mystical Tutor,Classic Sixth Edition,0,1,4.38,6.47,abugames,isleofcards,10,1,%
Orcish Artillery,Classic Sixth Edition,0,1,,0.19,,abugames,,30,%
Pacifism,Classic Sixth Edition,0,1,0.02,0.17,abugames,tcgplayer,99,,%
Painful Memories,Classic Sixth Edition,0,1,,0.14,,abugames,,30,%
Panther Warriors,Classic Sixth Edition,0,1,,0.14,,abugames,,30,%
Pestilence,Classic Sixth Edition,0,1,0.08,0.19,adventureson,abugames,19,12,%
Phantasmal Terrain,Classic Sixth Edition,0,1,,0.14,,abugames,,30,%
Pradesh Gypsies,Classic Sixth Edition,0,1,,0.14,,abugames,,30,%
Pyrotechnics,Classic Sixth Edition,0,1,,0.14,,abugames,,30,%
Python,Classic Sixth Edition,0,1,,0.14,,abugames,,30,%
Redwood Treefolk,Classic Sixth Edition,0,1,,0.14,,abugames,,40,%
Regeneration,Classic Sixth Edition,0,1,,0.14,,abugames,,30,%
Remedy,Classic Sixth Edition,0,1,,0.14,,abugames,,40,%
River Boa,Classic Sixth Edition,0,1,0.05,0.29,cardkingdom,abugames,2,80,%
Rod of Ruin,Classic Sixth Edition,0,1,,0.19,,abugames,,80,%
Sabretooth Tiger,Classic Sixth Edition,0,1,,0.14,,abugames,,30,%
Samite Healer,Classic Sixth Edition,0,1,,0.14,,abugames,,80,%
Scaled Wurm,Classic Sixth Edition,0,1,0.01,0.14,adventureson,abugames,35,30,%
Scathe Zombies,Classic Sixth Edition,0,1,,0.14,,abugames,,150,%
Shatter,Classic Sixth Edition,0,1,,0.14,,abugames,,30,%
Summer Bloom,Classic Sixth Edition,0,1,1.25,1.99,cardkingdom,abugames,10,46,%
Syphon Soul,Classic Sixth Edition,0,1,0.02,0.19,abugames,abugames,99,190,%
Talruum Minotaur,Classic Sixth Edition,0,1,,0.14,,abugames,,30,%
Terror,Classic Sixth Edition,0,1,,0.14,,abugames,,150,%
Tidal Surge,Classic Sixth Edition,0,1,,0.14,,abugames,,30,%
Tremor,Classic Sixth Edition,0,1,,0.14,,abugames,,30,%
Tundra Wolves,Classic Sixth Edition,0,1,,0.14,,abugames,,30,%
Vitalize,Classic Sixth Edition,0,1,0.05,0.19,adventureson,abugames,20,100,%
Vodalian Soldiers,Classic Sixth Edition,0,1,,0.14,,abugames,,30,%
Volcanic Geyser,Classic Sixth Edition,0,1,0.1,0.24,magicdotcards,abugames,,20,%
Wand of Denial,Classic Sixth Edition,0,1,0.1,0.33,magicdotcards,tcgplayer,,,%
Wild Growth,Classic Sixth Edition,0,1,0.03,0.14,adventureson,abugames,20,20,%
Wind Drake,Classic Sixth Edition,0,1,,0.14,,abugames,,180,%
"Animar, Soul of Elements",Commander,0,1,14.06,23.92,abugames,tcgplayer,12,,%
Kaalia of the Vast,Commander,0,1,25,39.97,cardkingdom,tcgplayer,10,,%
Oblivion Stone,Commander,0,2,13.51,26.18,adventureson,tcgplayer,30,,%
True-Name Nemesis,Commander 2013 Edition,0,3,7,12.97,cardkingdom,tcgplayer,13,,%
Wurmcoil Engine,Commander 2014,0,2,9,16.34,adventureson,tcgplayer,29,,%
Knight of the Reliquary,Conflux,0,1,7.61,11.03,isleofcards,isleofcards,10,1,%
Path to Exile,Conflux,0,1,6.4,10.68,isleofcards,isleofcards,6,6,%
Alpha Brawl,Dark Ascension,0,30,0.1,0.34,magicdotcards,tcgplayer,,,%
Archangel's Light,Dark Ascension,0,13,0.43,0.87,isleofcards,tcgplayer,2,,%
Beguiler of Wills,Dark Ascension,0,23,0.47,0.95,isleofcards,tcgplayer,5,,%
Call to the Kindred,Dark Ascension,0,31,0.19,0.39,cardkingdom,tcgplayer,25,,%
Counterlash,Dark Ascension,0,36,0.1,0.26,magicdotcards,tcgplayer,,,%
Curse of Bloodletting,Dark Ascension,0,10,0.26,0.52,isleofcards,tcgplayer,4,,%
Curse of Echoes,Dark Ascension,0,21,0.1,0.28,magicdotcards,tcgplayer,,,%
Curse of Misfortunes,Dark Ascension,0,33,0.1,0.27,magicdotcards,tcgplayer,,,%
Deranged Outcast,Dark Ascension,0,40,0.1,0.27,magicdotcards,isleofcards,,12,%
Drogskol Reaver,Dark Ascension,0,2,1.2,1.97,abugames,tcgplayer,16,,%
Dungeon Geists,Dark Ascension,0,30,0.1,0.27,magicdotcards,tcgplayer,,,%
Falkenrath Aristocrat,Dark Ascension,0,13,2.5,2.98,magicdotcards,isleofcards,,3,%
Feed the Pack,Dark Ascension,0,35,0.1,0.37,adventureson,tcgplayer,7,,%
Fiend of the Shadows,Dark Ascension,0,34,0.1,0.28,magicdotcards,tcgplayer,,,%
Flayer of the Hatebound,Dark Ascension,0,27,0.2,0.35,cardkingdom,tcgplayer,21,,%
Geralf's Messenger,Dark Ascension,0,7,3,4.94,magicdotcards,isleofcards,,8,%
Geralf's Mindcrusher,Dark Ascension,0,31,0.1,0.3,magicdotcards,tcgplayer,,,%
Ghoultree,Dark Ascension,0,8,0.45,0.88,adventureson,isleofcards,3,7,%
Grafdigger's Cage,Dark Ascension,0,1,5.62,10.18,abugames,isleofcards,16,7,%
Gravecrawler,Dark Ascension,0,1,3.8,5.39,cardkingdom,isleofcards,34,3,%
Grim Backwoods,Dark Ascension,0,34,0.1,0.33,magicdotcards,tcgplayer,,,%
Havengul Lich,Dark Ascension,0,2,2.92,4.18,isleofcards,isleofcards,11,1,%
Havengul Runebinder,Dark Ascension,0,28,0.1,0.36,magicdotcards,tcgplayer,,,%
Hellrider,Dark Ascension,0,9,0.29,0.58,isleofcards,isleofcards,1,5,%
Helvault,Dark Ascension,0,24,0.34,0.68,isleofcards,isleofcards,3,3,%
Huntmaster of the Fells,Dark Ascension,0,1,9.35,13.37,isleofcards,isleofcards,5,5,%
Increasing Ambition,Dark Ascension,0,26,0.38,0.98,adventureson,isleofcards,18,7,%
Increasing Confusion,Dark Ascension,0,1,0.52,1.59,cardkingdom,isleofcards,43,7,%
Increasing Devotion,Dark Ascension,0,3,0.25,0.51,magicdotcards,isleofcards,,5,%
Increasing Savagery,Dark Ascension,0,14,0.51,0.85,isleofcards,isleofcards,8,1,%
Increasing Vengeance,Dark Ascension,0,39,0.5,1.28,magicdotcards,isleofcards,,3,%
Jar of Eyeballs,Dark Ascension,0,33,0.1,0.32,magicdotcards,isleofcards,,11,%
Lost in the Woods,Dark Ascension,0,34,0.1,0.27,magicdotcards,tcgplayer,,,%
Markov Blademaster,Dark Ascension,0,14,0.28,0.68,abugames,isleofcards,30,8,%
Mondronen Shaman,Dark Ascension,0,30,0.2,0.45,adventureson,tcgplayer,15,,%
Moonveil Dragon,Dark Ascension,0,2,1.31,2.14,adventureson,isleofcards,8,3,%
Predator Ooze,Dark Ascension,0,6,2,2.48,magicdotcards,isleofcards,,1,%
Ravenous Demon,Dark Ascension,0,35,0.03,0.36,abugames,tcgplayer,99,,%
Requiem Angel,Dark Ascension,0,31,0.13,0.37,adventureson,tcgplayer,8,,%
"Sorin, Lord of Innistrad",Dark Ascension,0,1,4.5,6.57,cardkingdom,tcgplayer,19,,%
Sudden Disappearance,Dark Ascension,0,21,0.1,0.33,adventureson,tcgplayer,10,,%
Séance,Dark Ascension,0,33,0.26,0.53,isleofcards,isleofcards,1,9,%
"Thalia, Guardian of Thraben",Dark Ascension,0,7,5.62,8.97,abugames,isleofcards,16,10,%
Thraben Doomsayer,Dark Ascension,0,1,0.5,0.97,magicdotcards,isleofcards,,7,%
Vault of the Archangel,Dark Ascension,0,18,1.26,2.3,isleofcards,isleofcards,7,5,%
Vorapede,Dark Ascension,0,24,0.75,1.46,adventureson,isleofcards,9,6,%
Wolfbitten Captive,Dark Ascension,0,2,0.48,1.14,adventureson,tcgplayer,20,,%
Zombie Apocalypse,Dark Ascension,0,3,0.51,1.01,abugames,isleofcards,20,7,%
Arcbound Ravager,Darksteel,0,2,30.75,43.94,isleofcards,isleofcards,1,11,%
Mycosynth Lattice,Darksteel,0,1,15.12,21.6,isleofcards,tcgplayer,3,,%
Trinisphere,Darksteel,0,1,7.31,14.99,abugames,tcgplayer,16,,%
Advent of the Wurm,Dragon's Maze,0,24,0.1,0.55,magicdotcards,isleofcards,,7,%
Blood Baron of Vizkopa,Dragon's Maze,0,13,1.5,2.23,magicdotcards,isleofcards,,12,%
Blood Scrivener,Dragon's Maze,0,48,0.16,0.27,cardkingdom,tcgplayer,24,,%
Boros Battleshaper,Dragon's Maze,0,60,0.1,0.28,magicdotcards,tcgplayer,,,%
Council of the Absolute,Dragon's Maze,0,16,0.25,0.72,magicdotcards,isleofcards,,9,%
Deadbridge Chant,Dragon's Maze,0,12,1.25,2.33,cardkingdom,isleofcards,25,7,%
Dragonshift,Dragon's Maze,0,39,0.13,0.26,isleofcards,tcgplayer,3,,%
Emmara Tandris,Dragon's Maze,0,45,0.13,0.42,adventureson,isleofcards,6,5,%
"Exava, Rakdos Blood Witch",Dragon's Maze,0,32,0.25,0.39,magicdotcards,tcgplayer,,,%
Gaze of Granite,Dragon's Maze,0,30,0.1,0.36,adventureson,isleofcards,16,7,%
Lavinia of the Tenth,Dragon's Maze,0,46,0.1,0.26,magicdotcards,tcgplayer,,,%
Legion's Initiative,Dragon's Maze,0,11,0.96,1.51,abugames,isleofcards,16,4,%
Maze's End,Dragon's Maze,0,13,0.5,0.92,magicdotcards,isleofcards,,5,%
"Melek, Izzet Paragon",Dragon's Maze,0,15,0.16,0.32,isleofcards,isleofcards,1,1,%
"Mirko Vosk, Mind Drinker",Dragon's Maze,0,15,0.5,0.97,magicdotcards,isleofcards,,9,%
Notion Thief,Dragon's Maze,0,35,0.25,0.74,magicdotcards,isleofcards,,7,%
Obzedat's Aid,Dragon's Maze,0,54,0.1,0.33,magicdotcards,isleofcards,,8,%
Plasm Capture,Dragon's Maze,0,30,0.25,0.36,magicdotcards,isleofcards,,6,%
Pontiff of Blight,Dragon's Maze,0,41,0.1,0.29,magicdotcards,isleofcards,,3,%
Possibility Storm,Dragon's Maze,0,61,0.25,0.37,magicdotcards,tcgplayer,,,%
Progenitor Mimic,Dragon's Maze,0,1,2.5,4.17,isleofcards,tcgplayer,8,,%
Pyrewild Shaman,Dragon's Maze,0,43,0.1,0.34,magicdotcards,isleofcards,,3,%
Reap Intellect,Dragon's Maze,0,26,0.25,0.7,magicdotcards,isleofcards,,9,%
Render Silent,Dragon's Maze,0,19,0.6,0.83,cardkingdom,tcgplayer,45,,%
Renegade Krasis,Dragon's Maze,0,48,0.19,0.47,cardkingdom,tcgplayer,24,,%
Renounce the Guilds,Dragon's Maze,0,42,0.1,0.36,magicdotcards,tcgplayer,,,%
"Ruric Thar, the Unbowed",Dragon's Maze,0,30,0.25,0.4,magicdotcards,tcgplayer,,,%
Savageborn Hydra,Dragon's Maze,0,5,1.3,2.21,abugames,isleofcards,12,6,%
Scion of Vitu-Ghazi,Dragon's Maze,0,62,0.1,0.33,magicdotcards,tcgplayer,,,%
Sire of Insanity,Dragon's Maze,0,37,0.1,0.28,magicdotcards,tcgplayer,,,%
Skylasher,Dragon's Maze,0,25,0.1,0.39,magicdotcards,tcgplayer,,,%
"Tajic, Blade of the Legion",Dragon's Maze,0,17,0.25,0.73,magicdotcards,isleofcards,,12,%
"Teysa, Envoy of Ghosts",Dragon's Maze,0,41,0.1,0.34,magicdotcards,tcgplayer,,,%
Trait Doctoring,Dragon's Maze,0,45,0.1,0.27,magicdotcards,tcgplayer,,,%
"Varolz, the Scar-Striped",Dragon's Maze,0,44,0.25,0.68,magicdotcards,isleofcards,,9,%
Voice of Resurgence,Dragon's Maze,0,1,20,30.71,magicdotcards,tcgplayer,,,%
Vorel of the Hull Clade,Dragon's Maze,0,41,0.25,0.75,cardkingdom,isleofcards,22,12,%
Zhur-Taa Ancient,Dragon's Maze,0,55,0.1,0.34,magicdotcards,tcgplayer,,,%
Ætherling,Dragon's Maze,0,33,,0.43,,isleofcards,,4,%
"Anafenza, Kin-Tree Spirit",Dragons of Tarkir,0,31,0.81,2,abugames,isleofcards,30,46,%
Arashin Foremost,Dragons of Tarkir,0,27,0.15,0.59,abugames,tcgplayer,99,,%
Arashin Sovereign,Dragons of Tarkir,0,28,0.1,0.36,magicdotcards,isleofcards,,50,%
Assault Formation,Dragons of Tarkir,0,27,0.85,1.22,adventureson,isleofcards,13,50,%
Atarka's Command,Dragons of Tarkir,0,1,4.68,5.85,isleofcards,isleofcards,1,49,%
Avatar of the Resolute,Dragons of Tarkir,0,67,0.46,0.92,isleofcards,isleofcards,7,39,%
Berserkers' Onslaught,Dragons of Tarkir,0,29,0.1,0.37,magicdotcards,tcgplayer,,,%
Blessed Reincarnation,Dragons of Tarkir,0,29,0.1,0.36,magicdotcards,tcgplayer,,,%
Blood-Chin Fanatic,Dragons of Tarkir,0,28,0.1,0.38,magicdotcards,tcgplayer,,,%
Boltwing Marauder,Dragons of Tarkir,0,21,0.12,0.35,adventureson,tcgplayer,32,,%
Clone Legion,Dragons of Tarkir,0,16,0.72,1.06,isleofcards,tcgplayer,45,,%
Collected Company,Dragons of Tarkir,0,3,11,15.72,isleofcards,isleofcards,5,33,%
Commune with Lava,Dragons of Tarkir,0,26,0.1,0.39,magicdotcards,isleofcards,,50,%
Corpseweft,Dragons of Tarkir,0,29,0.1,0.34,magicdotcards,isleofcards,,50,%
Crater Elemental,Dragons of Tarkir,0,27,0.1,0.35,magicdotcards,isleofcards,,48,%
Damnable Pact,Dragons of Tarkir,0,26,0.12,0.41,adventureson,tcgplayer,17,,%
Deathbringer Regent,Dragons of Tarkir,0,22,0.12,0.37,adventureson,isleofcards,24,50,%
Deathmist Raptor,Dragons of Tarkir,0,9,1.5,2.63,magicdotcards,isleofcards,,42,%
Den Protector,Dragons of Tarkir,0,18,1.16,2.33,isleofcards,isleofcards,2,41,%
Descent of the Dragons,Dragons of Tarkir,0,6,1.3,2.18,isleofcards,isleofcards,40,7,%
Dragon Tempest,Dragons of Tarkir,0,17,0.9,1.01,abugames,tcgplayer,12,,%
Dragon Whisperer,Dragons of Tarkir,0,17,0.7,1.4,isleofcards,tcgplayer,6,,%
Dragonlord Atarka,Dragons of Tarkir,0,4,6,8.41,adventureson,isleofcards,12,24,%
Dragonlord Dromoka,Dragons of Tarkir,0,3,3.6,5.26,adventureson,isleofcards,11,27,%
Dragonlord Kolaghan,Dragons of Tarkir,0,7,2,3.6,magicdotcards,isleofcards,,23,%
Dragonlord Ojutai,Dragons of Tarkir,0,7,4.2,6.86,cardkingdom,isleofcards,36,57,%
Dragonlord Silumgar,Dragons of Tarkir,0,1,3.61,6.02,isleofcards,isleofcards,4,44,%
Dragonlord's Prerogative,Dragons of Tarkir,0,22,0.1,0.39,adventureson,isleofcards,28,50,%
Dromoka's Command,Dragons of Tarkir,0,18,2.7,3.87,isleofcards,isleofcards,2,38,%
Foe-Razer Regent,Dragons of Tarkir,0,23,0.12,0.38,adventureson,tcgplayer,20,,%
Foul Renewal,Dragons of Tarkir,0,37,0.1,0.37,magicdotcards,tcgplayer,,,%
Gleam of Authority,Dragons of Tarkir,0,23,0.1,0.45,cardkingdom,tcgplayer,24,,%
Harbinger of the Hunt,Dragons of Tarkir,0,25,0.1,0.35,magicdotcards,tcgplayer,,,%
Haven of the Spirit Dragon,Dragons of Tarkir,0,11,0.75,1.48,magicdotcards,tcgplayer,,,%
Hedonist's Trove,Dragons of Tarkir,0,25,0.18,0.36,isleofcards,isleofcards,2,48,%
Hidden Dragonslayer,Dragons of Tarkir,0,33,0.5,1.01,magicdotcards,tcgplayer,,,%
Icefall Regent,Dragons of Tarkir,0,29,0.47,0.94,isleofcards,isleofcards,2,43,%
Illusory Gains,Dragons of Tarkir,0,20,0.1,0.37,magicdotcards,tcgplayer,,,%
Ire Shaman,Dragons of Tarkir,0,32,0.1,0.39,magicdotcards,isleofcards,,50,%
Kolaghan's Command,Dragons of Tarkir,0,5,5,8.79,cardkingdom,isleofcards,39,57,%
Living Lore,Dragons of Tarkir,0,33,0.1,0.37,magicdotcards,tcgplayer,,,%
Mirror Mockery,Dragons of Tarkir,0,12,0.25,0.47,magicdotcards,isleofcards,,46,%
Myth Realized,Dragons of Tarkir,0,45,0.16,0.62,cardkingdom,tcgplayer,27,,%
Narset Transcendent,Dragons of Tarkir,0,1,7,8.59,magicdotcards,tcgplayer,,,%
Necromaster Dragon,Dragons of Tarkir,0,23,0.1,0.36,magicdotcards,isleofcards,,50,%
Obscuring Æther,Dragons of Tarkir,0,30,,0.37,,isleofcards,,48,%
Ojutai Exemplars,Dragons of Tarkir,0,24,0.25,1.06,magicdotcards,isleofcards,,50,%
Ojutai's Command,Dragons of Tarkir,0,21,0.89,1.79,isleofcards,isleofcards,19,20,%
Pitiless Horde,Dragons of Tarkir,0,24,0.13,0.44,adventureson,tcgplayer,7,,%
Pristine Skywise,Dragons of Tarkir,0,30,0.1,0.37,magicdotcards,tcgplayer,,,%
Profaner of the Dead,Dragons of Tarkir,0,23,0.1,0.4,magicdotcards,tcgplayer,,,%
Profound Journey,Dragons of Tarkir,0,23,0.1,0.36,magicdotcards,tcgplayer,,,%
Radiant Purge,Dragons of Tarkir,0,18,0.1,0.43,magicdotcards,tcgplayer,,,%
Sarkhan Unbroken,Dragons of Tarkir,0,5,3,4.77,magicdotcards,tcgplayer,,,%
Secure the Wastes,Dragons of Tarkir,0,3,3.25,5.33,adventureson,isleofcards,9,40,%
Shaman of Forgotten Ways,Dragons of Tarkir,0,10,1.5,2.32,adventureson,isleofcards,7,50,%
Shorecrasher Elemental,Dragons of Tarkir,0,10,0.25,0.85,magicdotcards,isleofcards,,50,%
"Sidisi, Undead Vizier",Dragons of Tarkir,0,15,1.75,3.17,adventureson,isleofcards,10,49,%
Silumgar Assassin,Dragons of Tarkir,0,25,0.1,0.37,adventureson,tcgplayer,4,,%
Silumgar's Command,Dragons of Tarkir,0,34,0.25,0.55,adventureson,isleofcards,9,48,%
Stratus Dancer,Dragons of Tarkir,0,18,0.5,0.99,magicdotcards,isleofcards,,48,%
Sunbringer's Touch,Dragons of Tarkir,0,25,0.1,0.36,magicdotcards,isleofcards,,50,%
Sunscorch Regent,Dragons of Tarkir,0,25,0.5,0.69,magicdotcards,tcgplayer,,,%
"Surrak, the Hunt Caller",Dragons of Tarkir,0,29,0.14,0.51,adventureson,isleofcards,1,48,%
Thunderbreak Regent,Dragons of Tarkir,0,29,1,1.79,magicdotcards,isleofcards,,34,%
Volcanic Vision,Dragons of Tarkir,0,23,0.1,0.37,magicdotcards,tcgplayer,,,%
Zurgo Bellstriker,Dragons of Tarkir,0,11,0.65,0.94,isleofcards,tcgplayer,3,,%
Master of Etherium,Duel Decks: Elspeth vs. Tezzeret,0,1,6.75,11.75,abugames,tcgplayer,8,,%
Steel Overseer,Duel Decks: Elspeth vs. Tezzeret,0,1,9.56,13.99,abugames,isleofcards,8,8,%
Ancestral Vision,Duel Decks: Jace vs. Chandra,0,1,26.44,47.18,abugames,tcgplayer,12,,%
Entomb,Eternal Masters,0,1,9,15.31,cardkingdom,isleofcards,21,10,%
Gamble,Eternal Masters,0,1,7.91,11.42,abugames,isleofcards,20,11,%
"Jace, the Mind Sculptor",Eternal Masters,0,1,48.47,66.86,isleofcards,isleofcards,7,4,%
Karakas,Eternal Masters,0,1,49.58,68.26,abugames,isleofcards,20,11,%
Maelstrom Wanderer,Eternal Masters,0,1,7.31,11,abugames,tcgplayer,12,,%
Mana Crypt,Eternal Masters,0,1,62.24,85.86,isleofcards,isleofcards,7,5,%
Maze of Ith,Eternal Masters,0,3,8,13.58,magicdotcards,isleofcards,,12,%
Natural Order,Eternal Masters,0,3,18.2,24.77,isleofcards,isleofcards,8,4,%
Sinkhole,Eternal Masters,0,3,8,11.29,magicdotcards,isleofcards,,12,%
Sneak Attack,Eternal Masters,0,4,17.22,24.6,isleofcards,isleofcards,4,8,%
Sylvan Library,Eternal Masters,0,3,12.64,18.06,isleofcards,tcgplayer,6,,%
Regal Force,Eventide,0,2,7.49,11.65,abugames,isleofcards,20,11,%
Twilight Mire,Eventide,0,1,27.78,37.05,isleofcards,isleofcards,10,2,%
Allay,Exodus,0,3,,0.2,,tcgplayer,,,%
Anarchist,Exodus,0,1,,0.17,,tcgplayer,,,%
Avenging Druid,Exodus,0,1,,0.17,,tcgplayer,,,%
Bequeathal,Exodus,0,4,,0.21,,tcgplayer,,,%
Carnophage,Exodus,0,3,0.03,0.26,abugames,tcgplayer,30,,%
Cat Burglar,Exodus,0,2,,0.17,,tcgplayer,,,%
Charging Paladin,Exodus,0,1,,0.17,,tcgplayer,,,%
Cinder Crawler,Exodus,0,3,,0.16,,tcgplayer,,,%
City of Traitors,Exodus,0,1,90.01,178.15,abugames,tcgplayer,16,,%
Crashing Boars,Exodus,0,1,,0.19,,tcgplayer,,,%
Culling the Weak,Exodus,0,2,0.25,0.74,magicdotcards,tcgplayer,,,%
Cunning,Exodus,0,2,,0.17,,tcgplayer,,,%
Curiosity,Exodus,0,1,0.15,0.43,adventureson,tcgplayer,30,,%
Cursed Flesh,Exodus,0,1,,0.17,,tcgplayer,,,%
Dauthi Cutthroat,Exodus,0,1,0.05,0.27,magicdotcards,tcgplayer,,,%
Dauthi Jackal,Exodus,0,2,0.01,0.18,magicdotcards,tcgplayer,,,%
Death's Duet,Exodus,0,5,,0.17,,tcgplayer,,,%
Dizzying Gaze,Exodus,0,5,,0.16,,tcgplayer,,,%
Elven Palisade,Exodus,0,1,,0.19,,tcgplayer,,,%
Elvish Berserker,Exodus,0,2,,0.17,,tcgplayer,,,%
Entropic Specter,Exodus,0,1,0.1,0.34,magicdotcards,tcgplayer,,,%
Erratic Portal,Exodus,0,1,0.6,1.46,cardkingdom,tcgplayer,12,,%
Exalted Dragon,Exodus,0,1,0.25,0.35,magicdotcards,tcgplayer,,,%
Fade Away,Exodus,0,4,0.08,0.22,abugames,tcgplayer,10,,%
Flowstone Flood,Exodus,0,1,0.06,0.2,cardkingdom,tcgplayer,2,,%
Forbid,Exodus,0,1,0.48,2,abugames,tcgplayer,30,,%
Fugue,Exodus,0,2,,0.19,,tcgplayer,,,%
Furnace Brood,Exodus,0,2,,0.16,,tcgplayer,,,%
Grollub,Exodus,0,2,,0.17,,tcgplayer,,,%
High Ground,Exodus,0,1,0.1,0.21,magicdotcards,tcgplayer,,,%
Jackalope Herd,Exodus,0,2,,0.16,,tcgplayer,,,%
Keeper of the Beasts,Exodus,0,1,,0.2,,tcgplayer,,,%
Keeper of the Flame,Exodus,0,1,,0.21,,tcgplayer,,,%
Keeper of the Mind,Exodus,0,2,,0.2,,tcgplayer,,,%
Killer Whale,Exodus,0,1,,0.21,,tcgplayer,,,%
Mage il-Vec,Exodus,0,1,,0.17,,tcgplayer,,,%
Mana Breach,Exodus,0,2,,0.22,,tcgplayer,,,%
Manabond,Exodus,0,1,2.39,4.38,abugames,tcgplayer,16,,%
Maniacal Rage,Exodus,0,1,,0.17,,tcgplayer,,,%
Merfolk Looter,Exodus,0,4,,0.17,,tcgplayer,,,%
Mind Maggots,Exodus,0,2,,0.2,,tcgplayer,,,%
Mind Over Matter,Exodus,0,1,7.31,13.43,abugames,tcgplayer,8,,%
Mindless Automaton,Exodus,0,2,0.1,0.36,magicdotcards,tcgplayer,,,%
Nausea,Exodus,0,2,,0.17,,tcgplayer,,,%
Necrologia,Exodus,0,1,,0.2,,tcgplayer,,,%
Oath of Mages,Exodus,0,1,0.1,0.34,magicdotcards,tcgplayer,,,%
Ogre Shaman,Exodus,0,1,0.1,0.34,magicdotcards,tcgplayer,,,%
Onslaught,Exodus,0,3,,0.17,,tcgplayer,,,%
Peace of Mind,Exodus,0,5,,0.2,,tcgplayer,,,%
Pegasus Stampede,Exodus,0,1,,0.2,,tcgplayer,,,%
Pit Spawn,Exodus,0,1,0.25,0.71,magicdotcards,tcgplayer,,,%
Plated Rootwalla,Exodus,0,2,,0.17,,tcgplayer,,,%
Predatory Hunger,Exodus,0,2,0.1,0.18,magicdotcards,tcgplayer,,,%
Price of Progress,Exodus,0,2,2,4.78,magicdotcards,tcgplayer,,,%
Pygmy Troll,Exodus,0,1,,0.17,,tcgplayer,,,%
Rabid Wolverines,Exodus,0,3,,0.16,,tcgplayer,,,%
Raging Goblin,Exodus,0,1,0.01,0.17,magicdotcards,tcgplayer,,,%
Reaping the Rewards,Exodus,0,3,,0.16,,tcgplayer,,,%
Reckless Ogre,Exodus,0,6,,0.17,,tcgplayer,,,%
Reclaim,Exodus,0,2,,0.17,,tcgplayer,,,%
Robe of Mirrors,Exodus,0,4,,0.18,,tcgplayer,,,%
Rootwater Alligator,Exodus,0,4,,0.17,,tcgplayer,,,%
Rootwater Mystic,Exodus,0,2,,0.17,,tcgplayer,,,%
Sabertooth Wyvern,Exodus,0,1,,0.2,,tcgplayer,,,%
Scare Tactics,Exodus,0,1,,0.17,,tcgplayer,,,%
School of Piranha,Exodus,0,2,,0.16,,tcgplayer,,,%
Seismic Assault,Exodus,0,1,1,1.79,magicdotcards,tcgplayer,,,%
Shackles,Exodus,0,2,,0.17,,tcgplayer,,,%
Shattering Pulse,Exodus,0,1,0.06,0.23,cardkingdom,tcgplayer,12,,%
Shield Mate,Exodus,0,5,,0.19,,tcgplayer,,,%
Skyshaper,Exodus,0,1,,0.21,,tcgplayer,,,%
Skyshroud Elite,Exodus,0,1,0.1,0.32,magicdotcards,tcgplayer,,,%
Slaughter,Exodus,0,1,0.02,0.24,abugames,tcgplayer,99,,%
Soltari Visionary,Exodus,0,2,0.02,0.2,abugames,tcgplayer,99,,%
Sonic Burst,Exodus,0,3,,0.17,,tcgplayer,,,%
Soul Warden,Exodus,0,3,0.45,0.94,adventureson,tcgplayer,18,,%
Spike Cannibal,Exodus,0,1,,0.24,,tcgplayer,,,%
Spike Rogue,Exodus,0,1,,0.21,,tcgplayer,,,%
Spike Weaver,Exodus,0,1,2.44,4.64,abugames,isleofcards,20,1,%
Standing Troops,Exodus,0,2,,0.17,,tcgplayer,,,%
Thalakos Scout,Exodus,0,1,,0.17,,tcgplayer,,,%
Theft of Dreams,Exodus,0,3,,0.17,,tcgplayer,,,%
Thrull Surgeon,Exodus,0,1,,0.16,,tcgplayer,,,%
Transmogrifying Licid,Exodus,0,1,,0.2,,tcgplayer,,,%
Treasure Hunter,Exodus,0,1,,0.2,,tcgplayer,,,%
Vampire Hounds,Exodus,0,7,0.02,0.19,abugames,tcgplayer,99,,%
Wall of Nets,Exodus,0,1,0.41,0.75,abugames,tcgplayer,12,,%
Welkin Hawk,Exodus,0,5,,0.17,,tcgplayer,,,%
Whiptongue Frog,Exodus,0,3,,0.17,,tcgplayer,,,%
Wood Elves,Exodus,0,2,0.08,0.2,abugames,tcgplayer,10,,%
Workhorse,Exodus,0,1,0.11,0.54,abugames,tcgplayer,20,,%
Zealots en-Dal,Exodus,0,1,,0.2,,tcgplayer,,,%
Aeolipile,Fallen Empires,0,2,0.14,0.42,abugames,tcgplayer,10,,%
Armor Thrull,Fallen Empires,0,5,,0.17,,tcgplayer,,,%
Balm of Restoration,Fallen Empires,0,1,0.1,0.35,magicdotcards,tcgplayer,,,%
Basal Thrull,Fallen Empires,0,4,,0.18,,tcgplayer,,,%
Bottomless Vault,Fallen Empires,0,4,0.5,0.8,magicdotcards,tcgplayer,,,%
Breeding Pit,Fallen Empires,0,5,0.1,0.24,magicdotcards,tcgplayer,,,%
Conch Horn,Fallen Empires,0,3,0.1,0.37,magicdotcards,tcgplayer,,,%
Deep Spawn,Fallen Empires,0,8,,0.19,,tcgplayer,,,%
Delif's Cone,Fallen Empires,0,5,,0.17,,tcgplayer,,,%
Delif's Cube,Fallen Empires,0,2,0.1,0.34,magicdotcards,tcgplayer,,,%
Derelor,Fallen Empires,0,2,0.1,0.3,magicdotcards,tcgplayer,,,%
Draconian Cylix,Fallen Empires,0,4,0.1,0.35,magicdotcards,tcgplayer,,,%
Dwarven Armorer,Fallen Empires,0,2,0.1,0.37,magicdotcards,tcgplayer,,,%
Dwarven Catapult,Fallen Empires,0,3,,0.2,,tcgplayer,,,%
Dwarven Hold,Fallen Empires,0,2,0.25,0.7,cardkingdom,tcgplayer,15,,%
Dwarven Lieutenant,Fallen Empires,0,4,,0.21,,tcgplayer,,,%
Dwarven Ruins,Fallen Empires,0,4,0.05,0.28,magicdotcards,tcgplayer,,,%
Ebon Praetor,Fallen Empires,0,1,0.1,0.35,magicdotcards,tcgplayer,,,%
Ebon Stronghold,Fallen Empires,0,3,0.05,0.27,magicdotcards,tcgplayer,,,%
Elven Fortress,Fallen Empires,0,4,,0.17,,tcgplayer,,,%
Elven Lyre,Fallen Empires,0,4,0.1,0.37,magicdotcards,tcgplayer,,,%
Elvish Farmer,Fallen Empires,0,4,0.49,0.87,abugames,tcgplayer,20,,%
Elvish Hunter,Fallen Empires,0,6,,0.18,,tcgplayer,,,%
Elvish Scout,Fallen Empires,0,3,,0.18,,tcgplayer,,,%
Farrel's Mantle,Fallen Empires,0,2,,0.19,,tcgplayer,,,%
Farrel's Zealot,Fallen Empires,0,5,,0.17,,tcgplayer,,,%
Farrelite Priest,Fallen Empires,0,6,,0.2,,tcgplayer,,,%
Feral Thallid,Fallen Empires,0,4,,0.22,,tcgplayer,,,%
Fungal Bloom,Fallen Empires,0,6,0.39,0.8,abugames,tcgplayer,20,,%
Goblin Chirurgeon,Fallen Empires,0,6,,0.24,,tcgplayer,,,%
Goblin Flotilla,Fallen Empires,0,3,0.1,0.38,magicdotcards,tcgplayer,,,%
Goblin Grenade,Fallen Empires,0,4,0.25,0,cardkingdom,None,60,0,%
Goblin Kites,Fallen Empires,0,6,,0.19,,tcgplayer,,,%
Goblin Warrens,Fallen Empires,0,2,0.25,0.88,magicdotcards,tcgplayer,,,%
Hand of Justice,Fallen Empires,0,2,0.16,0.41,abugames,tcgplayer,10,,%
Havenwood Battleground,Fallen Empires,0,5,0.02,0.23,abugames,tcgplayer,99,,%
Heroism,Fallen Empires,0,6,,0.19,,tcgplayer,,,%
High Tide,Fallen Empires,0,5,,0.56,,tcgplayer,,,%
Hollow Trees,Fallen Empires,0,4,0.25,0.68,magicdotcards,tcgplayer,,,%
Homarid,Fallen Empires,0,6,,0.17,,tcgplayer,,,%
Homarid Shaman,Fallen Empires,0,2,0.07,0.39,abugames,tcgplayer,30,,%
Homarid Spawning Bed,Fallen Empires,0,4,,0.21,,tcgplayer,,,%
Icatian Infantry,Fallen Empires,0,4,,0.17,,tcgplayer,,,%
Icatian Lieutenant,Fallen Empires,0,1,0.12,0.35,abugames,tcgplayer,10,,%
Icatian Moneychanger,Fallen Empires,0,4,,0.17,,tcgplayer,,,%
Icatian Phalanx,Fallen Empires,0,10,,0.19,,tcgplayer,,,%
Icatian Priest,Fallen Empires,0,5,,0.19,,tcgplayer,,,%
Icatian Skirmishers,Fallen Empires,0,3,0.1,0.39,magicdotcards,tcgplayer,,,%
Icatian Store,Fallen Empires,0,5,0.25,0.47,magicdotcards,tcgplayer,,,%
Icatian Town,Fallen Empires,0,1,0.1,0.3,magicdotcards,tcgplayer,,,%
Implements of Sacrifice,Fallen Empires,0,4,0.1,0.36,magicdotcards,tcgplayer,,,%
Merseine,Fallen Empires,0,6,,0.17,,tcgplayer,,,%
Orcish Captain,Fallen Empires,0,6,,0.2,,tcgplayer,,,%
Orcish Veteran,Fallen Empires,0,6,,0.17,,tcgplayer,,,%
Order of Leitbur,Fallen Empires,0,3,,0.2,,tcgplayer,,,%
Order of the Ebon Hand,Fallen Empires,0,5,,0.19,,tcgplayer,,,%
Orgg,Fallen Empires,0,2,0.1,0.29,magicdotcards,tcgplayer,,,%
Raiding Party,Fallen Empires,0,7,,0.2,,tcgplayer,,,%
Rainbow Vale,Fallen Empires,0,1,1.4,0.97,cardkingdom,tcgplayer,16,,%
Ring of Renewal,Fallen Empires,0,2,0.1,0.35,magicdotcards,tcgplayer,,,%
River Merfolk,Fallen Empires,0,4,0.1,0.38,magicdotcards,tcgplayer,,,%
Ruins of Trokair,Fallen Empires,0,6,0.05,0.21,magicdotcards,tcgplayer,,,%
Sand Silos,Fallen Empires,0,2,0.25,0.63,magicdotcards,tcgplayer,,,%
Seasinger,Fallen Empires,0,7,0.05,0.23,magicdotcards,tcgplayer,,,%
Soul Exchange,Fallen Empires,0,9,0.05,0.31,magicdotcards,tcgplayer,,,%
Spirit Shield,Fallen Empires,0,2,0.1,0.37,magicdotcards,tcgplayer,,,%
Spore Cloud,Fallen Empires,0,7,,0.18,,tcgplayer,,,%
Spore Flower,Fallen Empires,0,6,,0.35,,tcgplayer,,,%
Svyelunite Priest,Fallen Empires,0,5,,0.19,,tcgplayer,,,%
Svyelunite Temple,Fallen Empires,0,7,0.02,0.24,abugames,tcgplayer,99,,%
Thallid Devourer,Fallen Empires,0,10,,0.27,,tcgplayer,,,%
Thelon's Chant,Fallen Empires,0,8,,0.19,,tcgplayer,,,%
Thelon's Curse,Fallen Empires,0,3,0.1,0.35,magicdotcards,tcgplayer,,,%
Thelonite Druid,Fallen Empires,0,8,,0.21,,tcgplayer,,,%
Thelonite Monk,Fallen Empires,0,1,0.1,0.37,magicdotcards,tcgplayer,,,%
Thorn Thallid,Fallen Empires,0,6,,0.18,,tcgplayer,,,%
Thrull Champion,Fallen Empires,0,4,0.1,0.39,magicdotcards,tcgplayer,,,%
Thrull Retainer,Fallen Empires,0,6,,0.2,,tcgplayer,,,%
Thrull Wizard,Fallen Empires,0,5,,0.2,,tcgplayer,,,%
Tidal Flats,Fallen Empires,0,7,,0.19,,tcgplayer,,,%
Tidal Influence,Fallen Empires,0,7,,0.19,,tcgplayer,,,%
Tourach's Chant,Fallen Empires,0,9,,0.2,,tcgplayer,,,%
Tourach's Gate,Fallen Empires,0,5,0.1,0.36,magicdotcards,tcgplayer,,,%
Vodalian Knights,Fallen Empires,0,4,0.1,0.41,magicdotcards,tcgplayer,,,%
Vodalian Mage,Fallen Empires,0,6,,0.18,,tcgplayer,,,%
Vodalian War Machine,Fallen Empires,0,4,0.1,0.35,magicdotcards,tcgplayer,,,%
Zelyon Sword,Fallen Empires,0,2,0.12,0.39,abugames,tcgplayer,10,,%
"Alesha, Who Smiles at Death",Fate Reforged,0,36,0.15,0.38,cardkingdom,tcgplayer,70,,%
Arcbond,Fate Reforged,0,33,0.1,0.27,magicdotcards,tcgplayer,,,%
Archfiend of Depravity,Fate Reforged,0,23,0.25,0.53,magicdotcards,isleofcards,,50,%
"Atarka, World Render",Fate Reforged,0,35,0.25,0.55,magicdotcards,isleofcards,,50,%
Brutal Hordechief,Fate Reforged,0,23,0.5,1.31,magicdotcards,isleofcards,,50,%
Citadel Siege,Fate Reforged,0,44,0.1,0.37,magicdotcards,isleofcards,,50,%
Crucible of the Spirit Dragon,Fate Reforged,0,33,0.12,0.39,adventureson,tcgplayer,19,,%
Crux of Fate,Fate Reforged,0,39,0.19,0.73,abugames,isleofcards,99,50,%
Daghatar the Adamant,Fate Reforged,0,32,0.1,0.34,magicdotcards,tcgplayer,,,%
Dragonscale General,Fate Reforged,0,13,0.1,0.35,magicdotcards,isleofcards,,50,%
"Dromoka, the Eternal",Fate Reforged,0,32,0.1,0.34,magicdotcards,tcgplayer,,,%
Flamerush Rider,Fate Reforged,0,35,0.1,0.35,magicdotcards,tcgplayer,,,%
Flamewake Phoenix,Fate Reforged,0,36,0.1,0.43,magicdotcards,isleofcards,,50,%
Frontier Siege,Fate Reforged,0,27,0.1,0.46,magicdotcards,isleofcards,,50,%
Ghastly Conscription,Fate Reforged,0,16,0.25,0.71,magicdotcards,isleofcards,,50,%
Jeskai Infiltrator,Fate Reforged,0,31,0.1,0.35,magicdotcards,tcgplayer,,,%
"Kolaghan, the Storm's Fury",Fate Reforged,0,44,0.25,0.57,magicdotcards,isleofcards,,50,%
Mardu Strike Leader,Fate Reforged,0,33,0.1,0.58,magicdotcards,isleofcards,,50,%
Mastery of the Unseen,Fate Reforged,0,34,0.1,0.41,magicdotcards,tcgplayer,,,%
Mob Rule,Fate Reforged,0,17,0.1,0.3,magicdotcards,isleofcards,,50,%
Monastery Siege,Fate Reforged,0,27,0.1,0.62,magicdotcards,isleofcards,,50,%
"Ojutai, Soul of Winter",Fate Reforged,0,39,0.15,0.35,adventureson,isleofcards,23,50,%
Outpost Siege,Fate Reforged,0,36,0.45,0.65,isleofcards,isleofcards,4,46,%
Palace Siege,Fate Reforged,0,34,0.1,0.45,magicdotcards,isleofcards,,50,%
Rally the Ancestors,Fate Reforged,0,22,0.1,0.71,magicdotcards,tcgplayer,,,%
Sage-Eye Avengers,Fate Reforged,0,22,0.1,0.34,magicdotcards,tcgplayer,,,%
Sandsteppe Mastodon,Fate Reforged,0,26,0.1,0.27,magicdotcards,tcgplayer,,,%
Scroll of the Masters,Fate Reforged,0,17,0.1,0.34,magicdotcards,tcgplayer,,,%
Shaman of the Great Hunt,Fate Reforged,0,28,0.25,0.94,magicdotcards,tcgplayer,,,%
Shamanic Revelation,Fate Reforged,0,19,0.1,0.31,magicdotcards,isleofcards,,49,%
"Shu Yun, the Silent Tempest",Fate Reforged,0,32,0.1,0.37,magicdotcards,tcgplayer,,,%
"Silumgar, the Drifting Death",Fate Reforged,0,48,0.1,0.48,cardkingdom,isleofcards,24,50,%
Soulfire Grand Master,Fate Reforged,0,22,2,2.96,magicdotcards,isleofcards,,50,%
Soulflayer,Fate Reforged,0,36,0.1,0.3,magicdotcards,tcgplayer,,,%
Supplant Form,Fate Reforged,0,34,0.1,0.33,magicdotcards,isleofcards,,50,%
"Tasigur, the Golden Fang",Fate Reforged,0,41,1.5,2.76,magicdotcards,isleofcards,,19,%
Temporal Trespass,Fate Reforged,0,23,0.75,1.42,adventureson,isleofcards,7,50,%
Temur War Shaman,Fate Reforged,0,29,0.1,0.32,magicdotcards,isleofcards,,50,%
Torrent Elemental,Fate Reforged,0,11,0.25,0.82,magicdotcards,isleofcards,,50,%
"Ugin, the Spirit Dragon",Fate Reforged,0,5,15,22.79,magicdotcards,tcgplayer,,,%
Warden of the First Tree,Fate Reforged,0,41,0.25,0.96,magicdotcards,isleofcards,,36,%
Whisperwood Elemental,Fate Reforged,0,44,0.5,0.88,magicdotcards,isleofcards,,20,%
Wildcall,Fate Reforged,0,22,0.1,0.34,magicdotcards,isleofcards,,50,%
Yasova Dragonclaw,Fate Reforged,0,40,0.1,0.29,magicdotcards,tcgplayer,,,%
Crucible of Worlds,Fifth Dawn,0,1,44.08,62.98,isleofcards,tcgplayer,5,,%
Mycosynth Golem,Fifth Dawn,0,1,9.18,12.35,isleofcards,tcgplayer,10,,%
Howling Mine,Fifth Edition,0,1,1.5,2.49,magicdotcards,tcgplayer,,,%
Sylvan Library,Fifth Edition,0,2,13.5,20.67,abugames,isleofcards,16,1,%
Alabaster Potion,Fourth Edition,0,1,,0.14,,abugames,,30,%
Amrou Kithkin,Fourth Edition,0,1,,0.14,,abugames,,70,%
Apprentice Wizard,Fourth Edition,0,1,,0.14,,abugames,,30,%
Armageddon Clock,Fourth Edition,0,1,0.1,0.24,adventureson,abugames,19,40,%
Battering Ram,Fourth Edition,0,1,,0.14,,abugames,,150,%
Bird Maiden,Fourth Edition,0,1,,0.14,,abugames,,30,%
Birds of Paradise,Fourth Edition,0,1,4.68,8.08,abugames,tcgplayer,12,,%
Brainwash,Fourth Edition,0,1,,0.14,,abugames,,90,%
Bronze Tablet,Fourth Edition,0,1,0.1,0.24,magicdotcards,abugames,,35,%
Brothers of Fire,Fourth Edition,0,1,,0.14,,abugames,,130,%
Circle of Protection: Red,Fourth Edition,0,2,0.02,0.14,abugames,abugames,50,12,%
Conservator,Fourth Edition,0,1,0.02,0.19,abugames,abugames,50,20,%
Creature Bond,Fourth Edition,0,1,,0.14,,abugames,,90,%
Disenchant,Fourth Edition,0,1,0.06,0.14,cardkingdom,abugames,5,30,%
Disrupting Scepter,Fourth Edition,0,1,0.1,0.24,magicdotcards,abugames,,70,%
Flight,Fourth Edition,0,1,,0.14,,abugames,,80,%
Fortified Area,Fourth Edition,0,2,,0.14,,abugames,,30,%
Gaseous Form,Fourth Edition,0,1,,0.14,,abugames,,80,%
Goblin Rock Sled,Fourth Edition,0,1,,0.14,,abugames,,150,%
Grapeshot Catapult,Fourth Edition,0,1,,0.14,,abugames,,130,%
Helm of Chatzuk,Fourth Edition,0,1,0.1,0.24,magicdotcards,abugames,,40,%
Holy Armor,Fourth Edition,0,1,,0.14,,abugames,,60,%
Holy Strength,Fourth Edition,0,1,,0.14,,abugames,,30,%
Howling Mine,Fourth Edition,0,1,1.6,2.78,abugames,tcgplayer,12,,%
Hurloon Minotaur,Fourth Edition,0,1,,0.14,,abugames,,150,%
Ironroot Treefolk,Fourth Edition,0,1,0.01,0.14,magicdotcards,abugames,,30,%
Karma,Fourth Edition,0,2,,0.19,,abugames,,30,%
Kismet,Fourth Edition,0,1,0.06,0.19,cardkingdom,abugames,6,12,%
Land Tax,Fourth Edition,0,2,9.5,13.29,cardkingdom,abugames,18,9,%
Lifelace,Fourth Edition,0,1,0.1,0.24,magicdotcards,abugames,,30,%
Lightning Bolt,Fourth Edition,0,4,1.5,2.18,adventureson,tcgplayer,30,,%
Lost Soul,Fourth Edition,0,1,,0.14,,abugames,,50,%
Magical Hack,Fourth Edition,0,1,0.1,0.24,magicdotcards,abugames,,35,%
Mahamoti Djinn,Fourth Edition,0,2,0.14,0.29,abugames,abugames,8,10,%
Mishra's Factory,Fourth Edition,0,2,1.5,1.66,magicdotcards,tcgplayer,,,%
Nevinyrral's Disk,Fourth Edition,0,1,1.33,1.86,abugames,tcgplayer,12,,%
Oasis,Fourth Edition,0,4,0.02,0.19,abugames,abugames,50,20,%
Obsianus Golem,Fourth Edition,0,1,,0.19,,abugames,,30,%
Orcish Oriflamme,Fourth Edition,0,1,,0.19,,abugames,,30,%
Phantasmal Terrain,Fourth Edition,0,1,,0.14,,abugames,,90,%
Piety,Fourth Edition,0,1,,0.14,,abugames,,90,%
Radjan Spirit,Fourth Edition,0,1,,0.19,,abugames,,30,%
Raise Dead,Fourth Edition,0,1,,0.14,,abugames,,30,%
Sandstorm,Fourth Edition,0,2,,0.14,,abugames,,50,%
Shivan Dragon,Fourth Edition,0,1,0.46,0.72,abugames,tcgplayer,12,,%
Sindbad,Fourth Edition,0,1,,0.19,,abugames,,30,%
Spirit Link,Fourth Edition,0,1,0.1,0.24,magicdotcards,abugames,,130,%
Stone Rain,Fourth Edition,0,1,0.09,0.18,abugames,tcgplayer,15,,%
Stream of Life,Fourth Edition,0,1,,0.14,,abugames,,90,%
Sunken City,Fourth Edition,0,1,,0.14,,abugames,,30,%
Terror,Fourth Edition,0,1,,0.14,,abugames,,130,%
Tsunami,Fourth Edition,0,1,0.02,0.19,abugames,abugames,50,20,%
Urza's Avenger,Fourth Edition,0,1,0.1,0.24,magicdotcards,abugames,,25,%
Yotian Soldier,Fourth Edition,0,2,,0.14,,abugames,,70,%
Zephyr Falcon,Fourth Edition,0,1,,0.14,,abugames,,30,%
Aven Mindcensor,Future Sight,0,1,7.5,10.4,cardkingdom,isleofcards,21,3,%
Grove of the Burnwillows,Future Sight,0,1,49,65.24,cardkingdom,tcgplayer,12,,%
Nimbus Maze,Future Sight,0,2,10,29,cardkingdom,tcgplayer,17,,%
Slaughter Pact,Future Sight,0,1,6.49,9.41,isleofcards,isleofcards,10,2,%
Summoner's Pact,Future Sight,0,2,10,11.77,cardkingdom,isleofcards,10,3,%
Sword of the Meek,Future Sight,0,3,6.33,10.67,abugames,isleofcards,12,6,%
Tarmogoyf,Future Sight,0,1,114.9,164.15,isleofcards,isleofcards,6,4,%
"Venser, Shaper Savant",Future Sight,0,1,13.67,17.64,isleofcards,isleofcards,11,1,%
Alms Beast,Gatecrash,0,37,0.1,0.27,magicdotcards,tcgplayer,,,%
Angelic Skirmisher,Gatecrash,0,8,0.37,0.74,isleofcards,tcgplayer,2,,%
Assemble the Legion,Gatecrash,0,16,1.15,1.46,cardkingdom,isleofcards,41,2,%
Aurelia's Fury,Gatecrash,0,16,0.75,1.12,magicdotcards,isleofcards,,6,%
"Aurelia, the Warleader",Gatecrash,0,2,2.12,4.24,isleofcards,isleofcards,6,6,%
Biomass Mutation,Gatecrash,0,39,0.1,0.26,magicdotcards,tcgplayer,,,%
Biovisionary,Gatecrash,0,26,0.1,0.4,magicdotcards,isleofcards,,1,%
Blind Obedience,Gatecrash,0,25,1.17,1.96,isleofcards,isleofcards,9,3,%
Borborygmos Enraged,Gatecrash,0,25,0.5,1.04,adventureson,isleofcards,3,12,%
Boros Charm,Gatecrash,0,8,1.5,2.71,magicdotcards,isleofcards,,10,%
Boros Reckoner,Gatecrash,0,12,1.5,2.61,cardkingdom,isleofcards,29,7,%
Clan Defiance,Gatecrash,0,42,0.1,0.29,cardkingdom,tcgplayer,19,,%
Consuming Aberration,Gatecrash,0,2,2,2.94,magicdotcards,isleofcards,,6,%
Crypt Ghast,Gatecrash,0,8,1.26,2.39,adventureson,tcgplayer,27,,%
Deathpact Angel,Gatecrash,0,32,0.5,0.97,magicdotcards,tcgplayer,,,%
Diluvian Primordial,Gatecrash,0,58,0.17,0.32,adventureson,isleofcards,30,5,%
Duskmantle Seer,Gatecrash,0,27,0.25,0.78,adventureson,tcgplayer,15,,%
Enter the Infinite,Gatecrash,0,26,0.67,1.35,isleofcards,isleofcards,5,4,%
Fathom Mage,Gatecrash,0,44,0.2,0.42,adventureson,isleofcards,30,2,%
Firemane Avenger,Gatecrash,0,34,0.22,0.44,isleofcards,isleofcards,2,3,%
Five-Alarm Fire,Gatecrash,0,52,0.16,0.26,isleofcards,tcgplayer,10,,%
Foundry Champion,Gatecrash,0,58,0.1,0.26,magicdotcards,tcgplayer,,,%
Frontline Medic,Gatecrash,0,17,0.2,0.46,adventureson,tcgplayer,29,,%
Giant Adephage,Gatecrash,0,8,0.8,1.53,cardkingdom,tcgplayer,26,,%
Glaring Spotlight,Gatecrash,0,29,0.25,0.42,magicdotcards,tcgplayer,,,%
Godless Shrine,Gatecrash,0,1,7.8,10.54,isleofcards,tcgplayer,12,,%
Gruul Ragebeast,Gatecrash,0,52,0.1,0.25,magicdotcards,tcgplayer,,,%
Gyre Sage,Gatecrash,0,17,0.7,1.42,adventureson,tcgplayer,8,,%
Hellkite Tyrant,Gatecrash,0,3,1.5,3,cardkingdom,isleofcards,23,5,%
High Priest of Penance,Gatecrash,0,40,0.5,0.56,magicdotcards,isleofcards,,8,%
Illusionist's Bracers,Gatecrash,0,4,1,1.97,magicdotcards,tcgplayer,,,%
Immortal Servitude,Gatecrash,0,22,0.25,0.54,magicdotcards,isleofcards,,11,%
"Lazav, Dimir Mastermind",Gatecrash,0,7,1.49,2.47,abugames,isleofcards,16,6,%
Lord of the Void,Gatecrash,0,2,2.25,3.97,adventureson,isleofcards,20,11,%
Luminate Primordial,Gatecrash,0,22,0.16,0.33,isleofcards,isleofcards,1,6,%
Merciless Eviction,Gatecrash,0,45,0.5,0.98,cardkingdom,isleofcards,34,6,%
Mind Grind,Gatecrash,0,7,1,1.99,magicdotcards,isleofcards,,12,%
Molten Primordial,Gatecrash,0,27,0.13,0.26,isleofcards,tcgplayer,3,,%
Mystic Genesis,Gatecrash,0,50,0.1,0.27,magicdotcards,tcgplayer,,,%
Nightveil Specter,Gatecrash,0,13,0.25,0.92,magicdotcards,isleofcards,,10,%
"Obzedat, Ghost Council",Gatecrash,0,3,2.5,3.38,magicdotcards,tcgplayer,,,%
Ogre Slumlord,Gatecrash,0,31,0.25,0.45,magicdotcards,isleofcards,,6,%
Ooze Flux,Gatecrash,0,50,0.1,0.35,magicdotcards,tcgplayer,,,%
Prime Speaker Zegana,Gatecrash,0,11,0.69,1.39,isleofcards,isleofcards,3,8,%
Realmwright,Gatecrash,0,31,0.1,0.27,magicdotcards,tcgplayer,,,%
Rubblebelt Raiders,Gatecrash,0,17,0.1,0.29,magicdotcards,tcgplayer,,,%
Rubblehulk,Gatecrash,0,48,0.1,0.27,magicdotcards,tcgplayer,,,%
Sepulchral Primordial,Gatecrash,0,19,0.12,0.45,abugames,tcgplayer,20,,%
Signal the Clans,Gatecrash,0,41,0.1,0.28,magicdotcards,tcgplayer,,,%
Simic Manipulator,Gatecrash,0,42,0.1,0.32,magicdotcards,tcgplayer,,,%
Skarrg Goliath,Gatecrash,0,66,0.1,0.26,magicdotcards,tcgplayer,,,%
Skullcrack,Gatecrash,0,3,0.5,1.03,magicdotcards,tcgplayer,,,%
Soul Ransom,Gatecrash,0,59,0.1,0.32,magicdotcards,tcgplayer,,,%
Spark Trooper,Gatecrash,0,48,0.1,0.32,magicdotcards,tcgplayer,,,%
Stolen Identity,Gatecrash,0,24,0.17,0.44,adventureson,tcgplayer,9,,%
Sylvan Primordial,Gatecrash,0,25,0.25,0.47,magicdotcards,isleofcards,,8,%
Thespian's Stage,Gatecrash,0,6,1.5,2.7,magicdotcards,isleofcards,,12,%
Treasury Thrull,Gatecrash,0,49,0.1,0.26,adventureson,tcgplayer,28,,%
Undercity Plague,Gatecrash,0,56,0.1,0.26,magicdotcards,tcgplayer,,,%
Unexpected Results,Gatecrash,0,25,0.1,0.32,magicdotcards,tcgplayer,,,%
Whispering Madness,Gatecrash,0,40,0.1,0.29,cardkingdom,tcgplayer,24,,%
Wrecking Ogre,Gatecrash,0,56,0.1,0.26,magicdotcards,tcgplayer,,,%
Orzhov Pontiff,Guildpact,0,1,8.57,12.25,isleofcards,isleofcards,4,4,%
Abbey Matron,Homelands,0,1,,0.18,,tcgplayer,,,%
Ambush Party,Homelands,0,1,,0.17,,tcgplayer,,,%
An-Havva Township,Homelands,0,4,0.05,0.21,cardkingdom,tcgplayer,1,,%
Anaba Shaman,Homelands,0,1,,0.16,,tcgplayer,,,%
Aysen Abbey,Homelands,0,6,,0.21,,tcgplayer,,,%
Aysen Bureaucrats,Homelands,0,1,,0.18,,tcgplayer,,,%
Castle Sengir,Homelands,0,4,0.06,0.21,cardkingdom,tcgplayer,13,,%
Clockwork Gnomes,Homelands,0,1,,0.18,,tcgplayer,,,%
Didgeridoo,Homelands,0,1,1.01,1.79,abugames,tcgplayer,10,,%
Koskun Keep,Homelands,0,1,,0.2,,tcgplayer,,,%
Orcish Mine,Homelands,0,1,,0.2,,tcgplayer,,,%
Rashka the Slayer,Homelands,0,1,,0.21,,tcgplayer,,,%
Serra Paladin,Homelands,0,1,,0.18,,tcgplayer,,,%
Shrink,Homelands,0,2,,0.16,,tcgplayer,,,%
Spectral Bears,Homelands,0,1,0.01,0.21,magicdotcards,tcgplayer,,,%
Torture,Homelands,0,1,,0.18,,tcgplayer,,,%
Wizards' School,Homelands,0,6,,0.2,,tcgplayer,,,%
Adarkar Sentinel,Ice Age,0,1,,0.18,,tcgplayer,,,%
Adarkar Unicorn,Ice Age,0,1,,0.17,,tcgplayer,,,%
Adarkar Wastes,Ice Age,0,1,5.27,8.01,abugames,tcgplayer,20,,%
Arctic Foxes,Ice Age,0,1,,0.16,,tcgplayer,,,%
Arcum's Sleigh,Ice Age,0,1,,0.19,,tcgplayer,,,%
Arcum's Whistle,Ice Age,0,1,0.02,0.19,abugames,tcgplayer,50,,%
Armor of Faith,Ice Age,0,2,,0.16,,tcgplayer,,,%
Ashen Ghoul,Ice Age,0,1,0.05,0.28,magicdotcards,tcgplayer,,,%
Aurochs,Ice Age,0,1,,0.17,,tcgplayer,,,%
Balduvian Conjurer,Ice Age,0,1,,0.19,,tcgplayer,,,%
Balduvian Shaman,Ice Age,0,1,,0.15,,tcgplayer,,,%
Barbed Sextant,Ice Age,0,2,,0.15,,tcgplayer,,,%
Baton of Morale,Ice Age,0,1,,0.22,,tcgplayer,,,%
Battle Frenzy,Ice Age,0,2,,0.16,,tcgplayer,,,%
Blessed Wine,Ice Age,0,2,,0.15,,tcgplayer,,,%
Bone Shaman,Ice Age,0,2,,0.16,,tcgplayer,,,%
Brainstorm,Ice Age,0,1,0.5,0.97,magicdotcards,tcgplayer,,,%
Brine Shaman,Ice Age,0,2,,0.17,,tcgplayer,,,%
Brown Ouphe,Ice Age,0,2,,0.17,,tcgplayer,,,%
Brushland,Ice Age,0,1,4.5,6.51,cardkingdom,tcgplayer,31,,%
Circle of Protection: Black,Ice Age,0,1,,0.22,,tcgplayer,,,%
Circle of Protection: Green,Ice Age,0,2,,0.19,,tcgplayer,,,%
Circle of Protection: White,Ice Age,0,4,,0.15,,tcgplayer,,,%
Clairvoyance,Ice Age,0,2,,0.17,,tcgplayer,,,%
Cloak of Confusion,Ice Age,0,1,,0.17,,tcgplayer,,,%
Counterspell,Ice Age,0,1,0.5,1.13,magicdotcards,tcgplayer,,,%
Curse of Marit Lage,Ice Age,0,1,0.1,0.34,magicdotcards,tcgplayer,,,%
Dance of the Dead,Ice Age,0,1,0.69,1.4,abugames,tcgplayer,15,,%
Dark Ritual,Ice Age,0,1,0.5,0.62,magicdotcards,tcgplayer,,,%
Diabolic Vision,Ice Age,0,1,0.05,0.32,magicdotcards,tcgplayer,,,%
Disenchant,Ice Age,0,3,0.02,0.19,abugames,tcgplayer,50,,%
Dreams of the Dead,Ice Age,0,1,,0.2,,tcgplayer,,,%
Elemental Augury,Ice Age,0,1,0.1,0.37,magicdotcards,tcgplayer,,,%
Elvish Healer,Ice Age,0,2,,0.16,,tcgplayer,,,%
Enervate,Ice Age,0,6,,0.17,,tcgplayer,,,%
Errant Minion,Ice Age,0,2,,0.17,,tcgplayer,,,%
Errantry,Ice Age,0,1,,0.16,,tcgplayer,,,%
Essence Filter,Ice Age,0,1,,0.17,,tcgplayer,,,%
Essence Flare,Ice Age,0,1,,0.15,,tcgplayer,,,%
Fear,Ice Age,0,1,,0.16,,tcgplayer,,,%
Fiery Justice,Ice Age,0,1,0.1,0.34,magicdotcards,tcgplayer,,,%
Flame Spirit,Ice Age,0,2,,0.18,,tcgplayer,,,%
Flare,Ice Age,0,2,,0.17,,tcgplayer,,,%
Foxfire,Ice Age,0,1,,0.16,,tcgplayer,,,%
Fylgja,Ice Age,0,1,,0.16,,tcgplayer,,,%
Fyndhorn Bow,Ice Age,0,1,,0.19,,tcgplayer,,,%
Fyndhorn Brownie,Ice Age,0,1,,0.17,,tcgplayer,,,%
Fyndhorn Elves,Ice Age,0,2,0.27,0.66,abugames,tcgplayer,12,,%
Gangrenous Zombies,Ice Age,0,1,,0.16,,tcgplayer,,,%
Giant Growth,Ice Age,0,2,,0.19,,tcgplayer,,,%
Glacial Chasm,Ice Age,0,3,0.17,0.59,abugames,tcgplayer,15,,%
Goblin Sappers,Ice Age,0,1,,0.17,,tcgplayer,,,%
Gorilla Pack,Ice Age,0,1,,0.17,,tcgplayer,,,%
Gravebind,Ice Age,0,1,0.1,0.37,magicdotcards,tcgplayer,,,%
Heal,Ice Age,0,4,,0.17,,tcgplayer,,,%
Hecatomb,Ice Age,0,1,0.25,0.49,magicdotcards,tcgplayer,,,%
Hipparion,Ice Age,0,1,,0.19,,tcgplayer,,,%
Hoar Shade,Ice Age,0,1,,0.17,,tcgplayer,,,%
Hyalopterous Lemure,Ice Age,0,1,,0.19,,tcgplayer,,,%
Hydroblast,Ice Age,0,2,0.21,0.61,abugames,tcgplayer,10,,%
Ice Floe,Ice Age,0,1,0.06,0.28,cardkingdom,tcgplayer,6,,%
Icequake,Ice Age,0,2,0.11,0.35,cardkingdom,tcgplayer,49,,%
Icy Manipulator,Ice Age,0,1,0.25,0.36,magicdotcards,tcgplayer,,,%
Illusionary Forces,Ice Age,0,2,,0.16,,tcgplayer,,,%
Illusions of Grandeur,Ice Age,0,1,2.75,5.14,cardkingdom,tcgplayer,15,,%
Imposing Visage,Ice Age,0,3,,0.17,,tcgplayer,,,%
Incinerate,Ice Age,0,3,0.05,0.2,magicdotcards,tcgplayer,,,%
Infuse,Ice Age,0,3,,0.17,,tcgplayer,,,%
Jester's Cap,Ice Age,0,2,1.49,2.01,abugames,tcgplayer,12,,%
Juniper Order Druid,Ice Age,0,2,,0.17,,tcgplayer,,,%
Karplusan Forest,Ice Age,0,1,4.13,7.21,abugames,tcgplayer,12,,%
Kelsinko Ranger,Ice Age,0,1,,0.16,,tcgplayer,,,%
Kjeldoran Dead,Ice Age,0,2,0.02,0.17,abugames,tcgplayer,50,,%
Kjeldoran Guard,Ice Age,0,1,,0.17,,tcgplayer,,,%
Kjeldoran Warrior,Ice Age,0,1,,0.16,,tcgplayer,,,%
Krovikan Sorcerer,Ice Age,0,1,,0.17,,tcgplayer,,,%
Krovikan Vampire,Ice Age,0,4,0.05,0.31,magicdotcards,tcgplayer,,,%
Land Cap,Ice Age,0,2,0.12,0.34,abugames,tcgplayer,8,,%
Lapis Lazuli Talisman,Ice Age,0,1,,0.19,,tcgplayer,,,%
Melee,Ice Age,0,1,,0.19,,tcgplayer,,,%
Meteor Shower,Ice Age,0,2,,0.17,,tcgplayer,,,%
Mind Ravel,Ice Age,0,2,,0.16,,tcgplayer,,,%
Mole Worms,Ice Age,0,1,,0.2,,tcgplayer,,,%
Mountain Goat,Ice Age,0,1,,0.17,,tcgplayer,,,%
Nacre Talisman,Ice Age,0,1,,0.19,,tcgplayer,,,%
Necropotence,Ice Age,0,3,5.62,8.93,abugames,tcgplayer,12,,%
Norritt,Ice Age,0,1,,0.16,,tcgplayer,,,%
Orcish Farmer,Ice Age,0,1,,0.16,,tcgplayer,,,%
Orcish Librarian,Ice Age,0,1,0.1,0.31,magicdotcards,tcgplayer,,,%
Orcish Lumberjack,Ice Age,0,1,,0.17,,tcgplayer,,,%
Order of the White Shield,Ice Age,0,1,,0.27,,tcgplayer,,,%
Pestilence Rats,Ice Age,0,1,0.06,0.19,cardkingdom,tcgplayer,5,,%
Pit Trap,Ice Age,0,1,,0.19,,tcgplayer,,,%
Portent,Ice Age,0,3,0.05,0.18,magicdotcards,tcgplayer,,,%
Prismatic Ward,Ice Age,0,1,,0.16,,tcgplayer,,,%
Pyknite,Ice Age,0,2,,0.17,,tcgplayer,,,%
Pyroblast,Ice Age,0,1,0.4,1.71,adventureson,tcgplayer,40,,%
Pyroclasm,Ice Age,0,1,0.36,0.79,abugames,tcgplayer,10,,%
Rally,Ice Age,0,2,,0.17,,tcgplayer,,,%
Ray of Command,Ice Age,0,1,,0.17,,tcgplayer,,,%
Reality Twist,Ice Age,0,1,0.25,0.36,magicdotcards,tcgplayer,,,%
River Delta,Ice Age,0,2,0.12,0.36,abugames,tcgplayer,12,,%
Runed Arch,Ice Age,0,1,0.1,0.32,magicdotcards,tcgplayer,,,%
Seizures,Ice Age,0,1,,0.17,,tcgplayer,,,%
Shambling Strider,Ice Age,0,1,,0.17,,tcgplayer,,,%
Shield Bearer,Ice Age,0,1,,0.17,,tcgplayer,,,%
Skeleton Ship,Ice Age,0,1,0.29,0.66,abugames,tcgplayer,12,,%
Snow Devil,Ice Age,0,1,,0.17,,tcgplayer,,,%
Snow Fortress,Ice Age,0,1,0.1,0.34,magicdotcards,tcgplayer,,,%
Snow Hound,Ice Age,0,1,0.02,0.2,abugames,tcgplayer,99,,%
Snowfall,Ice Age,0,1,,0.17,,tcgplayer,,,%
Soldevi Simulacrum,Ice Age,0,1,,0.19,,tcgplayer,,,%
Soul Barrier,Ice Age,0,2,,0.23,,tcgplayer,,,%
Soul Burn,Ice Age,0,1,,0.17,,tcgplayer,,,%
Soul Kiss,Ice Age,0,4,,0.14,,tcgplayer,,,%
Spectral Shield,Ice Age,0,1,0.06,0.2,cardkingdom,tcgplayer,1,,%
Stone Rain,Ice Age,0,1,0.09,0.16,abugames,tcgplayer,15,,%
Swords to Plowshares,Ice Age,0,1,1.5,2.69,magicdotcards,tcgplayer,,,%
Tarpan,Ice Age,0,2,,0.17,,tcgplayer,,,%
Timberline Ridge,Ice Age,0,2,0.12,0.36,abugames,tcgplayer,8,,%
Tinder Wall,Ice Age,0,3,0.02,0.22,abugames,tcgplayer,99,,%
Tor Giant,Ice Age,0,1,,0.17,,tcgplayer,,,%
Touch of Death,Ice Age,0,1,,0.17,,tcgplayer,,,%
Touch of Vitae,Ice Age,0,1,,0.19,,tcgplayer,,,%
Underground River,Ice Age,0,1,2.5,4.7,cardkingdom,tcgplayer,15,,%
Updraft,Ice Age,0,1,,0.2,,tcgplayer,,,%
Urza's Bauble,Ice Age,0,2,0.1,0.24,magicdotcards,tcgplayer,,,%
Vexing Arcanix,Ice Age,0,1,0.1,0.31,magicdotcards,tcgplayer,,,%
Vibrating Sphere,Ice Age,0,1,0.1,0.3,magicdotcards,tcgplayer,,,%
Wall of Shields,Ice Age,0,1,,0.2,,tcgplayer,,,%
Warning,Ice Age,0,1,,0.17,,tcgplayer,,,%
Whiteout,Ice Age,0,1,,0.19,,tcgplayer,,,%
Wings of Aesthir,Ice Age,0,1,0.06,0.2,cardkingdom,tcgplayer,1,,%
Woolly Spider,Ice Age,0,1,0.06,0.15,cardkingdom,tcgplayer,2,,%
Word of Undoing,Ice Age,0,1,,0.17,,tcgplayer,,,%
Zuran Enchanter,Ice Age,0,2,,0.17,,tcgplayer,,,%
Angel of Flight Alabaster,Innistrad,0,44,0.1,0.36,magicdotcards,tcgplayer,,,%
Angelic Overseer,Innistrad,0,1,1.5,2.22,cardkingdom,isleofcards,16,12,%
Army of the Damned,Innistrad,0,3,1.62,2.5,isleofcards,isleofcards,10,1,%
Back from the Brink,Innistrad,0,40,0.14,0.28,isleofcards,tcgplayer,3,,%
Blasphemous Act,Innistrad,0,23,1.23,2.7,adventureson,isleofcards,20,11,%
Bloodgift Demon,Innistrad,0,9,0.25,0.55,magicdotcards,isleofcards,,9,%
Cackling Counterpart,Innistrad,0,24,0.1,0.44,cardkingdom,tcgplayer,21,,%
Champion of the Parish,Innistrad,0,2,2,2.52,magicdotcards,isleofcards,,3,%
Charmbreaker Devils,Innistrad,0,37,0.16,0.3,isleofcards,isleofcards,7,3,%
Clifftop Retreat,Innistrad,0,2,3.7,4.85,cardkingdom,isleofcards,36,3,%
Creeping Renaissance,Innistrad,0,31,0.21,0.34,adventureson,tcgplayer,17,,%
Creepy Doll,Innistrad,0,21,0.1,0.38,magicdotcards,tcgplayer,,,%
Curse of Death's Hold,Innistrad,0,45,0.18,0.46,adventureson,isleofcards,20,10,%
Curse of Stalked Prey,Innistrad,0,33,0.18,0.37,isleofcards,isleofcards,1,4,%
Daybreak Ranger,Innistrad,0,39,0.29,0.52,abugames,isleofcards,16,1,%
Dearly Departed,Innistrad,0,36,0.1,0.35,magicdotcards,tcgplayer,,,%
Devil's Play,Innistrad,0,26,0.16,0.32,isleofcards,tcgplayer,4,,%
Divine Reckoning,Innistrad,0,36,0.15,0.3,adventureson,tcgplayer,10,,%
Elder of Laurels,Innistrad,0,43,0.1,0.28,magicdotcards,tcgplayer,,,%
Elite Inquisitor,Innistrad,0,34,0.25,0.4,cardkingdom,tcgplayer,24,,%
Endless Ranks of the Dead,Innistrad,0,1,3,4.87,magicdotcards,tcgplayer,,,%
Essence of the Wild,Innistrad,0,33,0.4,0.74,cardkingdom,tcgplayer,28,,%
Evil Twin,Innistrad,0,31,0.25,0.58,magicdotcards,isleofcards,,6,%
Falkenrath Marauders,Innistrad,0,42,0.13,0.39,adventureson,tcgplayer,13,,%
Gavony Township,Innistrad,0,1,3.57,5.95,isleofcards,isleofcards,1,9,%
Geist of Saint Traft,Innistrad,0,8,6.4,8.74,cardkingdom,isleofcards,24,5,%
Geist-Honored Monk,Innistrad,0,37,0.1,0.3,magicdotcards,tcgplayer,,,%
"Grimgrin, Corpse-Born",Innistrad,0,27,2.5,3.76,adventureson,isleofcards,20,12,%
Grimoire of the Dead,Innistrad,0,1,2,3.21,magicdotcards,isleofcards,,4,%
Gutter Grime,Innistrad,0,38,0.1,0.35,magicdotcards,isleofcards,,4,%
Heartless Summoning,Innistrad,0,33,0.65,1.52,abugames,isleofcards,16,12,%
Heretic's Punishment,Innistrad,0,43,0.17,0.34,isleofcards,isleofcards,4,5,%
Hinterland Harbor,Innistrad,0,4,3.29,5.11,adventureson,isleofcards,21,5,%
Instigator Gang,Innistrad,0,28,0.51,0.85,isleofcards,isleofcards,9,1,%
Isolated Chapel,Innistrad,0,10,2.18,3.39,abugames,isleofcards,16,5,%
Kessig Cagebreakers,Innistrad,0,41,0.1,0.34,magicdotcards,tcgplayer,,,%
Kessig Wolf Run,Innistrad,0,1,1.33,2.26,abugames,isleofcards,12,10,%
Kruin Outlaw,Innistrad,0,3,0.87,1.96,adventureson,isleofcards,12,12,%
Laboratory Maniac,Innistrad,0,6,1.5,3.05,magicdotcards,tcgplayer,,,%
Ludevic's Test Subject,Innistrad,0,12,0.16,0.34,cardkingdom,tcgplayer,25,,%
Manor Gargoyle,Innistrad,0,34,0.14,0.28,isleofcards,tcgplayer,6,,%
Mentor of the Meek,Innistrad,0,13,0.45,1.04,cardkingdom,isleofcards,34,12,%
"Mikaeus, the Lunarch",Innistrad,0,2,2.34,3.61,isleofcards,isleofcards,10,2,%
Mindshrieker,Innistrad,0,26,0.19,0.38,isleofcards,isleofcards,1,2,%
Mirror-Mad Phantasm,Innistrad,0,29,0.4,0.68,isleofcards,tcgplayer,8,,%
Moldgraf Monstrosity,Innistrad,0,38,0.1,0.37,magicdotcards,isleofcards,,6,%
Moorland Haunt,Innistrad,0,33,0.1,0.29,cardkingdom,tcgplayer,24,,%
Nephalia Drownyard,Innistrad,0,20,0.14,0.45,abugames,isleofcards,30,11,%
Nevermore,Innistrad,0,39,0.39,0.74,abugames,isleofcards,16,7,%
Olivia Voldaren,Innistrad,0,3,6.07,9.34,isleofcards,isleofcards,1,8,%
Parallel Lives,Innistrad,0,1,4.34,7.24,isleofcards,isleofcards,4,6,%
Past in Flames,Innistrad,0,9,4.5,8.99,adventureson,tcgplayer,19,,%
Reaper from the Abyss,Innistrad,0,2,0.66,1.33,isleofcards,isleofcards,3,6,%
Rooftop Storm,Innistrad,0,14,0.5,0.87,magicdotcards,isleofcards,,10,%
Runechanter's Pike,Innistrad,0,39,0.21,0.42,isleofcards,isleofcards,5,2,%
Sever the Bloodline,Innistrad,0,28,0.1,0.35,magicdotcards,isleofcards,,7,%
Skaab Ruinator,Innistrad,0,8,0.65,1.3,isleofcards,isleofcards,3,5,%
Skirsdag High Priest,Innistrad,0,18,0.21,0.43,isleofcards,isleofcards,1,1,%
Splinterfright,Innistrad,0,27,0.25,0.38,magicdotcards,tcgplayer,,,%
Stensia Bloodhall,Innistrad,0,38,0.1,0.28,magicdotcards,tcgplayer,,,%
Stony Silence,Innistrad,0,20,5.4,10.04,adventureson,isleofcards,14,12,%
Stromkirk Noble,Innistrad,0,27,0.5,0.83,magicdotcards,isleofcards,,12,%
Sturmgeist,Innistrad,0,44,0.12,0.35,adventureson,tcgplayer,2,,%
Sulfur Falls,Innistrad,0,5,5.35,8.92,isleofcards,isleofcards,3,8,%
Unbreathing Horde,Innistrad,0,8,0.25,1.11,magicdotcards,tcgplayer,,,%
Undead Alchemist,Innistrad,0,14,0.42,0.85,isleofcards,isleofcards,1,7,%
Woodland Cemetery,Innistrad,0,3,3.58,5.42,abugames,isleofcards,16,4,%
Absorb,Invasion,0,1,1.5,3.03,magicdotcards,tcgplayer,,,%
Addle,Invasion,0,2,,0.22,,tcgplayer,,,%
Aggressive Urge,Invasion,0,4,,0.17,,tcgplayer,,,%
Agonizing Demise,Invasion,0,4,,0.17,,tcgplayer,,,%
Ancient Kavu,Invasion,0,4,,0.17,,tcgplayer,,,%
Ancient Spring,Invasion,0,8,,0.18,,tcgplayer,,,%
Angel of Mercy,Invasion,0,1,,0.21,,tcgplayer,,,%
Annihilate,Invasion,0,3,,0.21,,tcgplayer,,,%
Archaeological Dig,Invasion,0,5,0.08,0.33,cardkingdom,tcgplayer,16,,%
Ardent Soldier,Invasion,0,4,,0.17,,tcgplayer,,,%
Armadillo Cloak,Invasion,0,5,0.1,0.45,magicdotcards,tcgplayer,,,%
Artifact Mutation,Invasion,0,2,1.3,2.07,cardkingdom,tcgplayer,10,,%
"Atalya, Samite Master",Invasion,0,1,0.25,0.5,magicdotcards,tcgplayer,,,%
Aura Mutation,Invasion,0,1,0.8,1.7,cardkingdom,tcgplayer,10,,%
Aura Shards,Invasion,0,1,3,5.8,adventureson,tcgplayer,38,,%
Backlash,Invasion,0,2,0.1,0.44,magicdotcards,tcgplayer,,,%
Barrin's Unmaking,Invasion,0,4,,0.17,,tcgplayer,,,%
Benalish Emissary,Invasion,0,4,,0.24,,tcgplayer,,,%
Benalish Heralds,Invasion,0,3,,0.25,,tcgplayer,,,%
Benalish Lancer,Invasion,0,4,,0.17,,tcgplayer,,,%
Benalish Trapper,Invasion,0,4,,0.16,,tcgplayer,,,%
Bend or Break,Invasion,0,1,0.1,0.34,magicdotcards,tcgplayer,,,%
Bind,Invasion,0,1,0.25,0.76,magicdotcards,tcgplayer,,,%
Blazing Specter,Invasion,0,1,0.5,0.68,magicdotcards,tcgplayer,,,%
Blind Seer,Invasion,0,1,0.1,0.34,magicdotcards,tcgplayer,,,%
Blinding Light,Invasion,0,1,0.02,0.21,abugames,tcgplayer,50,,%
Bloodstone Cameo,Invasion,0,2,0.06,0.22,cardkingdom,tcgplayer,1,,%
Bog Initiate,Invasion,0,4,,0.18,,tcgplayer,,,%
Breath of Darigaaz,Invasion,0,2,,0.22,,tcgplayer,,,%
Canopy Surge,Invasion,0,2,,0.2,,tcgplayer,,,%
Capashen Unicorn,Invasion,0,4,,0.17,,tcgplayer,,,%
Captain Sisay,Invasion,0,4,2,3.56,magicdotcards,tcgplayer,,,%
Cauldron Dance,Invasion,0,4,0.1,0.34,adventureson,tcgplayer,25,,%
Chaotic Strike,Invasion,0,2,0.06,0.23,cardkingdom,tcgplayer,3,,%
Charging Troll,Invasion,0,4,,0.22,,tcgplayer,,,%
Chromatic Sphere,Invasion,0,3,0.5,0.9,magicdotcards,tcgplayer,,,%
Cinder Shade,Invasion,0,1,,0.22,,tcgplayer,,,%
Coalition Victory,Invasion,0,1,0.25,0.48,magicdotcards,tcgplayer,,,%
Collapsing Borders,Invasion,0,1,0.1,0.35,magicdotcards,tcgplayer,,,%
Collective Restraint,Invasion,0,2,2.5,4.28,cardkingdom,tcgplayer,15,,%
Cremate,Invasion,0,1,0.02,0.2,abugames,tcgplayer,50,,%
Crimson Acolyte,Invasion,0,4,,0.18,,tcgplayer,,,%
Crosis's Attendant,Invasion,0,1,,0.21,,tcgplayer,,,%
"Crosis, the Purger",Invasion,0,2,1.5,3.07,magicdotcards,tcgplayer,,,%
Crown of Flames,Invasion,0,3,,0.17,,tcgplayer,,,%
Cursed Flesh,Invasion,0,4,,0.17,,tcgplayer,,,%
Darigaaz's Attendant,Invasion,0,1,,0.21,,tcgplayer,,,%
"Darigaaz, the Igniter",Invasion,0,2,0.75,1.05,magicdotcards,tcgplayer,,,%
Death or Glory,Invasion,0,1,0.1,0.35,magicdotcards,tcgplayer,,,%
Defiling Tears,Invasion,0,2,,0.2,,tcgplayer,,,%
Devouring Strossus,Invasion,0,1,0.25,0.44,magicdotcards,tcgplayer,,,%
Dismantling Blow,Invasion,0,5,,0.2,,tcgplayer,,,%
Disrupt,Invasion,0,1,0.07,0.25,cardkingdom,tcgplayer,2,,%
Do or Die,Invasion,0,2,1,1.87,cardkingdom,tcgplayer,10,,%
Drake-Skull Cameo,Invasion,0,2,,0.19,,tcgplayer,,,%
Dream Thrush,Invasion,0,4,,0.17,,tcgplayer,,,%
Dredge,Invasion,0,2,,0.22,,tcgplayer,,,%
"Dromar, the Banisher",Invasion,0,1,2,3.51,cardkingdom,tcgplayer,10,,%
Duskwalker,Invasion,0,4,,0.17,,tcgplayer,,,%
Elfhame Palace,Invasion,0,3,0.05,0.25,magicdotcards,tcgplayer,,,%
Elfhame Sanctuary,Invasion,0,1,0.06,0.31,cardkingdom,tcgplayer,16,,%
Elvish Champion,Invasion,0,1,3,4.45,magicdotcards,tcgplayer,,,%
Empress Galina,Invasion,0,2,1.76,3.7,abugames,tcgplayer,8,,%
Essence Leak,Invasion,0,1,,0.2,,tcgplayer,,,%
Exclude,Invasion,0,4,0.12,0.24,abugames,tcgplayer,10,,%
Exotic Curse,Invasion,0,4,,0.17,,tcgplayer,,,%
Explosive Growth,Invasion,0,4,,0.17,,tcgplayer,,,%
Fact or Fiction,Invasion,0,1,0.5,1.02,magicdotcards,tcgplayer,,,%
Faerie Squadron,Invasion,0,4,,0.17,,tcgplayer,,,%
Fertile Ground,Invasion,0,4,,0.18,,tcgplayer,,,%
Fight or Flight,Invasion,0,1,0.1,0.35,magicdotcards,tcgplayer,,,%
Firebrand Ranger,Invasion,0,1,,0.21,,tcgplayer,,,%
Fires of Yavimaya,Invasion,0,5,0.1,0.3,magicdotcards,tcgplayer,,,%
Firescreamer,Invasion,0,4,,0.17,,tcgplayer,,,%
Frenzied Tilling,Invasion,0,4,,0.17,,tcgplayer,,,%
Galina's Knight,Invasion,0,4,,0.17,,tcgplayer,,,%
Geothermal Crevice,Invasion,0,8,,0.18,,tcgplayer,,,%
Ghitu Fire,Invasion,0,1,0.1,0.32,magicdotcards,tcgplayer,,,%
Glimmering Angel,Invasion,0,4,,0.18,,tcgplayer,,,%
Goblin Spy,Invasion,0,1,,0.19,,tcgplayer,,,%
Goham Djinn,Invasion,0,3,,0.21,,tcgplayer,,,%
Harrow,Invasion,0,4,,0.19,,tcgplayer,,,%
Hate Weaver,Invasion,0,2,,0.2,,tcgplayer,,,%
Heroes' Reunion,Invasion,0,3,0.1,0.3,magicdotcards,tcgplayer,,,%
Holy Day,Invasion,0,4,0.06,0.26,cardkingdom,tcgplayer,4,,%
Hooded Kavu,Invasion,0,4,,0.17,,tcgplayer,,,%
Horned Cheetah,Invasion,0,3,,0.2,,tcgplayer,,,%
Hunting Kavu,Invasion,0,1,,0.2,,tcgplayer,,,%
Hypnotic Cloud,Invasion,0,4,,0.17,,tcgplayer,,,%
Irrigation Ditch,Invasion,0,6,,0.17,,tcgplayer,,,%
Jade Leech,Invasion,0,1,0.1,0.32,magicdotcards,tcgplayer,,,%
"Kangee, Aerie Keeper",Invasion,0,1,0.25,0.54,cardkingdom,tcgplayer,10,,%
Kavu Aggressor,Invasion,0,4,,0.17,,tcgplayer,,,%
Kavu Chameleon,Invasion,0,5,,0.2,,tcgplayer,,,%
Kavu Climber,Invasion,0,4,,0.17,,tcgplayer,,,%
Kavu Monarch,Invasion,0,1,0.1,0.38,magicdotcards,tcgplayer,,,%
Kavu Runner,Invasion,0,2,,0.21,,tcgplayer,,,%
Kavu Scout,Invasion,0,4,,0.17,,tcgplayer,,,%
Kavu Titan,Invasion,0,1,0.5,0.83,magicdotcards,tcgplayer,,,%
Keldon Necropolis,Invasion,0,2,0.1,0.37,magicdotcards,tcgplayer,,,%
Llanowar Cavalry,Invasion,0,4,,0.17,,tcgplayer,,,%
Llanowar Elite,Invasion,0,3,,0.17,,tcgplayer,,,%
Llanowar Knight,Invasion,0,4,,0.16,,tcgplayer,,,%
Llanowar Vanguard,Invasion,0,3,,0.17,,tcgplayer,,,%
Lobotomy,Invasion,0,1,0.01,0.26,magicdotcards,tcgplayer,,,%
Mana Maze,Invasion,0,1,0.1,0.48,magicdotcards,tcgplayer,,,%
Maniacal Rage,Invasion,0,4,,0.17,,tcgplayer,,,%
Manipulate Fate,Invasion,0,4,0.19,0.35,abugames,tcgplayer,15,,%
Metathran Transport,Invasion,0,1,,0.2,,tcgplayer,,,%
Metathran Zombie,Invasion,0,4,,0.18,,tcgplayer,,,%
Might Weaver,Invasion,0,2,,0.2,,tcgplayer,,,%
Mourning,Invasion,0,4,,0.18,,tcgplayer,,,%
Nightscape Apprentice,Invasion,0,4,,0.17,,tcgplayer,,,%
Nomadic Elf,Invasion,0,4,,0.17,,tcgplayer,,,%
Obliterate,Invasion,0,4,1.65,3.27,abugames,tcgplayer,12,,%
Obsidian Acolyte,Invasion,0,4,0.06,0.18,cardkingdom,tcgplayer,4,,%
Opt,Invasion,0,4,0.01,0.21,magicdotcards,tcgplayer,,,%
Ordered Migration,Invasion,0,2,,0.2,,tcgplayer,,,%
Orim's Touch,Invasion,0,3,,0.17,,tcgplayer,,,%
Overabundance,Invasion,0,1,0.1,0.35,magicdotcards,tcgplayer,,,%
Overload,Invasion,0,4,,0.17,,tcgplayer,,,%
Phantasmal Terrain,Invasion,0,7,,0.17,,tcgplayer,,,%
Phyrexian Altar,Invasion,0,2,17,28,cardkingdom,tcgplayer,20,,%
Phyrexian Battleflies,Invasion,0,4,,0.17,,tcgplayer,,,%
Phyrexian Delver,Invasion,0,2,0.1,0.34,magicdotcards,tcgplayer,,,%
Phyrexian Infiltrator,Invasion,0,1,0.1,0.32,magicdotcards,tcgplayer,,,%
Phyrexian Lens,Invasion,0,1,0.1,0.32,magicdotcards,tcgplayer,,,%
Phyrexian Reaper,Invasion,0,6,,0.17,,tcgplayer,,,%
Phyrexian Slayer,Invasion,0,3,,0.17,,tcgplayer,,,%
Pincer Spider,Invasion,0,4,,0.17,,tcgplayer,,,%
Plague Spitter,Invasion,0,2,0.16,0.34,cardkingdom,tcgplayer,13,,%
Plague Spores,Invasion,0,5,,0.17,,tcgplayer,,,%
Planar Portal,Invasion,0,2,2.2,4.16,abugames,tcgplayer,12,,%
Pledge of Loyalty,Invasion,0,1,,0.21,,tcgplayer,,,%
Pouncing Kavu,Invasion,0,4,,0.18,,tcgplayer,,,%
Power Armor,Invasion,0,5,,0.2,,tcgplayer,,,%
Prison Barricade,Invasion,0,4,,0.17,,tcgplayer,,,%
Probe,Invasion,0,4,,0.19,,tcgplayer,,,%
Prohibit,Invasion,0,4,,0.18,,tcgplayer,,,%
Protective Sphere,Invasion,0,4,,0.17,,tcgplayer,,,%
Pulse of Llanowar,Invasion,0,1,0.1,0.22,magicdotcards,tcgplayer,,,%
Pure Reflection,Invasion,0,1,0.1,0.32,magicdotcards,tcgplayer,,,%
Pyre Zombie,Invasion,0,1,0.25,0.43,magicdotcards,tcgplayer,,,%
Quirion Elves,Invasion,0,4,,0.19,,tcgplayer,,,%
Quirion Sentinel,Invasion,0,4,,0.17,,tcgplayer,,,%
Quirion Trailblazer,Invasion,0,3,,0.17,,tcgplayer,,,%
Rage Weaver,Invasion,0,1,,0.2,,tcgplayer,,,%
Raging Kavu,Invasion,0,1,0.1,0.35,magicdotcards,tcgplayer,,,%
Rainbow Crow,Invasion,0,3,,0.2,,tcgplayer,,,%
Rampant Elephant,Invasion,0,5,,0.17,,tcgplayer,,,%
Ravenous Rats,Invasion,0,2,,0.18,,tcgplayer,,,%
Razorfoot Griffin,Invasion,0,4,,0.17,,tcgplayer,,,%
Reckless Assault,Invasion,0,1,0.1,0.31,magicdotcards,tcgplayer,,,%
Reckless Spite,Invasion,0,4,,0.21,,tcgplayer,,,%
Recoil,Invasion,0,4,,0.16,,tcgplayer,,,%
Recover,Invasion,0,4,,0.17,,tcgplayer,,,%
Repulse,Invasion,0,3,0.02,0.16,abugames,tcgplayer,99,,%
Restrain,Invasion,0,4,,0.17,,tcgplayer,,,%
Reviving Dose,Invasion,0,4,,0.17,,tcgplayer,,,%
Reviving Vapors,Invasion,0,2,,0.2,,tcgplayer,,,%
Rewards of Diversity,Invasion,0,2,,0.21,,tcgplayer,,,%
Riptide Crab,Invasion,0,1,,0.2,,tcgplayer,,,%
Rith's Attendant,Invasion,0,2,,0.2,,tcgplayer,,,%
Rogue Kavu,Invasion,0,6,,0.17,,tcgplayer,,,%
Ruham Djinn,Invasion,0,3,,0.23,,tcgplayer,,,%
Salt Marsh,Invasion,0,2,0.1,0.35,magicdotcards,tcgplayer,,,%
Samite Archer,Invasion,0,1,,0.21,,tcgplayer,,,%
Samite Ministration,Invasion,0,2,,0.21,,tcgplayer,,,%
Sapphire Leech,Invasion,0,1,0.1,0.32,magicdotcards,tcgplayer,,,%
Saproling Infestation,Invasion,0,1,0.1,0.32,magicdotcards,tcgplayer,,,%
Saproling Symbiosis,Invasion,0,1,2,2.91,cardkingdom,tcgplayer,10,,%
Savage Offensive,Invasion,0,4,,0.17,,tcgplayer,,,%
Scarred Puma,Invasion,0,4,,0.17,,tcgplayer,,,%
Scavenged Weaponry,Invasion,0,4,,0.17,,tcgplayer,,,%
Scorching Lava,Invasion,0,7,,0.17,,tcgplayer,,,%
Scouting Trek,Invasion,0,1,0.5,0.33,magicdotcards,tcgplayer,,,%
Searing Rays,Invasion,0,2,,0.2,,tcgplayer,,,%
Seashell Cameo,Invasion,0,3,0.06,0.21,cardkingdom,tcgplayer,1,,%
Seer's Vision,Invasion,0,2,0.06,0.2,cardkingdom,tcgplayer,1,,%
Serpentine Kavu,Invasion,0,4,,0.17,,tcgplayer,,,%
Shackles,Invasion,0,4,,0.18,,tcgplayer,,,%
Shimmering Wings,Invasion,0,4,,0.18,,tcgplayer,,,%
Shivan Emissary,Invasion,0,4,,0.2,,tcgplayer,,,%
Shivan Harvest,Invasion,0,1,0.14,0.35,adventureson,tcgplayer,40,,%
Shivan Oasis,Invasion,0,1,0.05,0.29,magicdotcards,tcgplayer,,,%
Shivan Zombie,Invasion,0,4,,0.17,,tcgplayer,,,%
Shoreline Raider,Invasion,0,4,,0.17,,tcgplayer,,,%
Skittish Kavu,Invasion,0,3,,0.21,,tcgplayer,,,%
Skizzik,Invasion,0,1,0.5,0.74,magicdotcards,tcgplayer,,,%
Sky Weaver,Invasion,0,3,,0.2,,tcgplayer,,,%
Sleeper's Robe,Invasion,0,1,0.02,0.27,abugames,tcgplayer,99,,%
Slimy Kavu,Invasion,0,8,,0.17,,tcgplayer,,,%
Slinking Serpent,Invasion,0,2,,0.2,,tcgplayer,,,%
Soul Burn,Invasion,0,5,,0.18,,tcgplayer,,,%
Sparring Golem,Invasion,0,1,0.02,0.2,abugames,tcgplayer,50,,%
Spirit Weaver,Invasion,0,1,,0.2,,tcgplayer,,,%
Spirit of Resistance,Invasion,0,1,0.25,0.7,magicdotcards,tcgplayer,,,%
Stormscape Apprentice,Invasion,0,5,,0.18,,tcgplayer,,,%
Strength of Unity,Invasion,0,4,,0.17,,tcgplayer,,,%
Stun,Invasion,0,4,,0.17,,tcgplayer,,,%
Sulfur Vent,Invasion,0,8,,0.19,,tcgplayer,,,%
Sunscape Apprentice,Invasion,0,4,,0.17,,tcgplayer,,,%
Sunscape Master,Invasion,0,1,0.1,0.37,magicdotcards,tcgplayer,,,%
Sway of Illusion,Invasion,0,2,,0.22,,tcgplayer,,,%
Tainted Well,Invasion,0,4,,0.17,,tcgplayer,,,%
Tangle,Invasion,0,2,2,2.07,cardkingdom,tcgplayer,26,,%
Tectonic Instability,Invasion,0,1,0.1,0.34,magicdotcards,tcgplayer,,,%
Teferi's Care,Invasion,0,1,0.06,0.21,cardkingdom,tcgplayer,1,,%
Teferi's Response,Invasion,0,1,0.5,0.9,magicdotcards,tcgplayer,,,%
Temporal Distortion,Invasion,0,1,0.1,0.35,magicdotcards,tcgplayer,,,%
Thornscape Apprentice,Invasion,0,3,,0.17,,tcgplayer,,,%
Thornscape Master,Invasion,0,1,0.1,0.32,magicdotcards,tcgplayer,,,%
Thunderscape Apprentice,Invasion,0,5,,0.17,,tcgplayer,,,%
Tidal Visionary,Invasion,0,5,,0.18,,tcgplayer,,,%
Tigereye Cameo,Invasion,0,1,,0.2,,tcgplayer,,,%
Tinder Farm,Invasion,0,8,,0.18,,tcgplayer,,,%
Tolarian Emissary,Invasion,0,2,,0.21,,tcgplayer,,,%
Tower Drake,Invasion,0,4,,0.17,,tcgplayer,,,%
Tranquility,Invasion,0,5,,0.18,,tcgplayer,,,%
Traveler's Cloak,Invasion,0,4,,0.18,,tcgplayer,,,%
Treefolk Healer,Invasion,0,2,,0.21,,tcgplayer,,,%
Trench Wurm,Invasion,0,1,,0.23,,tcgplayer,,,%
Treva's Attendant,Invasion,0,2,,0.22,,tcgplayer,,,%
Tribal Flames,Invasion,0,4,,0.18,,tcgplayer,,,%
Troll-Horn Cameo,Invasion,0,1,,0.2,,tcgplayer,,,%
Tsabo's Decree,Invasion,0,2,0.5,0.75,magicdotcards,tcgplayer,,,%
Tsabo's Web,Invasion,0,1,0.36,0.73,abugames,tcgplayer,8,,%
Turf Wound,Invasion,0,3,,0.18,,tcgplayer,,,%
Twilight's Call,Invasion,0,1,0.25,0.61,magicdotcards,tcgplayer,,,%
Undermine,Invasion,0,1,0.85,1.88,cardkingdom,tcgplayer,10,,%
Urborg Drake,Invasion,0,2,,0.2,,tcgplayer,,,%
Urborg Emissary,Invasion,0,2,,0.2,,tcgplayer,,,%
Urborg Phantom,Invasion,0,5,,0.18,,tcgplayer,,,%
Urborg Shambler,Invasion,0,1,,0.21,,tcgplayer,,,%
Urborg Skeleton,Invasion,0,4,,0.18,,tcgplayer,,,%
Urborg Volcano,Invasion,0,1,0.06,0.3,cardkingdom,tcgplayer,8,,%
Urza's Rage,Invasion,0,1,0.5,0.86,magicdotcards,tcgplayer,,,%
Utopia Tree,Invasion,0,1,0.5,1.3,magicdotcards,tcgplayer,,,%
Verduran Emissary,Invasion,0,1,,0.21,,tcgplayer,,,%
Viashino Grappler,Invasion,0,4,,0.17,,tcgplayer,,,%
Vicious Kavu,Invasion,0,5,,0.2,,tcgplayer,,,%
Vigorous Charge,Invasion,0,4,,0.18,,tcgplayer,,,%
Vodalian Hypnotist,Invasion,0,1,,0.2,,tcgplayer,,,%
Vodalian Merchant,Invasion,0,4,,0.17,,tcgplayer,,,%
Vodalian Serpent,Invasion,0,4,,0.17,,tcgplayer,,,%
Vodalian Zombie,Invasion,0,7,,0.17,,tcgplayer,,,%
Wallop,Invasion,0,1,,0.22,,tcgplayer,,,%
Wandering Stream,Invasion,0,5,,0.17,,tcgplayer,,,%
Wash Out,Invasion,0,2,0.5,0.69,magicdotcards,tcgplayer,,,%
Wayfaring Giant,Invasion,0,3,,0.23,,tcgplayer,,,%
Well-Laid Plans,Invasion,0,1,0.1,0.33,magicdotcards,tcgplayer,,,%
Whip Silk,Invasion,0,4,,0.19,,tcgplayer,,,%
Wings of Hope,Invasion,0,3,,0.17,,tcgplayer,,,%
Winnow,Invasion,0,1,0.1,0.33,magicdotcards,tcgplayer,,,%
Worldly Counsel,Invasion,0,2,,0.18,,tcgplayer,,,%
Yavimaya Barbarian,Invasion,0,4,,0.17,,tcgplayer,,,%
Yavimaya Kavu,Invasion,0,2,,0.22,,tcgplayer,,,%
Zanam Djinn,Invasion,0,1,,0.2,,tcgplayer,,,%
Zap,Invasion,0,4,,0.17,,tcgplayer,,,%
Aegis of the Gods,Journey into Nyx,0,11,0.69,1.07,abugames,isleofcards,16,26,%
"Ajani, Mentor of Heroes",Journey into Nyx,0,4,7.31,12.38,abugames,isleofcards,16,22,%
"Athreos, God of Passage",Journey into Nyx,0,8,7,11.27,magicdotcards,isleofcards,,14,%
Battlefield Thaumaturge,Journey into Nyx,0,22,0.15,0.34,adventureson,isleofcards,6,26,%
Bearer of the Heavens,Journey into Nyx,0,8,0.1,0.38,magicdotcards,isleofcards,,34,%
Daring Thief,Journey into Nyx,0,9,0.1,0.28,magicdotcards,tcgplayer,,,%
Dawnbringer Charioteers,Journey into Nyx,0,5,0.1,0.3,magicdotcards,tcgplayer,,,%
Deicide,Journey into Nyx,0,29,0.1,0.37,magicdotcards,tcgplayer,,,%
Dictate of Erebos,Journey into Nyx,0,3,1.4,2.93,cardkingdom,isleofcards,81,32,%
Dictate of Heliod,Journey into Nyx,0,13,0.1,0.32,magicdotcards,tcgplayer,,,%
Dictate of Karametra,Journey into Nyx,0,7,0.1,0.39,magicdotcards,tcgplayer,,,%
Dictate of Kruphix,Journey into Nyx,0,10,0.56,1.12,abugames,tcgplayer,30,,%
Dictate of the Twin Gods,Journey into Nyx,0,12,0.1,0.28,adventureson,isleofcards,21,29,%
Doomwake Giant,Journey into Nyx,0,35,0.1,0.32,magicdotcards,tcgplayer,,,%
Eidolon of Blossoms,Journey into Nyx,0,11,0.1,0.45,magicdotcards,tcgplayer,,,%
Eidolon of the Great Revel,Journey into Nyx,0,7,5.33,8.7,abugames,isleofcards,30,12,%
Extinguish All Hope,Journey into Nyx,0,5,0.1,0.25,magicdotcards,tcgplayer,,,%
Godsend,Journey into Nyx,0,2,4,6.06,magicdotcards,isleofcards,,19,%
Hall of Triumph,Journey into Nyx,0,16,0.1,0.58,magicdotcards,isleofcards,,27,%
Harness by Force,Journey into Nyx,0,17,0.1,0.27,magicdotcards,tcgplayer,,,%
Heroes' Bane,Journey into Nyx,0,5,0.5,0.58,magicdotcards,isleofcards,,25,%
Hydra Broodmaster,Journey into Nyx,0,15,0.5,0.63,magicdotcards,isleofcards,,23,%
Hypnotic Siren,Journey into Nyx,0,20,0.1,0.34,magicdotcards,tcgplayer,,,%
"Iroas, God of Victory",Journey into Nyx,0,1,6,7.85,magicdotcards,isleofcards,,29,%
"Keranos, God of Storms",Journey into Nyx,0,15,6.26,11.11,abugames,isleofcards,30,15,%
"King Macar, the Gold-Cursed",Journey into Nyx,0,13,0.1,0.29,magicdotcards,tcgplayer,,,%
"Kruphix, God of Horizons",Journey into Nyx,0,15,3.61,6.35,abugames,isleofcards,20,25,%
Launch the Fleet,Journey into Nyx,0,11,0.25,0.64,magicdotcards,isleofcards,,26,%
Mana Confluence,Journey into Nyx,0,3,3.02,4.42,abugames,isleofcards,16,29,%
Master of the Feast,Journey into Nyx,0,19,0.52,0.91,cardkingdom,isleofcards,44,42,%
"Pharika, God of Affliction",Journey into Nyx,0,17,1.33,2.42,abugames,isleofcards,12,24,%
Pheres-Band Warchief,Journey into Nyx,0,12,0.1,0.36,adventureson,isleofcards,12,30,%
Polymorphous Rush,Journey into Nyx,0,10,0.1,0.27,magicdotcards,tcgplayer,,,%
Prophetic Flamespeaker,Journey into Nyx,0,23,1,1.12,magicdotcards,isleofcards,,30,%
Revel of the Fallen God,Journey into Nyx,0,12,0.1,0.27,magicdotcards,tcgplayer,,,%
Sage of Hours,Journey into Nyx,0,8,1,2.57,magicdotcards,isleofcards,,49,%
Scourge of Fleets,Journey into Nyx,0,4,0.1,0.33,magicdotcards,tcgplayer,,,%
Setessan Tactics,Journey into Nyx,0,11,0.1,0.45,magicdotcards,tcgplayer,,,%
Silence the Believers,Journey into Nyx,0,20,0.1,0.38,magicdotcards,tcgplayer,,,%
Skybind,Journey into Nyx,0,15,0.1,0.26,magicdotcards,tcgplayer,,,%
Spawn of Thraxes,Journey into Nyx,0,5,0.1,0.28,magicdotcards,isleofcards,,29,%
Temple of Epiphany,Journey into Nyx,0,9,1.3,2.91,cardkingdom,isleofcards,47,36,%
Temple of Malady,Journey into Nyx,0,20,1,2.05,magicdotcards,tcgplayer,,,%
Twinflame,Journey into Nyx,0,14,0.1,0.3,magicdotcards,tcgplayer,,,%
Worst Fears,Journey into Nyx,0,6,0.5,0.85,magicdotcards,tcgplayer,,,%
Abzan Ascendancy,Khans of Tarkir,0,55,0.14,0.28,isleofcards,tcgplayer,1,,%
Altar of the Brood,Khans of Tarkir,0,9,0.25,0.48,magicdotcards,tcgplayer,,,%
"Anafenza, the Foremost",Khans of Tarkir,0,44,0.56,1.65,adventureson,isleofcards,10,47,%
Ankle Shanker,Khans of Tarkir,0,35,0.1,0.29,magicdotcards,isleofcards,,50,%
Ashcloud Phoenix,Khans of Tarkir,0,11,0.25,0.7,magicdotcards,tcgplayer,,,%
Avalanche Tusker,Khans of Tarkir,0,29,0.1,0.32,magicdotcards,tcgplayer,,,%
Bloodsoaked Champion,Khans of Tarkir,0,43,0.1,0.67,magicdotcards,isleofcards,,50,%
Bloodstained Mire,Khans of Tarkir,0,6,10.71,14.28,isleofcards,isleofcards,4,41,%
Butcher of the Horde,Khans of Tarkir,0,64,0.1,0.38,magicdotcards,tcgplayer,,,%
Clever Impersonator,Khans of Tarkir,0,20,2.31,3.34,isleofcards,tcgplayer,46,,%
Crackling Doom,Khans of Tarkir,0,55,0.1,0.63,magicdotcards,isleofcards,,50,%
Crater's Claws,Khans of Tarkir,0,39,0.1,0.39,magicdotcards,tcgplayer,,,%
Deflecting Palm,Khans of Tarkir,0,30,0.28,0.66,abugames,isleofcards,30,45,%
Dig Through Time,Khans of Tarkir,0,35,0.5,1.18,magicdotcards,isleofcards,,50,%
Dragon Throne of Tarkir,Khans of Tarkir,0,24,0.1,0.31,magicdotcards,tcgplayer,,,%
Dragon-Style Twins,Khans of Tarkir,0,24,0.1,0.3,magicdotcards,tcgplayer,,,%
Duneblast,Khans of Tarkir,0,54,0.1,0.34,magicdotcards,tcgplayer,,,%
Empty the Pits,Khans of Tarkir,0,27,0.25,0.72,magicdotcards,isleofcards,,50,%
End Hostilities,Khans of Tarkir,0,72,0.1,0.42,adventureson,isleofcards,20,50,%
Flooded Strand,Khans of Tarkir,0,3,11.17,15.96,isleofcards,isleofcards,23,27,%
Flying Crane Technique,Khans of Tarkir,0,39,0.1,0.32,magicdotcards,tcgplayer,,,%
Ghostfire Blade,Khans of Tarkir,0,40,0.1,0.74,magicdotcards,isleofcards,,44,%
Grim Haruspex,Khans of Tarkir,0,59,0.16,0.32,isleofcards,isleofcards,3,46,%
Hardened Scales,Khans of Tarkir,0,31,1,1.64,adventureson,isleofcards,12,38,%
Herald of Anafenza,Khans of Tarkir,0,22,0.1,0.33,magicdotcards,tcgplayer,,,%
High Sentinels of Arashin,Khans of Tarkir,0,37,0.1,0.32,magicdotcards,tcgplayer,,,%
Hooded Hydra,Khans of Tarkir,0,13,0.5,1.01,magicdotcards,isleofcards,,48,%
Howl of the Horde,Khans of Tarkir,0,32,0.1,0.32,magicdotcards,tcgplayer,,,%
Icy Blast,Khans of Tarkir,0,42,0.1,0.32,adventureson,isleofcards,7,50,%
Ivorytusk Fortress,Khans of Tarkir,0,20,0.1,0.31,magicdotcards,tcgplayer,,,%
Jeering Instigator,Khans of Tarkir,0,20,0.1,0.31,magicdotcards,tcgplayer,,,%
Jeskai Ascendancy,Khans of Tarkir,0,79,0.25,0.8,magicdotcards,isleofcards,,50,%
Kheru Lich Lord,Khans of Tarkir,0,36,0.1,0.32,magicdotcards,tcgplayer,,,%
Kheru Spellsnatcher,Khans of Tarkir,0,30,0.1,0.3,magicdotcards,isleofcards,,50,%
Mantis Rider,Khans of Tarkir,0,55,0.1,0.48,magicdotcards,isleofcards,,53,%
Mardu Ascendancy,Khans of Tarkir,0,35,0.1,0.36,magicdotcards,isleofcards,,50,%
Master of Pearls,Khans of Tarkir,0,33,0.1,0.32,magicdotcards,tcgplayer,,,%
Meandering Towershell,Khans of Tarkir,0,42,0.1,0.29,magicdotcards,isleofcards,,50,%
Mindswipe,Khans of Tarkir,0,60,0.1,0.29,magicdotcards,tcgplayer,,,%
Monastery Swiftspear,Khans of Tarkir,0,10,1.09,2.19,isleofcards,isleofcards,1,42,%
"Narset, Enlightened Master",Khans of Tarkir,0,28,0.3,0.88,abugames,isleofcards,50,48,%
Necropolis Fiend,Khans of Tarkir,0,49,0.1,0.31,magicdotcards,tcgplayer,,,%
Pearl Lake Ancient,Khans of Tarkir,0,38,0.25,0.74,magicdotcards,isleofcards,,50,%
Polluted Delta,Khans of Tarkir,0,4,12.08,17.26,isleofcards,isleofcards,4,46,%
Rakshasa Deathdealer,Khans of Tarkir,0,67,0.1,0.39,magicdotcards,isleofcards,,50,%
Rakshasa Vizier,Khans of Tarkir,0,23,0.1,0.32,magicdotcards,tcgplayer,,,%
Rattleclaw Mystic,Khans of Tarkir,0,37,0.25,0.74,magicdotcards,isleofcards,,50,%
Retribution of the Ancients,Khans of Tarkir,0,32,0.1,0.3,magicdotcards,tcgplayer,,,%
Sage of the Inward Eye,Khans of Tarkir,0,28,0.1,0.3,magicdotcards,tcgplayer,,,%
Sagu Mauler,Khans of Tarkir,0,45,0.1,0.37,adventureson,tcgplayer,4,,%
"Sarkhan, the Dragonspeaker",Khans of Tarkir,0,25,1.5,2.58,magicdotcards,tcgplayer,,,%
Savage Knuckleblade,Khans of Tarkir,0,60,0.1,0.39,magicdotcards,tcgplayer,,,%
See the Unwritten,Khans of Tarkir,0,8,0.25,0.93,magicdotcards,isleofcards,,49,%
"Sidisi, Brood Tyrant",Khans of Tarkir,0,33,0.25,0.88,cardkingdom,isleofcards,22,50,%
Siege Rhino,Khans of Tarkir,0,45,0.5,1.44,adventureson,isleofcards,11,47,%
"Sorin, Solemn Visitor",Khans of Tarkir,0,14,3,4.76,magicdotcards,isleofcards,,50,%
Sultai Ascendancy,Khans of Tarkir,0,50,0.1,0.32,magicdotcards,tcgplayer,,,%
Surrak Dragonclaw,Khans of Tarkir,0,33,0.3,0.91,abugames,isleofcards,50,50,%
Temur Ascendancy,Khans of Tarkir,0,64,0.1,0.29,magicdotcards,tcgplayer,,,%
Thousand Winds,Khans of Tarkir,0,39,0.1,0.32,magicdotcards,tcgplayer,,,%
Trail of Mystery,Khans of Tarkir,0,30,0.1,0.31,magicdotcards,tcgplayer,,,%
Trap Essence,Khans of Tarkir,0,27,0.1,0.31,magicdotcards,tcgplayer,,,%
Ugin's Nexus,Khans of Tarkir,0,87,0.25,0.7,magicdotcards,isleofcards,,48,%
Utter End,Khans of Tarkir,0,60,0.25,0.75,adventureson,isleofcards,20,50,%
Villainous Wealth,Khans of Tarkir,0,33,0.1,0.33,magicdotcards,tcgplayer,,,%
Windswept Heath,Khans of Tarkir,0,5,9.03,12.05,isleofcards,isleofcards,6,43,%
Wingmate Roc,Khans of Tarkir,0,28,0.25,1.25,cardkingdom,tcgplayer,24,,%
Wooded Foothills,Khans of Tarkir,0,10,11.08,15.84,isleofcards,isleofcards,21,27,%
Abomination,Legends,0,2,0.17,0.43,adventureson,tcgplayer,9,,%
Active Volcano,Legends,0,4,0.02,0.19,abugames,tcgplayer,99,,%
Adventurers' Guildhouse,Legends,0,1,0.4,0.99,adventureson,tcgplayer,6,,%
Aisling Leprechaun,Legends,0,1,0.02,0.23,abugames,tcgplayer,99,,%
Alabaster Potion,Legends,0,1,0.02,0.2,abugames,tcgplayer,99,,%
Alchor's Tomb,Legends,0,1,2.7,2.86,cardkingdom,tcgplayer,10,,%
Amrou Kithkin,Legends,0,4,0.02,0.19,abugames,tcgplayer,99,,%
Anti-Magic Aura,Legends,0,1,0.02,0.21,abugames,tcgplayer,99,,%
Arboria,Legends,0,2,5.62,9.65,abugames,tcgplayer,8,,%
Arena of the Ancients,Legends,0,1,3.35,4.66,abugames,tcgplayer,8,,%
Avoid Fate,Legends,0,2,0.57,0.9,abugames,tcgplayer,8,,%
Axelrod Gunnarson,Legends,0,1,1.75,2.37,cardkingdom,tcgplayer,10,,%
Backfire,Legends,0,1,0.23,0.48,adventureson,tcgplayer,9,,%
Beasts of Bogardan,Legends,0,2,0.13,0.34,adventureson,tcgplayer,10,,%
Black Mana Battery,Legends,0,2,0.38,0.84,cardkingdom,tcgplayer,10,,%
Blazing Effigy,Legends,0,3,0.02,0.19,abugames,tcgplayer,99,,%
Blight,Legends,0,2,1,1.43,magicdotcards,tcgplayer,,,%
Blood Lust,Legends,0,2,5,5.82,cardkingdom,tcgplayer,10,,%
Blue Mana Battery,Legends,0,2,0.2,0.63,adventureson,tcgplayer,10,,%
Boomerang,Legends,0,1,0.4,0.4,abugames,tcgplayer,8,,%
Cat Warriors,Legends,0,3,0.02,0.18,abugames,tcgplayer,99,,%
Cathedral of Serra,Legends,0,1,0.74,1.34,adventureson,tcgplayer,9,,%
Chain Lightning,Legends,0,3,7,12.59,magicdotcards,tcgplayer,,,%
Cocoon,Legends,0,1,0.02,0.36,abugames,tcgplayer,99,,%
Concordant Crossroads,Legends,0,2,18,21.38,abugames,tcgplayer,4,,%
Crevasse,Legends,0,1,0.13,0.34,adventureson,tcgplayer,8,,%
Cyclopean Mummy,Legends,0,2,0.02,0.16,abugames,tcgplayer,99,,%
D'Avenant Archer,Legends,0,6,0.02,0.18,abugames,tcgplayer,99,,%
Darkness,Legends,0,1,4.4,6.99,abugames,tcgplayer,8,,%
Deadfall,Legends,0,1,0.13,0.37,adventureson,tcgplayer,8,,%
Devouring Deep,Legends,0,2,0.02,0.17,abugames,tcgplayer,99,,%
Divine Offering,Legends,0,3,0.02,0.28,abugames,tcgplayer,99,,%
Dream Coat,Legends,0,2,0.13,0.4,adventureson,tcgplayer,5,,%
Dwarven Song,Legends,0,1,0.21,0.39,adventureson,tcgplayer,11,,%
Elder Spawn,Legends,0,1,1.7,1.63,cardkingdom,tcgplayer,10,,%
Emerald Dragonfly,Legends,0,1,0.02,0.18,abugames,tcgplayer,99,,%
Energy Tap,Legends,0,2,0.02,0.2,abugames,tcgplayer,99,,%
Equinox,Legends,0,1,0.13,0.28,adventureson,tcgplayer,15,,%
Eternal Warrior,Legends,0,2,0.13,0.35,adventureson,tcgplayer,12,,%
Field of Dreams,Legends,0,1,25.31,32.53,abugames,tcgplayer,4,,%
Flash Counter,Legends,0,4,0.02,0.19,abugames,tcgplayer,99,,%
Flash Flood,Legends,0,4,0.02,0.18,abugames,tcgplayer,99,,%
Force Spike,Legends,0,3,0.07,0.64,cardkingdom,tcgplayer,1,,%
Forethought Amulet,Legends,0,1,2.5,2.28,cardkingdom,tcgplayer,10,,%
Frost Giant,Legends,0,1,0.13,0.39,adventureson,tcgplayer,10,,%
Gaseous Form,Legends,0,1,0.02,0.19,abugames,tcgplayer,99,,%
Gauntlets of Chaos,Legends,0,2,1.75,2.01,cardkingdom,tcgplayer,10,,%
Ghosts of the Damned,Legends,0,4,0.02,0.18,abugames,tcgplayer,99,,%
Giant Slug,Legends,0,1,0.02,0.18,abugames,tcgplayer,99,,%
Glyph of Delusion,Legends,0,1,0.02,0.2,abugames,tcgplayer,99,,%
Glyph of Destruction,Legends,0,1,0.02,0.18,abugames,tcgplayer,99,,%
Glyph of Doom,Legends,0,4,0.02,0.18,abugames,tcgplayer,99,,%
Glyph of Life,Legends,0,3,0.02,0.18,abugames,tcgplayer,99,,%
Glyph of Reincarnation,Legends,0,1,0.02,0.19,abugames,tcgplayer,99,,%
Gravity Sphere,Legends,0,1,28.12,33.63,abugames,tcgplayer,8,,%
Great Wall,Legends,0,1,0.13,0.35,adventureson,tcgplayer,12,,%
Greed,Legends,0,1,11.25,16.93,abugames,tcgplayer,8,,%
Green Mana Battery,Legends,0,1,0.13,0.56,adventureson,tcgplayer,8,,%
Hammerheim,Legends,0,1,1.13,1.77,abugames,tcgplayer,8,,%
Headless Horseman,Legends,0,1,0.02,0.29,abugames,tcgplayer,99,,%
Heaven's Gate,Legends,0,1,0.38,0.49,cardkingdom,tcgplayer,10,,%
Hell Swarm,Legends,0,2,0.02,0.18,abugames,tcgplayer,99,,%
Hellfire,Legends,0,1,13,14.07,cardkingdom,tcgplayer,10,,%
Hornet Cobra,Legends,0,4,0.02,0.19,abugames,tcgplayer,99,,%
Horror of Horrors,Legends,0,2,0.06,0.38,cardkingdom,tcgplayer,6,,%
Hyperion Blacksmith,Legends,0,1,0.15,0.37,adventureson,tcgplayer,9,,%
Ichneumon Druid,Legends,0,1,0.5,0.87,adventureson,tcgplayer,8,,%
Immolation,Legends,0,2,0.02,0.19,abugames,tcgplayer,99,,%
In the Eye of Chaos,Legends,0,1,32,42.83,cardkingdom,tcgplayer,10,,%
Indestructible Aura,Legends,0,4,0.02,0.2,abugames,tcgplayer,99,,%
Infernal Medusa,Legends,0,1,0.5,1.42,adventureson,tcgplayer,6,,%
Jovial Evil,Legends,0,1,3.61,4.52,abugames,tcgplayer,8,,%
Juxtapose,Legends,0,2,1.6,1.64,abugames,tcgplayer,8,,%
Karakas,Legends,0,1,65,120.99,cardkingdom,tcgplayer,9,,%
Keepers of the Faith,Legends,0,4,0.02,0.18,abugames,tcgplayer,99,,%
Knowledge Vault,Legends,0,1,3.7,3.59,cardkingdom,tcgplayer,10,,%
Kry Shield,Legends,0,2,0.02,0.36,abugames,tcgplayer,99,,%
Lady Caleria,Legends,0,1,3.09,3.85,abugames,tcgplayer,8,,%
Land's Edge,Legends,0,3,10.5,10.64,cardkingdom,tcgplayer,10,,%
Lesser Werewolf,Legends,0,1,0.15,0.68,adventureson,tcgplayer,6,,%
Life Chisel,Legends,0,5,0.06,0.78,cardkingdom,tcgplayer,1,,%
Life Matrix,Legends,0,1,2.01,3.26,abugames,tcgplayer,8,,%
Living Plane,Legends,0,1,30.94,49.98,abugames,tcgplayer,4,,%
Lost Soul,Legends,0,1,0.02,0.19,abugames,tcgplayer,99,,%
Mana Drain,Legends,0,1,133.39,205.86,abugames,tcgplayer,4,,%
Marble Priest,Legends,0,1,0.13,0.36,adventureson,tcgplayer,6,,%
Moss Monster,Legends,0,2,0.02,0.19,abugames,tcgplayer,99,,%
Mountain Stronghold,Legends,0,2,0.25,0.5,adventureson,tcgplayer,7,,%
Mountain Yeti,Legends,0,1,0.06,0.37,cardkingdom,tcgplayer,2,,%
Nether Void,Legends,0,1,200,367.59,cardkingdom,tcgplayer,10,,%
Nova Pentacle,Legends,0,1,3.5,5.12,cardkingdom,tcgplayer,10,,%
Osai Vultures,Legends,0,1,0.02,0.19,abugames,tcgplayer,99,,%
Part Water,Legends,0,1,0.13,0.36,adventureson,tcgplayer,4,,%
Pendelhaven,Legends,0,1,10.9,15.55,abugames,tcgplayer,8,,%
Pit Scorpion,Legends,0,3,0.02,0.16,abugames,tcgplayer,99,,%
Pradesh Gypsies,Legends,0,2,0.02,0.34,abugames,tcgplayer,99,,%
Presence of the Master,Legends,0,1,0.9,1.4,adventureson,tcgplayer,11,,%
Psychic Purge,Legends,0,1,0.12,0.28,adventureson,tcgplayer,5,,%
Puppet Master,Legends,0,1,0.13,0.34,adventureson,tcgplayer,1,,%
Pyrotechnics,Legends,0,3,0.02,0.18,abugames,tcgplayer,99,,%
Quagmire,Legends,0,1,0.13,0.39,adventureson,tcgplayer,7,,%
Radjan Spirit,Legends,0,1,0.02,0.38,abugames,tcgplayer,99,,%
Ramirez DePietro,Legends,0,1,0.49,0.86,abugames,tcgplayer,8,,%
Recall,Legends,0,1,19.69,28,abugames,tcgplayer,4,,%
Red Mana Battery,Legends,0,1,0.25,0.72,adventureson,tcgplayer,9,,%
Relic Barrier,Legends,0,1,1.4,2.91,cardkingdom,tcgplayer,21,,%
Relic Bind,Legends,0,3,0.13,0.35,adventureson,tcgplayer,6,,%
Remove Enchantments,Legends,0,1,0.12,0.22,adventureson,tcgplayer,10,,%
Remove Soul,Legends,0,3,0.02,0.21,abugames,tcgplayer,99,,%
Revelation,Legends,0,1,2.18,2.45,abugames,tcgplayer,8,,%
Ring of Immortals,Legends,0,1,3.87,5.39,abugames,tcgplayer,8,,%
Riven Turnbull,Legends,0,1,0.35,0.71,adventureson,tcgplayer,9,,%
Rohgahh of Kher Keep,Legends,0,1,7,8.45,adventureson,tcgplayer,11,,%
Rubinia Soulsinger,Legends,0,1,4,5.93,cardkingdom,tcgplayer,10,,%
Rust,Legends,0,4,0.02,0.18,abugames,tcgplayer,99,,%
Sea Kings' Blessing,Legends,0,1,0.22,0.41,adventureson,tcgplayer,5,,%
Sentinel,Legends,0,1,1.15,2.69,adventureson,tcgplayer,4,,%
Shelkin Brownie,Legends,0,1,0.02,0.19,abugames,tcgplayer,99,,%
Silhouette,Legends,0,1,0.13,0.43,adventureson,tcgplayer,8,,%
Spirit Shackle,Legends,0,2,0.02,0.19,abugames,tcgplayer,99,,%
Storm Seeker,Legends,0,1,0.81,1.51,abugames,tcgplayer,8,,%
Storm World,Legends,0,1,11.65,24.1,abugames,tcgplayer,99,,%
Subdue,Legends,0,1,0.02,0.19,abugames,tcgplayer,99,,%
Syphon Soul,Legends,0,4,0.02,0.19,abugames,tcgplayer,99,,%
The Tabernacle at Pendrell Vale,Legends,0,1,870,1300,cardkingdom,tcgplayer,10,,%
Time Elemental,Legends,0,1,11.25,17.14,abugames,tcgplayer,8,,%
Tolaria,Legends,0,1,0.09,0.71,cardkingdom,tcgplayer,10,,%
Transmutation,Legends,0,1,0.02,0.19,abugames,tcgplayer,99,,%
Tundra Wolves,Legends,0,3,0.02,0.19,abugames,tcgplayer,99,,%
Undertow,Legends,0,1,0.02,0.35,abugames,tcgplayer,99,,%
Unholy Citadel,Legends,0,2,0.25,0.57,cardkingdom,tcgplayer,10,,%
Urborg,Legends,0,2,2.75,3.33,abugames,tcgplayer,8,,%
Venarian Gold,Legends,0,1,0.02,0.19,abugames,tcgplayer,99,,%
Wall of Caltrops,Legends,0,1,0.02,0.21,abugames,tcgplayer,99,,%
Wall of Dust,Legends,0,2,0.13,0.39,adventureson,tcgplayer,11,,%
Wall of Earth,Legends,0,4,0.02,0.2,abugames,tcgplayer,99,,%
Wall of Light,Legends,0,1,0.35,0.8,adventureson,tcgplayer,5,,%
Wall of Putrid Flesh,Legends,0,1,0.25,0.74,adventureson,tcgplayer,6,,%
Wall of Shadows,Legends,0,1,0.02,0.21,abugames,tcgplayer,99,,%
Wall of Vapor,Legends,0,3,0.02,0.18,abugames,tcgplayer,99,,%
Wall of Wonder,Legends,0,1,0.06,0.37,abugames,tcgplayer,99,,%
White Mana Battery,Legends,0,1,0.13,0.57,adventureson,tcgplayer,5,,%
Wolverine Pack,Legends,0,3,0.02,0.19,abugames,tcgplayer,99,,%
Seedborn Muse,Legions,0,1,11.25,20.72,abugames,isleofcards,16,1,%
Ivory Cup,Limited Edition Beta,0,1,1.4,1.86,abugames,tcgplayer,4,,%
Austere Command,Lorwyn,0,1,6.85,10.39,isleofcards,isleofcards,9,1,%
Cryptic Command,Lorwyn,0,1,19.69,27.16,isleofcards,isleofcards,7,4,%
Gaddock Teeg,Lorwyn,0,2,13.68,21.89,abugames,isleofcards,50,1,%
Thorn of Amethyst,Lorwyn,0,2,12.17,16.56,isleofcards,isleofcards,8,2,%
Vigor,Lorwyn,0,2,11.88,15.39,isleofcards,tcgplayer,11,,%
Wanderwine Hub,Lorwyn,0,4,5.39,9.71,abugames,isleofcards,16,2,%
Baneslayer Angel,Magic 2010,0,1,7.13,9.69,isleofcards,tcgplayer,12,,%
Master of the Wild Hunt,Magic 2010,0,1,10.59,13.46,isleofcards,tcgplayer,12,,%
Time Warp,Magic 2010,0,1,13.91,17.95,isleofcards,isleofcards,11,1,%
Baneslayer Angel,Magic 2011,0,2,6.59,9.69,adventureson,isleofcards,13,3,%
Fauna Shaman,Magic 2011,0,6,7.74,11.23,isleofcards,isleofcards,10,1,%
Aegis Angel,Magic 2012,0,4,0.31,0.62,isleofcards,tcgplayer,3,,%
Arachnus Spinner,Magic 2012,0,8,0.14,0.29,isleofcards,tcgplayer,3,,%
Archon of Justice,Magic 2012,0,9,0.1,0.34,magicdotcards,tcgplayer,,,%
Birds of Paradise,Magic 2012,0,3,4.77,7.95,isleofcards,isleofcards,3,7,%
Call to the Grave,Magic 2012,0,1,0.5,0.87,magicdotcards,isleofcards,,4,%
Cemetery Reaper,Magic 2012,0,5,3,2.98,magicdotcards,isleofcards,,1,%
Day of Judgment,Magic 2012,0,4,1.33,2.49,abugames,isleofcards,16,4,%
Djinn of Wishes,Magic 2012,0,9,0.14,0.29,isleofcards,tcgplayer,4,,%
Dragonskull Summit,Magic 2012,0,1,1.41,2.5,abugames,tcgplayer,16,,%
Drowned Catacomb,Magic 2012,0,7,1.7,2.96,abugames,isleofcards,16,4,%
Druidic Satchel,Magic 2012,0,9,0.15,0.29,isleofcards,tcgplayer,7,,%
Dungrove Elder,Magic 2012,0,2,3.25,5.03,cardkingdom,isleofcards,20,3,%
Elvish Archdruid,Magic 2012,0,1,1.28,2.34,abugames,isleofcards,16,2,%
Flameblast Dragon,Magic 2012,0,2,0.3,0.59,cardkingdom,isleofcards,18,4,%
Frost Titan,Magic 2012,0,5,0.47,0.94,isleofcards,tcgplayer,4,,%
Furyborn Hellkite,Magic 2012,0,1,1.19,2.39,isleofcards,isleofcards,3,5,%
Garruk's Horde,Magic 2012,0,9,0.14,0.29,isleofcards,tcgplayer,3,,%
Gideon's Avenger,Magic 2012,0,1,0.5,0.79,magicdotcards,isleofcards,,6,%
Glacial Fortress,Magic 2012,0,4,1.59,2.14,isleofcards,tcgplayer,12,,%
Goblin Chieftain,Magic 2012,0,1,4,5.95,cardkingdom,isleofcards,22,8,%
Grand Abolisher,Magic 2012,0,2,3.25,4.35,cardkingdom,tcgplayer,24,,%
Grim Lavamancer,Magic 2012,0,2,3.97,6.94,abugames,isleofcards,20,9,%
Honor of the Pure,Magic 2012,0,3,1.06,1.77,isleofcards,isleofcards,8,2,%
Jace's Archivist,Magic 2012,0,1,0.25,0.4,magicdotcards,isleofcards,,3,%
"Jace, Memory Adept",Magic 2012,0,1,5,6.16,magicdotcards,tcgplayer,,,%
Lord of the Unreal,Magic 2012,0,6,0.41,0.83,isleofcards,isleofcards,5,2,%
Manabarbs,Magic 2012,0,12,0.15,0.31,isleofcards,isleofcards,6,3,%
Mesa Enchantress,Magic 2012,0,5,0.16,0.33,isleofcards,tcgplayer,1,,%
Mind Unbound,Magic 2012,0,6,0.15,0.31,isleofcards,tcgplayer,3,,%
Monomania,Magic 2012,0,2,0.14,0.29,isleofcards,tcgplayer,2,,%
Pentavus,Magic 2012,0,10,0.16,0.28,isleofcards,tcgplayer,8,,%
Personal Sanctuary,Magic 2012,0,7,0.14,0.28,isleofcards,isleofcards,2,8,%
Primeval Titan,Magic 2012,0,3,7,8.73,magicdotcards,isleofcards,,5,%
Quicksilver Amulet,Magic 2012,0,2,5.7,9.51,isleofcards,isleofcards,4,5,%
Redirect,Magic 2012,0,6,0.12,0.39,abugames,tcgplayer,20,,%
Reverberate,Magic 2012,0,10,0.33,0.63,abugames,tcgplayer,12,,%
Rites of Flourishing,Magic 2012,0,7,0.8,1.31,cardkingdom,isleofcards,33,4,%
Rootbound Crag,Magic 2012,0,4,0.89,1.81,isleofcards,tcgplayer,5,,%
Scrambleverse,Magic 2012,0,12,0.15,0.3,isleofcards,tcgplayer,5,,%
Skinshifter,Magic 2012,0,3,0.33,0.56,cardkingdom,tcgplayer,18,,%
Solemn Simulacrum,Magic 2012,0,1,2.39,3.99,isleofcards,isleofcards,8,3,%
Sorin's Vengeance,Magic 2012,0,1,0.5,1.18,magicdotcards,isleofcards,,5,%
Sphinx of Uthuun,Magic 2012,0,10,0.13,0.27,isleofcards,isleofcards,1,4,%
Sun Titan,Magic 2012,0,1,1.5,2.4,magicdotcards,isleofcards,,3,%
Sundial of the Infinite,Magic 2012,0,1,0.5,0.57,magicdotcards,isleofcards,,6,%
Sutured Ghoul,Magic 2012,0,8,0.15,0.3,isleofcards,tcgplayer,2,,%
Throne of Empires,Magic 2012,0,8,0.25,0.32,magicdotcards,tcgplayer,,,%
Time Reversal,Magic 2012,0,9,0.5,0.98,magicdotcards,isleofcards,,12,%
Vengeful Pharaoh,Magic 2012,0,2,1.8,3.4,cardkingdom,tcgplayer,24,,%
Warstorm Surge,Magic 2012,0,4,0.1,0.41,magicdotcards,tcgplayer,,,%
Worldslayer,Magic 2012,0,3,0.1,0.49,magicdotcards,isleofcards,,9,%
"Ajani, Caller of the Pride",Magic 2013,0,4,3.44,5.22,isleofcards,tcgplayer,9,,%
Battle of Wits,Magic 2013,0,39,0.1,0.36,magicdotcards,tcgplayer,,,%
Captain of the Watch,Magic 2013,0,2,0.3,0.73,cardkingdom,tcgplayer,24,,%
Cathedral of War,Magic 2013,0,22,1.25,1.62,cardkingdom,isleofcards,27,4,%
Clone,Magic 2013,0,16,0.19,0.39,isleofcards,isleofcards,1,5,%
Diabolic Revelation,Magic 2013,0,3,0.6,1.21,isleofcards,isleofcards,1,2,%
Disciple of Bolas,Magic 2013,0,26,0.27,0.54,isleofcards,isleofcards,4,2,%
Door to Nothingness,Magic 2013,0,6,0.25,1.22,magicdotcards,isleofcards,,12,%
Dragonskull Summit,Magic 2013,0,6,1.33,2.49,abugames,isleofcards,20,7,%
Drowned Catacomb,Magic 2013,0,1,1.76,2.98,abugames,isleofcards,16,4,%
Elderscale Wurm,Magic 2013,0,8,1.5,2.27,magicdotcards,isleofcards,,2,%
Elvish Archdruid,Magic 2013,0,7,1.75,2.39,cardkingdom,isleofcards,22,2,%
Faith's Reward,Magic 2013,0,20,0.44,0.98,abugames,isleofcards,12,12,%
Fervor,Magic 2013,0,37,0.22,0.46,isleofcards,tcgplayer,3,,%
Firewing Phoenix,Magic 2013,0,20,0.18,0.36,isleofcards,isleofcards,5,3,%
"Garruk, Primal Hunter",Magic 2013,0,1,4.5,6.58,cardkingdom,isleofcards,23,9,%
Gilded Lotus,Magic 2013,0,1,5.5,8.32,cardkingdom,isleofcards,24,3,%
Glacial Fortress,Magic 2013,0,8,1.33,2.33,abugames,isleofcards,16,4,%
Ground Seal,Magic 2013,0,38,0.1,0.34,magicdotcards,tcgplayer,,,%
Hamletback Goliath,Magic 2013,0,33,0.14,0.28,isleofcards,tcgplayer,4,,%
Hellion Crucible,Magic 2013,0,20,0.1,0.29,magicdotcards,tcgplayer,,,%
Intrepid Hero,Magic 2013,0,12,0.32,0.85,abugames,tcgplayer,20,,%
Magmaquake,Magic 2013,0,30,0.15,0.3,isleofcards,tcgplayer,5,,%
Master of the Pearl Trident,Magic 2013,0,10,3.5,7.1,cardkingdom,isleofcards,16,12,%
Mutilate,Magic 2013,0,23,0.25,0.58,magicdotcards,tcgplayer,,,%
"Nefarox, Overlord of Grixis",Magic 2013,0,4,0.25,0.63,magicdotcards,isleofcards,,4,%
"Odric, Master Tactician",Magic 2013,0,13,0.8,1.58,cardkingdom,tcgplayer,30,,%
Phylactery Lich,Magic 2013,0,22,0.25,0.36,magicdotcards,tcgplayer,,,%
Planar Cleansing,Magic 2013,0,25,0.1,0.39,magicdotcards,tcgplayer,,,%
Predatory Rampage,Magic 2013,0,43,0.1,0.28,magicdotcards,isleofcards,,11,%
Primordial Hydra,Magic 2013,0,8,4.66,7.07,isleofcards,isleofcards,9,2,%
Quirion Dryad,Magic 2013,0,40,0.1,0.3,magicdotcards,tcgplayer,,,%
Redirect,Magic 2013,0,4,0.14,0.49,abugames,tcgplayer,30,,%
Reverberate,Magic 2013,0,3,0.25,0.71,cardkingdom,isleofcards,18,4,%
Rhox Faithmender,Magic 2013,0,2,3.33,4.48,isleofcards,tcgplayer,12,,%
Rootbound Crag,Magic 2013,0,15,1.12,1.88,isleofcards,isleofcards,9,3,%
Sands of Delirium,Magic 2013,0,20,0.48,0.75,isleofcards,isleofcards,10,2,%
Serra Avatar,Magic 2013,0,5,0.72,1.2,isleofcards,isleofcards,9,3,%
Serra Avenger,Magic 2013,0,7,1.23,2.09,abugames,isleofcards,20,6,%
Shimian Specter,Magic 2013,0,25,0.1,0.3,magicdotcards,isleofcards,,1,%
Silklash Spider,Magic 2013,0,38,0.1,0.3,cardkingdom,tcgplayer,16,,%
Slumbering Dragon,Magic 2013,0,13,1,1.98,magicdotcards,isleofcards,,1,%
Spelltwine,Magic 2013,0,26,0.1,0.28,magicdotcards,tcgplayer,,,%
Sphinx of Uthuun,Magic 2013,0,29,0.18,0.37,isleofcards,tcgplayer,4,,%
Staff of Nin,Magic 2013,0,9,0.52,0.98,cardkingdom,isleofcards,24,11,%
Stormtide Leviathan,Magic 2013,0,22,0.1,0.32,magicdotcards,tcgplayer,,,%
Stuffy Doll,Magic 2013,0,4,1.5,2.29,magicdotcards,tcgplayer,,,%
Sunpetal Grove,Magic 2013,0,1,1.33,2.35,abugames,isleofcards,12,3,%
"Talrand, Sky Summoner",Magic 2013,0,4,0.6,1.13,cardkingdom,isleofcards,24,11,%
Touch of the Eternal,Magic 2013,0,32,0.1,0.36,magicdotcards,tcgplayer,,,%
Trading Post,Magic 2013,0,32,0.16,0.32,isleofcards,tcgplayer,1,,%
Void Stalker,Magic 2013,0,25,0.1,0.28,magicdotcards,tcgplayer,,,%
Wit's End,Magic 2013,0,31,0.1,0.36,magicdotcards,tcgplayer,,,%
Worldfire,Magic 2013,0,3,0.75,1.48,magicdotcards,isleofcards,,1,%
Xathrid Gorgon,Magic 2013,0,25,0.1,0.38,magicdotcards,tcgplayer,,,%
"Yeva, Nature's Herald",Magic 2013,0,20,0.39,0.65,abugames,tcgplayer,20,,%
Ajani's Chosen,Magic 2014 Core Set,0,13,0.1,0.36,magicdotcards,tcgplayer,,,%
Archangel of Thune,Magic 2014 Core Set,0,1,16.35,22.84,abugames,isleofcards,20,7,%
Awaken the Ancient,Magic 2014 Core Set,0,12,0.16,0.33,isleofcards,tcgplayer,6,,%
Bogbrew Witch,Magic 2014 Core Set,0,7,0.16,0.42,cardkingdom,tcgplayer,18,,%
Bonescythe Sliver,Magic 2014 Core Set,0,6,1,1.95,magicdotcards,tcgplayer,,,%
Burning Earth,Magic 2014 Core Set,0,6,0.21,0.42,isleofcards,tcgplayer,2,,%
Chandra's Phoenix,Magic 2014 Core Set,0,5,0.25,0.43,magicdotcards,isleofcards,,7,%
Clone,Magic 2014 Core Set,0,2,0.1,0.42,magicdotcards,isleofcards,,7,%
Colossal Whale,Magic 2014 Core Set,0,14,0.1,0.29,magicdotcards,tcgplayer,,,%
Dark Prophecy,Magic 2014 Core Set,0,24,0.1,0.32,magicdotcards,isleofcards,,4,%
Darksteel Forge,Magic 2014 Core Set,0,1,3.36,5.61,isleofcards,isleofcards,3,7,%
Devout Invocation,Magic 2014 Core Set,0,10,0.76,1.4,abugames,tcgplayer,20,,%
Dismiss into Dream,Magic 2014 Core Set,0,25,0.03,0.28,abugames,tcgplayer,50,,%
Domestication,Magic 2014 Core Set,0,25,0.04,0.28,abugames,tcgplayer,50,,%
Door of Destinies,Magic 2014 Core Set,0,7,2.45,4.43,abugames,isleofcards,16,9,%
Elite Arcanist,Magic 2014 Core Set,0,19,0.1,0.41,magicdotcards,isleofcards,,3,%
Fiendslayer Paladin,Magic 2014 Core Set,0,5,1.5,2.17,magicdotcards,isleofcards,,1,%
Garruk's Horde,Magic 2014 Core Set,0,10,0.1,0.39,magicdotcards,tcgplayer,,,%
Goblin Diplomats,Magic 2014 Core Set,0,12,0.14,0.29,isleofcards,tcgplayer,1,,%
Grim Return,Magic 2014 Core Set,0,19,0.1,0.38,magicdotcards,isleofcards,,1,%
Guardian of the Ages,Magic 2014 Core Set,0,23,0.14,0.28,isleofcards,tcgplayer,1,,%
Haunted Plate Mail,Magic 2014 Core Set,0,8,0.14,0.29,isleofcards,tcgplayer,1,,%
Imposing Sovereign,Magic 2014 Core Set,0,21,0.11,0.4,abugames,tcgplayer,30,,%
Indestructibility,Magic 2014 Core Set,0,14,0.1,0.55,magicdotcards,tcgplayer,,,%
Into the Wilds,Magic 2014 Core Set,0,12,0.1,0.44,magicdotcards,isleofcards,,7,%
Jace's Mindseeker,Magic 2014 Core Set,0,18,0.1,0.28,magicdotcards,tcgplayer,,,%
"Jace, Memory Adept",Magic 2014 Core Set,0,4,3.55,5.93,isleofcards,isleofcards,1,11,%
Kalonian Hydra,Magic 2014 Core Set,0,2,6.85,10.38,isleofcards,isleofcards,8,3,%
Lifebane Zombie,Magic 2014 Core Set,0,10,0.25,0.58,magicdotcards,isleofcards,,12,%
Liliana's Reaver,Magic 2014 Core Set,0,18,0.25,0.49,magicdotcards,tcgplayer,,,%
Megantic Sliver,Magic 2014 Core Set,0,13,0.34,0.68,isleofcards,isleofcards,1,8,%
Mindsparker,Magic 2014 Core Set,0,12,0.17,0.34,isleofcards,isleofcards,5,3,%
Mutavault,Magic 2014 Core Set,0,1,7.5,12.75,cardkingdom,isleofcards,27,12,%
Nightmare,Magic 2014 Core Set,0,7,0.1,0.3,magicdotcards,tcgplayer,,,%
Oath of the Ancient Wood,Magic 2014 Core Set,0,24,0.1,0.28,magicdotcards,isleofcards,,7,%
Ogre Battledriver,Magic 2014 Core Set,0,10,0.14,0.28,isleofcards,tcgplayer,6,,%
Path of Bravery,Magic 2014 Core Set,0,16,0.1,0.49,magicdotcards,isleofcards,,12,%
Planar Cleansing,Magic 2014 Core Set,0,14,0.1,0.37,magicdotcards,tcgplayer,,,%
Primeval Bounty,Magic 2014 Core Set,0,3,2.64,4.46,abugames,isleofcards,16,8,%
Pyromancer's Gauntlet,Magic 2014 Core Set,0,12,0.14,0.28,isleofcards,tcgplayer,1,,%
Quicken,Magic 2014 Core Set,0,6,0.5,0.97,magicdotcards,isleofcards,,11,%
Ratchet Bomb,Magic 2014 Core Set,0,8,0.5,0.99,magicdotcards,tcgplayer,,,%
Ring of Three Wishes,Magic 2014 Core Set,0,1,2,3.23,magicdotcards,isleofcards,,12,%
Rise of the Dark Realms,Magic 2014 Core Set,0,1,3.74,6.8,abugames,tcgplayer,16,,%
Savage Summoning,Magic 2014 Core Set,0,20,0.17,0.29,abugames,tcgplayer,16,,%
Scavenging Ooze,Magic 2014 Core Set,0,2,4,6.78,magicdotcards,isleofcards,,12,%
Seraph of the Sword,Magic 2014 Core Set,0,12,0.5,0.75,magicdotcards,isleofcards,,7,%
Shadowborn Apostle,Magic 2014 Core Set,0,7,0.75,1.64,magicdotcards,isleofcards,,12,%
Shadowborn Demon,Magic 2014 Core Set,0,5,0.5,1.02,magicdotcards,isleofcards,,12,%
Shivan Dragon,Magic 2014 Core Set,0,3,0.15,0.29,isleofcards,tcgplayer,7,,%
Silence,Magic 2014 Core Set,0,6,1,1.04,magicdotcards,isleofcards,,1,%
Strionic Resonator,Magic 2014 Core Set,0,17,1.5,2.54,magicdotcards,isleofcards,,12,%
Syphon Sliver,Magic 2014 Core Set,0,1,1,2.21,magicdotcards,isleofcards,,11,%
Thorncaster Sliver,Magic 2014 Core Set,0,3,0.35,0.71,isleofcards,tcgplayer,3,,%
Tidebinder Mage,Magic 2014 Core Set,0,27,0.5,0.87,magicdotcards,isleofcards,,9,%
Trading Post,Magic 2014 Core Set,0,16,0.16,0.32,isleofcards,tcgplayer,1,,%
Traumatize,Magic 2014 Core Set,0,5,0.5,1.78,magicdotcards,isleofcards,,12,%
Vastwood Hydra,Magic 2014 Core Set,0,2,0.25,0.84,magicdotcards,isleofcards,,11,%
Windreader Sphinx,Magic 2014 Core Set,0,10,0.37,0.75,isleofcards,isleofcards,1,6,%
Witchstalker,Magic 2014 Core Set,0,5,0.26,0.58,abugames,isleofcards,30,5,%
Xathrid Necromancer,Magic 2014 Core Set,0,22,0.1,0.4,magicdotcards,isleofcards,,8,%
Aegis Angel,Magic 2015 Core Set,0,9,0.1,0.5,magicdotcards,tcgplayer,,,%
Aggressive Mining,Magic 2015 Core Set,0,9,0.1,0.27,magicdotcards,tcgplayer,,,%
"Avacyn, Guardian Angel",Magic 2015 Core Set,0,12,0.32,0.57,abugames,isleofcards,30,17,%
Avarice Amulet,Magic 2015 Core Set,0,2,0.1,0.26,magicdotcards,tcgplayer,,,%
Battlefield Forge,Magic 2015 Core Set,0,9,1,1.45,cardkingdom,tcgplayer,45,,%
Burning Anger,Magic 2015 Core Set,0,6,0.1,0.25,magicdotcards,tcgplayer,,,%
Caves of Koilos,Magic 2015 Core Set,0,2,0.75,1.79,magicdotcards,tcgplayer,,,%
"Chandra, Pyromaster",Magic 2015 Core Set,0,3,1.5,2.96,adventureson,isleofcards,7,20,%
Chief Engineer,Magic 2015 Core Set,0,17,0.1,0.53,magicdotcards,tcgplayer,,,%
Chord of Calling,Magic 2015 Core Set,0,4,5.38,10.77,isleofcards,isleofcards,43,5,%
Crucible of Fire,Magic 2015 Core Set,0,11,0.25,0.85,magicdotcards,tcgplayer,,,%
Cruel Sadist,Magic 2015 Core Set,0,10,0.1,0.26,magicdotcards,tcgplayer,,,%
Genesis Hydra,Magic 2015 Core Set,0,9,0.3,0.95,cardkingdom,tcgplayer,21,,%
Goblin Kaboomist,Magic 2015 Core Set,0,10,0.1,0.26,magicdotcards,isleofcards,,26,%
Goblin Rabblemaster,Magic 2015 Core Set,0,11,1.5,2.45,magicdotcards,isleofcards,,40,%
Grindclock,Magic 2015 Core Set,0,1,0.1,0.28,magicdotcards,tcgplayer,,,%
Haunted Plate Mail,Magic 2015 Core Set,0,3,0.1,0.26,magicdotcards,isleofcards,,30,%
Hoarding Dragon,Magic 2015 Core Set,0,12,0.1,0.26,magicdotcards,tcgplayer,,,%
Hornet Nest,Magic 2015 Core Set,0,11,0.5,1.14,cardkingdom,tcgplayer,39,,%
Hornet Queen,Magic 2015 Core Set,0,9,0.51,0.98,abugames,isleofcards,20,15,%
Hushwing Gryff,Magic 2015 Core Set,0,13,0.15,0.57,abugames,isleofcards,99,29,%
In Garruk's Wake,Magic 2015 Core Set,0,3,0.1,0.56,adventureson,tcgplayer,39,,%
Indulgent Tormentor,Magic 2015 Core Set,0,16,0.3,0.72,cardkingdom,tcgplayer,42,,%
"Jace, the Living Guildpact",Magic 2015 Core Set,0,6,1.5,2.8,magicdotcards,isleofcards,,24,%
"Jalira, Master Polymorphist",Magic 2015 Core Set,0,2,0.1,0.27,magicdotcards,tcgplayer,,,%
Kalonian Twingrove,Magic 2015 Core Set,0,7,0.1,0.35,magicdotcards,isleofcards,,30,%
"Kurkesh, Onakke Ancient",Magic 2015 Core Set,0,3,0.1,0.27,magicdotcards,tcgplayer,,,%
Life's Legacy,Magic 2015 Core Set,0,13,0.14,0.39,abugames,isleofcards,20,27,%
Llanowar Wastes,Magic 2015 Core Set,0,6,1.18,1.95,abugames,isleofcards,20,1,%
Mahamoti Djinn,Magic 2015 Core Set,0,9,0.05,0.31,abugames,tcgplayer,50,,%
Mass Calcify,Magic 2015 Core Set,0,12,0.1,0.29,adventureson,tcgplayer,2,,%
Master of Predicaments,Magic 2015 Core Set,0,13,0.1,0.26,magicdotcards,tcgplayer,,,%
Mercurial Pretender,Magic 2015 Core Set,0,2,0.1,0.26,magicdotcards,tcgplayer,,,%
Necromancer's Stockpile,Magic 2015 Core Set,0,7,0.24,0.28,cardkingdom,tcgplayer,46,,%
Nightmare,Magic 2015 Core Set,0,8,0.1,0.32,magicdotcards,tcgplayer,,,%
"Nissa, Worldwaker",Magic 2015 Core Set,0,1,5.9,9.98,abugames,isleofcards,16,22,%
"Ob Nixilis, Unshackled",Magic 2015 Core Set,0,11,1,2.16,magicdotcards,isleofcards,,29,%
Obelisk of Urd,Magic 2015 Core Set,0,10,1.25,2.42,abugames,isleofcards,12,22,%
Perilous Vault,Magic 2015 Core Set,0,4,0.87,1.98,abugames,isleofcards,30,25,%
Phyrexian Revoker,Magic 2015 Core Set,0,26,0.5,1.14,magicdotcards,tcgplayer,,,%
Phytotitan,Magic 2015 Core Set,0,3,0.1,0.29,magicdotcards,isleofcards,,28,%
Polymorphist's Jest,Magic 2015 Core Set,0,17,1.15,1.23,cardkingdom,isleofcards,30,36,%
Preeminent Captain,Magic 2015 Core Set,0,6,0.3,0.65,abugames,tcgplayer,30,,%
Resolute Archangel,Magic 2015 Core Set,0,7,0.1,0.5,adventureson,tcgplayer,16,,%
Return to the Ranks,Magic 2015 Core Set,0,13,0.5,1.1,magicdotcards,isleofcards,,24,%
Scuttling Doom Engine,Magic 2015 Core Set,0,22,0.1,0.47,magicdotcards,tcgplayer,,,%
Shield of the Avatar,Magic 2015 Core Set,0,6,0.1,0.26,magicdotcards,tcgplayer,,,%
Shivan Dragon,Magic 2015 Core Set,0,6,0.1,0.34,magicdotcards,tcgplayer,,,%
Shivan Reef,Magic 2015 Core Set,0,4,1.7,2.93,cardkingdom,tcgplayer,60,,%
Siege Dragon,Magic 2015 Core Set,0,4,0.1,0.27,magicdotcards,isleofcards,,29,%
Sliver Hive,Magic 2015 Core Set,0,4,2.64,4.82,abugames,isleofcards,16,3,%
Sliver Hivelord,Magic 2015 Core Set,0,1,6,9.72,magicdotcards,isleofcards,,29,%
Soul of Innistrad,Magic 2015 Core Set,0,5,0.3,1.09,cardkingdom,isleofcards,24,28,%
Soul of New Phyrexia,Magic 2015 Core Set,0,4,2.25,2.56,cardkingdom,isleofcards,22,30,%
Soul of Ravnica,Magic 2015 Core Set,0,6,0.25,0.61,magicdotcards,isleofcards,,30,%
Soul of Shandalar,Magic 2015 Core Set,0,9,0.25,0.73,magicdotcards,isleofcards,,30,%
Soul of Theros,Magic 2015 Core Set,0,7,0.25,0.98,magicdotcards,isleofcards,,30,%
Soul of Zendikar,Magic 2015 Core Set,0,10,0.25,0.66,magicdotcards,isleofcards,,30,%
Spectra Ward,Magic 2015 Core Set,0,1,0.3,0.65,adventureson,tcgplayer,29,,%
Spirit Bonds,Magic 2015 Core Set,0,3,0.1,0.39,adventureson,tcgplayer,18,,%
Stain the Mind,Magic 2015 Core Set,0,13,0.1,0.33,magicdotcards,tcgplayer,,,%
Stormtide Leviathan,Magic 2015 Core Set,0,9,0.1,0.32,magicdotcards,tcgplayer,,,%
Terra Stomper,Magic 2015 Core Set,0,8,0.1,0.6,magicdotcards,tcgplayer,,,%
The Chain Veil,Magic 2015 Core Set,0,4,1.3,1.8,cardkingdom,isleofcards,19,26,%
"Urborg, Tomb of Yawgmoth",Magic 2015 Core Set,0,6,6.51,10.03,isleofcards,isleofcards,1,48,%
Waste Not,Magic 2015 Core Set,0,2,3,3.92,cardkingdom,tcgplayer,36,,%
Yavimaya Coast,Magic 2015 Core Set,0,7,0.83,1.5,abugames,tcgplayer,20,,%
"Yisan, the Wanderer Bard",Magic 2015 Core Set,0,6,0.1,0.43,magicdotcards,tcgplayer,,,%
Ætherspouts,Magic 2015 Core Set,0,28,,0.52,,isleofcards,,26,%
Abbot of Keral Keep,Magic Origins,0,24,1,1.63,cardkingdom,isleofcards,73,42,%
Alhammarret's Archive,Magic Origins,0,1,2.5,4.07,magicdotcards,isleofcards,,7,%
"Alhammarret, High Arbiter",Magic Origins,0,33,0.1,0.36,magicdotcards,tcgplayer,,,%
Animist's Awakening,Magic Origins,0,34,0.25,0.69,adventureson,isleofcards,30,50,%
Archangel of Tithes,Magic Origins,0,7,3,5,magicdotcards,tcgplayer,,,%
Avaricious Dragon,Magic Origins,0,12,1,1.4,magicdotcards,isleofcards,,50,%
Battlefield Forge,Magic Origins,0,31,1.08,1.35,isleofcards,isleofcards,34,7,%
Caves of Koilos,Magic Origins,0,9,1.43,1.69,isleofcards,isleofcards,14,28,%
Chandra's Ignition,Magic Origins,0,33,0.1,0.4,magicdotcards,tcgplayer,,,%
"Chandra, Fire of Kaladesh",Magic Origins,0,16,2.86,4.09,isleofcards,isleofcards,9,38,%
Dark Petition,Magic Origins,0,9,1.5,2.79,magicdotcards,isleofcards,,1,%
Day's Undoing,Magic Origins,0,11,2.5,4.75,magicdotcards,tcgplayer,,,%
Demonic Pact,Magic Origins,0,10,3,4.45,magicdotcards,isleofcards,,41,%
Despoiler of Souls,Magic Origins,0,24,0.1,0.38,magicdotcards,tcgplayer,,,%
Disciple of the Ring,Magic Origins,0,23,0.5,0.85,magicdotcards,isleofcards,,50,%
Displacement Wave,Magic Origins,0,16,0.1,0.33,magicdotcards,tcgplayer,,,%
"Dwynen, Gilt-Leaf Daen",Magic Origins,0,21,0.22,0.62,abugames,isleofcards,50,48,%
Embermaw Hellion,Magic Origins,0,34,0.1,0.36,magicdotcards,isleofcards,,50,%
Erebos's Titan,Magic Origins,0,16,0.25,1.01,magicdotcards,isleofcards,,46,%
Evolutionary Leap,Magic Origins,0,46,0.66,0.95,isleofcards,isleofcards,4,14,%
Exquisite Firecraft,Magic Origins,0,20,1.63,2.18,isleofcards,tcgplayer,18,,%
Flameshadow Conjuring,Magic Origins,0,16,0.1,0.32,magicdotcards,tcgplayer,,,%
Gaea's Revenge,Magic Origins,0,22,0.2,0.4,isleofcards,tcgplayer,8,,%
Gideon's Phalanx,Magic Origins,0,30,0.1,0.34,magicdotcards,tcgplayer,,,%
Gilt-Leaf Winnower,Magic Origins,0,26,0.2,0.41,isleofcards,tcgplayer,3,,%
Goblin Piledriver,Magic Origins,0,36,1.72,2.03,isleofcards,isleofcards,4,38,%
Graveblade Marauder,Magic Origins,0,27,0.1,0.33,magicdotcards,tcgplayer,,,%
Hallowed Moonlight,Magic Origins,0,25,1.16,1.66,isleofcards,isleofcards,1,40,%
Hangarback Walker,Magic Origins,0,17,3,3.49,magicdotcards,isleofcards,,36,%
Harbinger of the Tides,Magic Origins,0,20,0.5,1.3,magicdotcards,isleofcards,,50,%
Helm of the Gods,Magic Origins,0,23,0.1,0.31,magicdotcards,tcgplayer,,,%
Herald of the Pantheon,Magic Origins,0,23,0.1,0.48,magicdotcards,isleofcards,,59,%
"Hixus, Prison Warden",Magic Origins,0,27,0.1,0.33,magicdotcards,tcgplayer,,,%
Honored Hierarch,Magic Origins,0,28,0.1,0.34,magicdotcards,tcgplayer,,,%
Infinite Obliteration,Magic Origins,0,22,0.5,1.67,magicdotcards,isleofcards,,50,%
Jace's Sanctum,Magic Origins,0,21,0.25,0.48,magicdotcards,isleofcards,,32,%
"Jace, Vryn's Prodigy",Magic Origins,0,4,22.07,31.54,isleofcards,isleofcards,1,49,%
Knight of the White Orchid,Magic Origins,0,9,2,3.14,magicdotcards,isleofcards,,15,%
"Kothophed, Soul Hoarder",Magic Origins,0,26,0.1,0.37,magicdotcards,tcgplayer,,,%
Kytheon's Irregulars,Magic Origins,0,41,0.1,0.28,magicdotcards,isleofcards,,50,%
"Kytheon, Hero of Akros",Magic Origins,0,1,7.17,9.57,isleofcards,isleofcards,2,34,%
Languish,Magic Origins,0,1,3.65,5.31,cardkingdom,isleofcards,113,17,%
Llanowar Wastes,Magic Origins,0,28,1.41,1.77,isleofcards,isleofcards,7,37,%
Mage-Ring Responder,Magic Origins,0,30,0.1,0.35,magicdotcards,tcgplayer,,,%
Managorger Hydra,Magic Origins,0,33,0.5,1.44,cardkingdom,isleofcards,42,50,%
Mizzium Meddler,Magic Origins,0,25,0.1,0.3,magicdotcards,tcgplayer,,,%
Molten Vortex,Magic Origins,0,18,0.21,0.42,isleofcards,isleofcards,3,45,%
Nissa's Revelation,Magic Origins,0,16,0.1,0.39,magicdotcards,tcgplayer,,,%
Orbs of Warding,Magic Origins,0,22,0.1,0.44,magicdotcards,tcgplayer,,,%
Outland Colossus,Magic Origins,0,41,0.1,0.27,magicdotcards,tcgplayer,,,%
Pia and Kiran Nalaar,Magic Origins,0,10,1.28,1.83,isleofcards,tcgplayer,1,,%
Priest of the Blood Rite,Magic Origins,0,26,0.1,0.39,magicdotcards,tcgplayer,,,%
Pyromancer's Goggles,Magic Origins,0,5,2,4.07,cardkingdom,isleofcards,48,3,%
Relic Seeker,Magic Origins,0,25,0.1,0.41,magicdotcards,tcgplayer,,,%
Scab-Clan Berserker,Magic Origins,0,24,0.22,0.44,isleofcards,isleofcards,3,47,%
Shivan Reef,Magic Origins,0,4,1.7,2.65,isleofcards,tcgplayer,44,,%
Sigil of the Empty Throne,Magic Origins,0,22,0.22,0.45,isleofcards,tcgplayer,4,,%
Soulblade Djinn,Magic Origins,0,37,0.1,0.32,magicdotcards,tcgplayer,,,%
Starfield of Nyx,Magic Origins,0,19,1.6,2.38,cardkingdom,isleofcards,40,20,%
Sword of the Animist,Magic Origins,0,14,1.4,2.08,cardkingdom,isleofcards,77,54,%
Tainted Remedy,Magic Origins,0,15,0.26,0.59,abugames,isleofcards,30,50,%
Talent of the Telepath,Magic Origins,0,29,0.25,0.48,magicdotcards,tcgplayer,,,%
The Great Aurora,Magic Origins,0,15,1.2,1.72,isleofcards,isleofcards,22,25,%
Thopter Spy Network,Magic Origins,0,26,0.33,0.66,isleofcards,isleofcards,2,47,%
Tragic Arrogance,Magic Origins,0,22,0.42,0.85,isleofcards,isleofcards,5,35,%
Vryn Wingmare,Magic Origins,0,29,0.1,0.49,magicdotcards,isleofcards,,50,%
Willbreaker,Magic Origins,0,33,0.15,0.31,isleofcards,isleofcards,2,47,%
Woodland Bellower,Magic Origins,0,19,0.5,1.21,cardkingdom,isleofcards,30,50,%
Yavimaya Coast,Magic Origins,0,31,1.08,1.44,isleofcards,isleofcards,23,19,%
Afterlife,Mercadian Masques,0,1,,0.2,,tcgplayer,,,%
Alabaster Wall,Mercadian Masques,0,4,,0.16,,tcgplayer,,,%
Alley Grifters,Mercadian Masques,0,4,,0.18,,tcgplayer,,,%
Ancestral Mask,Mercadian Masques,0,4,0.39,0.74,abugames,tcgplayer,10,,%
Arms Dealer,Mercadian Masques,0,1,,0.24,,tcgplayer,,,%
Arrest,Mercadian Masques,0,1,,0.22,,tcgplayer,,,%
Ballista Squad,Mercadian Masques,0,1,,0.19,,tcgplayer,,,%
Balloon Peddler,Mercadian Masques,0,4,,0.17,,tcgplayer,,,%
Barbed Wire,Mercadian Masques,0,1,,0.2,,tcgplayer,,,%
Battle Rampart,Mercadian Masques,0,5,,0.17,,tcgplayer,,,%
Blaster Mage,Mercadian Masques,0,4,,0.17,,tcgplayer,,,%
Blockade Runner,Mercadian Masques,0,4,,0.17,,tcgplayer,,,%
Boa Constrictor,Mercadian Masques,0,2,,0.2,,tcgplayer,,,%
Bog Smugglers,Mercadian Masques,0,4,,0.17,,tcgplayer,,,%
Bog Witch,Mercadian Masques,0,4,,0.19,,tcgplayer,,,%
Brainstorm,Mercadian Masques,0,6,0.65,1.26,adventureson,tcgplayer,437,,%
Brawl,Mercadian Masques,0,1,0.1,0.34,magicdotcards,tcgplayer,,,%
Briar Patch,Mercadian Masques,0,1,,0.2,,tcgplayer,,,%
Bribery,Mercadian Masques,0,2,12.5,19.43,cardkingdom,isleofcards,10,1,%
Buoyancy,Mercadian Masques,0,4,,0.17,,tcgplayer,,,%
Cackling Witch,Mercadian Masques,0,1,,0.19,,tcgplayer,,,%
Cateran Brute,Mercadian Masques,0,4,,0.16,,tcgplayer,,,%
Cateran Enforcer,Mercadian Masques,0,1,,0.21,,tcgplayer,,,%
Cateran Kidnappers,Mercadian Masques,0,1,,0.23,,tcgplayer,,,%
Cateran Persuader,Mercadian Masques,0,4,,0.17,,tcgplayer,,,%
Cateran Slaver,Mercadian Masques,0,1,0.12,0.35,adventureson,tcgplayer,12,,%
Cateran Summons,Mercadian Masques,0,3,0.1,0.2,magicdotcards,tcgplayer,,,%
Caustic Wasps,Mercadian Masques,0,3,0.02,0.21,abugames,tcgplayer,50,,%
Cave Sense,Mercadian Masques,0,4,,0.17,,tcgplayer,,,%
Cavern Crawler,Mercadian Masques,0,3,,0.16,,tcgplayer,,,%
Ceremonial Guard,Mercadian Masques,0,4,,0.17,,tcgplayer,,,%
Chambered Nautilus,Mercadian Masques,0,1,0.06,0.22,cardkingdom,tcgplayer,2,,%
Chameleon Spirit,Mercadian Masques,0,2,0.06,0.22,cardkingdom,tcgplayer,2,,%
Charm Peddler,Mercadian Masques,0,4,,0.17,,tcgplayer,,,%
Charmed Griffin,Mercadian Masques,0,1,,0.2,,tcgplayer,,,%
Cho-Arrim Legate,Mercadian Masques,0,1,,0.21,,tcgplayer,,,%
Cho-Manno's Blessing,Mercadian Masques,0,4,,0.18,,tcgplayer,,,%
Cinder Elemental,Mercadian Masques,0,2,0.02,0.21,abugames,tcgplayer,50,,%
Clear the Land,Mercadian Masques,0,1,0.1,0.39,magicdotcards,tcgplayer,,,%
Close Quarters,Mercadian Masques,0,1,,0.2,,tcgplayer,,,%
Cloud Sprite,Mercadian Masques,0,4,,0.17,,tcgplayer,,,%
Coastal Piracy,Mercadian Masques,0,1,0.19,0.72,cardkingdom,tcgplayer,16,,%
Collective Unconscious,Mercadian Masques,0,1,0.25,0.62,magicdotcards,tcgplayer,,,%
Corrupt Official,Mercadian Masques,0,1,0.1,0.33,magicdotcards,tcgplayer,,,%
Counterspell,Mercadian Masques,0,4,0.54,1.25,abugames,tcgplayer,10,,%
Crash,Mercadian Masques,0,4,,0.17,,tcgplayer,,,%
Credit Voucher,Mercadian Masques,0,1,0.02,0.2,abugames,tcgplayer,50,,%
Crenellated Wall,Mercadian Masques,0,2,0.02,0.25,abugames,tcgplayer,50,,%
Crooked Scales,Mercadian Masques,0,1,0.1,0.35,magicdotcards,tcgplayer,,,%
Crossbow Infantry,Mercadian Masques,0,4,,0.16,,tcgplayer,,,%
Customs Depot,Mercadian Masques,0,1,,0.19,,tcgplayer,,,%
Dark Ritual,Mercadian Masques,0,3,0.5,0.67,magicdotcards,tcgplayer,,,%
Darting Merfolk,Mercadian Masques,0,4,,0.16,,tcgplayer,,,%
Deadly Insect,Mercadian Masques,0,4,,0.17,,tcgplayer,,,%
Deathgazer,Mercadian Masques,0,1,,0.19,,tcgplayer,,,%
Deepwood Drummer,Mercadian Masques,0,3,,0.16,,tcgplayer,,,%
Deepwood Elder,Mercadian Masques,0,1,0.03,0.32,abugames,tcgplayer,50,,%
Deepwood Ghoul,Mercadian Masques,0,4,,0.17,,tcgplayer,,,%
Deepwood Legate,Mercadian Masques,0,1,,0.19,,tcgplayer,,,%
Deepwood Tantiv,Mercadian Masques,0,1,,0.2,,tcgplayer,,,%
Deepwood Wolverine,Mercadian Masques,0,4,,0.17,,tcgplayer,,,%
Dehydration,Mercadian Masques,0,4,,0.17,,tcgplayer,,,%
Delraich,Mercadian Masques,0,1,0.5,0.79,magicdotcards,tcgplayer,,,%
Desert Twister,Mercadian Masques,0,2,,0.26,,tcgplayer,,,%
Devout Witness,Mercadian Masques,0,4,,0.17,,tcgplayer,,,%
Diplomatic Escort,Mercadian Masques,0,2,,0.19,,tcgplayer,,,%
Diplomatic Immunity,Mercadian Masques,0,3,0.25,0.39,magicdotcards,tcgplayer,,,%
Disenchant,Mercadian Masques,0,4,0.01,0.18,magicdotcards,tcgplayer,,,%
Drake Hatchling,Mercadian Masques,0,3,,0.16,,tcgplayer,,,%
Embargo,Mercadian Masques,0,1,0.16,0.38,cardkingdom,tcgplayer,10,,%
Energy Flux,Mercadian Masques,0,1,0.02,0.26,abugames,tcgplayer,99,,%
Enslaved Horror,Mercadian Masques,0,1,,0.2,,tcgplayer,,,%
Extortion,Mercadian Masques,0,2,0.1,0.33,magicdotcards,tcgplayer,,,%
False Demise,Mercadian Masques,0,2,0.02,0.22,abugames,tcgplayer,50,,%
Ferocity,Mercadian Masques,0,4,,0.17,,tcgplayer,,,%
Flailing Manticore,Mercadian Masques,0,2,0.1,0.33,magicdotcards,tcgplayer,,,%
Flailing Soldier,Mercadian Masques,0,2,,0.16,,tcgplayer,,,%
Flaming Sword,Mercadian Masques,0,4,,0.17,,tcgplayer,,,%
Foster,Mercadian Masques,0,2,0.1,0.35,magicdotcards,tcgplayer,,,%
Fountain Watch,Mercadian Masques,0,1,1.5,2.65,magicdotcards,tcgplayer,,,%
Fountain of Cho,Mercadian Masques,0,1,0.06,0.29,cardkingdom,tcgplayer,1,,%
Fresh Volunteers,Mercadian Masques,0,4,,0.17,,tcgplayer,,,%
Furious Assault,Mercadian Masques,0,4,,0.17,,tcgplayer,,,%
Gerrard's Irregulars,Mercadian Masques,0,4,,0.16,,tcgplayer,,,%
Ghoul's Feast,Mercadian Masques,0,1,,0.19,,tcgplayer,,,%
Giant Caterpillar,Mercadian Masques,0,1,,0.17,,tcgplayer,,,%
Glowing Anemone,Mercadian Masques,0,1,,0.2,,tcgplayer,,,%
Groundskeeper,Mercadian Masques,0,2,,0.31,,tcgplayer,,,%
Gush,Mercadian Masques,0,4,0.57,1.42,abugames,tcgplayer,15,,%
Hammer Mage,Mercadian Masques,0,2,,0.21,,tcgplayer,,,%
Haunted Crossroads,Mercadian Masques,0,1,0.25,0.52,magicdotcards,tcgplayer,,,%
Henge Guardian,Mercadian Masques,0,1,,0.19,,tcgplayer,,,%
Henge of Ramos,Mercadian Masques,0,2,0.02,0.2,abugames,tcgplayer,50,,%
Hickory Woodlot,Mercadian Masques,0,4,,0.16,,tcgplayer,,,%
High Market,Mercadian Masques,0,2,3,3.96,magicdotcards,tcgplayer,,,%
High Seas,Mercadian Masques,0,2,,0.2,,tcgplayer,,,%
Highway Robber,Mercadian Masques,0,4,,0.17,,tcgplayer,,,%
Hired Giant,Mercadian Masques,0,1,,0.2,,tcgplayer,,,%
Hoodwink,Mercadian Masques,0,4,0.02,0.2,abugames,tcgplayer,50,,%
Horned Troll,Mercadian Masques,0,4,,0.16,,tcgplayer,,,%
Howling Wolf,Mercadian Masques,0,4,,0.17,,tcgplayer,,,%
Hunted Wumpus,Mercadian Masques,0,1,,0.2,,tcgplayer,,,%
Ignoble Soldier,Mercadian Masques,0,1,,0.2,,tcgplayer,,,%
Indentured Djinn,Mercadian Masques,0,1,0.06,0.31,cardkingdom,tcgplayer,1,,%
Instigator,Mercadian Masques,0,2,0.1,0.33,magicdotcards,tcgplayer,,,%
Insubordination,Mercadian Masques,0,4,,0.17,,tcgplayer,,,%
Intimidation,Mercadian Masques,0,1,,0.22,,tcgplayer,,,%
Invigorate,Mercadian Masques,0,4,0.25,0.8,magicdotcards,tcgplayer,,,%
Inviolability,Mercadian Masques,0,3,0.05,0.19,magicdotcards,tcgplayer,,,%
Iron Lance,Mercadian Masques,0,1,,0.19,,tcgplayer,,,%
Ivory Mask,Mercadian Masques,0,1,0.5,0.75,magicdotcards,tcgplayer,,,%
Jeweled Torque,Mercadian Masques,0,1,,0.19,,tcgplayer,,,%
Jhovall Queen,Mercadian Masques,0,1,0.05,0.43,cardkingdom,tcgplayer,5,,%
Jhovall Rider,Mercadian Masques,0,1,0.1,0.19,magicdotcards,tcgplayer,,,%
Kris Mage,Mercadian Masques,0,4,,0.17,,tcgplayer,,,%
Kyren Archive,Mercadian Masques,0,1,0.1,0.32,magicdotcards,tcgplayer,,,%
Kyren Glider,Mercadian Masques,0,4,,0.16,,tcgplayer,,,%
Kyren Legate,Mercadian Masques,0,2,,0.2,,tcgplayer,,,%
Kyren Negotiations,Mercadian Masques,0,1,,0.22,,tcgplayer,,,%
Kyren Sniper,Mercadian Masques,0,4,,0.16,,tcgplayer,,,%
Kyren Toy,Mercadian Masques,0,1,0.1,0.38,magicdotcards,tcgplayer,,,%
Land Grant,Mercadian Masques,0,4,0.06,0.29,cardkingdom,tcgplayer,3,,%
Larceny,Mercadian Masques,0,1,0.06,0.2,cardkingdom,tcgplayer,8,,%
Last Breath,Mercadian Masques,0,2,0.02,0.25,abugames,tcgplayer,99,,%
Ley Line,Mercadian Masques,0,1,,0.2,,tcgplayer,,,%
Lightning Hounds,Mercadian Masques,0,4,,0.16,,tcgplayer,,,%
Lumbering Satyr,Mercadian Masques,0,1,,0.2,,tcgplayer,,,%
Lunge,Mercadian Masques,0,4,,0.16,,tcgplayer,,,%
Lure,Mercadian Masques,0,1,,0.2,,tcgplayer,,,%
Maggot Therapy,Mercadian Masques,0,4,,0.16,,tcgplayer,,,%
Magistrate's Veto,Mercadian Masques,0,1,0.02,0.21,abugames,tcgplayer,99,,%
Mercadia's Downfall,Mercadian Masques,0,1,,0.19,,tcgplayer,,,%
Mercadian Bazaar,Mercadian Masques,0,1,0.02,0.32,abugames,tcgplayer,99,,%
Midnight Ritual,Mercadian Masques,0,1,0.1,0.33,magicdotcards,tcgplayer,,,%
Misdirection,Mercadian Masques,0,1,2,4.97,magicdotcards,tcgplayer,,,%
Misshapen Fiend,Mercadian Masques,0,3,,0.17,,tcgplayer,,,%
Misstep,Mercadian Masques,0,4,,0.16,,tcgplayer,,,%
Molting Harpy,Mercadian Masques,0,1,,0.2,,tcgplayer,,,%
Moment of Silence,Mercadian Masques,0,4,,0.17,,tcgplayer,,,%
Moonlit Wake,Mercadian Masques,0,1,0.06,0.24,cardkingdom,tcgplayer,2,,%
Muzzle,Mercadian Masques,0,4,,0.16,,tcgplayer,,,%
Natural Affinity,Mercadian Masques,0,1,0.25,0.42,magicdotcards,tcgplayer,,,%
Nether Spirit,Mercadian Masques,0,1,1.5,2.47,magicdotcards,tcgplayer,,,%
Nightwind Glider,Mercadian Masques,0,4,,0.17,,tcgplayer,,,%
Noble Purpose,Mercadian Masques,0,2,0.25,0.34,magicdotcards,tcgplayer,,,%
Ogre Taskmaster,Mercadian Masques,0,1,,0.19,,tcgplayer,,,%
Orim's Cure,Mercadian Masques,0,4,,0.17,,tcgplayer,,,%
Panacea,Mercadian Masques,0,1,,0.19,,tcgplayer,,,%
Pangosaur,Mercadian Masques,0,2,0.1,0.34,magicdotcards,tcgplayer,,,%
Peat Bog,Mercadian Masques,0,2,0.06,0.17,cardkingdom,tcgplayer,24,,%
Pious Warrior,Mercadian Masques,0,4,,0.17,,tcgplayer,,,%
Port Inspector,Mercadian Masques,0,4,,0.17,,tcgplayer,,,%
Power Matrix,Mercadian Masques,0,1,0.75,1.46,adventureson,tcgplayer,1,,%
Pretender's Claim,Mercadian Masques,0,1,,0.2,,tcgplayer,,,%
Primeval Shambler,Mercadian Masques,0,1,,0.19,,tcgplayer,,,%
Puffer Extract,Mercadian Masques,0,2,,0.2,,tcgplayer,,,%
Pulverize,Mercadian Masques,0,1,0.5,0.54,magicdotcards,tcgplayer,,,%
Puppet's Verdict,Mercadian Masques,0,1,1.5,1.57,magicdotcards,tcgplayer,,,%
Putrefaction,Mercadian Masques,0,1,,0.2,,tcgplayer,,,%
Quagmire Lamprey,Mercadian Masques,0,1,,0.2,,tcgplayer,,,%
Ramosian Captain,Mercadian Masques,0,1,,0.21,,tcgplayer,,,%
Ramosian Commander,Mercadian Masques,0,1,,0.21,,tcgplayer,,,%
Ramosian Lieutenant,Mercadian Masques,0,4,,0.19,,tcgplayer,,,%
Ramosian Rally,Mercadian Masques,0,4,0.02,0.19,abugames,tcgplayer,20,,%
Ramosian Sergeant,Mercadian Masques,0,4,,0.18,,tcgplayer,,,%
Ramosian Sky Marshal,Mercadian Masques,0,1,0.1,0.32,magicdotcards,tcgplayer,,,%
Rampart Crawler,Mercadian Masques,0,4,,0.17,,tcgplayer,,,%
Rappelling Scouts,Mercadian Masques,0,1,0.1,0.33,magicdotcards,tcgplayer,,,%
Remote Farm,Mercadian Masques,0,5,0.06,0.17,cardkingdom,tcgplayer,4,,%
Renounce,Mercadian Masques,0,1,,0.23,,tcgplayer,,,%
Revered Elder,Mercadian Masques,0,4,,0.17,,tcgplayer,,,%
Reverent Mantra,Mercadian Masques,0,1,0.14,0.42,adventureson,tcgplayer,3,,%
Revive,Mercadian Masques,0,1,,0.22,,tcgplayer,,,%
Righteous Aura,Mercadian Masques,0,1,0.02,0.22,abugames,tcgplayer,50,,%
Righteous Indignation,Mercadian Masques,0,2,,0.19,,tcgplayer,,,%
Rishadan Airship,Mercadian Masques,0,3,,0.18,,tcgplayer,,,%
Rishadan Cutpurse,Mercadian Masques,0,4,,0.18,,tcgplayer,,,%
Rishadan Footpad,Mercadian Masques,0,2,0.06,0.32,cardkingdom,tcgplayer,4,,%
Rishadan Pawnshop,Mercadian Masques,0,1,0.1,0.33,magicdotcards,tcgplayer,,,%
Rishadan Port,Mercadian Masques,0,1,68.72,114.54,isleofcards,isleofcards,6,2,%
Robber Fly,Mercadian Masques,0,1,,0.21,,tcgplayer,,,%
Rock Badger,Mercadian Masques,0,1,,0.19,,tcgplayer,,,%
Rouse,Mercadian Masques,0,4,,0.17,,tcgplayer,,,%
Rushwood Dryad,Mercadian Masques,0,4,,0.17,,tcgplayer,,,%
Rushwood Elemental,Mercadian Masques,0,1,0.5,0.88,adventureson,tcgplayer,3,,%
Rushwood Grove,Mercadian Masques,0,1,0.07,0.27,cardkingdom,tcgplayer,6,,%
Rushwood Herbalist,Mercadian Masques,0,4,,0.17,,tcgplayer,,,%
Rushwood Legate,Mercadian Masques,0,2,,0.22,,tcgplayer,,,%
Saber Ants,Mercadian Masques,0,1,0.06,0.28,cardkingdom,tcgplayer,8,,%
Sacred Prey,Mercadian Masques,0,4,,0.16,,tcgplayer,,,%
Sailmonger,Mercadian Masques,0,1,,0.2,,tcgplayer,,,%
Sandstone Needle,Mercadian Masques,0,6,0.05,0.2,cardkingdom,tcgplayer,9,,%
Saprazzan Bailiff,Mercadian Masques,0,1,0.1,0.32,magicdotcards,tcgplayer,,,%
Saprazzan Breaker,Mercadian Masques,0,2,,0.19,,tcgplayer,,,%
Saprazzan Cove,Mercadian Masques,0,1,0.06,0.36,cardkingdom,tcgplayer,10,,%
Saprazzan Legate,Mercadian Masques,0,1,,0.2,,tcgplayer,,,%
Saprazzan Outrigger,Mercadian Masques,0,4,,0.17,,tcgplayer,,,%
Saprazzan Raider,Mercadian Masques,0,4,,0.17,,tcgplayer,,,%
Saprazzan Skerry,Mercadian Masques,0,5,0.02,0.19,abugames,tcgplayer,99,,%
Scandalmonger,Mercadian Masques,0,2,,0.2,,tcgplayer,,,%
Security Detail,Mercadian Masques,0,1,0.1,0.32,magicdotcards,tcgplayer,,,%
Sever Soul,Mercadian Masques,0,4,,0.17,,tcgplayer,,,%
Shock Troops,Mercadian Masques,0,4,,0.16,,tcgplayer,,,%
Shoving Match,Mercadian Masques,0,2,,0.19,,tcgplayer,,,%
Silverglade Elemental,Mercadian Masques,0,4,,0.18,,tcgplayer,,,%
Silverglade Pathfinder,Mercadian Masques,0,1,,0.22,,tcgplayer,,,%
Sizzle,Mercadian Masques,0,3,0.02,0.18,abugames,tcgplayer,50,,%
Skulking Fugitive,Mercadian Masques,0,4,,0.16,,tcgplayer,,,%
Skull of Ramos,Mercadian Masques,0,1,0.25,0.7,cardkingdom,tcgplayer,10,,%
Snake Pit,Mercadian Masques,0,1,0.1,0.25,magicdotcards,tcgplayer,,,%
Snorting Gahr,Mercadian Masques,0,4,,0.17,,tcgplayer,,,%
Snuff Out,Mercadian Masques,0,4,0.05,0.29,magicdotcards,tcgplayer,,,%
Soothing Balm,Mercadian Masques,0,4,,0.17,,tcgplayer,,,%
Soothsaying,Mercadian Masques,0,2,0.5,1.61,magicdotcards,tcgplayer,,,%
Soul Channeling,Mercadian Masques,0,3,,0.17,,tcgplayer,,,%
Specter's Wail,Mercadian Masques,0,4,,0.16,,tcgplayer,,,%
Spidersilk Armor,Mercadian Masques,0,3,0.39,0.9,abugames,tcgplayer,10,,%
Squall,Mercadian Masques,0,4,,0.17,,tcgplayer,,,%
Squallmonger,Mercadian Masques,0,1,,0.2,,tcgplayer,,,%
Stamina,Mercadian Masques,0,1,,0.2,,tcgplayer,,,%
Statecraft,Mercadian Masques,0,1,1.6,3.99,cardkingdom,tcgplayer,12,,%
Steadfast Guard,Mercadian Masques,0,2,,0.17,,tcgplayer,,,%
Stinging Barrier,Mercadian Masques,0,4,,0.17,,tcgplayer,,,%
Stone Rain,Mercadian Masques,0,4,0.01,0.17,magicdotcards,tcgplayer,,,%
Story Circle,Mercadian Masques,0,2,0.5,0.68,magicdotcards,tcgplayer,,,%
Strongarm Thug,Mercadian Masques,0,2,,0.21,,tcgplayer,,,%
Subterranean Hangar,Mercadian Masques,0,1,0.06,0.29,cardkingdom,tcgplayer,8,,%
Sustenance,Mercadian Masques,0,1,,0.2,,tcgplayer,,,%
Task Force,Mercadian Masques,0,2,,0.19,,tcgplayer,,,%
Tectonic Break,Mercadian Masques,0,1,0.18,0.45,abugames,tcgplayer,8,,%
Territorial Dispute,Mercadian Masques,0,1,0.1,0.32,magicdotcards,tcgplayer,,,%
Thermal Glider,Mercadian Masques,0,4,,0.16,,tcgplayer,,,%
Thunderclap,Mercadian Masques,0,4,,0.16,,tcgplayer,,,%
Thwart,Mercadian Masques,0,1,0.25,0.77,magicdotcards,tcgplayer,,,%
Tidal Bore,Mercadian Masques,0,4,,0.17,,tcgplayer,,,%
Tiger Claws,Mercadian Masques,0,4,,0.17,,tcgplayer,,,%
Timid Drake,Mercadian Masques,0,1,,0.2,,tcgplayer,,,%
Tonic Peddler,Mercadian Masques,0,1,,0.2,,tcgplayer,,,%
Tower of the Magistrate,Mercadian Masques,0,2,2,2.85,magicdotcards,tcgplayer,,,%
Toymaker,Mercadian Masques,0,1,,0.19,,tcgplayer,,,%
Trade Routes,Mercadian Masques,0,1,0.1,0.44,magicdotcards,tcgplayer,,,%
Tranquility,Mercadian Masques,0,2,,0.17,,tcgplayer,,,%
Trap Runner,Mercadian Masques,0,1,,0.2,,tcgplayer,,,%
Tremor,Mercadian Masques,0,4,,0.17,,tcgplayer,,,%
Undertaker,Mercadian Masques,0,4,,0.18,,tcgplayer,,,%
Unmask,Mercadian Masques,0,1,5,4.54,cardkingdom,tcgplayer,16,,%
Uphill Battle,Mercadian Masques,0,1,,0.22,,tcgplayer,,,%
Vendetta,Mercadian Masques,0,4,,0.19,,tcgplayer,,,%
Venomous Breath,Mercadian Masques,0,1,,0.2,,tcgplayer,,,%
Venomous Dragonfly,Mercadian Masques,0,4,,0.17,,tcgplayer,,,%
Vernal Equinox,Mercadian Masques,0,1,0.1,0.38,magicdotcards,tcgplayer,,,%
Vine Dryad,Mercadian Masques,0,4,0.25,0.52,magicdotcards,tcgplayer,,,%
Volcanic Wind,Mercadian Masques,0,1,,0.19,,tcgplayer,,,%
Wall of Distortion,Mercadian Masques,0,4,,0.16,,tcgplayer,,,%
War Cadence,Mercadian Masques,0,2,,0.19,,tcgplayer,,,%
War Tax,Mercadian Masques,0,1,0.05,0.39,cardkingdom,tcgplayer,7,,%
Warmonger,Mercadian Masques,0,1,,0.2,,tcgplayer,,,%
Warpath,Mercadian Masques,0,2,,0.19,,tcgplayer,,,%
Waterfront Bouncer,Mercadian Masques,0,2,0.03,0.19,abugames,tcgplayer,30,,%
Wild Jhovall,Mercadian Masques,0,2,,0.16,,tcgplayer,,,%
Wishmonger,Mercadian Masques,0,2,,0.2,,tcgplayer,,,%
Word of Blasting,Mercadian Masques,0,1,,0.19,,tcgplayer,,,%
Afterlife,Mirage,0,2,,0.2,,tcgplayer,,,%
Aleatory,Mirage,0,1,,0.22,,tcgplayer,,,%
Amulet of Unmaking,Mirage,0,1,0.12,0.37,abugames,tcgplayer,20,,%
Armor of Thorns,Mirage,0,2,,0.16,,tcgplayer,,,%
Armorer Guildmage,Mirage,0,1,,0.16,,tcgplayer,,,%
Azimaet Drake,Mirage,0,1,,0.17,,tcgplayer,,,%
Bay Falcon,Mirage,0,1,,0.17,,tcgplayer,,,%
Blighted Shaman,Mirage,0,1,,0.19,,tcgplayer,,,%
Blistering Barrier,Mirage,0,2,,0.16,,tcgplayer,,,%
Bone Harvest,Mirage,0,1,,0.17,,tcgplayer,,,%
Bone Mask,Mirage,0,1,0.12,0.35,abugames,tcgplayer,20,,%
Breathstealer,Mirage,0,2,,0.17,,tcgplayer,,,%
Builder's Bane,Mirage,0,2,,0.16,,tcgplayer,,,%
Burning Shield Askari,Mirage,0,2,,0.16,,tcgplayer,,,%
Celestial Dawn,Mirage,0,1,0.25,0.82,magicdotcards,tcgplayer,,,%
Choking Sands,Mirage,0,1,0.25,0.47,adventureson,tcgplayer,93,,%
Cloak of Invisibility,Mirage,0,2,,0.15,,tcgplayer,,,%
Coral Fighters,Mirage,0,1,,0.18,,tcgplayer,,,%
Crystal Vein,Mirage,0,1,0.1,0.4,magicdotcards,tcgplayer,,,%
Dark Banishing,Mirage,0,1,,0.17,,tcgplayer,,,%
Dark Ritual,Mirage,0,1,0.5,0.65,magicdotcards,tcgplayer,,,%
Dazzling Beauty,Mirage,0,1,,0.16,,tcgplayer,,,%
Delirium,Mirage,0,1,,0.28,,tcgplayer,,,%
Disempower,Mirage,0,2,,0.16,,tcgplayer,,,%
Disenchant,Mirage,0,1,0.01,0.19,magicdotcards,tcgplayer,,,%
Divine Offering,Mirage,0,1,,0.18,,tcgplayer,,,%
Drain Life,Mirage,0,1,,0.19,,tcgplayer,,,%
Dream Fighter,Mirage,0,1,,0.17,,tcgplayer,,,%
Ebony Charm,Mirage,0,1,,0.18,,tcgplayer,,,%
Ekundu Griffin,Mirage,0,2,,0.17,,tcgplayer,,,%
Enfeeblement,Mirage,0,2,,0.16,,tcgplayer,,,%
Enlightened Tutor,Mirage,0,4,6,11.99,magicdotcards,isleofcards,,6,%
Fallow Earth,Mirage,0,1,,0.2,,tcgplayer,,,%
Favorable Destiny,Mirage,0,1,0.06,0.2,cardkingdom,tcgplayer,1,,%
Femeref Healer,Mirage,0,1,,0.16,,tcgplayer,,,%
Femeref Knight,Mirage,0,1,,0.16,,tcgplayer,,,%
Fetid Horror,Mirage,0,1,,0.16,,tcgplayer,,,%
Final Fortune,Mirage,0,1,0.5,1.04,magicdotcards,tcgplayer,,,%
Firebreathing,Mirage,0,1,,0.15,,tcgplayer,,,%
Flare,Mirage,0,1,,0.16,,tcgplayer,,,%
Fog,Mirage,0,1,0.02,0.18,abugames,tcgplayer,50,,%
Frenetic Efreet,Mirage,0,1,0.25,0.36,magicdotcards,tcgplayer,,,%
Gibbering Hyenas,Mirage,0,3,,0.16,,tcgplayer,,,%
Goblin Elite Infantry,Mirage,0,1,,0.17,,tcgplayer,,,%
Granger Guildmage,Mirage,0,1,,0.16,,tcgplayer,,,%
Grasslands,Mirage,0,1,0.1,0.44,magicdotcards,tcgplayer,,,%
Grave Servitude,Mirage,0,2,,0.16,,tcgplayer,,,%
Gravebane Zombie,Mirage,0,1,,0.16,,tcgplayer,,,%
Hazerider Drake,Mirage,0,1,,0.19,,tcgplayer,,,%
Horrible Hordes,Mirage,0,1,,0.18,,tcgplayer,,,%
Jolrael's Centaur,Mirage,0,1,,0.16,,tcgplayer,,,%
Jolt,Mirage,0,1,,0.17,,tcgplayer,,,%
Jungle Wurm,Mirage,0,1,,0.16,,tcgplayer,,,%
Kaervek's Torch,Mirage,0,1,0.06,0.21,cardkingdom,tcgplayer,21,,%
Kukemssa Pirates,Mirage,0,1,0.12,0.42,abugames,tcgplayer,20,,%
Leering Gargoyle,Mirage,0,1,0.12,0.35,abugames,tcgplayer,20,,%
Lightning Reflexes,Mirage,0,1,,0.15,,tcgplayer,,,%
Mangara's Equity,Mirage,0,1,,0.19,,tcgplayer,,,%
Marble Diamond,Mirage,0,1,0.05,0.23,magicdotcards,tcgplayer,,,%
Memory Lapse,Mirage,0,1,,0.18,,tcgplayer,,,%
Merfolk Raiders,Mirage,0,1,,0.17,,tcgplayer,,,%
Mtenda Lion,Mirage,0,1,,0.16,,tcgplayer,,,%
Pacifism,Mirage,0,2,,0.17,,tcgplayer,,,%
Patagia Golem,Mirage,0,1,,0.19,,tcgplayer,,,%
Phyrexian Dreadnought,Mirage,0,1,13,16.43,cardkingdom,isleofcards,16,1,%
Purraj of Urborg,Mirage,0,1,0.25,0.37,magicdotcards,tcgplayer,,,%
Pyric Salamander,Mirage,0,1,,0.16,,tcgplayer,,,%
Raging Spirit,Mirage,0,1,,0.16,,tcgplayer,,,%
Razor Pendulum,Mirage,0,1,0.12,0.36,abugames,tcgplayer,20,,%
Restless Dead,Mirage,0,1,,0.16,,tcgplayer,,,%
Sandbar Crocodile,Mirage,0,3,,0.16,,tcgplayer,,,%
Searing Spear Askari,Mirage,0,2,,0.16,,tcgplayer,,,%
Seedling Charm,Mirage,0,1,,0.17,,tcgplayer,,,%
Serene Heart,Mirage,0,2,0.02,0.15,abugames,tcgplayer,50,,%
Sewer Rats,Mirage,0,1,,0.16,,tcgplayer,,,%
Shadow Guildmage,Mirage,0,1,,0.16,,tcgplayer,,,%
Soulshriek,Mirage,0,2,,0.15,,tcgplayer,,,%
Spatial Binding,Mirage,0,1,,0.18,,tcgplayer,,,%
Stalking Tiger,Mirage,0,1,,0.16,,tcgplayer,,,%
Stone Rain,Mirage,0,1,0.06,0.19,abugames,tcgplayer,30,,%
Stupor,Mirage,0,1,0.05,0.31,magicdotcards,tcgplayer,,,%
Teferi's Curse,Mirage,0,2,,0.17,,tcgplayer,,,%
Teferi's Drake,Mirage,0,2,,0.16,,tcgplayer,,,%
Teferi's Isle,Mirage,0,2,0.5,0.89,magicdotcards,tcgplayer,,,%
Teremko Griffin,Mirage,0,2,,0.17,,tcgplayer,,,%
Thirst,Mirage,0,1,,0.16,,tcgplayer,,,%
Tidal Wave,Mirage,0,1,,0.2,,tcgplayer,,,%
Tranquil Domain,Mirage,0,2,,0.16,,tcgplayer,,,%
Tropical Storm,Mirage,0,1,,0.19,,tcgplayer,,,%
Unerring Sling,Mirage,0,1,,0.18,,tcgplayer,,,%
Unseen Walker,Mirage,0,1,,0.2,,tcgplayer,,,%
Vaporous Djinn,Mirage,0,1,,0.19,,tcgplayer,,,%
Viashino Warrior,Mirage,0,2,,0.17,,tcgplayer,,,%
Wall of Roots,Mirage,0,1,0.3,1.49,abugames,tcgplayer,15,,%
Ward of Lights,Mirage,0,1,,0.17,,tcgplayer,,,%
Wild Elephant,Mirage,0,1,,0.16,,tcgplayer,,,%
Withering Boon,Mirage,0,3,0.12,0.48,abugames,tcgplayer,15,,%
Worldly Tutor,Mirage,0,1,4,6.86,cardkingdom,tcgplayer,20,,%
Zhalfirin Knight,Mirage,0,1,,0.16,,tcgplayer,,,%
Extraplanar Lens,Mirrodin,0,1,7.62,13.66,abugames,isleofcards,16,11,%
Glimmervoid,Mirrodin,0,1,23.53,32.02,isleofcards,isleofcards,8,4,%
Mesmeric Orb,Mirrodin,0,1,7,11.92,cardkingdom,tcgplayer,24,,%
Oblivion Stone,Mirrodin,0,1,19.44,26.45,isleofcards,isleofcards,9,2,%
Tooth and Nail,Mirrodin,0,1,12.37,22.02,abugames,tcgplayer,16,,%
Black Sun's Zenith,Mirrodin Besieged,0,9,1.14,1.76,isleofcards,isleofcards,10,1,%
Blue Sun's Zenith,Mirrodin Besieged,0,4,0.25,0.93,magicdotcards,isleofcards,,10,%
Consecrated Sphinx,Mirrodin Besieged,0,3,14.71,21.02,isleofcards,isleofcards,2,8,%
Contested War Zone,Mirrodin Besieged,0,8,0.25,0.43,magicdotcards,isleofcards,,8,%
Creeping Corrosion,Mirrodin Besieged,0,8,1.23,2.09,abugames,isleofcards,20,1,%
Darksteel Plate,Mirrodin Besieged,0,1,5,7.38,cardkingdom,isleofcards,25,4,%
Decimator Web,Mirrodin Besieged,0,8,0.25,0.32,magicdotcards,tcgplayer,,,%
Distant Memories,Mirrodin Besieged,0,11,0.1,0.27,magicdotcards,tcgplayer,,,%
Galvanoth,Mirrodin Besieged,0,10,0.1,0.29,magicdotcards,tcgplayer,,,%
"Glissa, the Traitor",Mirrodin Besieged,0,1,1.6,2.96,abugames,tcgplayer,16,,%
Hellkite Igniter,Mirrodin Besieged,0,9,0.1,0.35,magicdotcards,isleofcards,,12,%
Hero of Bladehold,Mirrodin Besieged,0,1,5.47,7.94,isleofcards,isleofcards,10,1,%
Hero of Oxid Ridge,Mirrodin Besieged,0,11,0.5,0.98,magicdotcards,tcgplayer,,,%
Inkmoth Nexus,Mirrodin Besieged,0,2,18,26.48,magicdotcards,isleofcards,,1,%
Knowledge Pool,Mirrodin Besieged,0,7,0.1,0.29,magicdotcards,isleofcards,,8,%
Magnetic Mine,Mirrodin Besieged,0,11,0.1,0.35,magicdotcards,tcgplayer,,,%
Mirran Crusader,Mirrodin Besieged,0,4,1,1.56,magicdotcards,tcgplayer,,,%
Mirrorworks,Mirrodin Besieged,0,8,0.5,1.66,magicdotcards,isleofcards,,11,%
Mitotic Manipulation,Mirrodin Besieged,0,14,0.1,0.28,magicdotcards,tcgplayer,,,%
Myr Turbine,Mirrodin Besieged,0,11,0.5,1.31,magicdotcards,isleofcards,,12,%
Myr Welder,Mirrodin Besieged,0,11,0.1,0.3,magicdotcards,tcgplayer,,,%
Phyrexian Crusader,Mirrodin Besieged,0,7,4,5.83,magicdotcards,isleofcards,,2,%
Phyrexian Hydra,Mirrodin Besieged,0,8,0.25,0.56,magicdotcards,isleofcards,,12,%
Phyrexian Rebirth,Mirrodin Besieged,0,10,0.25,0.74,magicdotcards,isleofcards,,12,%
Phyrexian Revoker,Mirrodin Besieged,0,1,0.75,1.21,magicdotcards,tcgplayer,,,%
Phyrexian Vatmother,Mirrodin Besieged,0,10,0.18,0.36,isleofcards,tcgplayer,4,,%
Psychosis Crawler,Mirrodin Besieged,0,1,0.45,0.86,adventureson,tcgplayer,2,,%
Red Sun's Zenith,Mirrodin Besieged,0,10,0.33,0.56,cardkingdom,isleofcards,24,12,%
Sangromancer,Mirrodin Besieged,0,3,1.25,1.92,cardkingdom,isleofcards,38,10,%
Shimmer Myr,Mirrodin Besieged,0,2,0.45,1.22,cardkingdom,tcgplayer,24,,%
Slagstorm,Mirrodin Besieged,0,13,0.21,0.39,cardkingdom,isleofcards,24,11,%
Spine of Ish Sah,Mirrodin Besieged,0,8,0.19,0.38,isleofcards,isleofcards,4,8,%
"Tezzeret, Agent of Bolas",Mirrodin Besieged,0,1,17.05,24.36,isleofcards,tcgplayer,4,,%
Thopter Assembly,Mirrodin Besieged,0,15,0.1,0.51,magicdotcards,tcgplayer,,,%
Titan Forge,Mirrodin Besieged,0,10,0.25,0.68,magicdotcards,isleofcards,,12,%
Victory's Herald,Mirrodin Besieged,0,4,0.11,0.37,cardkingdom,isleofcards,19,9,%
White Sun's Zenith,Mirrodin Besieged,0,15,0.1,0.37,magicdotcards,tcgplayer,,,%
"Elspeth, Knight-Errant",Modern Event Deck 2014,0,2,6.5,0,cardkingdom,None,15,0,%
Gifts Ungiven,Modern Masters,0,1,11.44,16.75,abugames,isleofcards,20,2,%
"Kira, Great Glass-Spinner",Modern Masters,0,2,9.05,15.42,abugames,isleofcards,12,1,%
Kitchen Finks,Modern Masters,0,2,8.43,14.59,abugames,tcgplayer,20,,%
Maelstrom Pulse,Modern Masters,0,2,8.15,14.7,abugames,tcgplayer,16,,%
Path to Exile,Modern Masters,0,3,6.46,11,abugames,tcgplayer,20,,%
Summoner's Pact,Modern Masters,0,3,9,11.19,cardkingdom,isleofcards,10,4,%
Tarmogoyf,Modern Masters,0,1,90,139.97,magicdotcards,tcgplayer,,,%
Vendilion Clique,Modern Masters,0,1,23,35.1,magicdotcards,tcgplayer,,,%
"Elesh Norn, Grand Cenobite",Modern Masters 2015 Edition,0,1,12,17.73,cardkingdom,isleofcards,17,6,%
"Emrakul, the Aeons Torn",Modern Masters 2015 Edition,0,2,23,33.67,cardkingdom,isleofcards,14,2,%
Eye of Ugin,Modern Masters 2015 Edition,0,6,6.5,10.45,cardkingdom,tcgplayer,19,,%
"Kiki-Jiki, Mirror Breaker",Modern Masters 2015 Edition,0,3,9.84,14.72,abugames,tcgplayer,12,,%
"Kozilek, Butcher of Truth",Modern Masters 2015 Edition,0,3,14,20,cardkingdom,tcgplayer,13,,%
Noble Hierarch,Modern Masters 2015 Edition,0,2,32.3,49.7,isleofcards,isleofcards,10,2,%
Spellskite,Modern Masters 2015 Edition,0,2,15.31,27.65,abugames,tcgplayer,30,,%
Tarmogoyf,Modern Masters 2015 Edition,0,2,83.26,134.97,abugames,tcgplayer,12,,%
"Ulamog, the Infinite Gyre",Modern Masters 2015 Edition,0,2,9.56,15.86,abugames,isleofcards,16,10,%
Mutavault,Morningtide,0,3,12,15.77,magicdotcards,tcgplayer,,,%
Scapeshift,Morningtide,0,2,25.59,40.83,abugames,tcgplayer,16,,%
Vendilion Clique,Morningtide,0,2,26.48,35.31,isleofcards,isleofcards,10,2,%
Accumulated Knowledge,Nemesis,0,9,0.05,0.24,magicdotcards,tcgplayer,,,%
Air Bladder,Nemesis,0,13,,0.17,,tcgplayer,,,%
Ancient Hydra,Nemesis,0,2,,0.21,,tcgplayer,,,%
Angelic Favor,Nemesis,0,4,,0.21,,tcgplayer,,,%
Animate Land,Nemesis,0,4,0.05,0.22,magicdotcards,tcgplayer,,,%
Arc Mage,Nemesis,0,5,,0.19,,tcgplayer,,,%
Ascendant Evincar,Nemesis,0,2,0.38,0.89,abugames,tcgplayer,35,,%
Avenger en-Dal,Nemesis,0,1,0.1,0.37,magicdotcards,tcgplayer,,,%
Battlefield Percher,Nemesis,0,3,,0.21,,tcgplayer,,,%
Belbe's Armor,Nemesis,0,5,0.02,0.2,abugames,tcgplayer,50,,%
Belbe's Percher,Nemesis,0,10,,0.17,,tcgplayer,,,%
Belbe's Portal,Nemesis,0,2,1.6,2.53,abugames,tcgplayer,12,,%
Blastoderm,Nemesis,0,6,0.01,0.19,magicdotcards,tcgplayer,,,%
Blinding Angel,Nemesis,0,1,1,1.95,magicdotcards,tcgplayer,,,%
Bola Warrior,Nemesis,0,10,,0.16,,tcgplayer,,,%
Carrion Wall,Nemesis,0,4,,0.2,,tcgplayer,,,%
Chieftain en-Dal,Nemesis,0,3,,0.2,,tcgplayer,,,%
Cloudskate,Nemesis,0,6,,0.16,,tcgplayer,,,%
Coiling Woodworm,Nemesis,0,4,,0.19,,tcgplayer,,,%
Complex Automaton,Nemesis,0,1,0.1,0.31,magicdotcards,tcgplayer,,,%
Dark Triumph,Nemesis,0,5,,0.21,,tcgplayer,,,%
Daze,Nemesis,0,10,1,2.47,magicdotcards,tcgplayer,,,%
Death Pit Offering,Nemesis,0,2,0.1,0.35,magicdotcards,tcgplayer,,,%
Defender en-Vec,Nemesis,0,9,,0.16,,tcgplayer,,,%
Defiant Falcon,Nemesis,0,11,,0.16,,tcgplayer,,,%
Defiant Vanguard,Nemesis,0,3,,0.2,,tcgplayer,,,%
Divining Witch,Nemesis,0,1,0.25,0.43,magicdotcards,tcgplayer,,,%
Dominate,Nemesis,0,7,0.02,0.25,abugames,tcgplayer,99,,%
Downhill Charge,Nemesis,0,8,,0.17,,tcgplayer,,,%
Ensnare,Nemesis,0,4,0.05,0.23,magicdotcards,tcgplayer,,,%
Fanatical Devotion,Nemesis,0,4,,0.17,,tcgplayer,,,%
Flame Rift,Nemesis,0,4,0.1,0.5,magicdotcards,tcgplayer,,,%
Flint Golem,Nemesis,0,6,0.02,0.2,abugames,tcgplayer,50,,%
Flowstone Armor,Nemesis,0,2,,0.2,,tcgplayer,,,%
Flowstone Crusher,Nemesis,0,6,,0.16,,tcgplayer,,,%
Flowstone Overseer,Nemesis,0,2,0.1,0.31,magicdotcards,tcgplayer,,,%
Flowstone Slide,Nemesis,0,1,0.1,0.31,magicdotcards,tcgplayer,,,%
Flowstone Strike,Nemesis,0,6,,0.16,,tcgplayer,,,%
Flowstone Surge,Nemesis,0,4,,0.2,,tcgplayer,,,%
Flowstone Thopter,Nemesis,0,7,,0.2,,tcgplayer,,,%
Flowstone Wall,Nemesis,0,11,,0.17,,tcgplayer,,,%
Fog Patch,Nemesis,0,11,,0.17,,tcgplayer,,,%
Harvest Mage,Nemesis,0,8,,0.17,,tcgplayer,,,%
Infiltrate,Nemesis,0,15,,0.17,,tcgplayer,,,%
Jolting Merfolk,Nemesis,0,4,,0.2,,tcgplayer,,,%
Kill Switch,Nemesis,0,2,0.1,0.41,magicdotcards,tcgplayer,,,%
Kor Haven,Nemesis,0,2,4.13,7.2,abugames,tcgplayer,12,,%
Laccolith Grunt,Nemesis,0,7,,0.17,,tcgplayer,,,%
Laccolith Rig,Nemesis,0,8,,0.16,,tcgplayer,,,%
Laccolith Titan,Nemesis,0,1,0.1,0.32,magicdotcards,tcgplayer,,,%
Laccolith Warrior,Nemesis,0,2,,0.2,,tcgplayer,,,%
Laccolith Whelp,Nemesis,0,10,,0.17,,tcgplayer,,,%
Lashknife,Nemesis,0,7,,0.17,,tcgplayer,,,%
Lawbringer,Nemesis,0,12,,0.16,,tcgplayer,,,%
Lightbringer,Nemesis,0,8,,0.16,,tcgplayer,,,%
"Lin Sivvi, Defiant Hero",Nemesis,0,1,0.4,0.96,abugames,tcgplayer,20,,%
Mana Cache,Nemesis,0,3,0.1,0.39,magicdotcards,tcgplayer,,,%
Massacre,Nemesis,0,4,0.1,0.59,magicdotcards,tcgplayer,,,%
Mind Slash,Nemesis,0,6,0.1,0.48,magicdotcards,tcgplayer,,,%
Mind Swords,Nemesis,0,6,,0.16,,tcgplayer,,,%
Mogg Alarm,Nemesis,0,6,,0.24,,tcgplayer,,,%
Mogg Salvage,Nemesis,0,4,,0.19,,tcgplayer,,,%
Mogg Toady,Nemesis,0,5,,0.16,,tcgplayer,,,%
Moggcatcher,Nemesis,0,3,2.5,5,adventureson,tcgplayer,9,,%
Mossdog,Nemesis,0,11,,0.17,,tcgplayer,,,%
Murderous Betrayal,Nemesis,0,2,0.1,0.31,magicdotcards,tcgplayer,,,%
Nesting Wurm,Nemesis,0,5,,0.2,,tcgplayer,,,%
Netter en-Dal,Nemesis,0,5,,0.16,,tcgplayer,,,%
Noble Stand,Nemesis,0,4,,0.2,,tcgplayer,,,%
Off Balance,Nemesis,0,7,,0.17,,tcgplayer,,,%
Oracle's Attendants,Nemesis,0,1,0.1,0.31,magicdotcards,tcgplayer,,,%
Oraxid,Nemesis,0,4,,0.17,,tcgplayer,,,%
Overlaid Terrain,Nemesis,0,1,0.1,0.32,magicdotcards,tcgplayer,,,%
Pack Hunt,Nemesis,0,1,0.25,0.46,magicdotcards,tcgplayer,,,%
Pale Moon,Nemesis,0,3,1,1.21,magicdotcards,tcgplayer,,,%
Parallax Dementia,Nemesis,0,8,,0.16,,tcgplayer,,,%
Parallax Inhibitor,Nemesis,0,1,0.1,0.31,magicdotcards,tcgplayer,,,%
Parallax Tide,Nemesis,0,2,0.9,0.85,cardkingdom,tcgplayer,22,,%
Parallax Wave,Nemesis,0,2,1.6,2.74,abugames,tcgplayer,8,,%
Phyrexian Driver,Nemesis,0,6,,0.16,,tcgplayer,,,%
Phyrexian Prowler,Nemesis,0,4,,0.21,,tcgplayer,,,%
Plague Witch,Nemesis,0,11,,0.17,,tcgplayer,,,%
"Predator, Flagship",Nemesis,0,2,0.25,0.93,magicdotcards,tcgplayer,,,%
Rackling,Nemesis,0,6,0.02,0.22,abugames,tcgplayer,99,,%
Rath's Edge,Nemesis,0,3,0.14,0.32,abugames,tcgplayer,20,,%
Rathi Assassin,Nemesis,0,3,0.1,0.39,magicdotcards,tcgplayer,,,%
Rathi Fiend,Nemesis,0,4,0.02,0.2,abugames,tcgplayer,50,,%
Rathi Intimidator,Nemesis,0,7,,0.17,,tcgplayer,,,%
Refreshing Rain,Nemesis,0,4,,0.23,,tcgplayer,,,%
Rejuvenation Chamber,Nemesis,0,4,,0.19,,tcgplayer,,,%
Reverent Silence,Nemesis,0,8,0.05,0.19,magicdotcards,tcgplayer,,,%
Rhox,Nemesis,0,3,0.25,0.39,magicdotcards,tcgplayer,,,%
Rising Waters,Nemesis,0,2,0.44,0.72,abugames,tcgplayer,12,,%
Rootwater Commando,Nemesis,0,9,,0.17,,tcgplayer,,,%
Rootwater Thief,Nemesis,0,1,0.5,1.16,abugames,tcgplayer,35,,%
Rupture,Nemesis,0,5,,0.2,,tcgplayer,,,%
Rusting Golem,Nemesis,0,7,,0.2,,tcgplayer,,,%
Saproling Burst,Nemesis,0,2,0.25,0.6,magicdotcards,tcgplayer,,,%
Seal of Cleansing,Nemesis,0,7,0.02,0.18,abugames,tcgplayer,99,,%
Seal of Doom,Nemesis,0,5,0.01,0.17,magicdotcards,tcgplayer,,,%
Seal of Fire,Nemesis,0,5,0.01,0.19,magicdotcards,tcgplayer,,,%
Seal of Removal,Nemesis,0,7,0.01,0.19,magicdotcards,tcgplayer,,,%
Seal of Strength,Nemesis,0,6,0.02,0.2,abugames,tcgplayer,99,,%
Shrieking Mogg,Nemesis,0,3,0.1,0.38,magicdotcards,tcgplayer,,,%
Silkenfist Fighter,Nemesis,0,7,,0.16,,tcgplayer,,,%
Silkenfist Order,Nemesis,0,4,,0.19,,tcgplayer,,,%
Sivvi's Ruse,Nemesis,0,4,,0.23,,tcgplayer,,,%
Sivvi's Valor,Nemesis,0,3,0.1,0.32,magicdotcards,tcgplayer,,,%
Skyshroud Behemoth,Nemesis,0,2,0.1,0.32,magicdotcards,tcgplayer,,,%
Skyshroud Claim,Nemesis,0,9,1.15,1.85,cardkingdom,tcgplayer,34,,%
Skyshroud Cutter,Nemesis,0,6,,0.17,,tcgplayer,,,%
Skyshroud Poacher,Nemesis,0,2,1.2,2.38,abugames,tcgplayer,20,,%
Skyshroud Ridgeback,Nemesis,0,4,,0.17,,tcgplayer,,,%
Skyshroud Sentinel,Nemesis,0,4,,0.16,,tcgplayer,,,%
Sneaky Homunculus,Nemesis,0,11,,0.17,,tcgplayer,,,%
Spineless Thug,Nemesis,0,10,,0.16,,tcgplayer,,,%
Spiritual Asylum,Nemesis,0,1,0.25,0.47,magicdotcards,tcgplayer,,,%
Spiteful Bully,Nemesis,0,4,,0.17,,tcgplayer,,,%
Stampede Driver,Nemesis,0,3,,0.2,,tcgplayer,,,%
Stronghold Biologist,Nemesis,0,2,,0.2,,tcgplayer,,,%
Stronghold Discipline,Nemesis,0,4,,0.17,,tcgplayer,,,%
Stronghold Gambit,Nemesis,0,1,0.5,0.9,cardkingdom,tcgplayer,10,,%
Stronghold Machinist,Nemesis,0,4,,0.2,,tcgplayer,,,%
Stronghold Zeppelin,Nemesis,0,4,,0.2,,tcgplayer,,,%
Submerge,Nemesis,0,3,0.27,1.66,abugames,tcgplayer,99,,%
Tangle Wire,Nemesis,0,2,3,4.24,magicdotcards,tcgplayer,,,%
Terrain Generator,Nemesis,0,10,0.75,2.04,magicdotcards,tcgplayer,,,%
Topple,Nemesis,0,4,,0.16,,tcgplayer,,,%
Treetop Bracers,Nemesis,0,9,,0.16,,tcgplayer,,,%
Trickster Mage,Nemesis,0,8,,0.17,,tcgplayer,,,%
Vicious Hunger,Nemesis,0,9,,0.17,,tcgplayer,,,%
Viseling,Nemesis,0,4,,0.22,,tcgplayer,,,%
Voice of Truth,Nemesis,0,1,0.02,0.25,abugames,tcgplayer,99,,%
Volrath the Fallen,Nemesis,0,4,0.25,0.63,magicdotcards,tcgplayer,,,%
Wandering Eye,Nemesis,0,5,,0.16,,tcgplayer,,,%
Wild Mammoth,Nemesis,0,1,,0.2,,tcgplayer,,,%
Woodripper,Nemesis,0,4,,0.2,,tcgplayer,,,%
Beast Within,New Phyrexia,0,1,2.5,4.61,adventureson,isleofcards,10,9,%
Birthing Pod,New Phyrexia,0,2,3.8,6.04,isleofcards,isleofcards,7,4,%
Blade Splicer,New Phyrexia,0,22,1.44,2.23,abugames,isleofcards,12,3,%
Blighted Agent,New Phyrexia,0,4,0.44,0.89,isleofcards,isleofcards,4,8,%
Bludgeon Brawl,New Phyrexia,0,12,0.1,0.35,magicdotcards,tcgplayer,,,%
Caged Sun,New Phyrexia,0,1,2.5,3.99,cardkingdom,isleofcards,24,3,%
Chancellor of the Annex,New Phyrexia,0,9,0.72,1.08,cardkingdom,isleofcards,41,4,%
Chancellor of the Dross,New Phyrexia,0,14,0.25,0.4,magicdotcards,isleofcards,,12,%
Chancellor of the Forge,New Phyrexia,0,4,0.24,0.54,cardkingdom,tcgplayer,28,,%
Chancellor of the Spires,New Phyrexia,0,15,0.25,0.42,magicdotcards,isleofcards,,12,%
Chancellor of the Tangle,New Phyrexia,0,10,0.25,0.35,magicdotcards,isleofcards,,5,%
"Elesh Norn, Grand Cenobite",New Phyrexia,0,2,12,18.11,cardkingdom,tcgplayer,20,,%
Etched Monstrosity,New Phyrexia,0,1,0.37,0.74,isleofcards,isleofcards,4,1,%
Fresh Meat,New Phyrexia,0,11,0.1,0.29,magicdotcards,tcgplayer,,,%
Gitaxian Probe,New Phyrexia,0,1,2,3.86,cardkingdom,isleofcards,149,7,%
Glistening Oil,New Phyrexia,0,6,0.1,0.34,magicdotcards,tcgplayer,,,%
Hex Parasite,New Phyrexia,0,8,0.25,0.54,magicdotcards,tcgplayer,,,%
Invader Parasite,New Phyrexia,0,7,0.1,0.36,magicdotcards,tcgplayer,,,%
"Jor Kadeen, the Prevailer",New Phyrexia,0,14,0.18,0.37,isleofcards,isleofcards,1,7,%
Lashwrithe,New Phyrexia,0,4,0.21,0.42,isleofcards,isleofcards,3,8,%
Life's Finale,New Phyrexia,0,5,0.94,1.72,isleofcards,isleofcards,7,1,%
"Melira, Sylvok Outcast",New Phyrexia,0,2,6,8.69,magicdotcards,isleofcards,,12,%
Moltensteel Dragon,New Phyrexia,0,10,0.24,0.49,isleofcards,tcgplayer,3,,%
Mutagenic Growth,New Phyrexia,0,2,0.4,0.81,isleofcards,isleofcards,3,6,%
Myr Superion,New Phyrexia,0,8,1.5,1.75,magicdotcards,isleofcards,,7,%
Norn's Annex,New Phyrexia,0,2,1.21,2.92,abugames,isleofcards,30,12,%
Omen Machine,New Phyrexia,0,10,0.14,0.29,isleofcards,tcgplayer,3,,%
Phyrexian Ingester,New Phyrexia,0,11,0.1,0.3,magicdotcards,tcgplayer,,,%
Phyrexian Metamorph,New Phyrexia,0,1,3.85,6.53,abugames,tcgplayer,16,,%
Phyrexian Obliterator,New Phyrexia,0,1,24.96,31.46,isleofcards,tcgplayer,12,,%
Phyrexian Swarmlord,New Phyrexia,0,1,0.25,0.49,magicdotcards,isleofcards,,11,%
Phyrexian Unlife,New Phyrexia,0,9,1.33,2.63,abugames,isleofcards,20,12,%
Praetor's Grasp,New Phyrexia,0,3,0.5,0.72,magicdotcards,tcgplayer,,,%
Psychic Surgery,New Phyrexia,0,11,0.1,0.3,magicdotcards,tcgplayer,,,%
"Sheoldred, Whispering One",New Phyrexia,0,1,13.2,18.86,isleofcards,isleofcards,5,7,%
Slag Fiend,New Phyrexia,0,9,0.1,0.28,magicdotcards,isleofcards,,12,%
Soul Conduit,New Phyrexia,0,10,0.1,0.3,magicdotcards,isleofcards,,11,%
Surgical Extraction,New Phyrexia,0,1,4.02,6.7,isleofcards,isleofcards,3,5,%
Torpor Orb,New Phyrexia,0,4,2,3.43,magicdotcards,isleofcards,,12,%
Unwinding Clock,New Phyrexia,0,1,3.09,5.94,abugames,isleofcards,20,8,%
Urabrask the Hidden,New Phyrexia,0,1,6.75,10.14,abugames,isleofcards,12,12,%
"Vorinclex, Voice of Hunger",New Phyrexia,0,1,16.33,22.53,isleofcards,isleofcards,7,1,%
Xenograft,New Phyrexia,0,8,0.2,0.4,isleofcards,tcgplayer,1,,%
Adarkar Wastes,Ninth Edition,0,1,6,9.64,cardkingdom,tcgplayer,10,,%
Worship,Ninth Edition,0,3,7,11.95,adventureson,tcgplayer,20,,%
"Ayli, Eternal Pilgrim",Oath of the Gatewatch,0,44,0.3,1,adventureson,isleofcards,11,35,%
Bearer of Silence,Oath of the Gatewatch,0,49,0.25,0.51,magicdotcards,isleofcards,,37,%
Call the Gatewatch,Oath of the Gatewatch,0,27,0.15,0.35,adventureson,tcgplayer,6,,%
Captain's Claws,Oath of the Gatewatch,0,27,0.25,0.6,magicdotcards,tcgplayer,,,%
"Chandra, Flamecaller",Oath of the Gatewatch,0,3,9.59,12.35,abugames,isleofcards,99,17,%
Corrupted Crossroads,Oath of the Gatewatch,0,31,0.15,0.51,adventureson,tcgplayer,1,,%
Crush of Tentacles,Oath of the Gatewatch,0,5,3,5.97,cardkingdom,tcgplayer,83,,%
Deceiver of Form,Oath of the Gatewatch,0,26,0.1,0.35,magicdotcards,tcgplayer,,,%
Deepfathom Skulker,Oath of the Gatewatch,0,38,0.1,0.31,magicdotcards,isleofcards,,39,%
Dimensional Infiltrator,Oath of the Gatewatch,0,46,0.2,0.42,adventureson,isleofcards,4,30,%
Drana's Chosen,Oath of the Gatewatch,0,29,0.1,0.34,magicdotcards,tcgplayer,,,%
Dread Defiler,Oath of the Gatewatch,0,32,0.1,0.34,magicdotcards,tcgplayer,,,%
Eldrazi Displacer,Oath of the Gatewatch,0,3,3.13,4.48,isleofcards,isleofcards,6,16,%
Eldrazi Mimic,Oath of the Gatewatch,0,25,0.5,0.87,magicdotcards,tcgplayer,,,%
Eldrazi Obligator,Oath of the Gatewatch,0,35,0.1,0.51,magicdotcards,isleofcards,,41,%
Endbringer,Oath of the Gatewatch,0,32,0.24,0.48,isleofcards,isleofcards,1,37,%
Fall of the Titans,Oath of the Gatewatch,0,18,0.29,0.59,isleofcards,isleofcards,2,38,%
General Tazri,Oath of the Gatewatch,0,19,0.25,0.75,magicdotcards,tcgplayer,,,%
Gladehart Cavalry,Oath of the Gatewatch,0,10,0.1,0.25,magicdotcards,tcgplayer,,,%
Goblin Dark-Dwellers,Oath of the Gatewatch,0,26,1.04,2.09,isleofcards,isleofcards,1,32,%
Hedron Alignment,Oath of the Gatewatch,0,26,0.1,0.32,magicdotcards,tcgplayer,,,%
Hissing Quagmire,Oath of the Gatewatch,0,10,2.5,3.73,adventureson,isleofcards,13,12,%
Inverter of Truth,Oath of the Gatewatch,0,15,0.45,0.87,adventureson,tcgplayer,2,,%
"Jori En, Ruin Diver",Oath of the Gatewatch,0,38,0.16,0.5,cardkingdom,tcgplayer,53,,%
"Kalitas, Traitor of Ghet",Oath of the Gatewatch,0,1,18,23.76,abugames,isleofcards,16,2,%
"Kozilek, the Great Distortion",Oath of the Gatewatch,0,12,2.5,4.74,cardkingdom,isleofcards,30,29,%
"Linvala, the Preserver",Oath of the Gatewatch,0,10,1.96,2.81,isleofcards,isleofcards,7,33,%
Matter Reshaper,Oath of the Gatewatch,0,36,3,4.05,magicdotcards,isleofcards,,41,%
"Mina and Denn, Wildborn",Oath of the Gatewatch,0,29,0.25,0.49,magicdotcards,isleofcards,,39,%
Mirrorpool,Oath of the Gatewatch,0,5,1.5,2.1,magicdotcards,tcgplayer,,,%
Munda's Vanguard,Oath of the Gatewatch,0,20,0.1,0.33,magicdotcards,tcgplayer,,,%
Needle Spires,Oath of the Gatewatch,0,31,0.92,1.54,isleofcards,isleofcards,27,4,%
"Nissa, Voice of Zendikar",Oath of the Gatewatch,0,1,7.5,11.42,cardkingdom,isleofcards,37,80,%
Oath of Chandra,Oath of the Gatewatch,0,25,0.14,0.29,isleofcards,tcgplayer,5,,%
Oath of Gideon,Oath of the Gatewatch,0,29,0.23,0.47,isleofcards,isleofcards,3,34,%
Oath of Jace,Oath of the Gatewatch,0,25,0.28,0.57,isleofcards,tcgplayer,1,,%
Oath of Nissa,Oath of the Gatewatch,0,8,2,2.96,cardkingdom,isleofcards,71,4,%
Overwhelming Denial,Oath of the Gatewatch,0,18,0.1,0.37,magicdotcards,tcgplayer,,,%
Reality Smasher,Oath of the Gatewatch,0,38,3,4.06,magicdotcards,isleofcards,,12,%
Remorseless Punishment,Oath of the Gatewatch,0,29,0.1,0.35,magicdotcards,isleofcards,,40,%
Ruins of Oran-Rief,Oath of the Gatewatch,0,32,0.1,0.41,adventureson,isleofcards,8,36,%
Sea Gate Wreckage,Oath of the Gatewatch,0,22,0.45,0.9,isleofcards,isleofcards,1,37,%
Sifter of Skulls,Oath of the Gatewatch,0,47,0.1,0.36,magicdotcards,tcgplayer,,,%
Sphinx of the Final Word,Oath of the Gatewatch,0,14,0.7,1.18,isleofcards,isleofcards,3,32,%
Stone Haven Outfitter,Oath of the Gatewatch,0,24,0.29,0.45,abugames,tcgplayer,16,,%
Stoneforge Masterwork,Oath of the Gatewatch,0,36,0.25,0.87,adventureson,isleofcards,11,40,%
Sylvan Advocate,Oath of the Gatewatch,0,5,3.93,5.62,isleofcards,isleofcards,1,20,%
Thought-Knot Seer,Oath of the Gatewatch,0,12,4.29,6.5,isleofcards,isleofcards,25,2,%
Tyrant of Valakut,Oath of the Gatewatch,0,28,0.1,0.29,magicdotcards,isleofcards,,40,%
Vile Redeemer,Oath of the Gatewatch,0,27,0.1,0.35,magicdotcards,isleofcards,,40,%
Wandering Fumarole,Oath of the Gatewatch,0,11,1.98,2.83,isleofcards,isleofcards,15,5,%
World Breaker,Oath of the Gatewatch,0,3,4.5,5.05,adventureson,isleofcards,11,39,%
Zendikar Resurgent,Oath of the Gatewatch,0,17,0.15,0.49,adventureson,tcgplayer,10,,%
Patriarch's Bidding,Onslaught,0,1,7,11.36,cardkingdom,tcgplayer,20,,%
Damnation,Planar Chaos,0,1,45.71,65.3,isleofcards,isleofcards,3,5,%
Kor Spiritdancer,Planechase 2012,0,2,5.75,13.19,cardkingdom,tcgplayer,4,,%
Shardless Agent,Planechase 2012,0,3,4.8,12.04,cardkingdom,tcgplayer,14,,%
Allied Strategies,Planeshift,0,1,,0.2,,tcgplayer,,,%
Alpha Kavu,Planeshift,0,3,,0.2,,tcgplayer,,,%
Amphibious Kavu,Planeshift,0,5,,0.17,,tcgplayer,,,%
Ancient Spider,Planeshift,0,1,0.1,0.34,magicdotcards,tcgplayer,,,%
Arctic Merfolk,Planeshift,0,9,,0.17,,tcgplayer,,,%
Aura Blast,Planeshift,0,7,,0.19,,tcgplayer,,,%
Aurora Griffin,Planeshift,0,8,,0.17,,tcgplayer,,,%
Bog Down,Planeshift,0,6,,0.17,,tcgplayer,,,%
Caldera Kavu,Planeshift,0,5,,0.17,,tcgplayer,,,%
Cavern Harpy,Planeshift,0,6,,0.16,,tcgplayer,,,%
Cloud Cover,Planeshift,0,1,0.5,0.93,magicdotcards,tcgplayer,,,%
Confound,Planeshift,0,10,,0.18,,tcgplayer,,,%
Crosis's Catacombs,Planeshift,0,4,0.5,0.77,cardkingdom,tcgplayer,18,,%
Crosis's Charm,Planeshift,0,4,0.02,0.25,abugames,tcgplayer,99,,%
Darigaaz's Charm,Planeshift,0,3,,0.2,,tcgplayer,,,%
Daring Leap,Planeshift,0,9,,0.16,,tcgplayer,,,%
Deadapult,Planeshift,0,1,0.25,0.33,magicdotcards,tcgplayer,,,%
Death Bomb,Planeshift,0,5,,0.17,,tcgplayer,,,%
Diabolic Intent,Planeshift,0,1,9.5,16.3,cardkingdom,tcgplayer,13,,%
Disciple of Kangee,Planeshift,0,6,,0.17,,tcgplayer,,,%
Dominaria's Judgment,Planeshift,0,1,0.1,0.33,magicdotcards,tcgplayer,,,%
Draco,Planeshift,0,1,1,1.82,cardkingdom,tcgplayer,10,,%
Dromar's Cavern,Planeshift,0,3,0.1,0.48,magicdotcards,tcgplayer,,,%
Dromar's Charm,Planeshift,0,4,,0.26,,tcgplayer,,,%
Eladamri's Call,Planeshift,0,1,5.3,8.02,cardkingdom,tcgplayer,21,,%
Ertai's Trickery,Planeshift,0,3,,0.2,,tcgplayer,,,%
Escape Routes,Planeshift,0,6,,0.18,,tcgplayer,,,%
Exotic Disease,Planeshift,0,1,,0.2,,tcgplayer,,,%
Falling Timber,Planeshift,0,7,,0.17,,tcgplayer,,,%
Flametongue Kavu,Planeshift,0,3,0.12,0.44,cardkingdom,tcgplayer,22,,%
Fleetfoot Panther,Planeshift,0,3,,0.23,,tcgplayer,,,%
Forsaken City,Planeshift,0,2,0.5,0.8,magicdotcards,tcgplayer,,,%
Gaea's Herald,Planeshift,0,1,0.34,0.7,abugames,tcgplayer,20,,%
Gaea's Might,Planeshift,0,6,,0.17,,tcgplayer,,,%
Gerrard's Command,Planeshift,0,6,,0.16,,tcgplayer,,,%
Goblin Game,Planeshift,0,3,0.46,0.91,abugames,tcgplayer,12,,%
Guard Dogs,Planeshift,0,3,0.02,0.19,abugames,tcgplayer,50,,%
Heroic Defiance,Planeshift,0,3,,0.17,,tcgplayer,,,%
Hobble,Planeshift,0,7,,0.17,,tcgplayer,,,%
Honorable Scout,Planeshift,0,5,,0.17,,tcgplayer,,,%
Horned Kavu,Planeshift,0,6,,0.17,,tcgplayer,,,%
Hull Breach,Planeshift,0,9,,0.2,,tcgplayer,,,%
Hunting Drake,Planeshift,0,6,,0.17,,tcgplayer,,,%
Implode,Planeshift,0,2,,0.21,,tcgplayer,,,%
Insolence,Planeshift,0,10,,0.17,,tcgplayer,,,%
Kavu Recluse,Planeshift,0,5,,0.16,,tcgplayer,,,%
Keldon Mantle,Planeshift,0,8,,0.17,,tcgplayer,,,%
Lashknife Barrier,Planeshift,0,3,,0.22,,tcgplayer,,,%
Lava Zombie,Planeshift,0,6,,0.17,,tcgplayer,,,%
Maggot Carrier,Planeshift,0,9,,0.16,,tcgplayer,,,%
Magma Burst,Planeshift,0,8,,0.17,,tcgplayer,,,%
Malicious Advice,Planeshift,0,7,,0.17,,tcgplayer,,,%
Mana Cylix,Planeshift,0,2,,0.21,,tcgplayer,,,%
March of Souls,Planeshift,0,1,0.25,0.62,magicdotcards,tcgplayer,,,%
Marsh Crocodile,Planeshift,0,2,,0.2,,tcgplayer,,,%
Meteor Crater,Planeshift,0,1,0.75,1.46,magicdotcards,tcgplayer,,,%
Mire Kavu,Planeshift,0,6,,0.17,,tcgplayer,,,%
Mirrorwood Treefolk,Planeshift,0,1,,0.2,,tcgplayer,,,%
Mogg Jailer,Planeshift,0,3,,0.21,,tcgplayer,,,%
Mogg Sentry,Planeshift,0,1,0.1,0.31,magicdotcards,tcgplayer,,,%
Morgue Toad,Planeshift,0,6,,0.16,,tcgplayer,,,%
Multani's Harmony,Planeshift,0,1,,0.21,,tcgplayer,,,%
Natural Emergence,Planeshift,0,2,0.1,0.33,magicdotcards,tcgplayer,,,%
"Nemata, Grove Guardian",Planeshift,0,1,0.75,1.46,cardkingdom,tcgplayer,12,,%
Nightscape Battlemage,Planeshift,0,2,,0.21,,tcgplayer,,,%
Nightscape Familiar,Planeshift,0,8,0.02,0.2,abugames,tcgplayer,99,,%
Noxious Vapors,Planeshift,0,4,,0.2,,tcgplayer,,,%
Phyrexian Bloodstock,Planeshift,0,7,,0.17,,tcgplayer,,,%
Phyrexian Scuta,Planeshift,0,1,0.25,0.5,magicdotcards,tcgplayer,,,%
Phyrexian Tyranny,Planeshift,0,2,1.3,2.38,cardkingdom,tcgplayer,10,,%
Planar Overlay,Planeshift,0,1,0.1,0.3,magicdotcards,tcgplayer,,,%
Planeswalker's Favor,Planeshift,0,1,0.1,0.31,magicdotcards,tcgplayer,,,%
Planeswalker's Scorn,Planeshift,0,1,0.1,0.31,magicdotcards,tcgplayer,,,%
Pollen Remedy,Planeshift,0,9,,0.17,,tcgplayer,,,%
Primal Growth,Planeshift,0,3,0.06,0.18,cardkingdom,tcgplayer,1,,%
Pygmy Kavu,Planeshift,0,5,,0.17,,tcgplayer,,,%
Questing Phelddagrif,Planeshift,0,1,0.41,0.9,abugames,tcgplayer,20,,%
Quirion Explorer,Planeshift,0,10,,0.17,,tcgplayer,,,%
Radiant Kavu,Planeshift,0,1,0.1,0.3,magicdotcards,tcgplayer,,,%
Razing Snidd,Planeshift,0,2,,0.19,,tcgplayer,,,%
Rith's Charm,Planeshift,0,1,,0.2,,tcgplayer,,,%
Rith's Grove,Planeshift,0,4,0.1,0.37,cardkingdom,tcgplayer,14,,%
Root Greevil,Planeshift,0,9,,0.17,,tcgplayer,,,%
Rushing River,Planeshift,0,7,,0.16,,tcgplayer,,,%
Samite Pilgrim,Planeshift,0,7,,0.17,,tcgplayer,,,%
Sawtooth Loon,Planeshift,0,1,,0.2,,tcgplayer,,,%
Sea Snidd,Planeshift,0,7,,0.17,,tcgplayer,,,%
Shifting Sky,Planeshift,0,4,,0.21,,tcgplayer,,,%
Shivan Wurm,Planeshift,0,1,0.52,0.99,cardkingdom,tcgplayer,10,,%
Shriek of Dread,Planeshift,0,8,,0.17,,tcgplayer,,,%
Silver Drake,Planeshift,0,8,,0.17,,tcgplayer,,,%
Singe,Planeshift,0,9,,0.17,,tcgplayer,,,%
Sinister Strength,Planeshift,0,4,,0.18,,tcgplayer,,,%
Sisay's Ingenuity,Planeshift,0,5,,0.17,,tcgplayer,,,%
Skyship Weatherlight,Planeshift,0,1,0.38,0.96,cardkingdom,tcgplayer,10,,%
Skyshroud Blessing,Planeshift,0,3,,0.2,,tcgplayer,,,%
Slay,Planeshift,0,1,,0.19,,tcgplayer,,,%
Sleeping Potion,Planeshift,0,5,,0.17,,tcgplayer,,,%
Slingshot Goblin,Planeshift,0,8,,0.17,,tcgplayer,,,%
Star Compass,Planeshift,0,1,0.12,0.32,cardkingdom,tcgplayer,24,,%
Steel Leaf Paladin,Planeshift,0,7,,0.16,,tcgplayer,,,%
Stone Kavu,Planeshift,0,9,,0.17,,tcgplayer,,,%
Stormscape Battlemage,Planeshift,0,6,,0.22,,tcgplayer,,,%
Stormscape Familiar,Planeshift,0,8,,0.18,,tcgplayer,,,%
Strafe,Planeshift,0,3,,0.2,,tcgplayer,,,%
Stratadon,Planeshift,0,2,0.06,0.2,cardkingdom,tcgplayer,1,,%
Sunken Hope,Planeshift,0,1,0.1,0.33,magicdotcards,tcgplayer,,,%
Sunscape Battlemage,Planeshift,0,2,,0.23,,tcgplayer,,,%
Sunscape Familiar,Planeshift,0,6,,0.23,,tcgplayer,,,%
Surprise Deployment,Planeshift,0,3,,0.2,,tcgplayer,,,%
"Tahngarth, Talruum Hero",Planeshift,0,2,0.28,0.73,abugames,tcgplayer,35,,%
Terminal Moraine,Planeshift,0,3,,0.2,,tcgplayer,,,%
Terminate,Planeshift,0,6,0.75,2.72,magicdotcards,isleofcards,,10,%
Thornscape Battlemage,Planeshift,0,2,,0.2,,tcgplayer,,,%
Thornscape Familiar,Planeshift,0,8,,0.17,,tcgplayer,,,%
Thunderscape Battlemage,Planeshift,0,2,,0.2,,tcgplayer,,,%
Thunderscape Familiar,Planeshift,0,8,,0.17,,tcgplayer,,,%
Treva's Charm,Planeshift,0,1,,0.2,,tcgplayer,,,%
Treva's Ruins,Planeshift,0,1,0.72,0.69,cardkingdom,tcgplayer,17,,%
Voice of All,Planeshift,0,4,0.1,0.38,magicdotcards,tcgplayer,,,%
Volcano Imp,Planeshift,0,7,,0.17,,tcgplayer,,,%
Warped Devotion,Planeshift,0,3,,0.27,,tcgplayer,,,%
Waterspout Elemental,Planeshift,0,2,0.1,0.3,magicdotcards,tcgplayer,,,%
Devastation,Portal,0,1,15.5,16.01,cardkingdom,tcgplayer,10,,%
Abolish,Prophecy,0,1,0.1,0.24,magicdotcards,tcgplayer,,,%
Agent of Shauku,Prophecy,0,4,,0.17,,tcgplayer,,,%
Alexi's Cloak,Prophecy,0,4,,0.2,,tcgplayer,,,%
"Alexi, Zephyr Mage",Prophecy,0,1,0.13,0.42,abugames,tcgplayer,99,,%
Aura Fracture,Prophecy,0,6,,0.17,,tcgplayer,,,%
Avatar of Might,Prophecy,0,1,0.25,0.53,magicdotcards,tcgplayer,,,%
Avatar of Will,Prophecy,0,1,0.25,0.6,magicdotcards,tcgplayer,,,%
Avatar of Woe,Prophecy,0,2,2.25,3.01,cardkingdom,tcgplayer,10,,%
Barbed Field,Prophecy,0,2,,0.2,,tcgplayer,,,%
Blessed Wind,Prophecy,0,1,0.12,0.34,adventureson,tcgplayer,4,,%
Bog Glider,Prophecy,0,4,,0.17,,tcgplayer,,,%
Branded Brawlers,Prophecy,0,1,,0.16,,tcgplayer,,,%
Brutal Suppression,Prophecy,0,1,,0.21,,tcgplayer,,,%
Calming Verse,Prophecy,0,6,,0.2,,tcgplayer,,,%
Celestial Convergence,Prophecy,0,2,0.25,0.71,magicdotcards,tcgplayer,,,%
Chilling Apparition,Prophecy,0,2,,0.2,,tcgplayer,,,%
Chimeric Idol,Prophecy,0,1,0.02,0.29,abugames,tcgplayer,99,,%
Citadel of Pain,Prophecy,0,1,0.07,0.29,cardkingdom,tcgplayer,1,,%
Coastal Hornclaw,Prophecy,0,5,,0.17,,tcgplayer,,,%
Coffin Puppets,Prophecy,0,1,0.1,0.34,magicdotcards,tcgplayer,,,%
Copper-Leaf Angel,Prophecy,0,1,0.25,0.55,magicdotcards,tcgplayer,,,%
Death Charmer,Prophecy,0,4,,0.16,,tcgplayer,,,%
Despoil,Prophecy,0,3,,0.18,,tcgplayer,,,%
Devastate,Prophecy,0,4,,0.16,,tcgplayer,,,%
Diving Griffin,Prophecy,0,7,,0.17,,tcgplayer,,,%
Dual Nature,Prophecy,0,3,0.15,0.5,abugames,tcgplayer,99,,%
Entangler,Prophecy,0,2,0.1,0.52,magicdotcards,tcgplayer,,,%
Excavation,Prophecy,0,1,,0.2,,tcgplayer,,,%
Excise,Prophecy,0,4,,0.17,,tcgplayer,,,%
Fault Riders,Prophecy,0,3,,0.17,,tcgplayer,,,%
Fen Stalker,Prophecy,0,4,,0.17,,tcgplayer,,,%
Fickle Efreet,Prophecy,0,2,0.1,0.33,magicdotcards,tcgplayer,,,%
Flameshot,Prophecy,0,2,,0.22,,tcgplayer,,,%
Flay,Prophecy,0,4,,0.17,,tcgplayer,,,%
Flowering Field,Prophecy,0,2,,0.22,,tcgplayer,,,%
Foil,Prophecy,0,2,0.1,0.48,magicdotcards,tcgplayer,,,%
Glittering Lion,Prophecy,0,1,,0.2,,tcgplayer,,,%
Glittering Lynx,Prophecy,0,2,,0.17,,tcgplayer,,,%
Greel's Caress,Prophecy,0,7,,0.17,,tcgplayer,,,%
"Greel, Mind Raker",Prophecy,0,1,0.1,0.36,magicdotcards,tcgplayer,,,%
Gulf Squid,Prophecy,0,3,,0.18,,tcgplayer,,,%
Hazy Homunculus,Prophecy,0,5,,0.17,,tcgplayer,,,%
Hollow Warrior,Prophecy,0,3,,0.19,,tcgplayer,,,%
Inflame,Prophecy,0,5,,0.16,,tcgplayer,,,%
"Jolrael, Empress of Beasts",Prophecy,0,4,0.16,0.36,abugames,tcgplayer,20,,%
Keldon Battlewagon,Prophecy,0,4,0.1,0.31,magicdotcards,tcgplayer,,,%
Latulla's Orders,Prophecy,0,6,,0.17,,tcgplayer,,,%
Lesser Gargadon,Prophecy,0,1,,0.2,,tcgplayer,,,%
Mageta's Boon,Prophecy,0,2,,0.17,,tcgplayer,,,%
Mana Vapors,Prophecy,0,2,,0.25,,tcgplayer,,,%
Marsh Boa,Prophecy,0,3,,0.19,,tcgplayer,,,%
Mercenary Informer,Prophecy,0,1,0.1,0.34,magicdotcards,tcgplayer,,,%
Mine Bearer,Prophecy,0,1,,0.17,,tcgplayer,,,%
Nakaya Shade,Prophecy,0,4,,0.21,,tcgplayer,,,%
Outbreak,Prophecy,0,3,,0.22,,tcgplayer,,,%
Panic Attack,Prophecy,0,5,,0.17,,tcgplayer,,,%
Pit Raptor,Prophecy,0,3,,0.2,,tcgplayer,,,%
Plague Fiend,Prophecy,0,5,,0.17,,tcgplayer,,,%
Pygmy Razorback,Prophecy,0,1,,0.17,,tcgplayer,,,%
Quicksilver Wall,Prophecy,0,1,,0.2,,tcgplayer,,,%
Rethink,Prophecy,0,7,,0.18,,tcgplayer,,,%
Reveille Squad,Prophecy,0,2,,0.26,,tcgplayer,,,%
Rhystic Cave,Prophecy,0,2,,0.25,,tcgplayer,,,%
Rhystic Circle,Prophecy,0,4,,0.16,,tcgplayer,,,%
Rhystic Deluge,Prophecy,0,2,,0.18,,tcgplayer,,,%
Rhystic Lightning,Prophecy,0,4,,0.17,,tcgplayer,,,%
Rhystic Scrying,Prophecy,0,2,,0.22,,tcgplayer,,,%
Rhystic Shield,Prophecy,0,3,,0.17,,tcgplayer,,,%
Rhystic Study,Prophecy,0,4,2.3,4.48,cardkingdom,tcgplayer,46,,%
Rhystic Syphon,Prophecy,0,1,,0.2,,tcgplayer,,,%
Rib Cage Spider,Prophecy,0,2,,0.17,,tcgplayer,,,%
Ribbon Snake,Prophecy,0,6,,0.17,,tcgplayer,,,%
Ridgeline Rager,Prophecy,0,5,,0.16,,tcgplayer,,,%
Root Cage,Prophecy,0,2,,0.2,,tcgplayer,,,%
Samite Sanctuary,Prophecy,0,2,0.1,0.33,magicdotcards,tcgplayer,,,%
Scoria Cat,Prophecy,0,1,,0.2,,tcgplayer,,,%
Shield Dancer,Prophecy,0,3,,0.22,,tcgplayer,,,%
Silt Crawler,Prophecy,0,3,,0.16,,tcgplayer,,,%
Snag,Prophecy,0,3,,0.21,,tcgplayer,,,%
Soul Charmer,Prophecy,0,8,,0.16,,tcgplayer,,,%
Soul Strings,Prophecy,0,3,,0.17,,tcgplayer,,,%
Spiketail Hatchling,Prophecy,0,3,,0.18,,tcgplayer,,,%
Spitting Spider,Prophecy,0,3,0.06,0.21,cardkingdom,tcgplayer,1,,%
Spore Frog,Prophecy,0,6,0.25,0.53,magicdotcards,tcgplayer,,,%
Spur Grappler,Prophecy,0,3,,0.16,,tcgplayer,,,%
Steal Strength,Prophecy,0,5,,0.17,,tcgplayer,,,%
Stormwatch Eagle,Prophecy,0,5,,0.17,,tcgplayer,,,%
Sword Dancer,Prophecy,0,2,,0.21,,tcgplayer,,,%
Task Mage Assembly,Prophecy,0,1,0.1,0.33,magicdotcards,tcgplayer,,,%
Thresher Beast,Prophecy,0,5,,0.18,,tcgplayer,,,%
Thrive,Prophecy,0,5,,0.17,,tcgplayer,,,%
Trenching Steed,Prophecy,0,3,,0.17,,tcgplayer,,,%
Troubled Healer,Prophecy,0,5,,0.17,,tcgplayer,,,%
Verdant Field,Prophecy,0,1,,0.2,,tcgplayer,,,%
Vintara Elephant,Prophecy,0,5,,0.17,,tcgplayer,,,%
Vintara Snapper,Prophecy,0,1,,0.21,,tcgplayer,,,%
Vitalizing Wind,Prophecy,0,1,0.25,0.43,magicdotcards,tcgplayer,,,%
Whip Sergeant,Prophecy,0,2,,0.2,,tcgplayer,,,%
Whipstitched Zombie,Prophecy,0,5,,0.17,,tcgplayer,,,%
Wild Might,Prophecy,0,3,,0.18,,tcgplayer,,,%
Wing Storm,Prophecy,0,2,0.02,0.2,abugames,tcgplayer,50,,%
Zerapa Minotaur,Prophecy,0,6,,0.16,,tcgplayer,,,%
Privileged Position,Ravnica: City of Guilds,0,1,9.25,13.22,isleofcards,isleofcards,3,8,%
Abrupt Decay,Return to Ravnica,0,23,6,10.93,cardkingdom,tcgplayer,16,,%
Angel of Serenity,Return to Ravnica,0,15,0.75,1.34,magicdotcards,isleofcards,,12,%
Archon of the Triumvirate,Return to Ravnica,0,76,0.1,0.27,magicdotcards,tcgplayer,,,%
Armada Wurm,Return to Ravnica,0,23,0.48,0.97,isleofcards,tcgplayer,2,,%
Ash Zealot,Return to Ravnica,0,32,0.1,0.52,magicdotcards,tcgplayer,,,%
Azor's Elocutors,Return to Ravnica,0,52,0.1,0.27,magicdotcards,tcgplayer,,,%
Blood Crypt,Return to Ravnica,0,2,4.79,7.82,abugames,isleofcards,12,8,%
Carnival Hellsteed,Return to Ravnica,0,64,0.1,0.34,magicdotcards,tcgplayer,,,%
Chaos Imps,Return to Ravnica,0,62,0.1,0.26,magicdotcards,tcgplayer,,,%
Chromatic Lantern,Return to Ravnica,0,1,5,8.05,magicdotcards,isleofcards,,12,%
Collective Blessing,Return to Ravnica,0,53,0.1,0.37,magicdotcards,isleofcards,,9,%
Conjured Currency,Return to Ravnica,0,58,0.1,0.26,magicdotcards,tcgplayer,,,%
Corpsejack Menace,Return to Ravnica,0,27,0.5,0.62,magicdotcards,tcgplayer,,,%
Counterflux,Return to Ravnica,0,30,0.25,0.59,magicdotcards,isleofcards,,11,%
Cryptborn Horror,Return to Ravnica,0,56,0.1,0.26,magicdotcards,tcgplayer,,,%
Cyclonic Rift,Return to Ravnica,0,4,3.5,5.89,adventureson,isleofcards,17,8,%
Deadbridge Goliath,Return to Ravnica,0,37,0.1,0.32,magicdotcards,isleofcards,,11,%
Death's Presence,Return to Ravnica,0,44,0.1,0.27,magicdotcards,tcgplayer,,,%
Deathrite Shaman,Return to Ravnica,0,19,2,5.28,adventureson,isleofcards,9,10,%
Desecration Demon,Return to Ravnica,0,17,1,1.48,magicdotcards,isleofcards,,3,%
Detention Sphere,Return to Ravnica,0,24,0.75,1.48,magicdotcards,isleofcards,,6,%
Dreadbore,Return to Ravnica,0,40,2.01,3.35,isleofcards,isleofcards,8,3,%
Epic Experiment,Return to Ravnica,0,16,0.25,0.8,magicdotcards,isleofcards,,11,%
Firemind's Foresight,Return to Ravnica,0,72,0.1,0.33,magicdotcards,tcgplayer,,,%
Grave Betrayal,Return to Ravnica,0,39,0.4,1.16,adventureson,isleofcards,1,11,%
Grove of the Guardian,Return to Ravnica,0,56,0.12,0.25,isleofcards,tcgplayer,1,,%
Growing Ranks,Return to Ravnica,0,9,0.25,0.77,magicdotcards,tcgplayer,,,%
Guild Feud,Return to Ravnica,0,71,0.1,0.26,magicdotcards,tcgplayer,,,%
Hallowed Fountain,Return to Ravnica,0,1,5.46,7.8,isleofcards,isleofcards,4,7,%
Havoc Festival,Return to Ravnica,0,65,0.1,0.27,magicdotcards,tcgplayer,,,%
Hypersonic Dragon,Return to Ravnica,0,43,0.16,0.33,isleofcards,tcgplayer,2,,%
"Isperia, Supreme Judge",Return to Ravnica,0,40,0.25,0.75,magicdotcards,isleofcards,,8,%
Jarad's Orders,Return to Ravnica,0,50,0.1,0.35,magicdotcards,tcgplayer,,,%
"Jarad, Golgari Lich Lord",Return to Ravnica,0,12,0.5,1.06,magicdotcards,isleofcards,,3,%
Lotleth Troll,Return to Ravnica,0,39,0.25,0.74,magicdotcards,tcgplayer,,,%
Loxodon Smiter,Return to Ravnica,0,37,1.5,2.2,magicdotcards,isleofcards,,12,%
Mana Bloom,Return to Ravnica,0,57,0.1,0.29,magicdotcards,tcgplayer,,,%
Martial Law,Return to Ravnica,0,62,0.1,0.33,magicdotcards,tcgplayer,,,%
Mercurial Chemister,Return to Ravnica,0,36,0.13,0.27,isleofcards,tcgplayer,4,,%
Mizzium Mortars,Return to Ravnica,0,26,0.1,0.4,magicdotcards,tcgplayer,,,%
Necropolis Regent,Return to Ravnica,0,21,1.5,2.05,magicdotcards,isleofcards,,3,%
"Niv-Mizzet, Dracogenius",Return to Ravnica,0,10,0.9,1.52,adventureson,isleofcards,10,5,%
Nivmagus Elemental,Return to Ravnica,0,62,0.18,0.44,abugames,tcgplayer,20,,%
Overgrown Tomb,Return to Ravnica,0,1,5.62,8.65,abugames,isleofcards,12,7,%
Pack Rat,Return to Ravnica,0,12,1.4,1.93,cardkingdom,isleofcards,51,1,%
Palisade Giant,Return to Ravnica,0,57,0.1,0.33,magicdotcards,tcgplayer,,,%
Pithing Needle,Return to Ravnica,0,19,1.71,2.46,isleofcards,tcgplayer,11,,%
Precinct Captain,Return to Ravnica,0,15,0.25,0.48,magicdotcards,tcgplayer,,,%
Rakdos's Return,Return to Ravnica,0,14,0.5,1.13,magicdotcards,tcgplayer,,,%
"Rakdos, Lord of Riots",Return to Ravnica,0,11,1.5,2.3,adventureson,isleofcards,14,12,%
Rest in Peace,Return to Ravnica,0,24,2.4,4.42,adventureson,isleofcards,5,12,%
Righteous Authority,Return to Ravnica,0,56,0.1,0.25,magicdotcards,tcgplayer,,,%
Search the City,Return to Ravnica,0,51,0.1,0.26,magicdotcards,isleofcards,,12,%
Slaughter Games,Return to Ravnica,0,34,0.25,0.62,magicdotcards,isleofcards,,12,%
Sphinx of the Chimes,Return to Ravnica,0,48,0.1,0.26,magicdotcards,tcgplayer,,,%
Sphinx's Revelation,Return to Ravnica,0,3,3.85,6.16,abugames,isleofcards,16,4,%
Supreme Verdict,Return to Ravnica,0,27,3.59,5.99,isleofcards,isleofcards,2,8,%
"Trostani, Selesnya's Voice",Return to Ravnica,0,3,2.12,3.43,abugames,isleofcards,16,8,%
Underworld Connections,Return to Ravnica,0,24,0.1,0.43,magicdotcards,tcgplayer,,,%
Utvara Hellkite,Return to Ravnica,0,3,2.58,4.75,abugames,tcgplayer,20,,%
Volatile Rig,Return to Ravnica,0,63,0.1,0.26,magicdotcards,tcgplayer,,,%
Vraska the Unseen,Return to Ravnica,0,4,2.15,4.3,isleofcards,isleofcards,5,6,%
Wayfaring Temple,Return to Ravnica,0,53,0.1,0.42,magicdotcards,isleofcards,,10,%
Wild Beastmaster,Return to Ravnica,0,81,0.1,0.26,magicdotcards,tcgplayer,,,%
Air Elemental,Revised Edition,0,1,,0.18,,tcgplayer,,,%
Aladdin's Lamp,Revised Edition,0,1,0.33,0.35,abugames,tcgplayer,12,,%
Animate Artifact,Revised Edition,0,1,,0.19,,tcgplayer,,,%
Animate Dead,Revised Edition,0,3,0.5,1.15,magicdotcards,tcgplayer,,,%
Ankh of Mishra,Revised Edition,0,4,0.26,0.58,cardkingdom,tcgplayer,5,,%
Armageddon Clock,Revised Edition,0,1,0.1,0.32,magicdotcards,tcgplayer,,,%
Atog,Revised Edition,0,6,,0.18,,tcgplayer,,,%
Badlands,Revised Edition,0,3,50,78.15,cardkingdom,tcgplayer,21,,%
Balance,Revised Edition,0,2,0.85,1.3,abugames,tcgplayer,12,,%
Basalt Monolith,Revised Edition,0,1,0.25,0.8,magicdotcards,tcgplayer,,,%
Bayou,Revised Edition,0,1,110,171.01,cardkingdom,tcgplayer,13,,%
Benalish Hero,Revised Edition,0,10,,0.16,,tcgplayer,,,%
Black Knight,Revised Edition,0,1,0.05,0.28,magicdotcards,tcgplayer,,,%
Black Vise,Revised Edition,0,2,0.37,1.45,abugames,tcgplayer,99,,%
Black Ward,Revised Edition,0,2,,0.19,,tcgplayer,,,%
Blue Elemental Blast,Revised Edition,0,8,0.05,0.18,magicdotcards,tcgplayer,,,%
Blue Ward,Revised Edition,0,3,,0.18,,tcgplayer,,,%
Bog Wraith,Revised Edition,0,3,,0.18,,tcgplayer,,,%
Bottle of Suleiman,Revised Edition,0,1,0.1,0.31,magicdotcards,tcgplayer,,,%
Braingeyser,Revised Edition,0,2,2.75,2.56,abugames,tcgplayer,12,,%
Brass Man,Revised Edition,0,1,,0.17,,tcgplayer,,,%
Burrowing,Revised Edition,0,1,,0.18,,tcgplayer,,,%
Castle,Revised Edition,0,3,,0.19,,tcgplayer,,,%
Celestial Prism,Revised Edition,0,1,,0.18,,tcgplayer,,,%
Channel,Revised Edition,0,9,0.1,0.31,magicdotcards,tcgplayer,,,%
Chaoslace,Revised Edition,0,3,0.11,0.3,abugames,tcgplayer,20,,%
Circle of Protection: Black,Revised Edition,0,7,,0.17,,tcgplayer,,,%
Circle of Protection: Blue,Revised Edition,0,10,,0.16,,tcgplayer,,,%
Circle of Protection: Green,Revised Edition,0,9,,0.17,,tcgplayer,,,%
Circle of Protection: Red,Revised Edition,0,5,,0.18,,tcgplayer,,,%
Circle of Protection: White,Revised Edition,0,9,,0.15,,tcgplayer,,,%
Clockwork Beast,Revised Edition,0,1,0.1,0.31,magicdotcards,tcgplayer,,,%
Clone,Revised Edition,0,4,0.1,0.33,magicdotcards,tcgplayer,,,%
Conservator,Revised Edition,0,1,,0.18,,tcgplayer,,,%
Contract from Below,Revised Edition,0,1,0.28,0.39,cardkingdom,tcgplayer,10,,%
Control Magic,Revised Edition,0,1,0.25,0.46,magicdotcards,tcgplayer,,,%
Conversion,Revised Edition,0,7,,0.19,,tcgplayer,,,%
Copy Artifact,Revised Edition,0,7,5.62,6.75,abugames,tcgplayer,12,,%
Counterspell,Revised Edition,0,2,0.74,1.13,abugames,tcgplayer,15,,%
Craw Wurm,Revised Edition,0,10,,0.14,,tcgplayer,,,%
Creature Bond,Revised Edition,0,6,,0.16,,tcgplayer,,,%
Crystal Rod,Revised Edition,0,2,,0.18,,tcgplayer,,,%
Cursed Land,Revised Edition,0,3,,0.19,,tcgplayer,,,%
Dancing Scimitar,Revised Edition,0,3,0.11,0.31,abugames,tcgplayer,20,,%
Dark Ritual,Revised Edition,0,8,0.5,0.62,magicdotcards,tcgplayer,,,%
Darkpact,Revised Edition,0,1,0.11,0.32,abugames,tcgplayer,20,,%
Death Ward,Revised Edition,0,14,,0.15,,tcgplayer,,,%
Deathlace,Revised Edition,0,1,0.11,0.29,abugames,tcgplayer,20,,%
Demonic Attorney,Revised Edition,0,1,0.11,0.31,abugames,tcgplayer,20,,%
Demonic Hordes,Revised Edition,0,1,0.75,0.92,magicdotcards,tcgplayer,,,%
Demonic Tutor,Revised Edition,0,2,10,16.48,magicdotcards,tcgplayer,,,%
Desert Twister,Revised Edition,0,1,,0.24,,tcgplayer,,,%
Dingus Egg,Revised Edition,0,1,0.25,0.32,magicdotcards,tcgplayer,,,%
Disenchant,Revised Edition,0,15,0.02,0.19,abugames,tcgplayer,99,,%
Disintegrate,Revised Edition,0,6,,0.17,,tcgplayer,,,%
Disrupting Scepter,Revised Edition,0,1,0.16,0.31,abugames,tcgplayer,20,,%
Dragon Engine,Revised Edition,0,2,0.11,0.34,abugames,tcgplayer,20,,%
Dragon Whelp,Revised Edition,0,2,,0.22,,tcgplayer,,,%
Drain Life,Revised Edition,0,4,,0.17,,tcgplayer,,,%
Drain Power,Revised Edition,0,3,0.38,0.75,cardkingdom,tcgplayer,10,,%
Drudge Skeletons,Revised Edition,0,3,,0.16,,tcgplayer,,,%
Dwarven Warriors,Revised Edition,0,4,,0.16,,tcgplayer,,,%
Earth Elemental,Revised Edition,0,4,,0.17,,tcgplayer,,,%
Earthbind,Revised Edition,0,5,,0.16,,tcgplayer,,,%
Ebony Horse,Revised Edition,0,3,0.11,0.31,abugames,tcgplayer,20,,%
Energy Flux,Revised Edition,0,2,0.02,0.23,abugames,tcgplayer,99,,%
Erg Raiders,Revised Edition,0,4,,0.16,,tcgplayer,,,%
Evil Presence,Revised Edition,0,1,,0.2,,tcgplayer,,,%
Fastbond,Revised Edition,0,2,3.5,4.2,magicdotcards,tcgplayer,,,%
Fear,Revised Edition,0,5,,0.15,,tcgplayer,,,%
Feedback,Revised Edition,0,1,,0.19,,tcgplayer,,,%
Fire Elemental,Revised Edition,0,3,,0.19,,tcgplayer,,,%
Fireball,Revised Edition,0,8,,0.17,,tcgplayer,,,%
Firebreathing,Revised Edition,0,10,,0.15,,tcgplayer,,,%
Flashfires,Revised Edition,0,2,0.01,0.18,magicdotcards,tcgplayer,,,%
Flight,Revised Edition,0,1,,0.16,,tcgplayer,,,%
Flying Carpet,Revised Edition,0,2,0.14,0.32,abugames,tcgplayer,12,,%
Fog,Revised Edition,0,5,,0.17,,tcgplayer,,,%
Fork,Revised Edition,0,5,4,4.66,magicdotcards,tcgplayer,,,%
Frozen Shade,Revised Edition,0,9,,0.15,,tcgplayer,,,%
Fungusaur,Revised Edition,0,2,0.1,0.29,magicdotcards,tcgplayer,,,%
Giant Growth,Revised Edition,0,7,,0.15,,tcgplayer,,,%
Giant Spider,Revised Edition,0,8,,0.16,,tcgplayer,,,%
Glasses of Urza,Revised Edition,0,1,,0.19,,tcgplayer,,,%
Gloom,Revised Edition,0,4,0.02,0.19,abugames,tcgplayer,99,,%
Goblin Balloon Brigade,Revised Edition,0,1,0.02,0.18,abugames,tcgplayer,50,,%
Goblin King,Revised Edition,0,1,0.75,1.34,magicdotcards,tcgplayer,,,%
Green Ward,Revised Edition,0,4,,0.18,,tcgplayer,,,%
Guardian Angel,Revised Edition,0,5,,0.16,,tcgplayer,,,%
Healing Salve,Revised Edition,0,10,,0.16,,tcgplayer,,,%
Helm of Chatzuk,Revised Edition,0,2,0.1,0.32,magicdotcards,tcgplayer,,,%
Holy Armor,Revised Edition,0,8,,0.16,,tcgplayer,,,%
Holy Strength,Revised Edition,0,6,,0.16,,tcgplayer,,,%
Howl from Beyond,Revised Edition,0,9,,0.15,,tcgplayer,,,%
Hurkyl's Recall,Revised Edition,0,3,2.45,3.61,abugames,tcgplayer,8,,%
Hurricane,Revised Edition,0,3,,0.19,,tcgplayer,,,%
Hypnotic Specter,Revised Edition,0,3,0.3,0.86,abugames,tcgplayer,30,,%
Instill Energy,Revised Edition,0,3,0.02,0.24,abugames,tcgplayer,50,,%
Iron Star,Revised Edition,0,2,,0.18,,tcgplayer,,,%
Ironroot Treefolk,Revised Edition,0,7,0.01,0.15,magicdotcards,tcgplayer,,,%
Island Fish Jasconius,Revised Edition,0,1,0.1,0.32,magicdotcards,tcgplayer,,,%
Ivory Cup,Revised Edition,0,2,,0.17,,tcgplayer,,,%
Ivory Tower,Revised Edition,0,1,0.5,1.16,magicdotcards,tcgplayer,,,%
Jandor's Ring,Revised Edition,0,2,0.1,0.31,magicdotcards,tcgplayer,,,%
Jandor's Saddlebags,Revised Edition,0,1,0.1,0.31,magicdotcards,tcgplayer,,,%
Jayemdae Tome,Revised Edition,0,1,0.19,0.31,abugames,tcgplayer,12,,%
Juggernaut,Revised Edition,0,5,0.02,0.18,abugames,tcgplayer,99,,%
Jump,Revised Edition,0,5,,0.16,,tcgplayer,,,%
Karma,Revised Edition,0,4,,0.18,,tcgplayer,,,%
Kormus Bell,Revised Edition,0,1,0.1,0.31,magicdotcards,tcgplayer,,,%
Kudzu,Revised Edition,0,2,0.11,0.33,abugames,tcgplayer,20,,%
Lance,Revised Edition,0,2,,0.18,,tcgplayer,,,%
Library of Leng,Revised Edition,0,4,0.05,0.33,magicdotcards,tcgplayer,,,%
Lifeforce,Revised Edition,0,3,,0.2,,tcgplayer,,,%
Lifetap,Revised Edition,0,2,,0.18,,tcgplayer,,,%
Lightning Bolt,Revised Edition,0,2,1,2.32,magicdotcards,tcgplayer,,,%
Living Wall,Revised Edition,0,3,0.1,0.24,magicdotcards,tcgplayer,,,%
Llanowar Elves,Revised Edition,0,14,0.06,0.19,cardkingdom,tcgplayer,3,,%
Lord of Atlantis,Revised Edition,0,1,3.7,4.96,cardkingdom,tcgplayer,18,,%
Lure,Revised Edition,0,8,,0.18,,tcgplayer,,,%
Magical Hack,Revised Edition,0,3,0.1,0.31,magicdotcards,tcgplayer,,,%
Magnetic Mountain,Revised Edition,0,1,0.1,0.31,magicdotcards,tcgplayer,,,%
Mana Flare,Revised Edition,0,4,1.03,1.88,abugames,tcgplayer,8,,%
Mana Short,Revised Edition,0,1,0.32,0.71,abugames,tcgplayer,99,,%
Mana Vault,Revised Edition,0,1,5.9,10.99,abugames,tcgplayer,12,,%
Manabarbs,Revised Edition,0,2,0.1,0.33,magicdotcards,tcgplayer,,,%
Meekstone,Revised Edition,0,1,1,1.49,cardkingdom,tcgplayer,7,,%
Merfolk of the Pearl Trident,Revised Edition,0,4,,0.16,,tcgplayer,,,%
Mesa Pegasus,Revised Edition,0,9,,0.16,,tcgplayer,,,%
Mijae Djinn,Revised Edition,0,2,0.25,0.4,magicdotcards,tcgplayer,,,%
Millstone,Revised Edition,0,1,0.1,0.46,magicdotcards,tcgplayer,,,%
Mind Twist,Revised Edition,0,2,2.35,2.7,cardkingdom,tcgplayer,18,,%
Mons's Goblin Raiders,Revised Edition,0,4,,0.16,,tcgplayer,,,%
Nettling Imp,Revised Edition,0,7,0.1,0.22,magicdotcards,tcgplayer,,,%
Nevinyrral's Disk,Revised Edition,0,1,1.5,1.95,magicdotcards,tcgplayer,,,%
Obsianus Golem,Revised Edition,0,2,,0.18,,tcgplayer,,,%
Onulet,Revised Edition,0,1,0.1,0.3,magicdotcards,tcgplayer,,,%
Orcish Oriflamme,Revised Edition,0,5,,0.18,,tcgplayer,,,%
Ornithopter,Revised Edition,0,3,0.1,0.34,magicdotcards,tcgplayer,,,%
Paralyze,Revised Edition,0,4,0.05,0.15,cardkingdom,tcgplayer,1,,%
Pearled Unicorn,Revised Edition,0,5,,0.16,,tcgplayer,,,%
Pestilence,Revised Edition,0,4,,0.17,,tcgplayer,,,%
Phantasmal Forces,Revised Edition,0,5,,0.19,,tcgplayer,,,%
Phantom Monster,Revised Edition,0,3,,0.18,,tcgplayer,,,%
Pirate Ship,Revised Edition,0,2,0.1,0.31,magicdotcards,tcgplayer,,,%
Plague Rats,Revised Edition,0,12,,0.15,,tcgplayer,,,%
Plateau,Revised Edition,0,2,35.81,65.99,abugames,tcgplayer,20,,%
Power Leak,Revised Edition,0,6,,0.16,,tcgplayer,,,%
Power Sink,Revised Edition,0,6,,0.16,,tcgplayer,,,%
Power Surge,Revised Edition,0,1,0.1,0.32,magicdotcards,tcgplayer,,,%
Primal Clay,Revised Edition,0,1,0.1,0.31,magicdotcards,tcgplayer,,,%
Prodigal Sorcerer,Revised Edition,0,5,0.06,0.17,cardkingdom,tcgplayer,2,,%
Psychic Venom,Revised Edition,0,6,,0.16,,tcgplayer,,,%
Purelace,Revised Edition,0,1,0.1,0.3,magicdotcards,tcgplayer,,,%
Raise Dead,Revised Edition,0,5,,0.16,,tcgplayer,,,%
Reconstruction,Revised Edition,0,4,,0.16,,tcgplayer,,,%
Red Elemental Blast,Revised Edition,0,1,0.06,0.19,cardkingdom,tcgplayer,7,,%
Red Ward,Revised Edition,0,2,,0.19,,tcgplayer,,,%
Regeneration,Revised Edition,0,6,,0.17,,tcgplayer,,,%
Regrowth,Revised Edition,0,4,0.25,1.3,magicdotcards,tcgplayer,,,%
Resurrection,Revised Edition,0,7,,0.24,,tcgplayer,,,%
Reverse Damage,Revised Edition,0,1,0.25,0.35,magicdotcards,tcgplayer,,,%
Reverse Polarity,Revised Edition,0,1,0.06,0.18,cardkingdom,tcgplayer,1,,%
Roc of Kher Ridges,Revised Edition,0,3,0.11,0.32,abugames,tcgplayer,20,,%
Rock Hydra,Revised Edition,0,2,0.32,0.44,abugames,tcgplayer,8,,%
Rod of Ruin,Revised Edition,0,2,,0.18,,tcgplayer,,,%
Sacrifice,Revised Edition,0,3,,0.2,,tcgplayer,,,%
Samite Healer,Revised Edition,0,12,,0.16,,tcgplayer,,,%
Savannah,Revised Edition,0,3,52.34,87.49,abugames,tcgplayer,20,,%
Scathe Zombies,Revised Edition,0,5,,0.15,,tcgplayer,,,%
Scavenging Ghoul,Revised Edition,0,1,,0.17,,tcgplayer,,,%
Scrubland,Revised Edition,0,2,48,78.69,cardkingdom,tcgplayer,19,,%
Scryb Sprites,Revised Edition,0,9,,0.16,,tcgplayer,,,%
Sea Serpent,Revised Edition,0,5,,0.15,,tcgplayer,,,%
Sedge Troll,Revised Edition,0,2,0.14,0.36,abugames,tcgplayer,8,,%
Serendib Efreet,Revised Edition,0,1,0.62,0.82,abugames,tcgplayer,12,,%
Serra Angel,Revised Edition,0,2,0.25,0.36,magicdotcards,tcgplayer,,,%
Shatter,Revised Edition,0,10,,0.15,,tcgplayer,,,%
Shatterstorm,Revised Edition,0,4,0.46,1.13,abugames,tcgplayer,30,,%
Shivan Dragon,Revised Edition,0,1,1.33,1.04,abugames,tcgplayer,12,,%
Simulacrum,Revised Edition,0,2,0.1,0.2,magicdotcards,tcgplayer,,,%
Siren's Call,Revised Edition,0,6,,0.19,,tcgplayer,,,%
Sol Ring,Revised Edition,0,3,2.58,4.13,abugames,tcgplayer,10,,%
Sorceress Queen,Revised Edition,0,1,0.25,0.52,magicdotcards,tcgplayer,,,%
Soul Net,Revised Edition,0,1,,0.18,,tcgplayer,,,%
Spell Blast,Revised Edition,0,7,,0.16,,tcgplayer,,,%
Stasis,Revised Edition,0,1,0.76,1.53,abugames,tcgplayer,20,,%
Steal Artifact,Revised Edition,0,3,,0.19,,tcgplayer,,,%
Stone Giant,Revised Edition,0,1,,0.18,,tcgplayer,,,%
Stone Rain,Revised Edition,0,6,,0.17,,tcgplayer,,,%
Stream of Life,Revised Edition,0,11,,0.16,,tcgplayer,,,%
Sunglasses of Urza,Revised Edition,0,1,0.1,0.32,magicdotcards,tcgplayer,,,%
Swords to Plowshares,Revised Edition,0,1,1.52,2.52,abugames,tcgplayer,10,,%
Taiga,Revised Edition,0,1,49.58,87.43,abugames,tcgplayer,20,,%
Terror,Revised Edition,0,3,,0.17,,tcgplayer,,,%
The Rack,Revised Edition,0,2,1,2.18,magicdotcards,tcgplayer,,,%
Thicket Basilisk,Revised Edition,0,5,,0.19,,tcgplayer,,,%
Thoughtlace,Revised Edition,0,1,0.1,0.29,magicdotcards,tcgplayer,,,%
Throne of Bone,Revised Edition,0,1,,0.18,,tcgplayer,,,%
Timber Wolves,Revised Edition,0,1,0.1,0.33,magicdotcards,tcgplayer,,,%
Titania's Song,Revised Edition,0,1,0.1,0.31,magicdotcards,tcgplayer,,,%
Tranquility,Revised Edition,0,3,,0.15,,tcgplayer,,,%
Tropical Island,Revised Edition,0,1,160,237.49,cardkingdom,tcgplayer,21,,%
Tsunami,Revised Edition,0,2,,0.2,,tcgplayer,,,%
Tundra,Revised Edition,0,1,135,215.59,cardkingdom,tcgplayer,14,,%
Underground Sea,Revised Edition,0,1,235,358.85,cardkingdom,tcgplayer,17,,%
Unholy Strength,Revised Edition,0,4,,0.15,,tcgplayer,,,%
Unstable Mutation,Revised Edition,0,6,,0.16,,tcgplayer,,,%
Unsummon,Revised Edition,0,10,,0.16,,tcgplayer,,,%
Uthden Troll,Revised Edition,0,2,,0.18,,tcgplayer,,,%
Verduran Enchantress,Revised Edition,0,1,0.3,0.39,cardkingdom,tcgplayer,11,,%
Volcanic Eruption,Revised Edition,0,2,0.1,0.32,magicdotcards,tcgplayer,,,%
Volcanic Island,Revised Edition,0,1,210,332.49,cardkingdom,tcgplayer,17,,%
Wall of Air,Revised Edition,0,4,,0.19,,tcgplayer,,,%
Wall of Bone,Revised Edition,0,5,,0.19,,tcgplayer,,,%
Wall of Brambles,Revised Edition,0,2,,0.19,,tcgplayer,,,%
Wall of Fire,Revised Edition,0,1,,0.18,,tcgplayer,,,%
Wall of Ice,Revised Edition,0,1,,0.2,,tcgplayer,,,%
Wall of Stone,Revised Edition,0,1,,0.2,,tcgplayer,,,%
Wall of Swords,Revised Edition,0,3,,0.19,,tcgplayer,,,%
Wall of Water,Revised Edition,0,1,,0.18,,tcgplayer,,,%
Wall of Wood,Revised Edition,0,9,,0.16,,tcgplayer,,,%
Wanderlust,Revised Edition,0,1,,0.18,,tcgplayer,,,%
War Mammoth,Revised Edition,0,6,,0.17,,tcgplayer,,,%
Warp Artifact,Revised Edition,0,1,0.1,0.32,magicdotcards,tcgplayer,,,%
Weakness,Revised Edition,0,4,,0.16,,tcgplayer,,,%
Wheel of Fortune,Revised Edition,0,3,18.5,23.46,cardkingdom,tcgplayer,21,,%
White Knight,Revised Edition,0,2,0.05,0.27,magicdotcards,tcgplayer,,,%
White Ward,Revised Edition,0,4,,0.18,,tcgplayer,,,%
Wild Growth,Revised Edition,0,15,,0.17,,tcgplayer,,,%
Wooden Sphere,Revised Edition,0,1,,0.18,,tcgplayer,,,%
Inquisition of Kozilek,Rise of the Eldrazi,0,1,8.8,13.55,isleofcards,isleofcards,1,8,%
Kor Spiritdancer,Rise of the Eldrazi,0,4,8.42,12.03,isleofcards,isleofcards,5,6,%
"Ulamog, the Infinite Gyre",Rise of the Eldrazi,0,1,13.19,17.95,isleofcards,isleofcards,9,3,%
"Oboro, Palace in the Clouds",Saviors of Kamigawa,0,2,15.47,21.34,isleofcards,isleofcards,7,5,%
Argent Sphinx,Scars of Mirrodin,0,10,0.1,0.28,magicdotcards,tcgplayer,,,%
Asceticism,Scars of Mirrodin,0,2,5.49,9.45,adventureson,tcgplayer,8,,%
Carnifex Demon,Scars of Mirrodin,0,10,0.1,0.32,magicdotcards,isleofcards,,12,%
Cerebral Eruption,Scars of Mirrodin,0,12,0.1,0.29,magicdotcards,tcgplayer,,,%
Chimeric Mass,Scars of Mirrodin,0,10,0.14,0.29,isleofcards,tcgplayer,2,,%
Contagion Engine,Scars of Mirrodin,0,3,2.02,4.04,isleofcards,isleofcards,6,4,%
Darkslick Shores,Scars of Mirrodin,0,2,6.2,8.86,isleofcards,isleofcards,1,8,%
Elspeth Tirel,Scars of Mirrodin,0,3,7.01,10.31,isleofcards,tcgplayer,10,,%
Etched Champion,Scars of Mirrodin,0,3,3,3.39,magicdotcards,tcgplayer,,,%
Ezuri's Brigade,Scars of Mirrodin,0,5,0.1,0.28,magicdotcards,isleofcards,,12,%
Genesis Wave,Scars of Mirrodin,0,1,4.14,6.9,isleofcards,isleofcards,2,6,%
"Geth, Lord of the Vault",Scars of Mirrodin,0,1,4.73,6.86,isleofcards,isleofcards,10,2,%
Grand Architect,Scars of Mirrodin,0,5,1.01,2.71,abugames,isleofcards,30,12,%
Grindclock,Scars of Mirrodin,0,13,0.1,0.38,magicdotcards,tcgplayer,,,%
Hoard-Smelter Dragon,Scars of Mirrodin,0,3,0.15,0.31,isleofcards,tcgplayer,2,,%
Indomitable Archangel,Scars of Mirrodin,0,2,1,1.43,magicdotcards,tcgplayer,,,%
Inexorable Tide,Scars of Mirrodin,0,2,0.2,0.64,adventureson,isleofcards,20,4,%
"Kemba, Kha Regent",Scars of Mirrodin,0,19,0.1,0.42,magicdotcards,tcgplayer,,,%
Kuldotha Forgemaster,Scars of Mirrodin,0,3,1.21,2.2,isleofcards,isleofcards,7,3,%
Kuldotha Phoenix,Scars of Mirrodin,0,11,0.14,0.28,isleofcards,isleofcards,2,10,%
Leonin Arbiter,Scars of Mirrodin,0,10,3,4.69,cardkingdom,isleofcards,33,12,%
Livewire Lash,Scars of Mirrodin,0,3,0.1,0.4,adventureson,tcgplayer,27,,%
Lux Cannon,Scars of Mirrodin,0,1,2,2.94,magicdotcards,tcgplayer,,,%
Memoricide,Scars of Mirrodin,0,1,0.19,0.38,isleofcards,isleofcards,3,6,%
Mimic Vat,Scars of Mirrodin,0,2,1.62,2.95,isleofcards,isleofcards,7,5,%
Mindslaver,Scars of Mirrodin,0,1,2.5,4.93,magicdotcards,isleofcards,,10,%
Molten Psyche,Scars of Mirrodin,0,11,0.1,0.38,adventureson,tcgplayer,15,,%
Mox Opal,Scars of Mirrodin,0,2,27.27,39.23,isleofcards,tcgplayer,5,,%
Myr Battlesphere,Scars of Mirrodin,0,8,0.25,0.56,cardkingdom,tcgplayer,22,,%
Myr Propagator,Scars of Mirrodin,0,9,0.21,0.33,cardkingdom,tcgplayer,17,,%
Myr Reservoir,Scars of Mirrodin,0,10,0.27,0.55,isleofcards,isleofcards,3,6,%
Necrotic Ooze,Scars of Mirrodin,0,12,0.7,1.4,isleofcards,isleofcards,2,9,%
Painful Quandary,Scars of Mirrodin,0,3,2,2.78,magicdotcards,isleofcards,,5,%
Precursor Golem,Scars of Mirrodin,0,9,0.14,0.29,isleofcards,tcgplayer,3,,%
Prototype Portal,Scars of Mirrodin,0,8,0.5,1.28,magicdotcards,isleofcards,,11,%
Putrefax,Scars of Mirrodin,0,11,0.1,0.31,magicdotcards,tcgplayer,,,%
Quicksilver Gargantuan,Scars of Mirrodin,0,4,0.46,0.92,isleofcards,isleofcards,1,5,%
Ratchet Bomb,Scars of Mirrodin,0,1,0.5,1.1,magicdotcards,tcgplayer,,,%
Razorverge Thicket,Scars of Mirrodin,0,5,6,8.22,magicdotcards,isleofcards,,11,%
Seachrome Coast,Scars of Mirrodin,0,3,3.85,5.36,abugames,isleofcards,16,6,%
Semblance Anvil,Scars of Mirrodin,0,6,0.5,1.12,magicdotcards,isleofcards,,9,%
Shape Anew,Scars of Mirrodin,0,4,0.5,1.06,magicdotcards,isleofcards,,12,%
"Skithiryx, the Blight Dragon",Scars of Mirrodin,0,2,8,11.57,magicdotcards,isleofcards,,3,%
Spikeshot Elder,Scars of Mirrodin,0,9,0.2,0.4,isleofcards,tcgplayer,6,,%
Steel Hellkite,Scars of Mirrodin,0,6,0.26,0.95,cardkingdom,isleofcards,17,8,%
Strata Scythe,Scars of Mirrodin,0,7,0.14,0.29,isleofcards,isleofcards,6,5,%
Sunblast Angel,Scars of Mirrodin,0,3,0.25,0.73,magicdotcards,tcgplayer,,,%
Tempered Steel,Scars of Mirrodin,0,9,0.93,1.38,abugames,tcgplayer,20,,%
Tower of Calamities,Scars of Mirrodin,0,10,0.1,0.34,magicdotcards,isleofcards,,10,%
True Conviction,Scars of Mirrodin,0,2,0.5,1.45,magicdotcards,isleofcards,,10,%
Tunnel Ignus,Scars of Mirrodin,0,13,0.1,0.29,magicdotcards,isleofcards,,12,%
Wurmcoil Engine,Scars of Mirrodin,0,4,12,17.48,magicdotcards,isleofcards,,12,%
Cursecatcher,Shadowmoor,0,3,6.91,11.52,isleofcards,tcgplayer,2,,%
Kitchen Finks,Shadowmoor,0,1,10.34,14.78,isleofcards,isleofcards,6,6,%
Painter's Servant,Shadowmoor,0,2,14.61,19.89,isleofcards,tcgplayer,8,,%
Prismatic Omen,Shadowmoor,0,1,10.94,15.09,isleofcards,isleofcards,7,3,%
Sunken Ruins,Shadowmoor,0,2,12.09,16.26,adventureson,isleofcards,14,3,%
Altered Ego,Shadows over Innistrad,0,31,0.1,0.36,magicdotcards,isleofcards,,40,%
Always Watching,Shadows over Innistrad,0,30,1.4,2,cardkingdom,tcgplayer,134,,%
Angel of Deliverance,Shadows over Innistrad,0,14,0.1,0.3,magicdotcards,isleofcards,,40,%
Anguished Unmaking,Shadows over Innistrad,0,17,0.93,1.86,isleofcards,isleofcards,3,36,%
Archangel Avacyn,Shadows over Innistrad,0,2,16.5,20.71,cardkingdom,isleofcards,106,31,%
Arlinn Kord,Shadows over Innistrad,0,8,7,10.92,cardkingdom,isleofcards,51,37,%
Asylum Visitor,Shadows over Innistrad,0,9,0.52,0.95,cardkingdom,tcgplayer,118,,%
Avacyn's Judgment,Shadows over Innistrad,0,19,0.34,0.68,isleofcards,isleofcards,7,23,%
Behold the Beyond,Shadows over Innistrad,0,8,0.25,0.91,magicdotcards,isleofcards,,40,%
Brain in a Jar,Shadows over Innistrad,0,8,0.62,0.89,isleofcards,isleofcards,19,3,%
Burn from Within,Shadows over Innistrad,0,11,0.19,0.38,isleofcards,tcgplayer,3,,%
Bygone Bishop,Shadows over Innistrad,0,12,0.8,1.46,cardkingdom,isleofcards,94,22,%
Choked Estuary,Shadows over Innistrad,0,4,1,1.9,cardkingdom,isleofcards,107,19,%
Confirm Suspicions,Shadows over Innistrad,0,13,0.1,0.32,adventureson,isleofcards,45,40,%
Corrupted Grafstone,Shadows over Innistrad,0,17,0.1,0.33,magicdotcards,tcgplayer,,,%
Cryptolith Rite,Shadows over Innistrad,0,36,1.5,2.46,magicdotcards,isleofcards,,11,%
Deathcap Cultivator,Shadows over Innistrad,0,26,0.29,0.59,isleofcards,isleofcards,8,32,%
Declaration in Stone,Shadows over Innistrad,0,5,4,5.51,cardkingdom,isleofcards,152,14,%
Descend upon the Sinful,Shadows over Innistrad,0,3,0.71,1.43,isleofcards,isleofcards,11,28,%
Devils' Playground,Shadows over Innistrad,0,12,0.13,0.26,isleofcards,tcgplayer,4,,%
Diregraf Colossus,Shadows over Innistrad,0,7,1.25,2.17,cardkingdom,isleofcards,113,19,%
Drogskol Cavalry,Shadows over Innistrad,0,19,0.1,0.27,magicdotcards,tcgplayer,,,%
Drownyard Temple,Shadows over Innistrad,0,22,0.41,0.82,isleofcards,isleofcards,4,31,%
Eerie Interlude,Shadows over Innistrad,0,11,0.31,0.63,isleofcards,tcgplayer,9,,%
Elusive Tormentor,Shadows over Innistrad,0,12,0.19,0.38,isleofcards,tcgplayer,3,,%
Engulf the Shore,Shadows over Innistrad,0,10,0.62,1.24,isleofcards,isleofcards,24,2,%
Epiphany at the Drownyard,Shadows over Innistrad,0,27,0.21,0.43,isleofcards,tcgplayer,4,,%
Ever After,Shadows over Innistrad,0,12,0.25,0.63,magicdotcards,isleofcards,,40,%
Falkenrath Gorger,Shadows over Innistrad,0,9,0.64,1.18,isleofcards,isleofcards,21,17,%
Fevered Visions,Shadows over Innistrad,0,20,0.4,0.81,isleofcards,tcgplayer,6,,%
Flameblade Angel,Shadows over Innistrad,0,11,0.1,0.32,magicdotcards,tcgplayer,,,%
Foreboding Ruins,Shadows over Innistrad,0,28,1.75,2.22,cardkingdom,isleofcards,106,4,%
Forgotten Creation,Shadows over Innistrad,0,11,0.1,0.39,magicdotcards,tcgplayer,,,%
Fortified Village,Shadows over Innistrad,0,14,1.03,2.06,isleofcards,isleofcards,12,18,%
From Under the Floorboards,Shadows over Innistrad,0,15,0.1,0.43,cardkingdom,isleofcards,60,40,%
Game Trail,Shadows over Innistrad,0,4,1.25,2,cardkingdom,isleofcards,95,23,%
Geier Reach Bandit,Shadows over Innistrad,0,15,0.44,0.89,isleofcards,tcgplayer,7,,%
Geralf's Masterpiece,Shadows over Innistrad,0,7,0.47,0.95,isleofcards,isleofcards,2,37,%
Goldnight Castigator,Shadows over Innistrad,0,8,0.8,1.91,adventureson,isleofcards,6,33,%
Hanweir Militia Captain,Shadows over Innistrad,0,6,0.6,1.08,cardkingdom,isleofcards,97,31,%
Harness the Storm,Shadows over Innistrad,0,10,0.1,0.32,magicdotcards,isleofcards,,40,%
Inexorable Blob,Shadows over Innistrad,0,13,0.1,0.35,adventureson,isleofcards,7,40,%
Invocation of Saint Traft,Shadows over Innistrad,0,13,0.1,0.3,magicdotcards,tcgplayer,,,%
"Jace, Unraveler of Secrets",Shadows over Innistrad,0,1,4,6.33,magicdotcards,isleofcards,,26,%
Markov Dreadknight,Shadows over Innistrad,0,14,0.1,0.26,magicdotcards,isleofcards,,40,%
Mindwrack Demon,Shadows over Innistrad,0,13,2,2.52,magicdotcards,isleofcards,,18,%
"Nahiri, the Harbinger",Shadows over Innistrad,0,5,16.45,23.5,isleofcards,isleofcards,2,36,%
Nephalia Moondrakes,Shadows over Innistrad,0,18,0.1,0.31,magicdotcards,tcgplayer,,,%
"Odric, Lunarch Marshal",Shadows over Innistrad,0,7,0.28,0.57,isleofcards,isleofcards,6,31,%
"Olivia, Mobilized for War",Shadows over Innistrad,0,4,4,5.23,cardkingdom,isleofcards,69,21,%
Port Town,Shadows over Innistrad,0,15,1.7,2.1,cardkingdom,isleofcards,93,16,%
Prized Amalgam,Shadows over Innistrad,0,18,1.4,2.55,cardkingdom,isleofcards,131,22,%
Rattlechains,Shadows over Innistrad,0,2,2.5,5.62,cardkingdom,tcgplayer,139,,%
Relentless Dead,Shadows over Innistrad,0,5,8.61,12.3,isleofcards,isleofcards,6,21,%
Sage of Ancient Lore,Shadows over Innistrad,0,11,0.18,0.36,isleofcards,isleofcards,3,36,%
Scourge Wolf,Shadows over Innistrad,0,14,0.17,0.34,isleofcards,tcgplayer,1,,%
Seasons Past,Shadows over Innistrad,0,4,0.8,2.22,cardkingdom,isleofcards,82,47,%
Second Harvest,Shadows over Innistrad,0,10,0.1,0.54,magicdotcards,tcgplayer,,,%
"Sigarda, Heron's Grace",Shadows over Innistrad,0,14,1.03,2.06,isleofcards,isleofcards,1,34,%
Silverfur Partisan,Shadows over Innistrad,0,14,0.44,0.89,isleofcards,isleofcards,4,31,%
Sin Prodder,Shadows over Innistrad,0,11,0.47,0.95,isleofcards,isleofcards,3,30,%
Slayer's Plate,Shadows over Innistrad,0,15,0.1,0.26,magicdotcards,tcgplayer,,,%
"Sorin, Grim Nemesis",Shadows over Innistrad,0,4,6,8.74,magicdotcards,isleofcards,,28,%
Soul Swallower,Shadows over Innistrad,0,14,0.14,0.28,isleofcards,tcgplayer,1,,%
Startled Awake,Shadows over Innistrad,0,1,2,2.65,adventureson,tcgplayer,4,,%
Tamiyo's Journal,Shadows over Innistrad,0,9,0.29,0.59,isleofcards,tcgplayer,6,,%
Thalia's Lieutenant,Shadows over Innistrad,0,9,2.5,3.5,cardkingdom,tcgplayer,111,,%
The Gitrog Monster,Shadows over Innistrad,0,21,2,3.27,magicdotcards,isleofcards,,34,%
Thing in the Ice,Shadows over Innistrad,0,6,3.25,4.46,cardkingdom,isleofcards,130,17,%
Tireless Tracker,Shadows over Innistrad,0,3,4,4.99,cardkingdom,tcgplayer,117,,%
To the Slaughter,Shadows over Innistrad,0,12,0.25,0.68,magicdotcards,isleofcards,,35,%
Traverse the Ulvenwald,Shadows over Innistrad,0,7,1,1.97,cardkingdom,tcgplayer,121,,%
Triskaidekaphobia,Shadows over Innistrad,0,2,0.5,1.28,magicdotcards,isleofcards,,19,%
Ulvenwald Hydra,Shadows over Innistrad,0,7,1.25,1.95,adventureson,isleofcards,15,39,%
Welcome to the Fold,Shadows over Innistrad,0,17,0.1,0.29,magicdotcards,isleofcards,,40,%
Westvale Abbey,Shadows over Innistrad,0,5,3.5,5.74,cardkingdom,isleofcards,89,20,%
Wolf of Devil's Breach,Shadows over Innistrad,0,7,0.25,0.79,adventureson,isleofcards,4,37,%
"Elspeth, Knight-Errant",Shards of Alara,0,1,11.08,14.06,isleofcards,tcgplayer,12,,%
Acidic Sliver,Stronghold,0,1,0.1,0.32,magicdotcards,tcgplayer,,,%
Bandage,Stronghold,0,2,,0.17,,tcgplayer,,,%
Bottomless Pit,Stronghold,0,1,0.05,0.23,cardkingdom,tcgplayer,10,,%
Brush with Death,Stronghold,0,2,,0.16,,tcgplayer,,,%
Bullwhip,Stronghold,0,1,,0.19,,tcgplayer,,,%
Calming Licid,Stronghold,0,2,,0.2,,tcgplayer,,,%
Cannibalize,Stronghold,0,2,,0.16,,tcgplayer,,,%
Cloud Spirit,Stronghold,0,2,,0.17,,tcgplayer,,,%
Contemplation,Stronghold,0,1,,0.2,,tcgplayer,,,%
Contempt,Stronghold,0,1,,0.17,,tcgplayer,,,%
Conviction,Stronghold,0,1,,0.17,,tcgplayer,,,%
Craven Giant,Stronghold,0,1,0.06,0.16,cardkingdom,tcgplayer,1,,%
Crossbow Ambush,Stronghold,0,2,,0.17,,tcgplayer,,,%
Crovax the Cursed,Stronghold,0,1,0.25,0.43,magicdotcards,tcgplayer,,,%
Dream Prowler,Stronghold,0,1,,0.17,,tcgplayer,,,%
Duct Crawler,Stronghold,0,1,,0.17,,tcgplayer,,,%
Dungeon Shade,Stronghold,0,3,,0.17,,tcgplayer,,,%
Endangered Armodon,Stronghold,0,1,,0.16,,tcgplayer,,,%
Ensnaring Bridge,Stronghold,0,1,26.09,41.01,abugames,tcgplayer,20,,%
Fling,Stronghold,0,2,,0.22,,tcgplayer,,,%
Flowstone Hellion,Stronghold,0,1,,0.2,,tcgplayer,,,%
Flowstone Shambler,Stronghold,0,1,,0.17,,tcgplayer,,,%
Furnace Spirit,Stronghold,0,1,,0.17,,tcgplayer,,,%
Gliding Licid,Stronghold,0,1,,0.2,,tcgplayer,,,%
Hammerhead Shark,Stronghold,0,1,,0.17,,tcgplayer,,,%
Heartstone,Stronghold,0,1,0.1,0.37,magicdotcards,tcgplayer,,,%
Heat of Battle,Stronghold,0,1,0.02,0.22,abugames,tcgplayer,99,,%
Hidden Retreat,Stronghold,0,1,0.1,0.32,magicdotcards,tcgplayer,,,%
Honor Guard,Stronghold,0,1,,0.17,,tcgplayer,,,%
Jinxed Ring,Stronghold,0,1,0.1,0.34,magicdotcards,tcgplayer,,,%
Lab Rats,Stronghold,0,1,0.06,0.19,cardkingdom,tcgplayer,15,,%
Leap,Stronghold,0,2,,0.16,,tcgplayer,,,%
Lowland Basilisk,Stronghold,0,1,,0.17,,tcgplayer,,,%
Mask of the Mimic,Stronghold,0,1,0.02,0.3,abugames,tcgplayer,99,,%
Mind Games,Stronghold,0,1,,0.17,,tcgplayer,,,%
Mind Peel,Stronghold,0,1,0.06,0.22,cardkingdom,tcgplayer,2,,%
Mob Justice,Stronghold,0,1,,0.18,,tcgplayer,,,%
Mogg Bombers,Stronghold,0,3,,0.17,,tcgplayer,,,%
Mogg Flunkies,Stronghold,0,1,,0.17,,tcgplayer,,,%
Mogg Maniac,Stronghold,0,1,0.3,0.94,cardkingdom,tcgplayer,19,,%
Morgue Thrull,Stronghold,0,1,,0.17,,tcgplayer,,,%
Mortuary,Stronghold,0,1,0.1,0.37,magicdotcards,tcgplayer,,,%
Mulch,Stronghold,0,2,,0.2,,tcgplayer,,,%
Overgrowth,Stronghold,0,1,0.1,0.25,magicdotcards,tcgplayer,,,%
Rabid Rats,Stronghold,0,1,,0.17,,tcgplayer,,,%
Ruination,Stronghold,0,1,0.8,0.98,cardkingdom,tcgplayer,20,,%
Samite Blessing,Stronghold,0,1,,0.15,,tcgplayer,,,%
Seething Anger,Stronghold,0,1,0.06,0.17,cardkingdom,tcgplayer,1,,%
Serpent Warrior,Stronghold,0,1,,0.17,,tcgplayer,,,%
Shifting Wall,Stronghold,0,1,0.1,0.35,magicdotcards,tcgplayer,,,%
Skyshroud Archer,Stronghold,0,1,,0.17,,tcgplayer,,,%
Skyshroud Falcon,Stronghold,0,2,,0.17,,tcgplayer,,,%
Skyshroud Troopers,Stronghold,0,1,,0.17,,tcgplayer,,,%
Smite,Stronghold,0,1,,0.17,,tcgplayer,,,%
Spike Breeder,Stronghold,0,1,0.1,0.33,magicdotcards,tcgplayer,,,%
Spike Colony,Stronghold,0,2,,0.16,,tcgplayer,,,%
Spike Worker,Stronghold,0,2,,0.17,,tcgplayer,,,%
Spindrift Drake,Stronghold,0,1,,0.17,,tcgplayer,,,%
Spined Sliver,Stronghold,0,1,0.02,0.27,abugames,tcgplayer,99,,%
Spined Wurm,Stronghold,0,2,,0.17,,tcgplayer,,,%
Spirit en-Kor,Stronghold,0,1,,0.17,,tcgplayer,,,%
Tidal Surge,Stronghold,0,2,,0.17,,tcgplayer,,,%
Tidal Warrior,Stronghold,0,2,,0.19,,tcgplayer,,,%
Torment,Stronghold,0,3,,0.17,,tcgplayer,,,%
Tortured Existence,Stronghold,0,1,0.12,0.26,abugames,tcgplayer,10,,%
Venerable Monk,Stronghold,0,1,,0.17,,tcgplayer,,,%
Victual Sliver,Stronghold,0,1,0.1,0.33,magicdotcards,tcgplayer,,,%
Wall of Razors,Stronghold,0,1,,0.31,,tcgplayer,,,%
Wall of Tears,Stronghold,0,1,0.07,0.33,cardkingdom,tcgplayer,10,,%
Youthful Knight,Stronghold,0,1,,0.17,,tcgplayer,,,%
Aluren,Tempest,0,3,9,14.81,cardkingdom,tcgplayer,22,,%
Broken Fall,Tempest,0,1,,0.17,,tcgplayer,,,%
Caldera Lake,Tempest,0,1,0.25,0.79,magicdotcards,tcgplayer,,,%
Cinder Marsh,Tempest,0,1,,0.2,,tcgplayer,,,%
Circle of Protection: Green,Tempest,0,1,,0.24,,tcgplayer,,,%
Dauthi Slayer,Tempest,0,2,0.01,0.18,magicdotcards,tcgplayer,,,%
Dirtcowl Wurm,Tempest,0,4,0.25,0.7,magicdotcards,tcgplayer,,,%
Disenchant,Tempest,0,1,0.01,0.18,magicdotcards,tcgplayer,,,%
"Eladamri, Lord of Leaves",Tempest,0,1,7.31,10.98,abugames,tcgplayer,8,,%
Elite Javelineer,Tempest,0,1,,0.17,,tcgplayer,,,%
Evincar's Justice,Tempest,0,1,0.07,0.24,cardkingdom,tcgplayer,20,,%
Flowstone Giant,Tempest,0,1,,0.15,,tcgplayer,,,%
Gravedigger,Tempest,0,1,,0.17,,tcgplayer,,,%
Humility,Tempest,0,1,12,23.98,magicdotcards,tcgplayer,,,%
Kezzerdrix,Tempest,0,1,0.1,0.32,magicdotcards,tcgplayer,,,%
Lightning Elemental,Tempest,0,1,,0.16,,tcgplayer,,,%
Mogg Hollows,Tempest,0,1,,0.19,,tcgplayer,,,%
Muscle Sliver,Tempest,0,1,0.3,0.71,cardkingdom,tcgplayer,40,,%
Overrun,Tempest,0,3,0.1,0.3,magicdotcards,tcgplayer,,,%
Pacifism,Tempest,0,1,,0.17,,tcgplayer,,,%
Pegasus Refuge,Tempest,0,1,0.1,0.31,magicdotcards,tcgplayer,,,%
Pincher Beetles,Tempest,0,1,,0.16,,tcgplayer,,,%
Reanimate,Tempest,0,1,6,9.24,cardkingdom,tcgplayer,24,,%
Renegade Warlord,Tempest,0,1,,0.19,,tcgplayer,,,%
Respite,Tempest,0,1,,0.17,,tcgplayer,,,%
Rootwater Hunter,Tempest,0,1,,0.18,,tcgplayer,,,%
Salt Flats,Tempest,0,2,0.33,0.76,cardkingdom,tcgplayer,10,,%
Servant of Volrath,Tempest,0,1,,0.17,,tcgplayer,,,%
Shatter,Tempest,0,1,,0.17,,tcgplayer,,,%
Skyshroud Condor,Tempest,0,1,,0.2,,tcgplayer,,,%
Skyshroud Forest,Tempest,0,1,0.25,0.78,magicdotcards,tcgplayer,,,%
Soltari Priest,Tempest,0,1,0.05,0.38,magicdotcards,tcgplayer,,,%
Spike Drone,Tempest,0,2,,0.16,,tcgplayer,,,%
Stalking Stones,Tempest,0,1,,0.23,,tcgplayer,,,%
Stone Rain,Tempest,0,1,0.01,0.17,magicdotcards,tcgplayer,,,%
Storm Front,Tempest,0,1,,0.19,,tcgplayer,,,%
Wall of Diffusion,Tempest,0,1,,0.17,,tcgplayer,,,%
Wasteland,Tempest,0,4,31.31,52.75,abugames,tcgplayer,30,,%
Whim of Volrath,Tempest,0,1,0.25,0.75,magicdotcards,tcgplayer,,,%
Wind Drake,Tempest,0,1,,0.16,,tcgplayer,,,%
Adarkar Wastes,Tenth Edition,0,3,7.94,11.52,isleofcards,isleofcards,10,1,%
Amnesia,The Dark,0,1,0.5,0.6,cardkingdom,tcgplayer,15,,%
Angry Mob,The Dark,0,2,0.02,0.24,abugames,tcgplayer,50,,%
Apprentice Wizard,The Dark,0,1,0.8,1,cardkingdom,tcgplayer,11,,%
Ashes to Ashes,The Dark,0,5,0.02,0.29,abugames,tcgplayer,99,,%
Ball Lightning,The Dark,0,1,4.8,4.72,cardkingdom,tcgplayer,10,,%
Banshee,The Dark,0,1,0.06,0.23,cardkingdom,tcgplayer,2,,%
Barl's Cage,The Dark,0,2,0.1,0.39,magicdotcards,tcgplayer,,,%
Blood Moon,The Dark,0,1,39.38,55.48,abugames,tcgplayer,8,,%
Blood of the Martyr,The Dark,0,4,0.02,0.24,abugames,tcgplayer,99,,%
Bog Imp,The Dark,0,5,,0.16,,tcgplayer,,,%
Bog Rats,The Dark,0,6,,0.16,,tcgplayer,,,%
Bone Flute,The Dark,0,1,,0.2,,tcgplayer,,,%
Book of Rass,The Dark,0,2,0.03,0.25,abugames,tcgplayer,20,,%
Brainwash,The Dark,0,6,,0.16,,tcgplayer,,,%
Brothers of Fire,The Dark,0,4,,0.21,,tcgplayer,,,%
Carnivorous Plant,The Dark,0,5,,0.16,,tcgplayer,,,%
Cave People,The Dark,0,2,0.02,0.2,abugames,tcgplayer,50,,%
City of Shadows,The Dark,0,3,3,4.56,cardkingdom,tcgplayer,10,,%
Cleansing,The Dark,0,1,0.49,0.89,abugames,tcgplayer,20,,%
Coal Golem,The Dark,0,3,0.02,0.21,abugames,tcgplayer,50,,%
Curse Artifact,The Dark,0,4,,0.2,,tcgplayer,,,%
Dance of Many,The Dark,0,1,0.6,0.9,cardkingdom,tcgplayer,10,,%
Dark Heart of the Wood,The Dark,0,6,,0.16,,tcgplayer,,,%
Dark Sphere,The Dark,0,4,0.52,1,abugames,tcgplayer,15,,%
Deep Water,The Dark,0,6,,0.16,,tcgplayer,,,%
Diabolic Machine,The Dark,0,4,0.02,0.2,abugames,tcgplayer,50,,%
Drowned,The Dark,0,5,,0.16,,tcgplayer,,,%
Dust to Dust,The Dark,0,1,0.14,0.23,abugames,tcgplayer,15,,%
Eater of the Dead,The Dark,0,1,2.75,4.48,abugames,tcgplayer,15,,%
Electric Eel,The Dark,0,2,0.06,0.21,cardkingdom,tcgplayer,8,,%
Elves of Deep Shadow,The Dark,0,1,0.9,1.2,abugames,tcgplayer,12,,%
Erosion,The Dark,0,5,0.06,0.15,cardkingdom,tcgplayer,1,,%
Eternal Flame,The Dark,0,4,0.11,0.43,abugames,tcgplayer,30,,%
Exorcist,The Dark,0,1,0.9,1.2,cardkingdom,tcgplayer,10,,%
Fasting,The Dark,0,3,0.02,0.21,abugames,tcgplayer,50,,%
Fellwar Stone,The Dark,0,3,3.47,4.83,abugames,tcgplayer,12,,%
Festival,The Dark,0,5,0.02,0.17,abugames,tcgplayer,50,,%
Fire Drake,The Dark,0,2,0.02,0.2,abugames,tcgplayer,50,,%
Fire and Brimstone,The Dark,0,4,0.02,0.21,abugames,tcgplayer,99,,%
Fissure,The Dark,0,2,,0.17,,tcgplayer,,,%
Flood,The Dark,0,2,0.06,0.31,adventureson,tcgplayer,3,,%
Fountain of Youth,The Dark,0,1,0.06,0.28,adventureson,tcgplayer,5,,%
Frankenstein's Monster,The Dark,0,4,0.9,0.86,cardkingdom,tcgplayer,10,,%
Gaea's Touch,The Dark,0,1,0.05,0.5,adventureson,tcgplayer,4,,%
Ghost Ship,The Dark,0,1,,0.16,,tcgplayer,,,%
Giant Shark,The Dark,0,5,,0.18,,tcgplayer,,,%
Goblin Caves,The Dark,0,4,0.02,0.41,abugames,tcgplayer,50,,%
Goblin Digging Team,The Dark,0,1,0.02,0.16,abugames,tcgplayer,50,,%
Goblin Hero,The Dark,0,5,,0.16,,tcgplayer,,,%
Goblin Rock Sled,The Dark,0,5,,0.15,,tcgplayer,,,%
Goblin Shrine,The Dark,0,5,,0.16,,tcgplayer,,,%
Goblin Wizard,The Dark,0,1,5,7.78,cardkingdom,tcgplayer,10,,%
Goblins of the Flarg,The Dark,0,7,0.02,0.16,abugames,tcgplayer,50,,%
Grave Robbers,The Dark,0,2,0.17,0.44,adventureson,tcgplayer,4,,%
Hidden Path,The Dark,0,1,0.26,0.7,abugames,tcgplayer,20,,%
Holy Light,The Dark,0,5,0.12,0.25,abugames,tcgplayer,15,,%
Inferno,The Dark,0,2,0.21,0.86,abugames,tcgplayer,99,,%
Inquisition,The Dark,0,5,,0.16,,tcgplayer,,,%
Knights of Thorn,The Dark,0,1,0.36,0.86,abugames,tcgplayer,30,,%
Land Leeches,The Dark,0,5,,0.16,,tcgplayer,,,%
Leviathan,The Dark,0,1,0.46,0.87,abugames,tcgplayer,20,,%
Living Armor,The Dark,0,2,0.02,0.2,abugames,tcgplayer,50,,%
Lurker,The Dark,0,1,0.19,0.37,abugames,tcgplayer,10,,%
Mana Clash,The Dark,0,1,0.52,0.47,cardkingdom,tcgplayer,10,,%
Mana Vortex,The Dark,0,2,2.07,3.96,abugames,tcgplayer,12,,%
Marsh Gas,The Dark,0,5,,0.16,,tcgplayer,,,%
Marsh Goblins,The Dark,0,7,,0.16,,tcgplayer,,,%
Marsh Viper,The Dark,0,5,,0.16,,tcgplayer,,,%
Martyr's Cry,The Dark,0,1,0.34,0.71,abugames,tcgplayer,10,,%
Maze of Ith,The Dark,0,2,16.87,21.92,abugames,tcgplayer,8,,%
Merfolk Assassin,The Dark,0,3,0.08,0.51,cardkingdom,tcgplayer,10,,%
Mind Bomb,The Dark,0,1,0.9,0.62,cardkingdom,tcgplayer,10,,%
Miracle Worker,The Dark,0,7,,0.16,,tcgplayer,,,%
Morale,The Dark,0,7,,0.16,,tcgplayer,,,%
Murk Dwellers,The Dark,0,5,,0.16,,tcgplayer,,,%
Nameless Race,The Dark,0,2,0.11,0.41,abugames,tcgplayer,30,,%
Necropolis,The Dark,0,2,0.02,0.23,abugames,tcgplayer,50,,%
Niall Silvain,The Dark,0,1,0.13,0.52,abugames,tcgplayer,30,,%
Orc General,The Dark,0,4,0.02,0.19,abugames,tcgplayer,50,,%
People of the Woods,The Dark,0,1,0.02,0.21,abugames,tcgplayer,50,,%
Pikemen,The Dark,0,5,,0.16,,tcgplayer,,,%
Preacher,The Dark,0,1,4.4,5.34,abugames,tcgplayer,12,,%
Psychic Allergy,The Dark,0,1,0.13,0.44,abugames,tcgplayer,30,,%
Rag Man,The Dark,0,2,0.13,0.42,abugames,tcgplayer,30,,%
Reflecting Mirror,The Dark,0,4,0.02,0.22,abugames,tcgplayer,99,,%
Riptide,The Dark,0,5,,0.16,,tcgplayer,,,%
Runesword,The Dark,0,4,,0.21,,tcgplayer,,,%
Safe Haven,The Dark,0,3,0.28,0.85,abugames,tcgplayer,99,,%
Savaen Elves,The Dark,0,4,,0.15,,tcgplayer,,,%
Scarecrow,The Dark,0,1,0.06,0.32,cardkingdom,tcgplayer,2,,%
Scarwood Bandits,The Dark,0,3,0.19,0.57,abugames,tcgplayer,30,,%
Scarwood Goblins,The Dark,0,9,,0.16,,tcgplayer,,,%
Scarwood Hag,The Dark,0,3,0.02,0.23,abugames,tcgplayer,99,,%
Scavenger Folk,The Dark,0,7,,0.16,,tcgplayer,,,%
Season of the Witch,The Dark,0,2,0.9,0.98,cardkingdom,tcgplayer,16,,%
Sisters of the Flame,The Dark,0,1,0.06,0.22,cardkingdom,tcgplayer,1,,%
Skull of Orm,The Dark,0,4,0.16,0.48,adventureson,tcgplayer,3,,%
Sorrow's Path,The Dark,0,5,0.44,0.79,abugames,tcgplayer,15,,%
Spitting Slug,The Dark,0,2,0.02,0.2,abugames,tcgplayer,50,,%
Squire,The Dark,0,4,,0.16,,tcgplayer,,,%
Standing Stones,The Dark,0,4,0.02,0.21,abugames,tcgplayer,99,,%
Stone Calendar,The Dark,0,2,1.22,2.4,abugames,tcgplayer,15,,%
Sunken City,The Dark,0,5,,0.17,,tcgplayer,,,%
Tangle Kelp,The Dark,0,1,0.02,0.2,abugames,tcgplayer,50,,%
The Fallen,The Dark,0,1,0.02,0.23,abugames,tcgplayer,99,,%
Tivadar's Crusade,The Dark,0,3,0.07,0.67,cardkingdom,tcgplayer,6,,%
Tormod's Crypt,The Dark,0,1,0.6,1.81,cardkingdom,tcgplayer,9,,%
Tower of Coireall,The Dark,0,4,0.02,0.22,abugames,tcgplayer,50,,%
Tracker,The Dark,0,1,0.52,0.61,cardkingdom,tcgplayer,10,,%
Uncle Istvan,The Dark,0,1,0.02,0.34,abugames,tcgplayer,99,,%
Venom,The Dark,0,5,,0.16,,tcgplayer,,,%
Wand of Ith,The Dark,0,1,0.14,0.28,abugames,tcgplayer,15,,%
War Barge,The Dark,0,4,0.02,0.28,abugames,tcgplayer,99,,%
Water Wurm,The Dark,0,6,,0.16,,tcgplayer,,,%
Whippoorwill,The Dark,0,5,0.02,0.22,abugames,tcgplayer,99,,%
Witch Hunter,The Dark,0,1,0.17,0.72,abugames,tcgplayer,99,,%
Word of Binding,The Dark,0,5,,0.16,,tcgplayer,,,%
Worms of the Earth,The Dark,0,1,0.52,0.99,cardkingdom,tcgplayer,10,,%
Wormwood Treefolk,The Dark,0,2,0.21,0.47,abugames,tcgplayer,10,,%
Abhorrent Overlord,Theros,0,64,0.1,0.28,magicdotcards,tcgplayer,,,%
Agent of the Fates,Theros,0,50,0.1,0.3,magicdotcards,tcgplayer,,,%
Akroan Horse,Theros,0,40,0.1,0.25,magicdotcards,tcgplayer,,,%
Anax and Cymede,Theros,0,30,0.1,0.31,magicdotcards,tcgplayer,,,%
Anger of the Gods,Theros,0,32,1.14,2.3,abugames,tcgplayer,16,,%
"Anthousa, Setessan Hero",Theros,0,56,0.1,0.26,magicdotcards,tcgplayer,,,%
Arbor Colossus,Theros,0,47,0.1,0.26,magicdotcards,isleofcards,,27,%
Artisan of Forms,Theros,0,60,0.1,0.27,magicdotcards,tcgplayer,,,%
Ashen Rider,Theros,0,27,0.52,1.19,abugames,tcgplayer,30,,%
"Ashiok, Nightmare Weaver",Theros,0,1,5,6.94,magicdotcards,isleofcards,,21,%
Bident of Thassa,Theros,0,61,0.1,0.3,magicdotcards,tcgplayer,,,%
Boon Satyr,Theros,0,51,0.1,0.36,magicdotcards,tcgplayer,,,%
Bow of Nylea,Theros,0,37,0.6,1.84,abugames,tcgplayer,50,,%
Celestial Archon,Theros,0,59,0.1,0.33,magicdotcards,tcgplayer,,,%
Chained to the Rocks,Theros,0,68,0.1,0.4,magicdotcards,tcgplayer,,,%
Colossus of Akros,Theros,0,19,0.5,1.29,magicdotcards,isleofcards,,30,%
Curse of the Swine,Theros,0,34,0.1,0.3,magicdotcards,tcgplayer,,,%
Daxos of Meletis,Theros,0,50,0.1,0.33,magicdotcards,tcgplayer,,,%
Ember Swallower,Theros,0,43,0.1,0.25,magicdotcards,tcgplayer,,,%
"Erebos, God of the Dead",Theros,0,20,4,7.06,adventureson,isleofcards,29,30,%
Fabled Hero,Theros,0,30,0.22,0.49,adventureson,tcgplayer,16,,%
Firedrinker Satyr,Theros,0,23,0.1,0.39,magicdotcards,tcgplayer,,,%
Fleecemane Lion,Theros,0,26,0.3,0.92,abugames,isleofcards,50,42,%
Gift of Immortality,Theros,0,35,0.25,0.7,cardkingdom,isleofcards,44,26,%
Hammer of Purphoros,Theros,0,47,0.15,0.34,adventureson,isleofcards,30,32,%
"Heliod, God of the Sun",Theros,0,29,2.23,3.94,abugames,isleofcards,30,32,%
Hero's Downfall,Theros,0,14,1,1.91,magicdotcards,tcgplayer,,,%
Hundred-Handed One,Theros,0,50,0.1,0.4,magicdotcards,tcgplayer,,,%
Hythonia the Cruel,Theros,0,21,0.25,0.7,magicdotcards,isleofcards,,34,%
Labyrinth Champion,Theros,0,50,0.1,0.31,magicdotcards,isleofcards,,30,%
Master of Waves,Theros,0,9,2.03,4.06,isleofcards,isleofcards,14,32,%
Medomai the Ageless,Theros,0,26,0.27,0.84,abugames,isleofcards,50,25,%
Meletis Charlatan,Theros,0,62,0.1,0.26,magicdotcards,tcgplayer,,,%
Mistcutter Hydra,Theros,0,45,0.25,0.53,magicdotcards,tcgplayer,,,%
Nighthowler,Theros,0,67,0.1,0.32,magicdotcards,tcgplayer,,,%
"Nykthos, Shrine to Nyx",Theros,0,6,4.7,6.57,cardkingdom,isleofcards,63,2,%
"Nylea, God of the Hunt",Theros,0,20,3,4.99,magicdotcards,tcgplayer,,,%
Polis Crusher,Theros,0,35,0.1,0.25,magicdotcards,tcgplayer,,,%
"Polukranos, World Eater",Theros,0,9,0.5,1.06,magicdotcards,isleofcards,,25,%
Prognostic Sphinx,Theros,0,39,0.1,0.36,magicdotcards,isleofcards,,22,%
Prophet of Kruphix,Theros,0,18,0.5,1.41,magicdotcards,isleofcards,,34,%
Psychic Intrusion,Theros,0,49,0.1,0.25,magicdotcards,tcgplayer,,,%
"Purphoros, God of the Forge",Theros,0,11,5,8.82,adventureson,isleofcards,10,29,%
Pyxis of Pandemonium,Theros,0,54,0.1,0.26,magicdotcards,tcgplayer,,,%
Rageblood Shaman,Theros,0,25,0.1,0.34,adventureson,tcgplayer,7,,%
Reaper of the Wilds,Theros,0,34,0.1,0.36,magicdotcards,isleofcards,,30,%
Reverent Hunter,Theros,0,35,0.1,0.29,adventureson,tcgplayer,9,,%
Shipbreaker Kraken,Theros,0,60,0.1,0.25,magicdotcards,tcgplayer,,,%
Soldier of the Pantheon,Theros,0,31,0.1,0.42,magicdotcards,isleofcards,,18,%
Spear of Heliod,Theros,0,56,0.25,0.64,magicdotcards,tcgplayer,,,%
Steam Augury,Theros,0,65,0.1,0.26,magicdotcards,tcgplayer,,,%
Stormbreath Dragon,Theros,0,24,1.21,2.23,abugames,isleofcards,30,22,%
Swan Song,Theros,0,88,0.5,1.15,magicdotcards,isleofcards,,29,%
Sylvan Caryatid,Theros,0,10,1,2.12,magicdotcards,isleofcards,,9,%
Temple of Abandon,Theros,0,28,0.4,0.73,adventureson,isleofcards,7,13,%
Temple of Deceit,Theros,0,21,1.15,1.79,cardkingdom,tcgplayer,65,,%
Temple of Mystery,Theros,0,26,0.5,1.02,adventureson,isleofcards,10,29,%
Temple of Silence,Theros,0,33,0.65,1.46,adventureson,isleofcards,18,15,%
Temple of Triumph,Theros,0,23,0.5,0.89,cardkingdom,isleofcards,49,29,%
"Thassa, God of the Sea",Theros,0,8,3.58,5.84,abugames,isleofcards,16,37,%
Thoughtseize,Theros,0,4,8.5,14.2,cardkingdom,isleofcards,44,43,%
Titan of Eternal Fire,Theros,0,49,0.1,0.26,magicdotcards,tcgplayer,,,%
Triad of Fates,Theros,0,57,0.1,0.3,magicdotcards,isleofcards,,30,%
"Tymaret, the Murder King",Theros,0,59,0.1,0.27,magicdotcards,tcgplayer,,,%
Underworld Cerberus,Theros,0,17,0.25,0.74,magicdotcards,isleofcards,,30,%
Whip of Erebos,Theros,0,6,0.75,1.79,adventureson,isleofcards,25,27,%
"Xenagos, the Reveler",Theros,0,3,3,4.55,magicdotcards,isleofcards,,16,%
Gauntlet of Power,Time Spiral,0,2,10.66,15.24,isleofcards,isleofcards,4,5,%
Living End,Time Spiral,0,1,9.75,13.93,isleofcards,isleofcards,1,9,%
Reiterate,Time Spiral,0,2,5.96,9.45,abugames,isleofcards,20,2,%
"Teferi, Mage of Zhalfir",Time Spiral,0,1,9.62,13.75,isleofcards,isleofcards,4,5,%
Arena,"Time Spiral ""Timeshifted""",0,4,0.5,0.83,magicdotcards,isleofcards,,5,%
Pendelhaven,"Time Spiral ""Timeshifted""",0,1,9.62,13.75,isleofcards,isleofcards,3,9,%
Infernal Spawn of Evil,Unglued,0,1,1.18,1.98,abugames,tcgplayer,20,,%
Forest,Unhinged,0,2,5,0,cardkingdom,None,24,0,%
Island,Unhinged,0,1,7.5,0,cardkingdom,None,102,0,%
Mountain,Unhinged,0,2,4.5,0,cardkingdom,None,103,0,%
Plains,Unhinged,0,4,4,0,cardkingdom,None,26,0,%
Swamp,Unhinged,0,1,5.5,0,cardkingdom,None,24,0,%
Bayou,Unlimited Edition,0,1,190,275.15,cardkingdom,tcgplayer,2,,%
Benalish Hero,Unlimited Edition,0,1,0.03,0.21,abugames,tcgplayer,99,,%
Black Vise,Unlimited Edition,0,1,5.62,7.47,abugames,tcgplayer,4,,%
Braingeyser,Unlimited Edition,0,1,18,29.99,cardkingdom,tcgplayer,2,,%
Conservator,Unlimited Edition,0,1,0.09,0.42,abugames,tcgplayer,99,,%
Copy Artifact,Unlimited Edition,0,1,41,30.81,cardkingdom,tcgplayer,10,,%
Counterspell,Unlimited Edition,0,1,12,14.24,cardkingdom,tcgplayer,10,,%
Dwarven Demolition Team,Unlimited Edition,0,1,0.12,0.51,abugames,tcgplayer,99,,%
False Orders,Unlimited Edition,0,3,0.03,0.3,abugames,tcgplayer,99,,%
Fastbond,Unlimited Edition,0,1,12,21.65,cardkingdom,tcgplayer,1,,%
Feedback,Unlimited Edition,0,2,0.09,0.36,abugames,tcgplayer,99,,%
Flight,Unlimited Edition,0,4,0.03,0.22,abugames,tcgplayer,99,,%
Invisibility,Unlimited Edition,0,2,0.03,0.31,abugames,tcgplayer,99,,%
Lich,Unlimited Edition,0,1,23,29.04,cardkingdom,tcgplayer,2,,%
Nettling Imp,Unlimited Edition,0,1,0.09,0.75,abugames,tcgplayer,99,,%
Regeneration,Unlimited Edition,0,1,0.03,0.22,abugames,tcgplayer,99,,%
Sacrifice,Unlimited Edition,0,1,0.09,0.4,abugames,tcgplayer,99,,%
Sinkhole,Unlimited Edition,0,3,9,21.09,adventureson,tcgplayer,7,,%
Siren's Call,Unlimited Edition,0,3,0.09,0.34,abugames,tcgplayer,99,,%
Soul Net,Unlimited Edition,0,1,0.09,0.36,abugames,tcgplayer,99,,%
Spell Blast,Unlimited Edition,0,1,0.03,0.22,abugames,tcgplayer,99,,%
Steal Artifact,Unlimited Edition,0,1,0.09,0.63,abugames,tcgplayer,99,,%
Thicket Basilisk,Unlimited Edition,0,1,0.09,0.44,abugames,tcgplayer,99,,%
Timetwister,Unlimited Edition,0,1,506.33,840.41,abugames,tcgplayer,2,,%
Tropical Island,Unlimited Edition,0,1,213.78,329.99,abugames,tcgplayer,4,,%
Tundra,Unlimited Edition,0,1,230,401.85,cardkingdom,tcgplayer,2,,%
Twiddle,Unlimited Edition,0,1,0.05,0.22,cardkingdom,tcgplayer,10,,%
Underground Sea,Unlimited Edition,0,1,330,598,cardkingdom,tcgplayer,2,,%
Unsummon,Unlimited Edition,0,1,0.05,0.24,cardkingdom,tcgplayer,7,,%
Volcanic Island,Unlimited Edition,0,1,337.55,487.47,abugames,tcgplayer,4,,%
Wall of Swords,Unlimited Edition,0,1,0.09,0.41,abugames,tcgplayer,99,,%
Apprentice Necromancer,Urza's Destiny,0,1,0.75,1.49,magicdotcards,tcgplayer,,,%
Donate,Urza's Destiny,0,1,2.5,3.83,cardkingdom,tcgplayer,15,,%
Metalworker,Urza's Destiny,0,2,20.25,38.95,abugames,tcgplayer,16,,%
"Rofellos, Llanowar Emissary",Urza's Destiny,0,1,9,14.97,cardkingdom,isleofcards,12,2,%
About Face,Urza's Legacy,0,2,0.01,0.18,magicdotcards,tcgplayer,,,%
Angel's Trumpet,Urza's Legacy,0,1,0.02,0.26,abugames,tcgplayer,99,,%
Angelic Curator,Urza's Legacy,0,2,,0.18,,tcgplayer,,,%
Aura Flux,Urza's Legacy,0,2,,0.17,,tcgplayer,,,%
Avalanche Riders,Urza's Legacy,0,1,0.4,1.17,abugames,tcgplayer,40,,%
Bloated Toad,Urza's Legacy,0,1,,0.23,,tcgplayer,,,%
Bouncing Beebles,Urza's Legacy,0,3,,0.17,,tcgplayer,,,%
Burst of Energy,Urza's Legacy,0,2,,0.17,,tcgplayer,,,%
Crop Rotation,Urza's Legacy,0,2,0.8,1.9,cardkingdom,tcgplayer,51,,%
Defender of Chaos,Urza's Legacy,0,2,,0.16,,tcgplayer,,,%
Defender of Law,Urza's Legacy,0,1,,0.18,,tcgplayer,,,%
Defense of the Heart,Urza's Legacy,0,1,5.92,10.62,adventureson,tcgplayer,19,,%
Deranged Hermit,Urza's Legacy,0,2,6,9.11,magicdotcards,tcgplayer,,,%
Devout Harpist,Urza's Legacy,0,3,,0.16,,tcgplayer,,,%
Engineered Plague,Urza's Legacy,0,2,0.5,0.48,magicdotcards,tcgplayer,,,%
Erase,Urza's Legacy,0,1,,0.18,,tcgplayer,,,%
Expendable Troops,Urza's Legacy,0,3,,0.17,,tcgplayer,,,%
Faerie Conclave,Urza's Legacy,0,2,0.5,1.41,magicdotcards,tcgplayer,,,%
Fog of Gnats,Urza's Legacy,0,1,,0.18,,tcgplayer,,,%
Forbidding Watchtower,Urza's Legacy,0,6,0.06,0.29,cardkingdom,tcgplayer,17,,%
Frantic Search,Urza's Legacy,0,1,0.07,0.51,cardkingdom,tcgplayer,39,,%
Gang of Elk,Urza's Legacy,0,1,,0.2,,tcgplayer,,,%
Ghitu Encampment,Urza's Legacy,0,3,0.05,0.25,magicdotcards,tcgplayer,,,%
Ghitu Slinger,Urza's Legacy,0,1,0.01,0.17,magicdotcards,tcgplayer,,,%
Ghitu War Cry,Urza's Legacy,0,1,,0.21,,tcgplayer,,,%
Giant Cockroach,Urza's Legacy,0,2,,0.17,,tcgplayer,,,%
Grim Monolith,Urza's Legacy,0,1,40,62.57,magicdotcards,tcgplayer,,,%
Harmonic Convergence,Urza's Legacy,0,1,,0.2,,tcgplayer,,,%
Intervene,Urza's Legacy,0,1,,0.16,,tcgplayer,,,%
King Crab,Urza's Legacy,0,1,,0.21,,tcgplayer,,,%
Lava Axe,Urza's Legacy,0,4,,0.17,,tcgplayer,,,%
Levitation,Urza's Legacy,0,1,0.01,0.21,magicdotcards,tcgplayer,,,%
Lone Wolf,Urza's Legacy,0,2,,0.2,,tcgplayer,,,%
Miscalculation,Urza's Legacy,0,1,0.12,0.23,abugames,tcgplayer,15,,%
Multani's Acolyte,Urza's Legacy,0,2,,0.19,,tcgplayer,,,%
No Mercy,Urza's Legacy,0,1,6,10.66,cardkingdom,tcgplayer,17,,%
Opal Champion,Urza's Legacy,0,3,,0.17,,tcgplayer,,,%
Opportunity,Urza's Legacy,0,1,,0.21,,tcgplayer,,,%
Ostracize,Urza's Legacy,0,1,0.02,0.17,abugames,tcgplayer,99,,%
Palinchron,Urza's Legacy,0,3,11.22,20.79,abugames,tcgplayer,35,,%
Parch,Urza's Legacy,0,2,,0.17,,tcgplayer,,,%
Peace and Quiet,Urza's Legacy,0,1,,0.2,,tcgplayer,,,%
Phyrexian Broodlings,Urza's Legacy,0,2,,0.17,,tcgplayer,,,%
Phyrexian Debaser,Urza's Legacy,0,2,,0.17,,tcgplayer,,,%
Phyrexian Plaguelord,Urza's Legacy,0,1,0.1,0.33,magicdotcards,tcgplayer,,,%
Phyrexian Reclamation,Urza's Legacy,0,1,0.13,0.43,adventureson,tcgplayer,31,,%
Pygmy Pyrosaur,Urza's Legacy,0,1,,0.17,,tcgplayer,,,%
Pyromancy,Urza's Legacy,0,1,0.1,0.33,magicdotcards,tcgplayer,,,%
Radiant's Judgment,Urza's Legacy,0,2,,0.18,,tcgplayer,,,%
Rancor,Urza's Legacy,0,3,1.5,2.84,magicdotcards,tcgplayer,,,%
Rebuild,Urza's Legacy,0,1,0.07,0.28,adventureson,tcgplayer,33,,%
Repopulate,Urza's Legacy,0,1,,0.18,,tcgplayer,,,%
Second Chance,Urza's Legacy,0,1,0.5,0.43,magicdotcards,tcgplayer,,,%
Sick and Tired,Urza's Legacy,0,2,,0.17,,tcgplayer,,,%
Simian Grunts,Urza's Legacy,0,2,,0.16,,tcgplayer,,,%
Sleeper's Guile,Urza's Legacy,0,4,,0.18,,tcgplayer,,,%
Slow Motion,Urza's Legacy,0,1,,0.18,,tcgplayer,,,%
Sluggishness,Urza's Legacy,0,1,,0.17,,tcgplayer,,,%
Snap,Urza's Legacy,0,1,0.65,2.49,cardkingdom,tcgplayer,22,,%
Spawning Pool,Urza's Legacy,0,5,0.15,0.25,cardkingdom,tcgplayer,23,,%
Subversion,Urza's Legacy,0,1,0.5,0.81,magicdotcards,tcgplayer,,,%
Sustainer of the Realm,Urza's Legacy,0,1,,0.21,,tcgplayer,,,%
Swat,Urza's Legacy,0,2,,0.17,,tcgplayer,,,%
Thornwind Faeries,Urza's Legacy,0,1,,0.18,,tcgplayer,,,%
Thran War Machine,Urza's Legacy,0,1,,0.2,,tcgplayer,,,%
Ticking Gnomes,Urza's Legacy,0,1,,0.2,,tcgplayer,,,%
Tragic Poet,Urza's Legacy,0,1,0.06,0.17,cardkingdom,tcgplayer,1,,%
Treefolk Mystic,Urza's Legacy,0,2,,0.18,,tcgplayer,,,%
Treetop Village,Urza's Legacy,0,2,0.5,2.69,magicdotcards,tcgplayer,,,%
Unearth,Urza's Legacy,0,2,0.66,1.5,abugames,tcgplayer,10,,%
Urza's Blueprints,Urza's Legacy,0,1,0.13,0.35,adventureson,tcgplayer,5,,%
Viashino Bey,Urza's Legacy,0,2,,0.17,,tcgplayer,,,%
Viashino Heretic,Urza's Legacy,0,1,0.25,0.5,magicdotcards,tcgplayer,,,%
Viashino Sandscout,Urza's Legacy,0,1,,0.17,,tcgplayer,,,%
Vigilant Drake,Urza's Legacy,0,1,,0.17,,tcgplayer,,,%
Weatherseed Elf,Urza's Legacy,0,3,,0.17,,tcgplayer,,,%
Weatherseed Faeries,Urza's Legacy,0,4,,0.17,,tcgplayer,,,%
Wing Snare,Urza's Legacy,0,2,,0.2,,tcgplayer,,,%
Yavimaya Granger,Urza's Legacy,0,3,,0.17,,tcgplayer,,,%
Yavimaya Wurm,Urza's Legacy,0,2,,0.17,,tcgplayer,,,%
Academy Researchers,Urza's Saga,0,1,0.02,0.22,abugames,tcgplayer,99,,%
Acidic Soil,Urza's Saga,0,1,,0.27,,tcgplayer,,,%
Acridian,Urza's Saga,0,2,,0.16,,tcgplayer,,,%
Albino Troll,Urza's Saga,0,1,0.02,0.32,abugames,tcgplayer,99,,%
Angelic Page,Urza's Saga,0,1,,0.18,,tcgplayer,,,%
Annul,Urza's Saga,0,2,,0.17,,tcgplayer,,,%
Arc Lightning,Urza's Saga,0,1,,0.19,,tcgplayer,,,%
Argothian Swine,Urza's Saga,0,1,,0.17,,tcgplayer,,,%
Argothian Wurm,Urza's Saga,0,1,0.75,0.87,magicdotcards,tcgplayer,,,%
Befoul,Urza's Saga,0,3,,0.15,,tcgplayer,,,%
Blanchwood Armor,Urza's Saga,0,1,0.25,0.44,magicdotcards,tcgplayer,,,%
Blanchwood Treefolk,Urza's Saga,0,1,,0.16,,tcgplayer,,,%
Blasted Landscape,Urza's Saga,0,1,0.23,0.96,abugames,tcgplayer,99,,%
Bog Raiders,Urza's Saga,0,1,,0.17,,tcgplayer,,,%
Breach,Urza's Saga,0,4,,0.17,,tcgplayer,,,%
Brilliant Halo,Urza's Saga,0,3,,0.19,,tcgplayer,,,%
Bulwark,Urza's Saga,0,1,0.1,0.32,magicdotcards,tcgplayer,,,%
Cackling Fiend,Urza's Saga,0,1,,0.17,,tcgplayer,,,%
Carpet of Flowers,Urza's Saga,0,2,1.75,2.57,cardkingdom,tcgplayer,19,,%
Catalog,Urza's Saga,0,2,,0.16,,tcgplayer,,,%
Catastrophe,Urza's Saga,0,1,2.48,4.34,adventureson,tcgplayer,7,,%
Cathodion,Urza's Saga,0,1,,0.2,,tcgplayer,,,%
Claws of Gix,Urza's Saga,0,1,0.06,0.25,cardkingdom,tcgplayer,14,,%
Cloak of Mists,Urza's Saga,0,1,,0.18,,tcgplayer,,,%
Congregate,Urza's Saga,0,2,0.05,0.22,magicdotcards,tcgplayer,,,%
Coral Merfolk,Urza's Saga,0,1,,0.17,,tcgplayer,,,%
Corrupt,Urza's Saga,0,1,0.02,0.18,abugames,tcgplayer,99,,%
Cradle Guard,Urza's Saga,0,1,,0.21,,tcgplayer,,,%
Crystal Chimes,Urza's Saga,0,2,0.02,0.33,abugames,tcgplayer,99,,%
Dark Ritual,Urza's Saga,0,1,0.5,0.62,magicdotcards,tcgplayer,,,%
Defensive Formation,Urza's Saga,0,1,0.02,0.22,abugames,tcgplayer,99,,%
Despondency,Urza's Saga,0,1,,0.17,,tcgplayer,,,%
Diabolic Servitude,Urza's Saga,0,1,0.05,0.24,magicdotcards,tcgplayer,,,%
Disciple of Law,Urza's Saga,0,2,,0.17,,tcgplayer,,,%
Disenchant,Urza's Saga,0,1,0.01,0.19,magicdotcards,tcgplayer,,,%
Disruptive Student,Urza's Saga,0,3,,0.18,,tcgplayer,,,%
Drifting Meadow,Urza's Saga,0,4,,0.18,,tcgplayer,,,%
Dromosaur,Urza's Saga,0,2,,0.16,,tcgplayer,,,%
Duress,Urza's Saga,0,1,0.21,0.54,abugames,tcgplayer,12,,%
Elvish Herder,Urza's Saga,0,1,0.02,0.2,abugames,tcgplayer,99,,%
Elvish Lyrist,Urza's Saga,0,1,,0.17,,tcgplayer,,,%
Endoskeleton,Urza's Saga,0,2,,0.2,,tcgplayer,,,%
Exhume,Urza's Saga,0,2,0.72,0.96,cardkingdom,tcgplayer,44,,%
Expunge,Urza's Saga,0,1,,0.16,,tcgplayer,,,%
Faith Healer,Urza's Saga,0,1,0.3,0.42,cardkingdom,tcgplayer,10,,%
Falter,Urza's Saga,0,2,,0.17,,tcgplayer,,,%
Fault Line,Urza's Saga,0,1,0.6,0.87,cardkingdom,tcgplayer,10,,%
Fertile Ground,Urza's Saga,0,2,,0.18,,tcgplayer,,,%
Fiery Mantle,Urza's Saga,0,1,,0.16,,tcgplayer,,,%
Fluctuator,Urza's Saga,0,1,1.3,2.6,abugames,tcgplayer,8,,%
Fortitude,Urza's Saga,0,1,,0.17,,tcgplayer,,,%
Gaea's Bounty,Urza's Saga,0,4,,0.17,,tcgplayer,,,%
Gaea's Cradle,Urza's Saga,0,2,140,269.96,cardkingdom,tcgplayer,13,,%
Gamble,Urza's Saga,0,2,13.27,20.99,abugames,tcgplayer,20,,%
Gilded Drake,Urza's Saga,0,1,14.62,25.1,abugames,tcgplayer,8,,%
Goblin Lackey,Urza's Saga,0,1,5,7.51,magicdotcards,tcgplayer,,,%
Goblin Matron,Urza's Saga,0,2,0.1,0.53,magicdotcards,tcgplayer,,,%
Goblin Offensive,Urza's Saga,0,1,0.52,1.32,cardkingdom,tcgplayer,16,,%
Goblin Patrol,Urza's Saga,0,1,0.01,0.17,magicdotcards,tcgplayer,,,%
Goblin Raider,Urza's Saga,0,3,,0.17,,tcgplayer,,,%
Goblin Spelunkers,Urza's Saga,0,2,,0.17,,tcgplayer,,,%
Goblin War Buggy,Urza's Saga,0,2,,0.16,,tcgplayer,,,%
Gorilla Warrior,Urza's Saga,0,1,,0.17,,tcgplayer,,,%
Greater Good,Urza's Saga,0,3,6.75,11,abugames,tcgplayer,12,,%
Greener Pastures,Urza's Saga,0,1,0.1,0.34,magicdotcards,tcgplayer,,,%
Hawkeater Moth,Urza's Saga,0,1,,0.2,,tcgplayer,,,%
Healing Salve,Urza's Saga,0,1,,0.17,,tcgplayer,,,%
Heat Ray,Urza's Saga,0,1,,0.17,,tcgplayer,,,%
Hermetic Study,Urza's Saga,0,2,,0.18,,tcgplayer,,,%
Hidden Ancients,Urza's Saga,0,1,,0.22,,tcgplayer,,,%
Hidden Spider,Urza's Saga,0,2,,0.18,,tcgplayer,,,%
Hollow Dogs,Urza's Saga,0,3,,0.17,,tcgplayer,,,%
Hopping Automaton,Urza's Saga,0,1,,0.2,,tcgplayer,,,%
Horseshoe Crab,Urza's Saga,0,1,,0.17,,tcgplayer,,,%
Hush,Urza's Saga,0,1,,0.17,,tcgplayer,,,%
Ill-Gotten Gains,Urza's Saga,0,1,0.25,1.03,magicdotcards,tcgplayer,,,%
Imaginary Pet,Urza's Saga,0,1,0.1,0.33,magicdotcards,tcgplayer,,,%
Intrepid Hero,Urza's Saga,0,1,0.5,0.92,magicdotcards,tcgplayer,,,%
Launch,Urza's Saga,0,2,,0.18,,tcgplayer,,,%
Lifeline,Urza's Saga,0,2,2.7,3.9,cardkingdom,tcgplayer,29,,%
Lilting Refrain,Urza's Saga,0,1,,0.26,,tcgplayer,,,%
Looming Shade,Urza's Saga,0,1,,0.17,,tcgplayer,,,%
Lull,Urza's Saga,0,1,,0.19,,tcgplayer,,,%
Lurking Evil,Urza's Saga,0,1,0.1,0.36,magicdotcards,tcgplayer,,,%
Mishra's Helix,Urza's Saga,0,1,0.5,1.15,magicdotcards,tcgplayer,,,%
Mobile Fort,Urza's Saga,0,1,,0.21,,tcgplayer,,,%
Monk Realist,Urza's Saga,0,2,,0.17,,tcgplayer,,,%
No Rest for the Wicked,Urza's Saga,0,2,0.02,0.24,abugames,tcgplayer,99,,%
Opal Caryatid,Urza's Saga,0,3,,0.16,,tcgplayer,,,%
Opal Gargoyle,Urza's Saga,0,1,,0.17,,tcgplayer,,,%
Opal Titan,Urza's Saga,0,1,0.1,0.34,magicdotcards,tcgplayer,,,%
Pacifism,Urza's Saga,0,1,,0.17,,tcgplayer,,,%
Path of Peace,Urza's Saga,0,2,,0.17,,tcgplayer,,,%
Pegasus Charger,Urza's Saga,0,1,,0.17,,tcgplayer,,,%
Pendrell Drake,Urza's Saga,0,2,,0.17,,tcgplayer,,,%
Pendrell Flux,Urza's Saga,0,1,,0.17,,tcgplayer,,,%
Phyrexian Ghoul,Urza's Saga,0,1,,0.19,,tcgplayer,,,%
Phyrexian Processor,Urza's Saga,0,1,1,1.74,magicdotcards,tcgplayer,,,%
Phyrexian Tower,Urza's Saga,0,1,16.87,26.78,abugames,tcgplayer,12,,%
Pouncing Jaguar,Urza's Saga,0,1,0.01,0.18,magicdotcards,tcgplayer,,,%
Power Sink,Urza's Saga,0,3,,0.17,,tcgplayer,,,%
Power Taint,Urza's Saga,0,1,,0.17,,tcgplayer,,,%
Presence of the Master,Urza's Saga,0,1,,0.23,,tcgplayer,,,%
Priest of Titania,Urza's Saga,0,3,1.75,2.36,cardkingdom,tcgplayer,57,,%
Rain of Filth,Urza's Saga,0,1,0.25,0.42,cardkingdom,tcgplayer,15,,%
Ravenous Skirge,Urza's Saga,0,2,,0.17,,tcgplayer,,,%
Raze,Urza's Saga,0,2,0.08,0.22,cardkingdom,tcgplayer,24,,%
Reflexes,Urza's Saga,0,3,,0.17,,tcgplayer,,,%
Remote Isle,Urza's Saga,0,2,,0.2,,tcgplayer,,,%
Rescind,Urza's Saga,0,3,,0.17,,tcgplayer,,,%
Retaliation,Urza's Saga,0,1,,0.2,,tcgplayer,,,%
Retromancer,Urza's Saga,0,1,,0.17,,tcgplayer,,,%
Rewind,Urza's Saga,0,2,0.05,0.28,magicdotcards,tcgplayer,,,%
Rune of Protection: Artifacts,Urza's Saga,0,1,0.02,0.27,abugames,tcgplayer,99,,%
Rune of Protection: Black,Urza's Saga,0,1,0.02,0.17,abugames,tcgplayer,50,,%
Rune of Protection: Green,Urza's Saga,0,1,,0.18,,tcgplayer,,,%
Rune of Protection: Red,Urza's Saga,0,2,,0.25,,tcgplayer,,,%
Rune of Protection: White,Urza's Saga,0,1,,0.18,,tcgplayer,,,%
Sanctum Custodian,Urza's Saga,0,1,,0.17,,tcgplayer,,,%
Sandbar Merfolk,Urza's Saga,0,1,,0.17,,tcgplayer,,,%
Scald,Urza's Saga,0,1,0.06,0.2,cardkingdom,tcgplayer,12,,%
Scrap,Urza's Saga,0,2,,0.17,,tcgplayer,,,%
Seasoned Marshal,Urza's Saga,0,1,,0.2,,tcgplayer,,,%
Serra Zealot,Urza's Saga,0,3,,0.17,,tcgplayer,,,%
Serra's Embrace,Urza's Saga,0,1,0.05,0.23,magicdotcards,tcgplayer,,,%
Shivan Raptor,Urza's Saga,0,1,,0.21,,tcgplayer,,,%
Show and Tell,Urza's Saga,0,1,33.92,56.93,abugames,isleofcards,30,6,%
Shower of Sparks,Urza's Saga,0,2,,0.17,,tcgplayer,,,%
Sicken,Urza's Saga,0,1,,0.17,,tcgplayer,,,%
Silent Attendant,Urza's Saga,0,2,,0.17,,tcgplayer,,,%
Skittering Skirge,Urza's Saga,0,3,,0.17,,tcgplayer,,,%
Sleeper Agent,Urza's Saga,0,1,0.25,0.4,magicdotcards,tcgplayer,,,%
Slippery Karst,Urza's Saga,0,1,,0.19,,tcgplayer,,,%
Spined Fluke,Urza's Saga,0,1,,0.22,,tcgplayer,,,%
Spire Owl,Urza's Saga,0,2,,0.18,,tcgplayer,,,%
Stroke of Genius,Urza's Saga,0,1,2,2.55,magicdotcards,tcgplayer,,,%
Symbiosis,Urza's Saga,0,2,,0.17,,tcgplayer,,,%
Thran Quarry,Urza's Saga,0,1,1.5,2.23,magicdotcards,tcgplayer,,,%
Thran Turbine,Urza's Saga,0,1,0.08,0.31,cardkingdom,tcgplayer,21,,%
Thundering Giant,Urza's Saga,0,1,,0.2,,tcgplayer,,,%
Titania's Boon,Urza's Saga,0,1,,0.2,,tcgplayer,,,%
Tolarian Academy,Urza's Saga,0,1,24,43.99,cardkingdom,tcgplayer,25,,%
Tolarian Winds,Urza's Saga,0,1,,0.16,,tcgplayer,,,%
Treetop Rangers,Urza's Saga,0,3,,0.17,,tcgplayer,,,%
Unnerve,Urza's Saga,0,1,,0.17,,tcgplayer,,,%
Unworthy Dead,Urza's Saga,0,1,,0.17,,tcgplayer,,,%
Veil of Birds,Urza's Saga,0,1,,0.17,,tcgplayer,,,%
Veiled Crocodile,Urza's Saga,0,1,0.1,0.33,magicdotcards,tcgplayer,,,%
Veiled Sentry,Urza's Saga,0,2,0.02,0.28,abugames,tcgplayer,99,,%
Veiled Serpent,Urza's Saga,0,1,,0.17,,tcgplayer,,,%
Venomous Fangs,Urza's Saga,0,2,,0.17,,tcgplayer,,,%
Viashino Outrider,Urza's Saga,0,1,,0.17,,tcgplayer,,,%
Viashino Runner,Urza's Saga,0,3,,0.17,,tcgplayer,,,%
Viashino Sandswimmer,Urza's Saga,0,1,0.1,0.33,magicdotcards,tcgplayer,,,%
Viashino Weaponsmith,Urza's Saga,0,2,,0.17,,tcgplayer,,,%
Victimize,Urza's Saga,0,1,0.5,0.69,magicdotcards,tcgplayer,,,%
Vile Requiem,Urza's Saga,0,2,0.02,0.21,abugames,tcgplayer,99,,%
Voice of Grace,Urza's Saga,0,1,,0.22,,tcgplayer,,,%
Wall of Junk,Urza's Saga,0,1,0.01,0.27,magicdotcards,tcgplayer,,,%
Waylay,Urza's Saga,0,1,,0.21,,tcgplayer,,,%
Wild Dogs,Urza's Saga,0,2,,0.18,,tcgplayer,,,%
Wirecat,Urza's Saga,0,1,,0.2,,tcgplayer,,,%
Wizard Mentor,Urza's Saga,0,1,,0.17,,tcgplayer,,,%
Worship,Urza's Saga,0,1,7,10.33,magicdotcards,tcgplayer,,,%
Yawgmoth's Will,Urza's Saga,0,1,18.5,28.39,cardkingdom,tcgplayer,13,,%
Zephid's Embrace,Urza's Saga,0,1,0.01,0.23,magicdotcards,tcgplayer,,,%
Army Ants,Visions,0,1,0.1,0.22,magicdotcards,tcgplayer,,,%
Betrayal,Visions,0,3,,0.18,,tcgplayer,,,%
Breezekeeper,Visions,0,3,,0.17,,tcgplayer,,,%
Bull Elephant,Visions,0,1,,0.16,,tcgplayer,,,%
Cloud Elemental,Visions,0,1,,0.17,,tcgplayer,,,%
Coercion,Visions,0,2,,0.17,,tcgplayer,,,%
Corrosion,Visions,0,1,0.12,0.39,abugames,tcgplayer,20,,%
Creeping Mold,Visions,0,1,,0.21,,tcgplayer,,,%
Dark Privilege,Visions,0,3,,0.17,,tcgplayer,,,%
Death Watch,Visions,0,1,,0.18,,tcgplayer,,,%
Desertion,Visions,0,2,3.5,5.39,adventureson,tcgplayer,9,,%
Dwarven Vigilantes,Visions,0,2,,0.18,,tcgplayer,,,%
Emerald Charm,Visions,0,1,,0.19,,tcgplayer,,,%
Equipoise,Visions,0,1,0.25,0.61,magicdotcards,tcgplayer,,,%
Everglades,Visions,0,1,0.1,0.28,magicdotcards,tcgplayer,,,%
Fallen Askari,Visions,0,3,,0.17,,tcgplayer,,,%
Feral Instinct,Visions,0,1,,0.17,,tcgplayer,,,%
Fireblast,Visions,0,1,0.5,0.98,magicdotcards,tcgplayer,,,%
Flooded Shoreline,Visions,0,1,0.12,0.4,abugames,tcgplayer,20,,%
Freewind Falcon,Visions,0,1,,0.17,,tcgplayer,,,%
Funeral Charm,Visions,0,1,0.18,0.95,abugames,tcgplayer,99,,%
Giant Caterpillar,Visions,0,3,,0.17,,tcgplayer,,,%
Goblin Recruiter,Visions,0,1,0.65,1.69,cardkingdom,tcgplayer,24,,%
Goblin Swine-Rider,Visions,0,3,,0.17,,tcgplayer,,,%
Gossamer Chains,Visions,0,1,,0.19,,tcgplayer,,,%
Griffin Canyon,Visions,0,1,0.75,0.98,cardkingdom,tcgplayer,10,,%
Hearth Charm,Visions,0,1,,0.18,,tcgplayer,,,%
Heat Wave,Visions,0,2,,0.2,,tcgplayer,,,%
Helm of Awakening,Visions,0,1,0.5,1.04,magicdotcards,tcgplayer,,,%
Honorable Passage,Visions,0,1,,0.19,,tcgplayer,,,%
Hope Charm,Visions,0,1,,0.17,,tcgplayer,,,%
Infernal Harvest,Visions,0,1,,0.17,,tcgplayer,,,%
Jamuraan Lion,Visions,0,1,,0.17,,tcgplayer,,,%
Jungle Basin,Visions,0,1,0.02,0.3,abugames,tcgplayer,99,,%
King Cheetah,Visions,0,1,,0.17,,tcgplayer,,,%
Knight of Valor,Visions,0,1,,0.17,,tcgplayer,,,%
Knight of the Mists,Visions,0,1,,0.17,,tcgplayer,,,%
Kookus,Visions,0,1,0.12,0.35,abugames,tcgplayer,20,,%
Lead-Belly Chimera,Visions,0,1,,0.21,,tcgplayer,,,%
Longbow Archer,Visions,0,1,0.01,0.3,magicdotcards,tcgplayer,,,%
Magma Mine,Visions,0,1,,0.2,,tcgplayer,,,%
Man-o'-War,Visions,0,2,0.02,0.25,abugames,tcgplayer,99,,%
Mortal Wound,Visions,0,2,,0.17,,tcgplayer,,,%
Mundungu,Visions,0,1,0.06,0.27,cardkingdom,tcgplayer,22,,%
Mystic Veil,Visions,0,1,,0.18,,tcgplayer,,,%
Necrosavant,Visions,0,1,0.1,0.31,magicdotcards,tcgplayer,,,%
Parapet,Visions,0,1,,0.17,,tcgplayer,,,%
Peace Talks,Visions,0,1,,0.2,,tcgplayer,,,%
Phyrexian Walker,Visions,0,2,0.1,0.42,magicdotcards,tcgplayer,,,%
Python,Visions,0,2,,0.17,,tcgplayer,,,%
Quirion Ranger,Visions,0,1,1.25,1.9,cardkingdom,tcgplayer,60,,%
Relentless Assault,Visions,0,1,0.25,0.46,magicdotcards,tcgplayer,,,%
Remedy,Visions,0,2,,0.17,,tcgplayer,,,%
Resistance Fighter,Visions,0,3,,0.17,,tcgplayer,,,%
Righteous Aura,Visions,0,2,,0.17,,tcgplayer,,,%
River Boa,Visions,0,4,,0.19,,tcgplayer,,,%
Rock Slide,Visions,0,2,,0.17,,tcgplayer,,,%
Scalebane's Elite,Visions,0,1,,0.2,,tcgplayer,,,%
Shrieking Drake,Visions,0,2,,0.21,,tcgplayer,,,%
Simoon,Visions,0,1,,0.2,,tcgplayer,,,%
Sisay's Ring,Visions,0,2,,0.19,,tcgplayer,,,%
Solfatara,Visions,0,4,,0.17,,tcgplayer,,,%
Song of Blood,Visions,0,1,,0.17,,tcgplayer,,,%
Spider Climb,Visions,0,2,,0.17,,tcgplayer,,,%
Squandered Resources,Visions,0,1,3.7,6.4,cardkingdom,tcgplayer,20,,%
Stampeding Wildebeests,Visions,0,2,,0.21,,tcgplayer,,,%
Summer Bloom,Visions,0,1,0.75,2.15,magicdotcards,tcgplayer,,,%
Suq'Ata Assassin,Visions,0,1,,0.33,,tcgplayer,,,%
Suq'Ata Lancer,Visions,0,1,,0.16,,tcgplayer,,,%
Talruum Champion,Visions,0,3,,0.17,,tcgplayer,,,%
Talruum Piper,Visions,0,1,,0.2,,tcgplayer,,,%
Teferi's Puzzle Box,Visions,0,3,1.5,2.78,cardkingdom,tcgplayer,10,,%
Tempest Drake,Visions,0,1,,0.2,,tcgplayer,,,%
Tin-Wing Chimera,Visions,0,1,,0.21,,tcgplayer,,,%
Undo,Visions,0,1,,0.18,,tcgplayer,,,%
Urborg Mindsucker,Visions,0,1,,0.16,,tcgplayer,,,%
Vampiric Tutor,Visions,0,2,17.44,28.99,abugames,tcgplayer,20,,%
Vanishing,Visions,0,2,,0.2,,tcgplayer,,,%
Wake of Vultures,Visions,0,2,,0.17,,tcgplayer,,,%
Warrior's Honor,Visions,0,2,,0.17,,tcgplayer,,,%
Warthog,Visions,0,1,,0.17,,tcgplayer,,,%
Wicked Reward,Visions,0,1,,0.17,,tcgplayer,,,%
Wind Shear,Visions,0,1,,0.2,,tcgplayer,,,%
Abyssal Gatekeeper,Weatherlight,0,2,0.02,0.19,abugames,tcgplayer,99,,%
Agonizing Memories,Weatherlight,0,1,,0.2,,tcgplayer,,,%
Apathy,Weatherlight,0,1,,0.17,,tcgplayer,,,%
Aura of Silence,Weatherlight,0,1,0.23,1.38,cardkingdom,tcgplayer,3,,%
Avizoa,Weatherlight,0,1,0.12,0.34,abugames,tcgplayer,8,,%
Barrow Ghoul,Weatherlight,0,1,,0.16,,tcgplayer,,,%
Benalish Infantry,Weatherlight,0,2,,0.16,,tcgplayer,,,%
Benalish Missionary,Weatherlight,0,2,,0.16,,tcgplayer,,,%
Betrothed of Fire,Weatherlight,0,2,,0.17,,tcgplayer,,,%
Blossoming Wreath,Weatherlight,0,1,,0.17,,tcgplayer,,,%
Boiling Blood,Weatherlight,0,1,,0.17,,tcgplayer,,,%
Choking Vines,Weatherlight,0,1,,0.18,,tcgplayer,,,%
Cinder Giant,Weatherlight,0,1,,0.2,,tcgplayer,,,%
Coils of the Medusa,Weatherlight,0,2,,0.16,,tcgplayer,,,%
Cone of Flame,Weatherlight,0,1,,0.2,,tcgplayer,,,%
Disrupt,Weatherlight,0,1,0.01,0.19,magicdotcards,tcgplayer,,,%
Duskrider Falcon,Weatherlight,0,2,,0.17,,tcgplayer,,,%
Dwarven Berserker,Weatherlight,0,1,,0.17,,tcgplayer,,,%
Fatal Blow,Weatherlight,0,1,,0.17,,tcgplayer,,,%
Festering Evil,Weatherlight,0,1,,0.21,,tcgplayer,,,%
Fire Whip,Weatherlight,0,4,,0.17,,tcgplayer,,,%
Firestorm,Weatherlight,0,1,7.03,11.21,abugames,tcgplayer,12,,%
Fit of Rage,Weatherlight,0,2,,0.16,,tcgplayer,,,%
Fog Elemental,Weatherlight,0,2,,0.16,,tcgplayer,,,%
Gaea's Blessing,Weatherlight,0,1,0.25,0.73,magicdotcards,tcgplayer,,,%
Gallowbraid,Weatherlight,0,1,0.12,0.33,abugames,tcgplayer,20,,%
Gemstone Mine,Weatherlight,0,1,4.4,7.63,abugames,tcgplayer,15,,%
Heat Stroke,Weatherlight,0,1,0.16,0.45,abugames,tcgplayer,20,,%
Heavy Ballista,Weatherlight,0,1,,0.16,,tcgplayer,,,%
Infernal Tribute,Weatherlight,0,1,1,1.06,magicdotcards,tcgplayer,,,%
Jabari's Banner,Weatherlight,0,1,,0.2,,tcgplayer,,,%
Jangling Automaton,Weatherlight,0,1,,0.17,,tcgplayer,,,%
Kithkin Armor,Weatherlight,0,2,,0.17,,tcgplayer,,,%
Liege of the Hollows,Weatherlight,0,4,0.5,0.86,magicdotcards,tcgplayer,,,%
Llanowar Druid,Weatherlight,0,1,,0.19,,tcgplayer,,,%
Llanowar Sentinel,Weatherlight,0,1,,0.17,,tcgplayer,,,%
Mana Chains,Weatherlight,0,1,,0.17,,tcgplayer,,,%
Master of Arms,Weatherlight,0,1,,0.19,,tcgplayer,,,%
Mischievous Poltergeist,Weatherlight,0,1,,0.21,,tcgplayer,,,%
Nature's Kiss,Weatherlight,0,1,,0.17,,tcgplayer,,,%
Noble Benefactor,Weatherlight,0,1,0.1,0.27,magicdotcards,tcgplayer,,,%
Null Rod,Weatherlight,0,1,19.5,31.41,cardkingdom,tcgplayer,13,,%
Redwood Treefolk,Weatherlight,0,1,,0.17,,tcgplayer,,,%
Relearn,Weatherlight,0,1,0.02,0.23,abugames,tcgplayer,99,,%
Sage Owl,Weatherlight,0,2,,0.16,,tcgplayer,,,%
Scorched Ruins,Weatherlight,0,1,6.18,10.75,abugames,tcgplayer,8,,%
Shattered Crypt,Weatherlight,0,1,,0.16,,tcgplayer,,,%
Striped Bears,Weatherlight,0,3,,0.17,,tcgplayer,,,%
Tolarian Drake,Weatherlight,0,2,,0.17,,tcgplayer,,,%
Uktabi Efreet,Weatherlight,0,1,,0.17,,tcgplayer,,,%
Urborg Justice,Weatherlight,0,4,0.8,0.89,cardkingdom,tcgplayer,10,,%
Zombie Scavengers,Weatherlight,0,1,,0.16,,tcgplayer,,,%
Celestial Colonnade,Worldwake,0,2,25,36.55,magicdotcards,tcgplayer,,,%
Eye of Ugin,Worldwake,0,2,7.42,11.79,isleofcards,isleofcards,7,4,%
Raging Ravine,Worldwake,0,4,11.56,15.74,isleofcards,isleofcards,8,2,%
Stoneforge Mystic,Worldwake,0,3,12.64,18.06,isleofcards,isleofcards,2,9,%
Lotus Cobra,Zendikar,0,2,10.12,14.47,abugames,isleofcards,12,7,%
Marsh Flats,Zendikar,0,1,28.6,44.18,isleofcards,tcgplayer,11,,%
Misty Rainforest,Zendikar,0,1,39.17,55.97,isleofcards,isleofcards,8,4,%
Scalding Tarn,Zendikar,0,1,60,87.65,magicdotcards,isleofcards,,5,%
